,ssgsggG_SNR2,ssgsggG_FoM1U,ssgsggG_FoM2U,ssgsggG_FoM1,ssgsggG_FoM2,ssgsggG_FoM1P,ssgsggG_FoM2P,ssgsggG_FoM1N,ssgsggG_FoM2N,ssgsggG_FoM1NP,ssgsggG_FoM2NP,ssgsggNG_SNR2,ssgsggNG_FoM1U,ssgsggNG_FoM2U,ssgsggNG_FoM1,ssgsggNG_FoM2,ssgsggNG_FoM1P,ssgsggNG_FoM2P,ssgsggNG_FoM1N,ssgsggNG_FoM2N,ssgsggNG_FoM1NP,ssgsggNG_FoM2NP,ssgsG_SNR2,ssgsG_FoM1U,ssgsG_FoM2U,ssgsG_FoM1,ssgsG_FoM2,ssgsG_FoM1P,ssgsG_FoM2P,ssgsG_FoM1N,ssgsG_FoM2N,ssgsG_FoM1NP,ssgsG_FoM2NP,ssgsNG_SNR2,ssgsNG_FoM1U,ssgsNG_FoM2U,ssgsNG_FoM1,ssgsNG_FoM2,ssgsNG_FoM1P,ssgsNG_FoM2P,ssgsNG_FoM1N,ssgsNG_FoM2N,ssgsNG_FoM1NP,ssgsNG_FoM2NP,ssggG_SNR2,ssggG_FoM1U,ssggG_FoM2U,ssggG_FoM1,ssggG_FoM2,ssggG_FoM1P,ssggG_FoM2P,ssggG_FoM1N,ssggG_FoM2N,ssggG_FoM1NP,ssggG_FoM2NP,ssggNG_SNR2,ssggNG_FoM1U,ssggNG_FoM2U,ssggNG_FoM1,ssggNG_FoM2,ssggNG_FoM1P,ssggNG_FoM2P,ssggNG_FoM1N,ssggNG_FoM2N,ssggNG_FoM1NP,ssggNG_FoM2NP,ssG_SNR2,ssG_FoM1U,ssG_FoM2U,ssG_FoM1,ssG_FoM2,ssG_FoM1P,ssG_FoM2P,ssG_FoM1N,ssG_FoM2N,ssG_FoM1NP,ssG_FoM2NP,ssNG_SNR2,ssNG_FoM1U,ssNG_FoM2U,ssNG_FoM1,ssNG_FoM2,ssNG_FoM1P,ssNG_FoM2P,ssNG_FoM1N,ssNG_FoM2N,ssNG_FoM1NP,ssNG_FoM2NP,gsggG_SNR2,gsggG_FoM1U,gsggG_FoM2U,gsggG_FoM1,gsggG_FoM2,gsggG_FoM1P,gsggG_FoM2P,gsggG_FoM1N,gsggG_FoM2N,gsggG_FoM1NP,gsggG_FoM2NP,gsggNG_SNR2,gsggNG_FoM1U,gsggNG_FoM2U,gsggNG_FoM1,gsggNG_FoM2,gsggNG_FoM1P,gsggNG_FoM2P,gsggNG_FoM1N,gsggNG_FoM2N,gsggNG_FoM1NP,gsggNG_FoM2NP,gsG_SNR2,gsG_FoM1U,gsG_FoM2U,gsG_FoM1,gsG_FoM2,gsG_FoM1P,gsG_FoM2P,gsG_FoM1N,gsG_FoM2N,gsG_FoM1NP,gsG_FoM2NP,gsNG_SNR2,gsNG_FoM1U,gsNG_FoM2U,gsNG_FoM1,gsNG_FoM2,gsNG_FoM1P,gsNG_FoM2P,gsNG_FoM1N,gsNG_FoM2N,gsNG_FoM1NP,gsNG_FoM2NP,ggG_SNR2,ggG_FoM1U,ggG_FoM2U,ggG_FoM1,ggG_FoM2,ggG_FoM1P,ggG_FoM2P,ggG_FoM1N,ggG_FoM2N,ggG_FoM1NP,ggG_FoM2NP,ggNG_SNR2,ggNG_FoM1U,ggNG_FoM2U,ggNG_FoM1,ggNG_FoM2,ggNG_FoM1P,ggNG_FoM2P,ggNG_FoM1N,ggNG_FoM2N,ggNG_FoM1NP,ggNG_FoM2NP
base,298379.87021849235,232810.80592203003,865844.2583113133,12869.815871190833,19693.939676746868,69423.7474047352,185624.67353463243,19902.596629726097,107442.67754133561,173732.79044797336,537234.4481676806,290376.88464512327,205453.41117871163,524281.8195848917,9248.870798942451,16514.06228034287,61609.74842409084,109217.33688453716,17561.62453641576,99902.20203509596,149096.65913614645,383393.85573388543,117748.80719949072,66568.41953702524,423011.7524953186,4265.16544849112,4925.477913275581,28589.87538220048,110282.42238279314,5931.8781288394175,25091.988822838586,44341.36420360346,227559.91512926115,116745.22543247798,54237.59245381479,207068.08717667835,3117.2087664773976,4066.627232288919,23807.459653605438,62352.2954482918,4713.5999448848215,22343.49119543418,43131.13171048547,140486.94350120143,266465.22369870753,190983.55095414823,739795.7223796592,410.9973864313625,1934.8776147430353,23296.537915938137,98911.87341822051,5146.713565638194,34705.886237875005,142562.16606967885,462198.4072209,229444.6505929752,143099.91791057718,393753.97479546745,398.86088112361944,1770.7551294855814,21853.798655089176,56234.473318527096,4956.014090363154,33937.81211294043,89680.26937589118,272744.44783371815,65090.04159040042,27054.418974668988,249087.23627263124,82.63091111495666,234.1601494884023,7263.687008592551,47040.221576401906,255.01688131039762,2721.309331987398,12161.656976376355,106236.78769909262,19066.551711985165,22038.759955135345,105994.12008855073,75.50413436594353,217.60222773636525,6185.807737253697,26323.80766162129,244.59263771435926,2637.707178134514,12093.524815604715,60063.405027436296,254682.52360017036,188506.10265910163,477233.16323961876,5226.820539904102,6209.771527856804,50816.34029221895,108198.1027252718,16572.56576434896,76641.55688696167,148959.98619020442,380821.81585947017,250422.67154314087,178552.02926019716,429290.50665407366,5002.8680706181,6017.529916646043,46613.86325311722,84433.13230371126,14746.36200562862,72225.77128023248,136703.40975841583,337772.71805648075,67770.42125685692,10198.136182423475,27555.54744218784,623.1218993619956,908.7183113298901,3369.878683776085,2682.195941875085,1691.2256564514182,10944.596504897514,9289.22334509677,26101.953448035118,61201.33847195409,10194.805455089696,27544.718587805615,622.6451729415759,907.6637082975008,3355.830295552549,2673.699283431177,1686.2874550039792,10927.325426777004,9280.319704849704,26086.629597535935,206821.19329913604,3546.1897641123987,43295.19853259348,212.89005717546576,683.9839905014012,3318.631375617347,4129.591991597214,1723.5823130949625,17053.77911215748,3524.2923735700574,43073.23648110783,206080.07285862454,3545.026780344036,43288.05908127642,212.88627752556917,683.962641538337,3317.4324048504936,4128.796335305664,1723.5043503762024,17053.32530158853,3523.1605826537893,43066.280497197055
tomo_0to3,45663.66400767621,19023.849712553365,93883.40746001047,3135.9019422848437,2463.7226432650205,8331.589169951596,33206.63150301505,3315.0221124821464,12424.50163997194,15702.137893296005,71419.51156753601,42467.365771547535,18770.30804915502,60065.19733506934,2076.8824241601305,1988.5958823083326,7854.471739018579,20754.885366604645,2419.7810319945183,10504.34680340916,15407.14441808303,46565.60465626062,18580.84948405713,4631.319758255529,42323.79466449414,1180.3008162707763,693.6614749860414,3054.12243636405,16559.62854420414,1384.9725833524237,3546.930391942636,3621.265263411566,30876.729394610684,15575.284626377994,4402.970344872326,22400.416150470774,836.8698697630311,567.8041367518449,2958.8054487244995,11166.835719926512,1026.8672125729697,3049.3818744026166,3584.1546636498947,17187.63212731411,36974.32905596545,12157.015481148583,65176.981104559236,75.0482905015201,289.67896219697957,3984.1679370967045,21464.522486967726,547.1291880347584,4286.125839538837,11605.89895837267,52404.57360021648,34140.15049290021,10403.176928593068,36568.48095986019,74.86601700468603,283.3865642012646,3976.454382527788,11974.476452150828,542.7372164488689,4265.3559027729325,8915.649588440252,29801.23526872498,6766.819422722421,1394.6330066386379,20455.24958248975,7.13409041360486,15.740151668976983,588.6215620371878,5210.543874993166,18.091449222511667,258.7010437267288,1161.9237344349467,14613.162010376629,1986.4460385655175,1381.715090649822,10487.947000200587,6.860598947789398,15.325334848650837,580.2406245477722,3930.1440216738956,17.12952851600664,250.48468008235656,1113.595774852824,7774.434066328021,42288.085313744894,18201.68526195284,73820.13219012906,679.3321991031969,870.8264252613974,6600.030682057383,24816.339448984963,1416.1766655890515,7567.335493598984,15323.851904313082,58999.3195779634,39862.29571553802,17643.570218774577,54591.37359258837,648.1224497844551,847.6161239392069,6125.416331490427,17731.942710295767,1335.9363265580528,7348.980905985596,14470.374859085432,42610.98744948604,14643.286805109976,1968.2332877154581,3805.9934207726146,59.070970209168784,77.657793152543,776.8375537643087,354.1081521234799,330.1914680453442,1488.7456099583537,1589.9218869472832,3379.369015450684,10296.258908020485,1960.8511470299638,3797.7904237086195,59.0279993091832,77.6082949943611,774.3602641006157,351.9215364629086,328.4787113363093,1484.029732993527,1589.4831608537502,3377.8081377142307,31990.695998014668,2922.6048944614336,11130.43650153992,25.922354289451405,92.34673368900741,2372.4921280583058,1142.372833523056,413.05862249895466,3500.7137073911445,2896.9958280365163,11070.905543366078,31823.4157296861,2921.4476524946913,11128.21103369768,25.920112370884176,92.34096058198105,2371.8336266103875,1142.0414280361713,413.04447526042605,3500.580682791653,2895.870741046484,11068.734051751217
tomo_1to4,66244.82545922263,33398.78263221536,156677.2795999682,2537.2170724072867,2663.4110012933647,14250.206530702513,52125.596655394394,3496.3533889876735,16070.679779844075,27597.508925784183,115464.19272544628,58637.746302444764,32407.251096701762,97375.49643815485,2085.081347939524,2330.719773894625,12660.008857050621,29444.62615886594,2987.9443281045023,14800.40572225547,26000.18742095349,74769.59657502573,25026.541944900513,7425.323564475455,68981.82890512355,472.3961769291708,588.6443846685752,4588.219075680589,26615.533175219116,1023.2230948116843,3986.8370885524237,6072.81435205814,49608.16343723774,17684.8565417432,7106.397034261162,33393.89655464474,448.81362211461936,544.4021574450655,4469.983088750357,15633.022991216143,931.8168700287135,3777.82448963297,5957.247689438151,26639.47009464967,58612.80389464085,21865.767434694037,119749.10376052883,65.79320224775407,343.9473567077558,5113.145554065521,29908.645482981596,1126.525435690232,7663.541570085969,20259.03430819845,90530.51651937142,49503.06285233746,17511.758908817403,59425.837149331215,63.78671421749458,329.19733282642983,5063.309437943454,16120.274797275524,1111.4790940694772,7595.267385132142,14518.70323779165,49093.376559085795,13556.22478561943,2953.9258830962553,41183.29317060536,11.04345408432319,29.200353888214313,1038.0633328743913,9689.961419422005,33.640440779863695,455.12919509171184,2134.8195893463994,25876.485755176054,3259.2066754519938,2890.5139490702395,18517.739564104228,10.626823704877882,28.50748755122576,1013.7949319810691,6563.73659642438,32.56275040225718,442.8619522429187,2036.34636892178,13503.640844929452,57471.58980879351,32574.380394553213,88736.49400904229,251.0212199517118,489.2104131616281,8615.202978851785,20376.99220507583,1093.79678569924,8337.580090656193,25691.31319865613,63761.38054154972,56735.02119610296,31620.912632279513,83569.8773337624,250.25026482019254,488.05731136971065,8575.886451735329,19450.24529789176,1090.577677296405,8325.03608845532,25014.534324469263,61531.33952069575,16391.61262954048,3085.1298215496245,6092.745996463768,52.98241369650864,87.35988416898348,362.4626118165379,341.9076782518365,178.00242280548858,1381.482731076436,2570.653425805854,5528.878232251851,15068.527913913653,3082.593334289993,6090.114448900437,52.973023175278335,87.35085922498388,362.45656113875077,341.8816844185071,177.99115577208053,1381.3910348576198,2570.4497585162026,5528.489109077557,46991.11058994801,2635.616927430735,13901.078746248024,26.96190451397094,110.16253289915049,2141.357412712132,1095.0769571775377,800.2268795292143,5999.55540794025,2621.5415320828592,13848.220611407132,46709.9870143948,2635.0061464183505,13899.446637773372,26.961874358846522,110.16167267860907,2140.8934662635866,1094.9527978048693,800.1990915978314,5999.371040546507,2620.9396173428427,13846.609547885315
tomo_2to5,95638.57902278009,52449.55155023994,242348.143301707,2505.2185559856225,3137.1223056553413,18425.780874389515,66672.7304996791,3906.149261548622,20955.507864212243,44245.51325012126,172037.1141472694,81041.10986502471,49938.65347736277,142088.68310213916,2231.7670192888863,2879.3952829410405,17132.308788745635,37230.10552992052,3548.9903059744174,19917.354449510378,38723.251834631184,108556.50569439735,35577.63440180356,9921.726239243511,98686.65216846747,378.7202465503709,623.8727209032454,5506.495989648186,33962.022296317686,1090.9543046855797,5092.477087000416,8228.75027386593,67358.58052374983,21655.914793383232,9757.660963838627,46565.73133566149,370.51401368845023,597.5746016096897,5418.553745034697,19344.578600049877,1040.5184027601358,4932.788132732549,8009.535054273799,36559.26045076246,87734.38035872136,39036.85746095296,201885.5909543244,94.531420198446,498.4318135284351,6065.041415815456,37069.538690483016,1438.1151369692468,9674.369463632323,34863.398793203516,143742.62763967292,70955.13519563444,29272.617783485464,95386.76296593813,92.89025691382298,482.10615249210093,5998.669462837222,20306.716685007475,1415.955914787733,9566.562779332226,23576.91215970774,78105.8851310748,22982.27896952097,4875.521391154422,66708.84452762117,15.454252949445895,40.55571389884759,1465.0228842891065,14451.158578600374,55.35350257727882,716.5078121117206,3209.1794335923205,38037.2187274809,5187.080710556628,4794.532140356476,29204.790569396802,14.870664457329596,39.615990410967484,1427.3303656491316,9130.22692578521,54.44710568040169,699.4340878088997,3038.7418555701556,20172.783708874053,78048.03064248573,49008.33604223555,116484.16966199201,244.04124263530846,531.2213698463285,12028.47193596878,20991.314383103665,1337.3784338227704,10514.64962376162,35248.6160101342,83159.81539105701,77556.67245106412,47679.111753824865,112695.56151909185,243.62843710362836,530.760362512954,12010.370731295407,20590.893576154143,1336.4729691856849,10510.668998951936,34614.37381764819,81854.15535972775,18540.379347967108,3580.058644981284,8013.110348572327,45.254783338534544,82.20406121923493,385.3957771551659,467.9737807455161,254.5921974382641,2062.20544599899,3085.771848300002,7433.278186856939,17789.00087166737,3579.0085761920886,8011.812135461447,45.25333667307439,82.20205403035212,385.3894451842304,467.9650426686566,254.59040894080587,2062.155288665362,3085.657189120729,7433.00408025438,66986.54089000773,2112.473469127916,16037.595873889137,45.14434648867434,185.78632871195578,1731.140877898344,1303.5561574250657,883.1838735497581,6642.915025892166,2103.4862485489243,15979.758072630857,66554.78158221235,2112.0632385090244,16036.01946146532,45.1443224957298,185.7834227441251,1730.796910999949,1303.4233073737494,883.1466675983982,6642.697510907893,2103.0817286896754,15978.202296043433
tomo_3to6,139511.38074416688,87100.69897623734,376898.5536948242,2681.768767698402,3906.3432101272792,23964.423186677668,83515.33634751385,4708.259754595006,29238.912055905505,72535.97264711579,252623.12195655899,114435.29671643779,75798.64181896232,208332.63520936886,2491.1037377451694,3684.277901264315,23086.974543946395,48002.59367777518,4465.629783114278,28379.081672714772,57270.33410230186,159922.67285216847,50132.21551519081,14116.27693176352,141068.22356487607,275.3982191037253,599.0799515428453,6492.430097267123,40649.47248205829,1075.9337452627353,6347.981253924059,11724.710213758375,89676.44403727957,26138.3698014713,14019.623665718971,66936.67475986131,271.6395209520508,582.7018321795267,6370.125740038582,23645.401591552967,1044.2470376828032,6207.057889531732,11203.541791387624,51004.318894638884,131591.4487581954,73711.60831897464,338870.7899153714,142.8630453487505,688.5851634817813,8062.468411751686,47340.414747000075,2383.563778908357,16381.906231958525,61914.84525279506,224631.4155847496,104311.3313537447,51818.173315471606,159241.83956633744,141.47683931862798,666.4982221766481,7943.133938298591,27022.4682666217,2336.2174760741937,16186.344073208646,39739.58088881858,127002.01955756187,36274.12337031929,8099.292154309399,103963.5274106974,22.00048843622323,55.57702187432741,2047.2718076295669,19446.43230209594,90.62272482385262,1127.5356394300886,4725.090560358977,52487.01390515324,8319.158957544829,7979.708056173456,45931.76649741871,21.190780944967912,54.32615895651741,1989.9649470948814,12356.366310913925,89.10370402786634,1097.785093433422,4490.674054243289,29285.369080503053,108717.94841875757,63226.958649367516,147823.29570723884,276.1452579204065,501.96953820640846,16326.693932519713,22027.406106202387,1795.3647538736095,15202.53585664362,42610.24097718886,109245.7874275472,108229.51223641908,62156.60566588282,145836.8809815575,276.0801878522456,501.90733356624634,16310.23157928359,21856.208594083815,1795.3170129005118,15202.125226197282,42181.10541208881,108528.1535515106,19841.103776454438,3484.5296633933476,9860.251858366697,44.4500616251672,66.9643432835924,290.8943937868985,463.2866258716275,285.9901366529259,2784.539639240431,3117.6995141977663,9304.672588237874,19578.854443900258,3484.2710516930415,9859.777165995796,44.44816351171127,66.96284929919605,290.89193767326,463.2821533345949,285.9888614114848,2784.500289115493,3117.636399610838,9304.488190535785,97694.87479425744,944.493321516206,14152.132229924247,85.72023699003739,248.61396139624685,693.6944141337715,1062.1789153458187,761.0342465996619,8176.0179508257,943.9005551141847,14124.867852705911,97146.10488953762,944.4231955816538,14151.591970644982,85.72008775507355,248.6089777153878,693.6463771544189,1062.1407990042417,761.0016888345997,8175.802692222644,943.8306099490393,14124.32965383072
tomo_4to7,244321.52794516803,194422.2243861733,697665.0250381437,5327.416554848582,7255.56781534796,36479.578898406966,111312.77858953644,8143.858833776981,57182.24493469208,140688.72860766438,423412.51482601446,205072.4037435008,146239.73051383102,387490.74327926233,5030.627394409974,6948.370188098959,35852.58711059058,68249.65378574368,7856.24061336209,55845.834302184165,98105.79411289733,282319.29624553456,79731.43220026794,28922.32756317333,241130.0900205135,277.29210680384364,763.4687936348896,10013.31774729695,55095.08864449092,1625.595885674904,10941.526728054494,23119.827555032385,137876.08043007168,41796.76105676151,28617.17159598386,120545.0914987756,273.93601290135337,744.6216696338017,9796.832332619773,33646.36179156457,1595.0406910887964,10785.259382857508,21444.41871426675,85231.3681604634,232418.18455410638,178087.71538978638,654439.242421299,237.26355949115663,1090.4371157791206,15293.25136432844,70587.39820723687,3594.4520248862445,26500.987945926125,128003.0724781224,393728.57115901203,190955.4114205548,113853.35027975311,324433.24234228657,235.68967883149904,1054.7074665995308,14973.832934266215,43080.20042462627,3532.5481260374813,26205.498449614974,76139.92134932047,241164.54397804974,56767.7144196163,16413.70306476247,176254.55413813266,33.72602723109375,92.36977225065911,3335.2410040572304,27239.559987364,181.36913413729528,2064.078354807268,8086.444290954654,75076.89547178725,14708.419607817628,16072.03378901495,81295.32365099226,32.5706880588863,90.29163297858457,3219.433324782328,17984.265928835433,177.1619071385864,2010.4532398633467,7782.161714218442,45632.83487515167,194708.3299281304,92139.57826963397,246610.8967737044,913.954790456486,1120.7381576644514,17350.84221137219,24646.860221605744,2549.582758006879,25372.4767604747,56068.405981818134,180486.7176229254,194110.63716710854,91281.55844947435,245139.89509371453,913.8196332969763,1120.6538721749496,17343.640598873455,24575.338485508928,2549.497895232065,25371.02160470802,55792.97456316524,179985.47726174718,29696.008584149775,3326.059605099777,13689.82909629012,44.82914041015723,80.56608321692627,578.5559838500302,844.9328435945744,611.2380287397273,5563.416559679869,3068.5882792332113,13037.396761156011,29566.199004277718,3325.983351919084,13689.601311319278,44.828614645043565,80.56556598166655,578.5536650582371,844.9272400232921,611.2369130749786,5563.383386831368,3068.560930285415,13037.27995347524,178554.98514353923,398.34192515208116,14006.606934509336,151.07477697812203,286.3828819462409,334.7393512296512,1094.4645610780815,385.30400155452486,7392.903934955369,398.31511030690797,13976.131189354448,177932.10369774417,398.33169100546104,14006.415381722194,151.073915424178,286.37938810168265,334.73201388045817,1094.4510870608447,385.2944593333837,7392.8058595448665,398.3048774969803,13975.940099327641
tomo_0and1,10725.01510042903,3558.9577995026443,17774.532059966696,499.91559604026884,170.20967008834427,1502.75565012963,6219.037709352407,622.7905655080642,2342.923160709875,2859.6015440496426,13142.748736357633,9842.004775898431,3401.075951782705,12150.546641796935,434.3723844451253,152.5257673652474,1482.74558916148,4394.601231882269,548.5273349862509,2197.077238364157,2726.623209016424,9272.125242646069,4117.734960984625,446.2834022719311,4873.664716518517,20.291412648906018,10.812022567829207,323.2442806753917,1694.1958015811213,59.499759142772334,308.3855120194901,374.8354233532816,4024.77141076888,2731.793950914201,446.0114118741967,3033.0805431522663,19.83118908254268,10.651421744805123,320.575944682971,1434.902612720615,59.47299730611679,307.9182208745287,375.6016249717162,2541.3430300438267,8424.340944455413,2561.9982197711265,11091.651432069702,16.468838889538187,27.4053633318673,1326.6731922144095,5315.782554332512,44.149090519498216,581.2790067784076,2507.6800430886005,9679.400450779889,8234.861166707,2309.5353921902333,7496.202215998161,16.42049060452895,27.015710454991165,1317.1735340415423,3437.1396356294968,43.753006149022106,578.6024900568407,2129.9158301370344,6515.091405675542,770.9479180373949,152.10479625230846,2348.2258480677065,0.30012681495785903,0.680601742705526,65.59138312764576,580.449334812605,4.071767381942872,55.25105201717393,144.93018722327187,1949.8752465813134,314.70410081644724,151.11395350583598,1455.4694431853736,0.2979216781305464,0.6764439647081791,63.79511838868609,498.34485234805663,3.8953457509388776,53.896946919585915,131.91098694847435,1204.5166139778,10474.604298504833,3404.618195729494,16111.706467381626,49.99839297375261,35.001556984953936,1304.2245441124232,4732.087766954127,148.89191171931077,1117.3678070581457,2806.2357133777273,11220.789512506874,9604.408830532142,3165.258389735223,11329.793371505128,49.97964760555164,34.98082205605741,1303.5024719646801,4021.8051197801597,148.20413371387468,1114.6911652870974,2640.727525744283,8967.9090078372,3771.148314085012,238.84912502457098,538.5382775504262,0.515411025904647,0.6263148386024396,134.96088026150773,13.606678563332778,9.198353251740485,84.30490584428948,183.2317453813414,454.38157224101803,2063.765409356142,232.0419712109519,530.4922935654367,0.5152673062229381,0.626180006443493,134.633334885196,13.584016805397205,9.196285129729253,84.27743820926636,182.89090004644942,453.50085872489774,8042.56244844972,1257.835459023492,3267.8980922422124,6.195894477489043,9.37625480293137,406.326014265354,123.64540885556607,27.420487364033104,450.97988151579045,1241.0546190706984,3243.975768413801,8029.653187327292,1257.0026576311836,3266.7948723365994,6.195605985504956,9.375586625359158,406.25603011694625,123.61460007592737,27.41884446075523,450.95944220898133,1240.2496588788565,3242.902973561138
tomo_0and2,19521.36349873915,5990.864108407687,29978.33832234174,1059.36034837647,750.9831110064151,2694.2268982959818,11768.546702228537,1295.309222172712,4878.2515465357965,5254.344276544069,24341.291796061643,18010.342737543615,5604.647836349621,20007.840447995295,818.5567226111626,661.0401898439354,2650.435190369068,8500.237874651066,1088.050551692637,4445.148351852895,4887.668989917001,17080.92997734175,6388.581142562787,792.3586740498544,8847.587697164132,105.42147429301919,34.654213639343986,581.483904769403,3272.934877631394,169.74398625864995,629.4234201203141,698.076030900395,7164.039297759193,4200.719541721966,768.3852794090939,5760.814399060839,98.54808067131763,33.30075414874758,570.7484483411625,2776.585009842054,164.93922498653515,619.8360942063272,695.7502811241843,4590.80905792316,16118.737415677984,4752.450425042061,21011.74361203863,21.388375818385235,80.93295561587018,2290.8128738700743,10161.268181634041,290.36221145225363,2132.5306579044463,4620.186056978373,18271.592091712468,15663.692640861846,4345.726355357792,15008.922191212268,21.265903242110085,79.6255829659644,2270.414658809845,6507.999046231882,289.7049984943236,2130.0167221973375,3830.68066953984,12350.136726208302,1696.7294778023331,335.3562393786195,4930.0816773237675,0.944194055005219,2.4253695193477527,139.57809742628314,1310.704252898911,3.7674933132345663,79.62740373041505,311.13298924373214,4097.103770866513,819.0720482527449,335.1782571462651,3340.8142186180457,0.9319473188071257,2.3998612374031874,136.56510267153988,1085.9311051125746,3.7225722526909246,78.90049073423366,285.799935927695,2576.038165704887,18818.656603371885,5789.177922182927,26632.643974398714,29.360554102411918,73.45637836726729,2410.2936373743833,10004.44157297754,420.69779265969345,2588.575581632321,5115.210333092401,22146.976451080576,17494.03353170116,5243.760925545525,18266.70075493995,29.352574058939517,73.43395624336068,2402.8642242315113,7731.863379124441,419.2946389741756,2583.8818778702225,4614.735932616351,15848.211826987746,5553.567484421637,303.4757021299042,677.9102959884891,4.498102562954351,3.364452707804428,157.27135238231622,21.691386722071975,69.0871610602562,291.25515950454843,262.1177577944683,627.3841238257913,3098.3396983248485,292.2454880931464,664.8456785197196,4.494277897442884,3.3629411352716487,156.9553195073643,21.66403765668682,68.9100642962055,290.67691053181187,261.6888773610896,626.2661274562976,15144.484327532533,1854.4626861271538,5571.1431140084915,4.488323762839417,14.405627824174024,450.72840517962726,324.76510190062424,245.51657024966073,1913.4433188788973,1831.3162941888163,5532.516199621359,15052.702745476727,1853.4861083718201,5569.661667042033,4.488188875985364,14.404542430558218,450.67069482551017,324.65262552075694,245.5059034120519,1913.3580809830917,1830.371627477705,5531.0744117535405
tomo_0and3,24072.590547005282,8701.864438665883,41166.65721155683,882.5553957950855,759.6527370221816,1779.0656334221098,10937.454777505352,955.35663308797,5481.719642502736,7723.830716825444,33167.645427899086,21898.12960903502,7779.865199158455,27337.723792261724,735.6840966020717,693.0115816988089,1734.0689560620192,7946.835531744436,837.547087774076,5039.854216451697,6783.050499028843,23439.022661189454,7419.608526031076,1167.6967227412708,12762.870687260893,174.38884424899243,71.53326269708482,676.4209169232621,4919.605484545595,248.26483035559036,884.0884478193037,1040.7921959669345,9913.65583929495,4340.640618000557,1125.5753241251311,8536.629305630051,162.33523264435377,68.50434455556837,650.6122297971935,4010.1461392885467,235.8163807633493,860.2195269431539,1031.577223769812,6828.305037954371,20579.438124354554,7416.364734497756,33081.613270496484,29.65806710184679,108.79007255501135,1487.0805912708543,9654.678879484023,185.9702319039118,1804.7284827215728,6970.926999387549,27441.375001010787,19574.413204381788,6589.106136828392,23695.644237763085,29.54340295125635,107.71776363562849,1481.6850688809175,6404.221708511326,185.5307315287408,1801.504994756542,5473.255224182255,18717.073653897245,3054.3851731259733,547.7121835856668,8091.37454487836,1.6470457801155727,3.8533310445974203,180.916472312606,2171.146946749595,3.325845617674685,97.55565785483195,491.5204182342323,6365.889737343082,1552.4162228075593,543.662943171734,5628.355349911147,1.6208522517933726,3.7995768235656104,178.18963210520315,1722.604294571736,3.2987764933489885,96.89548249273068,456.514433460798,4190.940762169872,22725.88126048343,7870.651352338619,32669.739489885887,33.15088070743132,92.22988879272586,1495.393725938738,8136.182980651421,326.90419552228656,2295.478004746055,7081.18287195877,28208.952257702895,21131.445641502236,6609.386807104544,22396.33100563916,33.13486895622754,92.20134717394798,1494.3859829042628,6256.382460933437,325.4593588391252,2289.9862608812996,5912.303806531816,20009.37973254748,6150.991039377555,325.2769677250179,712.3302660721257,4.359018488982801,3.3714221425937967,171.5853110583178,32.48695595862792,88.91224120599512,341.6188519960894,284.67612536793706,663.8425841193289,3432.5796192357293,314.4983536925436,699.9616481843308,4.354999528247597,3.3697126985127133,171.24934224155064,32.44553818191062,88.6171143660763,340.728445616815,284.24175794509944,662.7147700723095,18465.344456707433,1139.9853899646687,5517.129465469669,20.196236766763906,59.21937601242205,906.465656013416,503.2910689388098,130.4920953795192,1371.2776855604036,1127.5201294606213,5479.733436023271,18339.45150154069,1139.331152325303,5515.536560112354,20.194379061091077,59.215265010134814,906.1727505438172,503.13707606559245,130.49015333078873,1371.22588130037,1126.8908877613899,5478.194566587122
tomo_0and4,30624.552919454287,14047.23476140352,60390.95473881806,724.5864180583994,1128.9305338894735,2044.5384134044787,13220.88802926467,954.0208129374879,6807.599386526066,12249.613082511703,46560.77952513364,27567.764787775148,12432.585940118326,41463.82779632828,625.6472117043348,1042.0797437481124,1996.4964148206516,10037.340613096703,904.7092762663118,6452.730800455286,10619.168120348686,34474.67653404311,8718.505844137571,1672.0139150152477,18214.865463917977,191.69355117914944,98.3603610922107,722.2617049269256,6390.437165803693,268.5672686637774,1136.3827129107742,1512.5566400271553,13504.788653264673,4564.046888483325,1615.0505516886737,12506.605147674716,182.09666894427048,95.36637479366411,677.4437756512954,5104.059646025,258.40872510116554,1109.2223369460073,1497.260421622327,9915.380856850832,27454.010898672153,12685.569939873874,53473.546221022734,41.24224154510647,156.9146005513476,1813.8181164794134,12249.057688353998,593.2071121223549,3954.6486060283487,11475.597422267141,41785.59392700771,25488.499373141243,11141.54822618108,38491.69965748314,41.096904642205146,154.9096623849907,1801.2943808302466,8536.735453135974,590.9629755636842,3945.4030899220693,9030.237317415971,29712.39951296375,5134.021481820691,829.6523709591809,12375.281127809145,2.2701133122745447,5.814842554122142,202.4575535416348,3074.8906753450833,4.246244383412481,135.59947783361244,724.0120892150491,9080.610695918478,2670.846721181532,815.1870788254639,8696.82745195733,2.23745090640709,5.728399529853309,200.34409042003742,2396.278617798723,4.202118506506065,134.58331327045101,678.6055650900498,6321.021003276705,27943.85973870716,10902.777449335174,39649.977352139664,43.250595994871944,98.7909759299205,1745.9764161597484,8483.682636899031,577.3358903123602,3594.840969814386,9814.782421030137,34628.85822729738,26192.05485108937,8530.97888910582,27695.45476748085,43.23028143338919,98.760211080864,1735.020537426575,6717.136744200068,575.4060230391798,3588.494495373358,7697.410671175872,25142.195130500368,6368.494034622396,324.7263530812375,707.3227673275804,3.813649301500626,6.119531023985243,170.2883602903749,48.18787969177143,89.03405645607158,347.06309601809437,288.66125710911797,664.2131644917838,3596.5597302498554,314.6869732273253,695.7507412405205,3.8117141675094426,6.1177122609645505,169.98910310512855,48.133215885462754,88.77303604614349,346.2053770940287,288.2585557330096,663.1593543039976,23391.06462528803,820.5985689964822,5779.040151970916,32.04812162882221,70.32211587477832,638.947295014778,466.64280718920133,251.17390404018434,2289.567094910306,809.4405745624168,5730.794642529678,23215.703102908712,819.997956928607,5776.913008943639,32.04564145857185,70.31769678233415,638.6638425349057,466.44919389574665,251.16829389684048,2289.53026901261,808.864739520044,5728.744048822713
tomo_0and5,41091.58225706979,23863.403336257124,91342.48690298648,723.1654223524714,1129.3270998534554,1945.093036873245,13686.315494067807,921.2575596722324,8067.407130992218,19819.589847897943,66174.47815013061,36961.12652261199,21034.564108144787,65230.51979620297,643.5349284654482,1057.4488146164265,1876.4279400930866,10750.826584044567,874.4308328339847,7531.006236082792,17192.429559316188,51768.04033696583,10649.060866452384,2286.034335605106,24871.77003241897,183.9523947188627,93.32018417149473,765.7826670517837,7405.101257199512,252.87433158366068,1325.958958253986,2082.7856117262963,17376.225334621693,5290.857303428814,2209.674610636433,17408.59652294524,178.1369411724787,91.22804613269723,696.7410585950018,5885.6558389428465,247.57627912038154,1303.6564502872614,2058.7804994817175,13445.068591783458,38400.69020811063,22296.223587962406,85267.47776227763,54.38746447460645,202.9325610906759,1629.618270993271,12410.993143350488,443.48259862426374,3242.7640587156347,19038.396736169736,62079.96405823172,35120.386596423035,19232.360563665574,61762.37983098865,54.22086700475708,200.9103083164525,1621.0923346002642,9127.7883374259,442.43117814744835,3234.3325567729116,15088.459627156884,46539.86140585973,7917.141734584029,1175.8264162505386,17539.079936661863,2.816138380340357,7.276625971548297,204.57628023032134,3564.9398017533435,6.014617263988564,187.82153376334438,1003.4237527605807,11895.497600764465,4181.787023996452,1144.0482686405148,12396.678526984188,2.7767566539162924,7.161977426619185,203.10878942594084,2854.098431974743,5.922934937700919,186.02746005072532,948.9005716148812,8778.228527361698,36158.06224785711,14732.36924838211,48342.04990258782,59.76461223083585,118.6431494984386,1362.9398124159009,6964.705786332629,434.34705924900544,2406.9244152253314,13018.293895663905,42453.07414015632,34399.331072963185,10728.78505424974,34690.481871076154,59.73822535433639,118.60963491298477,1357.512307584422,5654.686902840729,432.88164483881474,2402.565251859798,9635.189497390837,31775.029051467984,6257.481511686683,315.428623877864,691.0723423547255,2.9524079887382673,4.325467980324054,168.57820976069166,38.55728161429571,82.09649545245159,334.2196722348015,284.53907165210893,652.1259936507445,3612.5596039828465,306.4373333992307,680.4430205080531,2.9513000534302316,4.32429449815258,168.31828582360257,38.519737266190084,81.87898355128107,333.49898421615336,284.18473124519704,651.1874767517118,31587.90539059215,695.2931304299128,6713.231469727193,40.65182301788158,83.91585412868129,593.149855922396,482.26199905842134,146.05001424764487,1299.5099847096192,684.2711040894794,6646.355226703426,31368.13638831253,694.6962366022559,6710.335463619169,40.64912660840945,83.91111253559652,592.8009906531338,482.05392617788686,146.04911749948067,1299.4992979352742,683.6990719279379,6643.562904800123
tomo_0and6,60215.38797176712,43694.10779938101,148275.78762809766,775.4636134761292,1812.244073569922,4197.793778398358,21309.186876566873,1792.9840465019608,14098.915998653658,32741.014524903345,97785.04005815776,54410.76373915965,38211.73612786032,109708.59378720037,705.7964508877976,1685.327510918705,4079.989885023063,17574.4579550704,1766.2596586167576,13549.682553212431,28520.139221911173,80859.21436388549,14446.852522797557,3293.106099571331,35464.838761899126,169.20747379216942,113.13360154308674,863.6194456697804,8205.810919479054,232.4964511017268,1530.9841977830963,3000.409949856864,22661.431944896925,7284.782084589226,3189.7718058217083,25281.668617930165,165.82981561008432,111.64212075828517,753.3765330694893,6591.864867437852,230.17717033914877,1514.305317213216,2965.507638820291,18490.259353949856,58026.73204923387,41616.35757162394,142510.54085988743,71.65667502551595,272.2600933093704,3548.9296402498267,19499.04675425357,1294.1261564939914,9388.496058429258,31997.599025274172,94049.8228132113,52676.90421041796,35087.97299202808,104121.93803351773,71.43677976353918,269.48106282048116,3509.4658597375137,15225.547339180652,1288.12086855366,9359.942267236385,25701.25034872246,74914.61515857767,12523.255234005333,1774.8589339530292,25846.23841419092,3.440781429087168,8.99712985522746,197.267289235305,3671.5410626763473,10.454614448646277,289.0013652090255,1493.8199068314236,15845.867533666582,6730.107484481265,1716.844227707247,18429.196285549522,3.3964752063547885,8.859402661816214,196.35797494904216,3111.879226286452,10.267371058599549,286.0128504618645,1425.0170968105099,12472.255229249606,51093.5637279329,18782.978290650368,60570.761529158415,65.43757112896782,113.05969495120131,2443.083829331365,8683.227256838112,469.12905553277614,5039.409757718462,16034.115156350801,53351.084184027415,49443.9062766218,12879.156306690324,44985.60602697586,65.4175977570646,113.03724538032712,2388.3057223294786,7191.4079811506035,467.69288458431015,5031.585174551877,11364.700152054038,41318.064790801975,6050.373497337378,317.4093546013362,708.4563944076323,1.844427673579594,5.85373567992458,164.90223732059604,67.27672069464522,83.68500151715875,346.46925471747494,292.70082905148905,672.7514560212275,3630.584457779094,309.88628323312315,699.0415095696362,1.8442662005062693,5.8531612488414595,164.6694591093647,67.21127257724403,83.52186897660164,345.9321341329845,292.3620696714366,671.8927172677571,46597.6796606345,639.7565431216153,8468.22766727816,51.10851349162031,88.03815235647852,546.513763020067,508.82393887825594,127.136245185301,2592.7893563559765,628.7456403361097,8379.792983771957,46384.953187266285,639.1587326291427,8464.260389853982,51.10719097080702,88.03488059995027,546.1408501012982,508.5789256901159,127.13523987319398,2592.7765249839335,628.1727446032044,8375.964671502123
tomo_0and7,120417.91017502476,112142.90620127301,316328.75130066444,943.6592212548285,2362.5575984796246,8089.2142033523005,30279.14632047461,2437.2150731310116,21488.52972873581,62766.290450827146,179824.9003538041,111485.14056321824,92609.99646624128,242249.45098312237,874.567591221682,2200.293824446744,7910.864732481544,26346.11994922957,2407.8108823848324,20553.372661211382,53947.25266939979,157409.4316809835,23285.282093906368,5906.8169718716945,58504.49155226292,153.86171030561454,140.62534655367185,986.5644709247438,8729.594097826966,231.80186120793914,1998.6253016441515,5296.572995969619,32451.570390440847,12965.579627611818,5751.871976649391,42782.13718763857,152.03032313148077,139.4318113792971,809.4774209821559,7072.086555908381,230.04250470048552,1984.1115611759888,5244.405039141928,28106.359353845382,118472.99472397099,109015.87207472195,310160.9720947825,114.00066188757175,417.3402181805765,7165.33526876383,28335.823869402066,1754.0429530118508,13053.570349910313,62163.97979641898,175900.90288924344,109315.4521732566,85402.43719326508,230217.44901853483,113.71852938612528,413.93469133597154,7065.417406811101,23689.551683044065,1743.9637698884526,12995.932204593404,50191.42407826378,150055.6803778834,21665.311605791314,3209.298959752301,42942.939612962844,4.343402486957881,10.925067774847246,159.6477555363764,3196.0826067739076,17.719158707553728,450.2429536675825,2677.392484772685,22784.486206737565,12006.928099140458,3112.679575235572,31230.143801508595,4.291299683952969,10.775766622107449,159.1728007464491,2889.947668494589,17.432915657306108,446.2586160212757,2571.3206182444806,19258.635931672437,102456.22851434702,23661.34122116957,94746.46817315406,97.05072292908068,168.96854882101093,3279.236884945026,9285.966244916033,408.8616467917569,5249.151374724933,18275.638077780226,81488.03645212387,101091.55950030302,15997.69297630147,74945.51699424167,97.01800910970314,168.9348554391689,3151.8946129060414,7759.498931615451,407.9172424522597,5243.019292337814,12630.673068645296,65836.57227411726,6252.744481409891,400.0115950969372,1148.0968223617153,1.6318067340349798,6.804761266473597,164.42692792052273,73.37499606824001,110.72152021731519,505.48665620042414,387.59478664479224,1104.1470009116977,4270.031514517581,396.0986159316658,1141.2417547078005,1.63179334846502,6.8044432511899675,164.20315464733193,73.31659763044539,110.50530345697962,504.8606051873627,387.10070353061997,1103.0624866706485,97955.4299431876,621.6103069827317,13845.124572539988,63.19010460404483,121.55342178139497,577.7913501965244,744.4778728356694,110.09169907495651,2683.1983890919905,610.5995040161871,13688.003312820478,97796.33631406675,621.0118894631172,13838.448356909848,63.189451041621375,121.55083919736472,577.3010938065103,744.1214188686105,110.09071704468485,2683.1848976138604,610.0260216888082,13681.56366520864
tomo_1and2,21080.100116036105,7974.915032633035,35779.1040735488,352.7247949924032,406.1492171924184,3580.7851425718554,15251.77723314522,691.3374384828152,3770.5502166557267,6446.125656391959,28490.07426765344,19325.660484470747,7728.403662699607,23289.62298547456,342.963593113959,390.3785833108843,3550.796271982984,8989.508347859812,672.3982809991761,3716.5198716126797,5805.166612460168,18000.457904662755,4773.08284091829,1112.2085309849413,12171.56930046722,2.9352681481574963,9.395728511314958,769.812031823415,4253.494386727163,14.786341122277307,221.47855701989724,939.2269599362342,9856.185690505872,3115.72868411863,1092.3781649566454,6214.122329391501,2.9103901941539587,9.29772798190421,763.9090021500936,3286.380098393385,14.246163761112394,215.72719925099784,911.8192731752314,5411.869662574626,19735.308805576376,5621.829497970865,28544.109426850584,7.640139705629619,53.50591595899462,2567.991148762407,11653.074089505837,302.1988642368573,2395.2214020325964,5413.69200560566,22740.371094806083,17831.962285923408,4496.078571736659,15295.39791561195,7.611265653127529,52.66182301178092,2529.4174137133814,6905.259904934981,301.06171855648284,2389.1102523799964,4280.780919870228,14291.730602368845,2687.615341115059,442.6441127544302,7397.698263873315,0.5498582843835943,1.836154051670372,190.3048855342369,1471.5202289847573,5.383520331278862,90.64710464058068,369.29990509214446,5139.697803696352,685.9662259531049,427.7771010599785,3627.17132183284,0.5482109020580989,1.83123235318374,184.0601330268262,1227.642936956313,5.186929349594059,88.0837326856836,323.60997782434606,2928.629230710117,19005.971609091896,7696.215059387729,19037.861510533952,13.17720000681253,42.9603801736717,3131.8095774898375,4738.746844142317,270.8177330287684,2294.1526807975756,5197.581175295098,12795.005777519787,18873.856384893206,7526.5142008140465,18455.792280130758,13.176598043166418,42.958358380238934,3128.517944653085,4671.403203638574,270.80888842740137,2294.0831381392977,5145.246757769292,12665.078497694707,2834.5840436016415,588.5701625771537,1179.4191867418638,0.36090290127569624,1.4306663702064246,51.58116039385095,22.871918301070817,3.5706376299858644,84.4421604829434,454.5767790306109,998.2365754101638,2666.3699496909358,587.903047305313,1178.7290226022,0.3609015818324742,1.4306609553151872,51.580740216117604,22.871661991991044,3.5706040446854646,84.43676228937751,454.536195375139,998.1404431775601,17338.66926272725,1970.757168741981,6356.384710397778,4.504332551697624,14.127679534459766,825.3609927516325,295.13383144915724,268.4692189251898,2195.4224221794952,1954.369974262911,6325.631969719393,17249.8346085112,1970.1445345727143,6355.375576841737,4.504270638552234,14.127495390425237,825.2402637873398,295.09217475385583,268.4596744708637,2195.341493131896,1953.7676273243144,6324.636158291506
tomo_1and3,28480.986222839012,12792.105477407531,55268.04371263798,455.1340031042127,519.9849626811977,4476.132832210758,19859.868513360252,807.9323272796324,4719.63500790825,10641.813424286183,43220.4144641936,26307.941720899686,12329.828406002493,38940.12202402523,434.36513766818643,494.1502528074651,4013.5630960360627,12409.573192406324,762.6819030442314,4581.925953608617,9991.542128587964,30795.344523725464,8641.011942945643,2263.2766758140924,20807.15690318491,8.85981480499478,19.376552130069047,1424.8165350115175,8437.301431236934,25.653113871719526,378.7004728124296,1841.1514554070222,15934.139879750295,6441.250750594341,2217.5316550597904,11893.020629312934,8.81098103284597,19.174193554023738,1411.8527024419402,5959.572923295179,24.665849230704158,368.9686375135511,1814.586274649939,9454.919104874683,25573.240518806106,8557.198554098251,41842.83554020895,20.655528625612096,97.91256488908851,1843.8751767244578,11939.062638772913,188.8165771135496,2028.5904171748887,7988.539016180635,33782.773384905726,23200.29903325161,6963.476733147766,24588.691102508303,20.40270088781098,96.21028444104907,1826.7421921888906,6897.677705999895,187.7819401346661,2019.5455868348765,5745.800801836041,20288.159427756586,4026.5440061744116,932.2777864356804,12579.981633596895,2.171106177940391,5.637912809614144,287.139930275856,2751.3833828659913,9.83902478080882,167.763735301953,651.8330506009951,8327.269452634346,1356.5895021484603,927.0806672116967,6931.89572695345,2.1559100472949257,5.603957099890415,279.55352712760185,2101.151604552343,9.399393659107007,163.0586587044906,576.7627729046467,4761.263685057132,25877.10012052349,12556.18590510425,34864.12961484207,20.623390563338884,73.06162329353495,2307.998950755852,7209.910042550974,156.49683463205974,1879.2956435194876,9849.68576187566,25641.857108004628,25603.385147277022,12096.161726769791,32864.37433647051,20.623079605968172,73.05947003471731,2307.1054183589245,6946.147346234741,156.49591541612102,1879.253018059757,9563.966907448377,24775.220623255296,6209.713511909794,1096.9658283193742,2062.9208827574075,0.950293204966568,2.278632722911635,85.07670813575555,32.68679920387302,3.2875478209816174,104.69366517079658,913.7760654187088,1865.6548346871107,5663.609571864505,1095.4144490441442,2061.4223622095537,0.950291675198269,2.2786232620007687,85.07598714382254,32.68612272613035,3.2874769514036517,104.68499439209377,913.6583668525474,1865.4080327407464,22339.701390965463,1339.0327781782082,6597.744460680953,9.795108780469931,43.348762324644305,1015.5135965851046,457.5400908619538,145.80482160813762,1668.5689927209398,1331.891313043074,6571.949227149106,22204.0470841297,1338.6906406668131,6596.889428237955,9.795102595692178,43.34858309241353,1015.2859151694863,457.4881118525167,145.80390789905772,1668.5193103193817,1331.554086741549,6571.105296424368
tomo_1and4,36113.85649565737,18818.619761910188,77903.12160168262,1075.1779644994447,1166.685567843363,6145.124113558498,25820.622291519103,1580.2163357726147,8508.289228585756,16012.125518633473,59489.56898789458,33162.335365870684,17871.036282900084,55523.490952815686,942.7517121562852,1077.578921487636,5222.7707735153845,16639.85232977257,1452.120600659507,8119.467585738726,14953.20481354029,44756.071681137786,11747.808954306834,3511.2758232599886,30165.033849476582,21.273692924814465,37.3806951309062,1957.8924592524586,11647.395358004693,38.41267639637047,509.2740319060496,2633.544632420234,20834.763971168,8603.680490834351,3237.533067153059,17788.815283392843,21.101264246169613,36.93135144393512,1922.0923007817726,8193.013719285405,37.61200442126494,500.51350872873223,2600.930113273672,12951.176081648824,32085.294390672905,13836.339334743778,62398.58253563813,37.082785191156624,171.80554809386354,2203.552333110403,14662.098751272819,624.3459592196768,4325.294220677695,12190.081758407196,47034.9532440167,28917.862982493793,11882.475266901725,39706.54815026428,36.52754201916188,167.3253230730728,2175.0908774371555,8744.525189516693,618.07588913944,4297.718308430494,8580.88251209998,29209.13954069792,6078.166907602836,1645.0775981633617,19605.492214828046,4.760055488334529,11.90474776378553,366.503034284853,4290.012054118627,13.807415594274337,254.44626651870763,981.5203643499497,11489.438318886669,2495.2915102717307,1587.7090893183815,11594.416161632036,4.702223355334909,11.785279842470732,359.03438738248894,3052.59586802328,13.47115032613326,250.52076667113346,880.479189623708,6945.317134966615,32460.176857455375,17989.874738983017,49291.13077544143,23.549029987129273,82.3871285959227,3384.430106856246,11105.75961913257,447.09402067026616,3579.0448845509654,14963.664524571746,38892.38406110435,31955.885067371764,17057.9624739132,45597.20353581914,23.548971770883558,82.38448843059186,3378.174692372847,10517.654699566741,447.08230437827837,3578.963579257884,14295.061736246123,36889.77615590037,8456.54721006019,1356.474935168789,2436.1518869634947,0.5324902695670427,2.6763057812354134,113.8570657482641,48.99701099576485,6.60494011454128,154.8263454607323,1154.7309415241316,2225.3214561297673,7532.587651966258,1354.5384565392508,2434.364197933086,0.532489154074905,2.6763007041501266,113.85510147237879,48.9960778639721,6.604823721527162,154.8131249369858,1154.5505192107985,2224.980507853578,27274.112783803303,1023.4613921276589,6900.438155842434,17.993050593151352,65.5728971158058,789.2748772164033,471.1956659648255,366.7552338524806,3061.794795576032,1018.0977038667206,6872.243581089479,27088.911689625435,1023.1853719471941,6899.493226185677,17.99303156318817,65.57241791271971,789.0521068209939,471.12771431108024,366.74732930838496,3061.7408973235733,1017.8260416018808,6871.312506222474
tomo_1and5,47181.13639952246,28757.49249356007,109728.93436212503,1110.9337236292588,1270.3921260684222,6119.656281329947,27036.95644573461,1556.2438634503574,10709.818898774201,23983.939756829794,80113.66778544158,43151.35579104791,26693.78242257649,78722.65663081103,978.025510970573,1180.7608959714144,4913.294604532777,17584.6592517424,1424.6465186592873,10118.225109177474,21848.890414558366,62371.918112542546,14427.895516780232,4944.692511641078,40530.401408519996,40.64368115582156,57.66617368179814,2473.057144332376,14654.291236865369,59.38953323798461,693.3084192331479,3578.7269927272628,25647.020433179787,10061.86508085306,4322.078952318445,24308.17079561143,40.07564922184037,56.728153098804476,2355.4677477348737,10244.809399622945,58.63885517720336,684.6351273466231,3504.31973016957,16719.027271699637,42669.97857570818,23559.55286824213,94534.96334878914,54.126074551047054,229.46451180187427,2019.920947642391,14834.181685752346,459.69025577244935,3539.3414342279343,19365.32940304748,66293.33629112036,38435.60511957098,20542.455811600084,63615.49770510648,53.28414168644771,224.01360944788127,2001.642308426201,9280.651733314928,456.46324512723453,3514.0807065117856,13581.69430759058,43613.44559388171,8822.473871532166,2564.9627968619134,28159.76210465111,7.408164529327666,16.662277536064146,410.9910159771616,5502.097122933024,16.175045288407997,329.22281369111056,1318.6786689937726,14487.065665579335,4106.485224876489,2352.6964314016946,17251.684554007214,7.298462315742187,16.444288468070265,404.6099552302166,3830.909126234795,15.909469843157488,325.7619216650793,1202.2009302328338,9353.475283095413,41732.79447106004,25014.666596410723,65212.49793326692,36.022498665688424,113.82851074176475,2754.3867217607176,10952.568908724781,319.4435550142771,2514.827131119469,21027.26653695143,53641.311439074605,41040.030304553955,23269.950525868266,59842.898296201354,36.02237577173888,113.82493542256435,2750.8788719023164,10277.755819018848,319.4349349222389,2514.757731462717,19747.010472763504,50388.53604342379,9676.090490551307,1451.837511376858,2536.322037145445,0.5068309204389777,2.2332285535363483,137.24846670986256,47.67236763277653,4.568236603369312,128.3181293835783,1247.7697258633646,2320.4197373645834,8507.494051756981,1449.7523662312506,2534.448150083194,0.5068298962663813,2.2332191433726836,137.2463207865258,47.6711497386686,4.568068905251814,128.30653555882068,1247.5617197512845,2320.051197552876,35470.96323078111,907.7326977830548,8007.896101229342,25.646123259209944,91.11624234483597,766.6844950108972,547.3707075458354,255.7621843820187,2038.875531958196,902.8734689741593,7970.991791492184,35241.35454281165,907.4685451920489,8006.714230107863,25.646101817613523,91.11540630322901,766.4417547804991,547.2832121099158,255.7584818365144,2038.84427884725,902.6134997976274,7969.8277611766425
tomo_1and6,66501.00975785186,48251.60144704286,166039.04657951757,1180.2313288678897,2174.4461748625477,8395.451580838931,33358.767593573175,2280.750444332936,17102.670602854396,37005.112505017605,111855.65016402892,60743.77171075133,43354.9238301511,120475.0859435581,1047.2948375931305,2031.0105782829862,6980.978140985896,22938.900342387027,2213.617977477998,16584.985968616253,32744.516194859825,90213.94812284042,18271.197079206366,7115.341326190138,56003.96925981608,58.30862488583827,87.79803277530742,3256.0786620718304,17833.331481549103,91.26958625782083,993.4067320661343,5122.064417729606,32438.84163279802,11998.07954848454,6015.527807502524,34569.27051398157,56.9874899660211,86.16226569293245,2911.181403705446,12468.840626148203,89.88344182171413,981.2933847651618,4956.130905979132,22530.891041734772,61965.90985572258,43091.18944320184,152317.41156465752,76.77612497604787,341.1445632821882,3927.2130891398733,21927.530587611604,1360.9298135242095,9846.94683708712,31900.411766608668,97575.69596365906,56016.071379953464,37458.78935747671,107457.45898530172,75.59528689420789,331.9477246234787,3875.0652024220476,14525.330242631318,1343.9087501467748,9774.564831176003,22594.91911416748,69024.22403218088,13384.969122719614,4049.203478152899,41353.12623386269,10.659805302815464,22.38348602892749,423.41486623555363,6172.460802121535,21.121389946930783,447.77569238127415,1838.4265377906045,18464.319629808997,6866.818711250089,3515.1353460202936,25971.626594684996,10.491401919835265,22.047231400832302,419.0429248305853,4428.86371169432,20.838357035749517,444.06280922495404,1704.494957963225,12882.412174390969,57551.768064460884,33950.17625803279,86586.78694242521,54.04079152997323,148.80777657067668,5347.877536589519,16064.506929360681,552.247555306727,5782.420961692811,28198.99196866026,73287.72508033976,56758.54499877433,30909.95993517679,79418.25148180318,54.040704192654346,148.80464077281613,5321.5777452583525,15024.287358675025,552.2183712423351,5782.242984683385,26009.66095344437,68611.90791239683,10432.037394444764,1491.2103119345952,2580.4594811206666,0.7322021368387501,3.7890264474243165,165.33228615485086,77.3216484526513,11.57246970387009,200.67208294537286,1294.0901242799068,2355.604159660096,9127.936667513553,1489.1234448685582,2578.5899383533374,0.7322003960758552,3.7890118203311403,165.33049069909376,77.31986759846222,11.572203014261149,200.6564356053922,1293.8810864982433,2355.2467054670774,50480.73851338509,860.4786719450475,10073.013284902307,48.03967214975125,137.5656553438399,760.39343023441,691.1483646729744,372.76084118421,4632.379423637657,855.8624572120417,10028.134622535525,50258.17234318236,860.2184323137715,10071.477667455583,48.039595715113194,137.56372121050808,760.143297409053,691.0329003446361,372.7507036980826,4632.306412402819,855.6063029015148,10026.621745282311
tomo_1and7,126422.53963767608,115915.96705336646,332520.66263007675,1231.7897371108502,3143.9448077396414,11915.766389922523,40553.210169157464,2829.632079352087,26990.146103532614,68038.93962696558,195222.72580489347,117428.83080743937,96282.22392740758,248323.12403594708,1122.6046953733567,2956.0972720581162,10357.879561434158,30090.936236079116,2768.7356827601307,25862.793147274515,57350.04131710832,165288.40990434238,26392.04723271436,11583.286607838856,85578.39487052143,65.61862986386305,108.96215727243352,4535.314439230276,21614.555787904228,133.31558357202022,1548.4152589679497,8219.336650209872,43309.43542701855,16714.126280946624,9822.078476891527,55813.09833742349,63.57838339518315,106.6078596604357,3735.6538537062524,14777.788440796241,131.00232936667098,1531.5954679184454,7978.865966440745,32489.72610368416,122162.62468261861,110574.38123526324,320665.90919942834,121.31229515147606,530.0487337964599,7428.09383928392,30537.304561362107,1779.8686923283067,13272.535760224084,61188.84987174697,177944.8426438688,112983.35652317578,90302.90414188438,237325.57822149943,119.89254671475842,517.8891198774947,7318.287121297855,21459.566801614867,1758.0849011000848,13162.897851740106,42849.14328562835,136968.60536006343,22469.55123810638,6984.960785922442,65725.68925329196,14.483386078914783,29.319985316302727,383.6531656857476,5914.360666369268,29.794730526341926,643.925351662557,2925.578314136509,24775.080096191297,12597.56118166658,5823.001767960304,42630.49259852412,14.270973131131036,28.87174357426332,382.3758612805179,4509.116722010423,29.419123340499187,639.2663985014309,2755.531625192685,18889.25306373001,109618.91786546556,47314.498069361274,139927.1012870052,95.60100446008398,242.596049282748,6965.383587121155,18318.592618524144,563.4609653435487,6445.453667864977,37391.7510082456,120355.22157512266,108849.85366258769,42046.06228076109,129525.60395038036,95.60089495311183,242.59395894181748,6913.196833861566,17170.78922742514,563.4318606222058,6445.267727065731,33740.45534081107,112949.77228277174,11171.183836424816,1615.1792421015568,3067.802435842086,1.536985025100271,7.92183289464924,261.0887953609668,110.99799536850412,26.522241743770987,328.9733535924246,1439.2273260796833,2708.014262388176,9905.336066672166,1613.4291900558258,3066.04060527988,1.5369702979684325,7.921696875333077,261.0869671938252,110.9953277488729,26.520830912264397,328.9502366634916,1439.0302058830734,2707.694956073375,101838.48899515787,846.4948903043404,16308.525104755467,86.13305064967801,218.92511825943302,801.3998097812783,1012.3973491187566,371.92667149613555,5105.598840418303,841.9888907497269,16225.270958189143,101669.55566734217,846.2361616765331,16306.019943977137,86.13264395380378,218.9217213579489,801.1413134315612,1012.232513198432,371.91573552654717,5105.515834249136,841.734204835716,16222.804396183456
tomo_2and3,31849.480286187514,12643.212818988677,59878.04003788556,264.30001580459447,508.18634280999936,4090.2802357123883,20331.102238833173,710.3759071627755,4766.228529189787,10556.792352496577,46749.797334833296,28045.324146933843,11642.538795082923,36064.02360175506,261.31192222279594,499.1342112573125,4078.1433419636105,11922.945335931801,701.7661237766082,4733.092634329758,8766.255283474164,28693.366114594643,7732.492125072166,1594.0718190990451,19671.896006720686,3.6114004753432254,22.275922605467844,913.459518180365,7857.795641683954,76.66530798744134,654.7110682192274,1413.2877037012693,15580.758605214813,4129.470665850592,1534.9787492956377,9892.52081230799,3.563996380941358,21.95362676931042,906.9080019719095,5115.273419209895,75.92055734517251,644.6224974231142,1334.7720889335903,8721.398378613474,30506.77058182672,9799.45386014918,51374.196109540426,14.548962549019475,113.53342288268439,2756.576089226706,15280.047246905368,432.4560956617925,3430.8483129263186,9176.867893273142,39155.40098830039,26436.34144694097,7340.203318653437,26349.976914893505,14.490929230104504,112.2568796646943,2709.024787072146,9121.817576226009,430.7431164293302,3417.943027254983,6837.689269552073,24065.038179495088,5460.383193688412,775.3583818152531,13445.043431897,0.8308846523485722,3.2780713019839123,298.0862282954105,2570.6310500177506,7.453765476261736,140.91403637233995,633.154860187735,9011.473562652569,1368.25434043985,738.935960026142,6568.8039223574215,0.8292638824364967,3.2728748661482667,290.3861937241028,2068.4050843321616,7.304221966696546,137.3951025870122,557.3380194806992,5195.277126286218,27039.890727025017,10526.209433972965,24761.716672427734,15.467759378967257,81.90650626507876,3635.009310174279,4566.001899883619,387.2693580978907,3230.1486082439205,6095.594655733603,16531.849435630545,26918.52853866603,10392.78669056637,24480.864351883665,15.467468596846182,81.90278659697847,3632.458262231833,4543.532402730017,387.26369861801203,3230.0836078452003,6065.805811365222,16474.16834499046,3099.050507614089,688.2087127117541,1572.3859174892627,0.14981700393474529,1.3098256458128208,40.39944264794713,49.49569516080872,42.66011762363735,366.02621006002295,557.7423561489974,1401.6083983609915,3035.965675081436,688.0397663688753,1572.1687840899656,0.1498168291213239,1.3098243687013658,40.39914674834956,49.49515112313158,42.66005365090919,366.01511627849965,557.7274361692542,1401.5563992529812,25333.05002004793,1746.5218789551307,7889.635171565353,9.899111640520184,47.18768293039485,1407.9531792774287,628.848425903282,365.53179823032997,2943.932956495683,1735.9778852678744,7857.41863828442,25169.63733222236,1746.1215092139357,7888.725823429248,9.89910391715383,47.18730876375526,1407.6807425414715,628.7823730759598,365.51807653869355,2943.8081471816477,1735.5836299247642,7856.52113795676
tomo_2and4,43956.00849280739,21829.13457435361,92592.24910601888,493.49502251443914,787.3123341481128,7926.47586276719,31428.180168940406,1565.8377805799807,8481.76707055817,18144.60271860789,69389.75401845755,39465.41916617259,20973.545536707188,62246.72418138824,480.93214809103347,759.7125390843275,7613.9190472255705,19633.13075603686,1525.791977591164,8361.62326551235,16320.057073618233,48295.83573666504,13378.060004001503,3421.163742740056,33320.4757850147,6.90603605745463,36.423421038349716,1939.196443599799,13959.918258529493,131.3587368101991,1144.9097676345302,2791.115799622382,24225.577703907915,9121.079595019728,3404.5654335767663,18677.382215290094,6.80023756681096,35.83587714638261,1930.512103799008,8900.345728340188,130.557065583575,1132.4073663782922,2698.045199347311,14649.264218014943,40601.80103410869,15831.913918818156,75122.22394299973,33.28005803126024,180.10681242115422,3309.7318292938917,19244.198469003975,871.5331486676978,5683.579898736522,14261.603616022545,57027.79464203505,35642.87621306123,12403.969621973527,42223.293827163216,33.07687031861254,177.06091016954724,3254.823986009899,11355.92686733374,864.355785115376,5652.301655097898,10119.311782018252,34710.83530592201,7553.146819603877,1711.2871462492665,22641.539462405723,2.9872117803120797,9.891579833878376,428.1399161992709,5118.093655573223,21.331622015981115,313.3074583092279,1064.3689331295307,13395.383342910718,2368.408346685188,1703.2318434972624,12142.811833961487,2.9702555851604076,9.83935306738512,419.0705518878864,3564.9008118524353,21.052543105303517,308.6629254574069,949.0103853893803,7838.50158472817,38108.34566038674,20582.49405545304,49242.62813268677,27.066229178486495,101.01090313223999,5599.85116436774,9706.195451649235,733.5238779717334,5215.9721034204595,14573.949218810563,35142.13094809286,37924.967996788044,20115.639966165338,47978.13340526317,27.065955125189724,101.0059233155473,5592.33342697778,9566.157476161048,733.5180660418192,5215.934859606038,14348.501551168361,34683.81063986806,7900.237902058994,1529.861785161542,3314.2048950181356,0.4991000983597219,2.8195947961578534,73.06843353401146,81.29839295263484,81.20293228480675,705.3864566419701,1313.9463858035126,3064.0902437763093,7615.645896230899,1529.4142387301645,3313.636239400522,0.49909931128430024,2.8195912793222524,73.06786614497945,81.29702919469841,81.20269782284625,705.3551997340957,1313.886811495908,3063.9122429274867,34010.668890470435,1638.3017416426542,9444.405175710566,18.70850238695501,66.18641163452973,1261.037786482067,631.9053889705101,611.390993712061,4479.93031833025,1627.950039231721,9401.774686441957,33747.66333611638,1637.883228294633,9443.186568535766,18.708492816496037,66.18571874462599,1260.7607774662183,631.8308037157927,611.3599277100323,4479.76292872596,1627.5382773653996,9400.573177768005
tomo_2and5,56014.78477573935,33530.772440948815,130238.11974293314,1298.4920254333736,1500.6885904424387,10180.045677042992,37461.7310975544,2117.58792003829,11950.956316559072,27555.62746736242,93570.62382457932,50735.37729853981,32016.375047205274,91222.61336323892,1201.1219825509086,1421.5724024343115,9218.711617912037,24131.974619170294,1993.4735041914726,11565.59517549496,25109.02019832669,69967.06503230265,18252.22395746378,5532.603417453029,47534.41253719842,13.591218557432066,56.62949795499387,2714.1613466284007,17553.92498825967,174.62207647355086,1429.7531111511018,3701.1716211934618,29447.456374402336,13048.227133610791,5304.778288633468,27704.353689712665,13.340254383596259,55.59384526457088,2694.8270657833127,11289.532414954092,173.92404010025453,1415.4077836069941,3603.7949873248194,18365.4309443982,50857.45179693323,25455.61256802946,107731.02387314882,55.876105741747125,278.07974491442144,3287.9078542641514,20173.563356809987,700.372331210864,4732.849716882737,21258.653690772106,75804.46116533034,44889.76900015595,21025.70325257478,65777.33023975995,55.27571841547221,273.001124136889,3247.81284245541,12236.158252170697,696.4033413501973,4704.788426582119,14760.602658862485,48111.267057056764,10296.184426185908,3079.393877132981,34007.50672855827,6.09058156548072,17.11644604754295,553.1894823099932,7002.292374579822,30.551211042666345,465.68484303721635,1560.230564839964,17226.687024846822,3907.4428624426832,3010.166825257171,19390.00806611574,6.03473250326207,16.969846357386547,545.3214249609294,4687.628892577144,30.187406500808752,460.7524225931482,1414.8469841165936,10673.710097705214,48769.604736945126,31065.952911570883,73722.13895723804,34.07687522632789,143.95471375230298,5470.694856526693,12452.900601427,604.7670431657671,4157.729544584629,23404.7091344808,55148.82828988555,48495.84837425562,30008.125871512435,70874.93306788428,34.076725833665066,143.94690217595416,5463.196896886589,12165.06925639717,604.7624724064484,4157.700626389035,22805.061787602783,53920.36674835088,11658.314404900022,2049.823297792795,4163.691741561583,0.26270611820445994,2.1412989633250987,102.6541412023019,93.89006652369554,82.89112048448438,757.9713549847476,1797.24979927007,3882.1540715990423,11068.025020036905,2049.184569029687,4162.930311447507,0.262705613580702,2.1412959791476958,102.65336226765703,93.88811616333656,82.89078552241685,757.934061461109,1797.1409224394497,3881.8819658306197,42229.717795270335,1553.5689364519906,11051.068196170889,27.16517182393149,111.81276386030346,1358.1356289855742,875.4605593504633,486.4049260856373,3383.534150976795,1544.1007298256739,10997.41026111953,41921.97540361969,1553.1519275776914,11049.568019382692,27.165157829864093,111.81056462592777,1357.7819897254303,875.3456326353667,486.38064857841744,3383.3993253765184,1543.6902338601258,10995.931354106908
tomo_2and6,76156.30636652627,54444.648199606236,190747.37769290424,1742.5472410323232,2390.7625043539147,14350.511729969665,46841.70247760491,3070.861036487909,19699.66561337504,41986.37385792104,128173.12000970256,69489.53547937988,50732.42918672876,137039.65142821567,1583.4434489662858,2255.1236679300127,12797.749541805204,31290.936675825935,2944.0028134307922,19192.68360465938,37516.47514909616,100779.38708286369,23525.329608145403,8835.502104221508,67899.68223693091,27.7353502875931,87.86567235722313,4071.115633308983,22375.03075365337,232.72930522402743,1778.223358092414,5423.358011091769,37109.85126371276,16666.494159852085,7935.08129233899,40338.289592313566,27.13375388331929,86.06622072492317,4000.338968507024,14842.651605104355,231.861879778061,1761.6840874041736,5351.224530825426,24474.290303805497,69642.89570842999,45064.51652652153,166290.47583192232,83.97451415844219,395.95558702568655,5188.238544512023,26642.972556337165,1582.4160785133627,10878.143366677077,33478.872353092585,105967.44427734561,62131.96059400188,38259.226213541595,109497.2736447851,82.83392376852747,386.27767840994517,5117.58996317012,16808.118458248435,1563.6926457870368,10802.609671204364,23012.23600898472,71698.72581625152,14830.656544938687,5357.824460763852,51153.319964058355,9.93869674616603,24.391531844147195,675.1098825255283,8460.13681225442,39.912919906052615,651.0494323456882,2240.7297103697465,21817.269747689195,6656.651461945799,4969.416996496199,30522.164625471938,9.836698683806604,24.134468329366918,669.401615404245,5732.060181319837,39.401138437318856,645.1526341165627,2073.3035466906376,14551.155001545289,66035.60451079067,45091.88227840434,105508.93504443971,53.85737634984915,189.95634933223445,9183.422154352496,18648.924601348004,1062.7010335159162,8589.1963736161,33903.97212037808,81288.39503124553,65676.62493288427,42934.60616155658,100527.08700820165,53.85736416244415,189.94753545044478,9153.931874725788,18094.985689678564,1062.6874590764548,8589.12987271075,32672.980719597523,78930.83151531377,14625.473754413304,2386.600370368407,4623.684859248217,0.4019889211441956,2.9576703570040874,145.01530664088935,117.49110451923623,85.7766745409833,772.6654071526867,2114.176823174112,4310.290622512541,13732.39590298631,2385.828929287318,4622.831318610337,0.40198817845234663,2.957666564050556,145.01431985763662,117.48841875584843,85.77632136536694,772.6275336904135,2114.035292068352,4309.974069834814,57239.51496342352,1531.1952664504402,13883.602743035362,50.00775835964238,176.03725974074038,1336.50489586326,1051.5933306540276,745.4423597084143,6952.888877614329,1522.2942367011226,13819.56613666052,56938.814739996276,1530.7756058564835,13881.6870980403,50.007683914039845,176.03251799376088,1336.1467021490926,1051.4515093917018,745.3895032340663,6952.605541476588,1521.8809221847125,13817.67695399973
tomo_2and7,136529.4289705001,123630.6127146196,360503.1089359762,1914.395979492877,3744.350801596169,17715.868812737477,53395.91925815553,3566.208618151112,30949.880971596423,75588.03715125717,215600.1688905523,127132.78436888248,106274.76411731221,267736.0664719968,1751.8155348629805,3548.1585384712043,15868.132768476084,37856.34722520035,3447.5202094565993,30045.954222473174,63409.90842244318,178222.85268688443,32131.641594049706,15501.040445102983,105063.71575751965,44.65928151735597,126.00794394680827,5952.56774779025,27536.58996732832,263.24011616296923,2327.060728580568,9021.228030268914,49560.73673116931,22177.122965812836,13371.62593345921,65396.15054024816,43.552984731932085,123.41951546557364,5706.834605890721,18446.167593313705,261.8612253681427,2310.1820359715794,8919.262723113767,34814.833207497875,129203.01012383706,112933.32568209572,336289.818407718,130.7712850773606,631.704372719736,8767.42064202559,34712.968892806995,1942.9034227748893,13894.248524229457,62501.79452763243,184868.44884491037,118851.25688779811,91686.89327934144,239495.5617250121,129.3255537846312,616.1961576823908,8639.802080573212,22979.716627253518,1918.0499696806044,13778.475319648152,41775.74813195125,136539.94485427783,23841.99972705675,9912.82540857851,82268.2348401609,14.536447294619414,32.65821654770733,790.8632509825782,9381.413155066064,50.878185105836515,905.3149437018385,3472.4267783084274,28358.751650735325,12524.605089172172,8568.65013990816,51221.955005126125,14.395763237797004,32.29116499113075,788.3028643751586,6568.473266319899,50.17043510659662,897.7021859623712,3293.7947176080415,20797.50366969005,119677.66489258496,70612.7532079664,180059.58485465145,101.18679197118777,331.5650193986543,12201.80328615287,24160.94496947785,1125.7096172810998,9657.542473512778,49705.21505469954,141829.76313802513,119266.51114949932,65722.88363097944,171088.40678025657,101.18638518230023,331.5530004319206,12138.340935266344,23342.85076814474,1125.6932191520482,9657.461955251387,47146.45536580404,137153.2912513045,17355.0579239606,2798.204773853784,5468.514935456989,0.6483269404203702,6.48667387043412,348.0446553468322,210.8924666856469,87.48854867585143,807.6135888588215,2470.986093796827,4806.725008326476,16240.754627173967,2797.3637524367937,5467.623019736181,0.6483253257465397,6.486648734655642,348.0423879011385,210.88907060409366,87.48798468435653,807.5819887165733,2470.836011238867,4806.418287333021,108597.2672199185,1533.1668584772256,22224.65374325036,94.41697133905383,315.3171269193218,1427.734975675757,1570.854998924991,767.5488761056855,7706.194195355838,1524.6176808698226,22109.339729133655,108350.19981276977,1532.744980354709,22221.580792502424,94.41638684010084,315.3053460528874,1427.3366316544314,1570.635510253836,767.491913326579,7705.875562115901,1524.2020363528065,22106.310853661766
tomo_3and4,42978.68608568784,19353.537616190202,92679.67631811234,181.46582568444748,453.96486698017634,4202.92232688818,23932.284067885033,987.3011293832354,6483.948615855489,16944.23099382795,70635.11925074024,36115.19990954382,16140.922876139426,52035.16019584188,180.46068145121836,446.86070868414765,4189.268208637351,14562.26658214077,975.4610689147902,6435.1296444808695,13225.533441774214,43828.34545181614,11523.59312414171,2163.9936032093865,28892.72929028609,4.615252705521664,25.428773874014876,940.8994036084407,10016.44308900801,70.9133790059187,776.7878917636461,2021.2297402287272,22079.794473505855,4970.33709652124,2054.3041528118088,14674.549692971625,4.56354637867768,25.113076551828552,935.1538544801386,6454.094059095475,70.05682351611117,763.7494564017184,1877.7650990701118,12986.605198167683,41923.39509401131,16858.784802972637,85504.45637502758,28.90990018836479,168.01798139585955,2399.5563440143696,16694.720443495407,741.1642668907339,5183.505387078596,15140.022101739563,61559.329343213336,34796.150888304444,12170.112422681454,43552.416226347304,28.864027986757726,165.76627958634646,2347.440685177141,10320.72328475271,733.595415196335,5144.7017597896665,10909.420115688552,38347.2772435722,9543.265078177341,1198.5614443629286,21245.997938515167,0.9314021559580726,3.384597678892332,368.85989025130505,4395.926888555627,8.139560922022921,189.05926206346953,949.1120677990039,13480.141821917834,2480.9310701413847,1144.2795139544282,10629.818365608367,0.9296647140857949,3.380043561124698,362.04230547843787,3304.3361558880856,8.099481010893363,185.14261621380632,845.3313143337696,8110.063323947992,34075.08549794458,10412.81594242665,27457.090110098547,25.012941088648507,86.60654839327148,3375.3078561459447,3999.095689711563,509.7789812525167,4273.1571539416655,5971.601552752007,19583.722633125315,33880.673375156206,10344.079913462123,27339.395553301114,25.01285218792781,86.60498055886363,3373.245328161512,3990.3952961705418,509.7741745810407,4273.1130427366625,5952.950049979789,19548.269907269907,2806.4607064818783,599.4041376214745,1700.8188807138972,0.10492407167022798,1.1933979439976206,33.914442475437916,44.351665697813374,19.821860730411412,305.3339843945688,520.161087687589,1580.1612590403045,2788.5928214066485,599.3782637518852,1700.753792250194,0.10492403906470603,1.1933974995358239,33.914364040424374,44.35146627240886,19.82185593332687,305.3290534028235,520.1528484981593,1580.1272626048103,32657.528913461974,768.1117558153906,6600.056517908196,20.806993726343638,74.89285097352767,502.6845922222839,408.790302844287,423.1656354797295,3520.4500763382425,767.1020587430481,6587.035353099049,32428.62755923241,768.0447829873608,6599.761900215528,20.80698586742342,74.89214085784265,502.65188488032186,408.7767326269469,423.15200078935044,3520.3466079208215,767.0353238996121,6586.741907065819
tomo_3and5,59730.16796692228,33665.016548181564,139065.31265267407,539.439224719651,869.8779047312165,7882.322127753576,34524.62678140223,1267.3762131148349,8400.821660377376,28421.988074731322,100642.87851817334,51814.63361534961,30071.050807764066,87496.99231267376,530.6271509073669,850.6456984264914,7635.401405147727,21958.755068654587,1243.6055577040197,8304.773996135462,23737.938211636283,69638.26316381745,17802.11201899791,4572.403226240383,46883.66875655644,7.835459631230143,46.128495460748965,1824.1359781794283,15305.23645717158,105.82621967804782,1268.1192015551858,3819.742311202604,32379.00743503161,10371.706907957392,4539.40931462424,26118.383450920155,7.714953363874365,45.50377336002116,1819.4109768934284,10013.548358046062,104.86822015951273,1253.274211895914,3597.80270631317,20281.545835374054,56873.40256755188,27924.47364956491,123561.06550131257,51.03780294587585,241.69901592883494,2276.8320106724555,17550.17682993993,568.1709128789812,4394.935955348184,23699.85317313294,86999.7403865399,48456.99873857764,20802.024018871456,68186.90015098818,50.88548144023319,238.6348738988039,2242.459460250773,10851.97235482778,563.7262728356242,4361.46393230079,16391.955015041764,54789.13841042414,12349.029894917667,2732.9291419156298,35319.0001572437,2.93605199856923,11.757240333479187,552.3889109867317,7188.729035452012,29.261462335327426,445.4499915686021,1532.3685738553515,18665.63442802167,3835.9075945558425,2720.9838993479193,19005.967673187555,2.925535709433737,11.710941238113604,544.7638408855555,4946.610279112028,29.108456838425464,439.7844461765594,1388.3200381705615,11504.591173897896,49128.9293163229,24772.125033001776,58010.5223480022,38.979991991700686,125.53874115771534,4763.690905075225,7516.002881204917,427.8891915782578,3901.2321779560257,16678.137906910168,43262.005965100194,48875.238474745165,24424.2813413309,57378.73102431957,38.97959026923602,125.53539573765555,4759.797791867624,7470.993556561932,427.8888815220118,3901.2153463306904,16524.541752303645,43004.64072745354,7638.056238946232,1446.8666545109556,3888.6931988058973,0.22740889220007693,2.7720374325236468,75.94042984491534,109.13095938841052,48.15626018089323,694.6100366405987,1299.126281122809,3675.4618155602366,7539.361286065553,1446.7792309517763,3888.4816217000816,0.2274087716394939,2.772035599955653,75.94000730062359,109.12978542122795,48.15621675505018,694.5912064087541,1299.0885466056939,3675.330366086289,45529.054658067194,729.8958279366283,8037.605995398991,29.087373000882472,106.73431578904007,512.8489683005736,503.71535293113675,335.1579935945235,2778.167264036677,729.0680249047232,8018.031046897741,45187.51492294803,729.8243492593523,8037.201231515104,29.087363578098188,106.73254205952837,512.8081622133027,503.6944673162444,335.1487158707054,2778.0748983951275,728.9967887845517,8017.628112871827
tomo_3and6,80345.6156210182,55788.094485235844,204427.20236052093,1476.2278560131945,2088.4909923437062,14339.414537810399,49163.06473613145,2921.1486147228884,18562.98737376744,43867.55193680371,137710.4836807576,71071.54495041838,50488.82107089738,137198.12588138666,1406.4270902734454,2015.4271206652868,13678.216269239696,32759.404598327572,2843.7700366491117,18264.13451286938,37403.654041740614,102908.41635209201,24779.87433439265,8078.996371803393,69891.0070903707,16.257196425227878,76.53506894312837,2931.2424308607356,20133.7893903882,132.3666283617591,1574.0386872512818,5117.350299546356,39196.626120070694,15894.539847713975,7913.1359660082735,41027.112857911736,15.953503623440197,75.39653584660384,2923.1807487934084,13394.030201418693,131.44980211605642,1557.683720655957,4896.738865460005,25679.15080057142,75489.02673358502,47213.94593862924,182790.21820660555,80.63494785068049,374.4861841412519,4616.859690444967,26142.15401364725,1392.5251288095862,10312.519689825203,35735.85124932374,116852.7679513895,65365.512268793536,37384.46671896073,110676.22493333423,80.25472023325193,368.0498999636703,4531.880489453957,16601.670494043214,1374.1191114245569,10232.095642563594,24365.67228607476,77625.50154974578,16905.846279574842,5625.072310463809,56690.03794110374,6.32551653097742,22.18813773795161,797.8567270999746,9651.497862026334,56.229095897052424,781.6786578646509,2484.0970794264626,24737.272696692176,6431.379757034707,5516.6122807057045,32420.21955697581,6.288916441558795,22.032878017940234,793.0485471052801,6563.176880594923,55.73138578231935,774.3673075599218,2298.179414459324,16254.889118529742,66938.28784219017,41100.95178266426,93898.85895888548,59.95812190078587,176.04539990337204,9654.975565367726,14706.79201649205,981.8286442937047,8735.987730496108,28744.13972149506,71596.15574903203,66718.67633424359,40171.68894347011,92211.30422898752,59.95806061700707,176.04097032265128,9635.861761229871,14561.585693538484,981.8265404084198,8735.966066754761,28295.216003695517,70852.03359409043,12258.549724312048,2162.32863902119,5314.358545739359,0.266630893855136,3.371329846308399,111.25099869514125,164.29601192048221,66.50679906802117,900.5260007584012,1978.4839504815754,5066.153193557665,12016.486787114813,2162.1706768576382,5314.03828760747,0.2666306844903249,3.3713266996099134,111.25026045093655,164.29363944792908,66.50673931892943,900.498201417969,1978.4054404563076,5065.940142420312,60559.85859294991,697.1719120203597,9731.788470779593,53.88387148552764,164.4200551699565,518.7671425148458,680.691913948652,541.4453194639347,5902.579545971631,696.5736514798647,9710.549180387672,60225.05046096509,697.1001338565818,9731.27885354171,53.88377729499772,164.4157483577606,518.720077787999,680.6604577919712,541.4142816570572,5902.369978527655,696.5020801671164,9710.041664397126
tomo_3and7,141305.59940604534,126961.07637197184,380788.17537019897,2009.485241011421,3529.769415221313,19246.735443480313,58797.316995082154,3681.810399755531,30744.797805057307,79772.63022279351,229340.15518505586,129492.86655267872,107321.00577874915,270910.8332964894,1893.9801221435232,3395.4021560759647,18016.659657372733,41071.50479388519,3581.627823164106,30120.832148438585,64553.10865354073,182873.575055991,34761.321090062636,16097.811853639514,113499.37931186217,33.40050087589336,128.3459336231959,4785.248599953182,26258.469638334023,196.35509222000186,2222.995279527883,8417.347503438521,51993.68196539749,23064.162951081013,14858.750744514782,69382.647290423,32.7857833119612,126.41270661491896,4744.030131863828,17714.862485786005,195.26083358632357,2204.5532653677683,8195.943090104085,36016.88766357322,134545.39685360476,115451.53123039089,355433.87923965347,127.8629979016991,601.3138189201102,7882.742955208397,34011.96232803617,1743.9210174998627,13170.347695061348,64945.63581947551,194996.12189964796,121563.32675005149,89842.69245367215,238600.17440874843,127.14904504038194,590.3689606592635,7773.273637342691,22505.816904721498,1722.3413868115626,13068.6994073262,42645.261977259564,140968.55540233254,25866.85853674223,11548.268592576807,94023.53451638871,10.976538061352949,32.72363609519459,1176.9467590080758,12068.289609478772,74.50705298302712,1145.3529770358007,4096.541879418684,32588.917191186367,12204.473130128263,10681.70368326963,56978.35646427163,10.900431934728852,32.441821113907366,1175.630267546217,8347.826428484383,73.62885829178128,1136.1155119444177,3897.6943444447797,23477.037922336815,121533.3725852814,67149.23185541513,171658.79018467976,104.56497827814007,324.3696763814127,12041.294774708707,20553.06854183067,1101.4578743996165,10086.951411850745,44658.692860817464,132361.04166460384,121362.14995655179,64868.09133058138,167778.3473196917,104.56485258819293,324.36415511738943,12011.951383907137,20273.84685006074,1101.4544178244255,10086.924416474709,43614.03725455117,130513.25101256344,16847.421886038766,2861.6899756371645,6719.2624598665525,1.5509488597626566,11.45842611074526,244.48958369622932,254.61185292857652,91.37084479354604,1092.1788866015668,2603.144397909981,6114.238794785071,16445.27066122129,2861.4826309601726,6718.915891722967,1.550939549451733,11.458385854531768,244.48886872002316,254.6085123146777,91.37046193108884,1092.1466836824384,2603.0447737938325,6114.0056610479,111917.63208609252,694.6115057577745,15188.833051778947,95.67431531489068,274.2219828629363,592.8566230844172,1057.2041448064854,556.8322479142571,6542.307344733011,694.152667944293,15147.346421607015,111636.4565106751,694.5389997437906,15188.030223678164,95.67372404632707,274.21292904599096,592.7960794733937,1057.1489242936398,556.7977910536137,6542.0687661542315,694.080344648695,15146.547278245142
tomo_4and5,61124.129424871455,32749.922371864315,146628.70341842747,182.96291875752848,533.7573525706082,4849.686225033859,28243.347443242146,1099.5916820028388,7548.654340132715,28552.261737609482,105666.49928040343,50097.73178663375,25191.42967427935,80061.43271170101,182.06245800012664,526.2177923612086,4823.455099888608,18182.95226439638,1086.8053483145172,7479.986518762114,21555.23450329893,68501.25396153818,17186.750924360087,2995.9257140178083,41117.87038837044,5.486137783570787,38.13345584344614,1057.069719423492,11750.134214207226,186.6570827654427,1516.6442824065655,2821.073771725033,29344.08283661922,6581.750942879838,2833.2911670706203,21224.95010804332,5.447613953270691,37.71393887779283,1049.1745462057347,7999.87928911496,184.93497260246576,1492.5726285020223,2613.4902306325575,18366.82481678677,60193.459034468804,30767.34279891024,141113.18184239423,49.3066399703519,255.33597261977926,2879.4673973743597,20125.372801540878,917.8520588152682,6213.491808374462,26149.74010438774,95087.76275049905,48935.23286567205,21795.331716496512,72973.3232849793,49.280088169446586,251.59858847492836,2799.9475856725276,13123.333407164904,906.0678225100678,6147.868705984929,18839.567816213632,62249.799983189325,15198.087697526586,1713.2660503239606,30828.54139922021,1.2151464727659285,4.668618953525958,418.34177944631006,5685.610446038773,12.564501201413137,285.6147130483612,1291.432325542917,18052.10626558398,4094.5140351055825,1645.7440037117797,15800.582865797955,1.2125138739660621,4.660167577570778,412.58339824460074,4322.758749165962,12.523442323393661,279.6446773380569,1168.474816765556,11521.299140419535,46545.262326476215,9784.326975494905,32116.177432869834,41.44696666658469,110.7914849670723,2470.501184369705,3511.2160245304367,524.8847814638648,4355.983803426351,5992.849909773419,24376.021048186092,46254.318161845506,9750.43986440437,32053.20676737387,41.446882700279296,110.79053203379625,2469.5824259247706,3507.597462300592,524.8825987045707,4355.96372012677,5980.669833022579,24349.535609854807,2814.0829606507505,443.8188913336104,1682.135198187732,0.0836819069379434,0.8872679241280778,26.67335978999802,65.46962106204857,71.64120957327918,660.9919681392845,394.50981885790685,1578.5669055216713,2807.5866101992337,443.81384663303135,1682.108740192993,0.08368172665577359,0.8872669285404258,26.673340798688276,65.46941810645623,71.64112124044925,660.9868432157227,394.5072937898809,1578.5501108108836,45291.969779879146,325.925081167687,5484.548254233924,32.65035319180616,93.00683782495723,195.7850121644693,335.23185596691854,271.3861234093637,2806.2959062045743,325.83720198019506,5474.380022529778,44976.47005838756,325.91592979731826,5484.463333713982,32.65033978847134,93.00587535930663,195.78191392931788,335.22831594202665,271.379670740011,2806.2537207547343,325.8280556970027,5474.295280793752
tomo_4and6,87061.01464069565,57516.86394294137,221555.91364354765,767.1897997607206,1301.7202857300806,11684.742989921344,46041.7106782537,2442.535139555894,16349.55016568741,46160.691698139424,148471.38732787556,74203.17125708137,47354.84396735103,135029.1671540623,751.4858790706489,1273.40647090448,11550.589301308954,30992.61121177963,2405.9757552465003,16188.154393510651,36469.12389094989,105732.08889132674,26026.437276997418,7017.389985028723,70227.06438237782,10.655480730473109,65.12436538445154,2212.2851574762176,18566.116148646466,326.62551814759246,2752.2778910384463,5719.365469731139,44143.749283109595,13772.22730276203,6939.669269789409,39598.993988289134,10.518214503999427,64.19746662101231,2207.2479583836034,12775.631799580915,324.4728903222054,2724.4937824702056,5337.450868406111,29315.71886210554,84063.962157032,52380.85146451622,207971.98217884355,75.4846913541923,338.9291212279437,4451.1695816138335,26527.11341135579,1516.6871676610742,11292.14563390282,40480.75162813203,132791.17050261883,70679.93596946339,38211.87731068383,116536.18034022233,75.40249705156562,333.67289756798425,4351.041906140926,17464.085629621823,1491.8475958182394,11180.6658828818,28125.592359734972,89240.92333102516,19838.932703846556,4772.26620870099,56757.20040598637,3.948823365750756,15.739495434588887,734.7367386953765,9239.918484020844,48.02561012347239,704.4342933706436,2357.588787335423,25875.511119463525,6395.746329033326,4757.939422906187,31160.932676265977,3.9353263210257428,15.676163860780273,728.6572192667239,6636.6427328369155,47.808928103475765,695.7393000790757,2182.8374464936787,17173.42341605603,69286.39359916342,28818.02127081741,74863.38966301495,69.39575776940607,154.11767837661134,6325.451292091958,8576.943463809328,1082.8824499010273,9583.829339945161,18811.89919749238,57067.22835618692,68977.33497038645,28555.98498744651,74424.53068116229,69.39571310171381,154.11673557132306,6320.46009449313,8554.427562831663,1082.880717331065,9583.811347885696,18701.392613702457,56874.552147635,8811.145527445566,1208.802539239054,4352.583234010354,0.2013439013277733,2.0341437167635026,68.46445934157595,145.84706339101132,163.59948408369047,1568.557484726082,1108.3976719962052,4133.00869239544,8761.87605960203,1208.777067940047,4352.471819907503,0.20134380774606414,2.034143156707008,68.46437729138933,145.84600221585822,163.59912251755833,1568.534961976132,1108.380333532113,4132.924867401413,65479.96079151097,299.53582459615546,6698.404778920183,58.431292678015026,116.02456726792379,197.61082220795166,408.37704913501506,285.3683301478706,4494.849330019272,299.49074776333435,6686.012651406338,65095.75513208684,299.52607726762005,6698.288734226967,58.43113675063262,116.02319587331816,197.6066317943206,408.3720826557254,285.35953629835484,4494.773362273012,299.4810035417779,6685.896843700749
tomo_4and7,148576.07981337843,129944.78865690115,404665.0182141166,1948.4548152752175,3280.992538102721,19130.345848792866,61078.88475271062,3667.5250690442176,29742.525520179715,83751.69051588599,243121.72563993177,133035.88927446541,103776.60974316791,269873.0943457016,1868.0191682637071,3188.427242224713,18697.48995223007,43287.958431707615,3597.013108929627,29314.528381213506,64577.03801179076,187459.41825991397,38258.16199153916,14960.084434492694,116707.32492211467,22.618038257390776,114.25153951440356,3859.188107269701,25144.551080170302,438.62039856877306,3762.762166739821,8592.199860977822,56221.068150306484,23200.7340760622,14693.176064404972,70447.45505999087,22.280381433248703,112.54322003801073,3854.862503317452,17599.952954233828,436.5702840187403,3733.431798477728,8146.827500230972,39391.25157021197,142718.5199661719,120970.06637315925,383380.27139574615,128.50143832559755,580.8836209840338,8742.58046220928,36898.973802414985,1893.7174678478386,14079.885754200172,70276.88576572688,211256.10006135094,126209.75901398278,88419.07871808365,240583.27515156675,128.15202993272243,571.7059399696694,8568.512742242741,25201.171123830514,1868.0525935097694,13963.542916342694,46632.74796471886,152536.4581823437,28800.234410244535,11900.488497147517,101841.9425801984,9.140695325599218,33.298847788378794,1315.3390600868506,13123.915851466601,89.15280469271318,1266.236656303907,4539.107155374989,36430.68943692992,11885.33631379186,11595.172899894555,59966.84783700995,9.091365181591383,33.08448797173858,1314.41402661329,9378.233254886229,88.46875451876218,1256.3731879868883,4313.030943888788,26222.63152602916,124637.48767338182,56440.308136725376,155485.88603562734,114.93553954463201,327.7745736236969,9569.179664825971,15499.380512903737,1394.9699867824934,12003.68984985936,35540.4512086327,117776.46632808326,124434.05074233138,55519.13953058841,153917.9372418764,114.93551253610575,327.772808425073,9558.03455505137,15422.930364029811,1394.9669520309733,12003.66517535775,35161.4012837524,117069.10001621791,15782.388498866016,2053.4805579150293,6743.595699270185,0.6369416698150334,6.145403715998331,218.6952888467867,290.0905471797334,204.46168723822728,1990.881043915267,1878.9910071277532,6192.743066190989,15644.852168679086,2053.4274875853434,6743.430418998508,0.6369414201039237,6.145401448048256,218.6950771167832,290.0882741951131,204.46125401684816,1990.850177624599,1878.9521569934027,6192.605724634331,116843.333376328,289.11061086645964,10003.424182809975,94.31210288926941,197.9427267958886,240.00779319718384,720.0033555073026,276.71420039663377,4801.842291169741,289.0917928143611,9979.242176805888,116512.68940580405,289.10052328814896,10003.242214914582,94.31137870224555,197.93951679628483,240.00086144765083,719.991448250334,276.7049882374273,4801.757159152255,289.0817066148848,9979.060685541268
tomo_5and6,93521.75761919506,61823.136808657415,243770.5053482114,249.55963978382556,686.2910035827753,7635.203889129255,37933.91846114937,1920.4028528044175,13581.233347424051,50084.794945247406,160705.76348953613,76903.19192423203,45223.646382732935,135406.46845596918,248.08095085713748,675.5075811913276,7579.787927331043,26069.268270732075,1887.026144700441,13414.202576182824,37189.84482451318,111609.22802989914,26362.286505758264,5390.161532256802,65619.20738204232,8.404324469191618,54.092422271698425,1153.3984519426488,13056.3742461777,180.83132817182153,1926.6576882452732,4915.318256535684,42244.307624183624,10280.990331727427,5133.394762584378,35126.42377145742,8.353948703106134,53.59547908313715,1146.583972979112,9471.184267459212,179.1029658218232,1899.272395969686,4580.617017515417,28622.08185340958,92270.48363580227,59760.68770211578,238137.00207081603,82.18778188670095,361.8113613042959,4641.90716961913,26955.59309299738,1490.3592111596704,10860.558009862138,45791.154026411554,146127.85917417775,75418.4772020098,41416.07002735343,127495.28072589876,82.15098077104223,356.3273143438324,4512.558033617657,18779.058890093387,1464.2565824654232,10729.925581094918,33039.93882022144,102521.39918073558,23448.36669071214,2878.1301723006836,47530.36764590425,1.9576749187397373,7.133927404928522,497.3098614549752,6812.8070753450165,22.097859438542717,455.55656563263386,1876.1096190043288,23796.06047302977,6768.183451307826,2811.7746791866275,25330.04631712333,1.9535690655491436,7.11991275621146,492.44155709561704,5398.151439865324,21.733871632813067,444.94481900216937,1735.3474113967545,16400.409624054984,70867.43846200414,12027.324989235982,46610.43850785669,74.88002105593463,139.7357661938433,2349.848800782761,3717.299827087546,493.8358733643547,5871.6339634843,7612.68734163948,36309.98574801962,70506.97500526406,12002.027464358029,46557.42407486122,74.8799796301478,139.73535266974048,2349.281034535294,3715.024599533642,493.8356373110695,5871.628167369064,7602.037370285699,36283.51704130043,4015.97861206825,367.9249768714092,2030.5828776962553,0.20434386111783512,1.649149381464211,42.72972037645609,70.07889528221929,45.32292069164857,638.0648700793382,337.2782055716536,1916.7571070022743,4011.8133325766285,367.9234779443033,2030.5648150588506,0.20434380686206632,1.6491491424818168,42.72969400359121,70.07872694342484,45.32291037883937,638.0630863542286,337.2765952942983,1916.7426345763017,69283.24567849544,133.2821074686961,4674.646538155473,55.12471899973564,84.43982781726459,96.18176712173324,285.4302586423347,130.62008471558988,2779.704997231096,133.27145930922435,4666.085668875363,68905.97596052101,133.280814172214,4674.618553539401,55.12463276155502,84.43950830526644,96.18121484893888,285.42916604281186,130.6188690706847,2779.6894104452317,133.2701662431165,4666.057749420888
tomo_5and7,160055.6715255255,138041.89347505497,438799.51908700913,1694.2436349439588,2682.7180028885127,16156.532373325485,57225.38142911414,3465.709364165454,27277.243807134055,89803.18903349208,259904.60897979097,140274.77996816588,102325.0824233423,274756.87777326343,1647.72305590289,2626.040288914164,16004.110280886473,41272.32246104926,3403.458381509796,26895.351439794416,66626.139072788,197027.63799306785,42418.77282394096,15267.568704033421,125339.71519675491,20.934683605885045,119.06967134242713,2340.9939132251493,20114.283687652063,306.37461190030854,3610.943749748271,11357.870184840605,67769.56750887187,23318.559679477803,15134.552256676265,74120.8319301344,20.7137241050277,117.7161282766068,2338.2029292670504,14756.178915279896,304.0420709950602,3578.2993609251735,10544.87243183521,48653.905634284034,155232.6469929236,131334.64927174547,422020.8565650439,136.4137950557845,561.6680671615753,7673.042053804405,34988.72663179288,1770.991251791386,13503.938323409184,77760.32680672726,231496.97189281308,134753.31399736291,89677.71048103433,250040.29268937514,136.15754276403018,553.7815758715205,7510.426122008168,25038.177014502056,1744.692074812607,13369.014407294651,53140.17518376392,170437.70606036382,32466.024028253512,10873.228765876825,103598.3851775711,6.892230810929105,30.443591721541054,1134.432952395341,11955.602401581546,91.66641733275397,1243.158707646127,4512.22300155907,37984.26772682752,11815.794601665406,10826.276829360211,59525.9654316419,6.872029091063737,30.315073944505798,1132.0491622627933,9075.467061145102,91.20368202768347,1232.0899862243173,4276.7421720984285,27831.285894676752,131085.29861797774,43967.64662764019,137738.9412066852,119.65900092015801,303.434246409718,6376.817802783457,10199.401458442988,982.1135145063677,10120.162197362122,25647.75873924394,101540.76563951452,130777.67061685267,43675.30301084589,137212.09853570664,119.65897385563613,303.4335372915,6373.327489051394,10181.690978361024,982.1132801269911,10120.156786501882,25540.04799922617,101312.16981592083,14374.04784491947,1140.3174716252447,5821.1582391654365,1.0963472633085307,7.626179204080546,178.9397603197452,235.3650896406794,127.61136638584713,1773.4113585124276,1048.2753971024572,5358.965130586942,14333.811490634082,1140.3070107650374,5821.083501362438,1.0963464252725446,7.6261757365917076,178.93946819723385,235.36362055905732,127.6113271084357,1773.40093352882,1048.2629537288694,5358.888414866333,125039.72591550119,120.62520145512478,6682.6141527618465,76.5290711598334,128.74087601450805,106.81901289245161,469.24639189447134,118.18054190005374,2957.6013032727005,120.61546702801385,6666.212355019747,124664.67797513524,120.62383255032582,6682.570684322258,76.52874285235715,128.74015596196406,106.8180396526457,469.2437386274906,118.17925537208444,2957.5833168632857,120.61409837260868,6666.1690192157575
tomo_6and7,177545.9106671955,155177.50031214172,495153.6598152751,1261.825518419704,2056.1320683429085,16402.211164739263,58380.42477009807,3399.24206350123,26273.12922386229,100185.17178564322,285697.40819289593,152178.5166889709,104494.17443958532,289824.83030600566,1238.8916808081412,2021.636053291791,16197.197727523637,43469.98246910958,3328.0928284531096,25883.710562884073,72751.70521956643,216804.8513616915,45487.579164971314,15448.713377094862,134697.88760596342,21.566338660804576,132.52989283032238,2370.584569434729,20134.58382759943,669.9781050877081,5527.554143572453,13052.639854924595,74777.78496088197,20785.021297266412,14698.796807962814,76216.00801161224,21.457948615583614,131.17558023231535,2362.377629530858,15548.489007189497,664.7806810557427,5467.242837953598,12131.604563844054,55674.59425236714,174003.967299081,150118.75648740443,482412.0326880913,152.30204234553395,583.9305048381046,11292.436911755778,41989.49484762715,2315.735959274497,18389.474611383837,87287.22323260468,255574.762590219,148286.180283036,96123.07646105044,272539.86493075395,152.0843080748473,575.6612057315876,10908.259583636225,31937.71450896519,2272.696261715795,18167.71413283934,62974.366181153084,196754.61739229172,37985.12417724267,7176.519657805566,90480.26007422898,4.746593472157952,18.285153358771492,704.5561191576909,8445.9115263012,69.05330497582518,978.6433103240086,3565.0465879128888,34641.31290501408,12268.780913456403,7116.580657072276,50794.34339986011,4.737238392424697,18.245176894467047,700.9078172158289,7057.362804242255,67.88001627709197,963.0197732619488,3381.9345551052506,26432.538661035,141180.56823999126,24590.917282899558,105037.42941767344,133.81132788503615,256.4751628482028,3324.831960483351,5744.0383282476205,541.5475417507533,8351.498494045527,13521.789115037753,76275.04701707278,140830.47814419647,24556.21289303714,104958.64324023383,133.81119367853702,256.47501663421065,3324.25689361781,5741.455251261258,541.5472556616002,8351.49079904205,13508.18270667108,76235.66565791062,9695.785205534266,368.77427493856663,3337.1174370523345,0.4482962150852135,3.9093071308399168,113.18863819798277,156.94934396969444,158.84451783740698,1833.798738587755,344.9145189585241,3132.757901115498,9690.800507690145,368.77339898378636,3337.1020514273187,0.4482962065537005,3.909307016272623,113.1886083102659,156.94913953779056,158.84431802753022,1833.7945511405921,344.9136982456458,3132.7450228776183,137114.68257157513,48.18905798123202,4439.963618517273,46.099734392957316,85.02677229086655,46.985401410952925,275.4121532123203,48.11272645141454,2355.921035064278,48.18863437046413,4429.845367932529,136765.05861229863,48.18892415435439,4439.954265881041,46.09963963240777,85.02663962531655,46.98529226816045,275.4117206655904,48.11259785977434,2355.9171073965745,48.18850057329726,4429.836052822982
tomo_no0,291165.60583604185,224649.13581050202,838776.7519836127,9631.39359669688,15631.012459459482,67370.72421256271,175459.0260915843,18234.715253971575,99420.23673514512,169801.95760614352,526039.2483107067,260134.18856173375,199848.12511919448,508636.57755864103,8039.897233717965,13820.433272291823,59202.54187759224,99662.29567803319,16363.107033849088,93437.52169566283,143962.5402984525,372427.37885542813,110601.6905607795,55239.81553381882,379269.9238753268,1518.3996065543697,2707.683384469265,25654.88658048916,101508.41277745488,3927.25019500957,19703.817703455738,38850.53355547495,210436.1990450405,81684.20280262505,48007.49535007521,185535.65648734925,1421.824896459414,2399.490328930363,22141.82433440034,56170.35295578626,3587.607929206602,18820.162116409836,38212.316012859155,127085.60101765044,264779.59415609034,190260.1698674259,737339.3261937455,345.52336435121333,1743.7073261387732,22323.408556700004,96230.3384528722,4932.573731049783,33767.316574866774,141091.93118141286,458004.81281095755,224085.60202369545,141709.1677704313,388913.9323498601,329.5687917854363,1581.8673204165132,21192.182261918082,54149.00105955805,4762.322494162215,33060.76331053535,86353.58496470412,266529.86377484485,64986.5327397787,26790.781109994732,247646.22194556025,66.97926011383015,191.4879020016497,6995.245827056696,45743.09682166804,246.22371722461696,2653.668199110912,11821.912831443533,104082.16477069794,18788.77550184772,21778.434187915744,104004.85920964816,61.52468083192669,180.24749093184218,6030.0645783801965,25726.36845898796,236.3075247969823,2567.837158402872,11764.1587864486,58124.174125282625,246346.62974305,182207.1910586959,432356.67090523796,2804.351510367346,3567.9933305048276,42533.745316981505,74488.37803432229,7956.789011961883,52177.72054476745,131266.25265767574,323443.02253978356,244507.37407815782,175036.96705624554,414364.6485925704,2767.7477049069794,3529.6502458637883,42199.803109071254,71135.37129584434,7730.290960222798,51414.7514062326,127031.89780327906,314738.507077628,61382.02227220027,9663.607590975704,26504.820171602834,381.54031457265455,506.3099263578405,1884.2295191599908,1967.6208370328623,1063.2829363108897,8483.231071783022,8752.878044494855,25021.190858635793,58564.39505643247,9660.917332374207,26500.60423249272,381.47844297194183,506.2639561262959,1884.157556600191,1967.546903105395,1063.235178912849,8482.926486228622,8752.46175129075,25020.371331922146,204872.9267274226,2983.240262637883,39664.409588140086,195.84958456991416,642.0493372613595,2680.2142143465494,3656.4205656323074,1662.0085555315338,16682.686275483225,2971.6367714862486,39506.199186193604,204133.25843818413,2982.6293668309127,39660.31306556807,195.8490021558049,642.034099407772,2679.6339030903364,3656.0197342325614,1661.9301333579872,16682.227426708687,2971.0340447441686,39502.157629381734
tomo_no1,285792.3726013225,221655.53201971046,819466.8075910272,10471.691817749244,16498.03522617912,61726.16427966918,166332.09622083916,16562.04115283405,94796.69671445753,166484.94602388586,512303.94866859756,255868.00244634858,194416.89377017517,495648.9596900089,8296.029301904158,13863.002521911558,56332.54215313875,100723.62946230579,15113.091606473208,88973.59620179686,137869.40046252773,359558.793130966,107336.31387987471,52010.86266767862,361260.97373704537,2512.1814945537703,3416.6824140245203,23094.75164904771,95313.57406431652,4350.989955918105,20451.738994510542,37456.94524885946,201705.75210349384,76960.98365914117,46715.01322255083,179664.85168183214,2107.0908365095006,3024.4740283469378,20351.825765047513,55773.904706233174,3862.4175864894232,19205.44192063623,36993.57312999453,123701.1124966785,260619.85648648592,188341.2095463177,725592.5346325119,351.35337905472517,1712.5198840147946,21438.740513454864,92768.4826278954,4888.45818809282,33269.28401537511,140273.56609593667,450650.1343660601,221105.3500422314,137810.8302733843,381198.82324912475,343.95101551174383,1591.508484722375,20553.857351057282,53399.986140944646,4741.647740720185,32672.547432429954,86084.07447606754,265103.4094000182,63994.52870751843,24580.811153752053,234404.335544163,67.11046821827708,192.89696348985802,6329.927877202981,42844.36388176419,240.12178212922214,2600.259726129724,11311.656428168924,100259.0489689795,18367.82681019137,21286.20521757446,102335.46098589983,61.597906869109224,181.05980227823844,5570.413191134141,24625.354769780235,231.933190958114,2524.8919949091965,11259.198050664207,57129.96125186955,244578.60726460628,175063.3356034908,436236.8410349858,4386.698887113803,4822.210150492036,45856.201712802496,94571.15152354729,13901.65568423688,68565.72402080959,134987.44319167177,348069.87092509336,240084.34707646322,165029.5047245802,394939.1124238743,4223.844474693954,4691.096973367611,42986.560414012056,72597.30425810802,12565.866727945517,65146.055207050864,121446.54837534239,306798.0617982556,61733.263606230845,8883.495567830065,25187.24418487157,383.924415600541,654.1128168871312,2757.330605663302,2365.879990789512,1312.1990931698165,9382.23827761534,8172.073731500882,24020.66598937187,55403.58761709786,8877.674843150102,25176.362314688984,383.77732505563773,653.572867648067,2750.680194759255,2362.509881006928,1309.8582052414592,9373.17754471634,8168.668286540706,24014.31209100391,202455.8796651423,2880.0871729676696,38824.06471898287,207.4323960671945,632.1124115990038,2697.2096342779623,3628.34611416629,1512.2048458256154,15761.04457833842,2861.18417381706,38616.886074206086,201715.91975280666,2879.0742550858813,38817.203702336315,207.42868185157346,632.0907817969995,2696.170406745938,3627.6052475989536,1512.1276348832635,15760.58064670464,2860.201603064349,38610.22165390068
tomo_no2,280122.04113966966,219275.35141732116,804248.9066557559,9970.99040716721,16190.103639237797,58512.45122974163,161498.95735535867,16753.54096442826,95677.66210003254,163207.85816880123,499291.3992183793,256700.21343855705,188306.42775203814,480796.8701903862,7922.373667969986,14088.153338488291,53017.79430650728,98859.5742734277,15224.916287429402,89660.23826518633,134284.70463175315,351974.04516782856,104925.36890901995,51940.79867344491,355284.51889285835,2868.106112447474,3763.2254638110226,22839.928792826417,94300.71586185026,4444.721527880614,20490.087765970933,37147.948006410115,196814.72191245036,83529.09299182313,45554.614775360664,176112.36304330587,2354.190592614981,3293.160919518405,19441.333510234133,55520.524028294705,3827.844868002317,18965.95793227769,36555.328092128395,123089.7581308537,255373.2585949161,186992.99824260818,712411.2514079799,366.92586024276886,1698.6114118242317,20419.706378679843,89343.53313333093,4661.534553723018,32110.12788363692,138575.10899983405,440620.4526379082,218121.99563535576,136441.8265841824,378505.87881375686,359.0342708858955,1579.8722539226665,19412.580083478653,52396.08458828119,4524.730747007791,31557.626864997423,86393.12089000101,264843.9011197105,62464.56893993389,23615.540821144732,225964.53800597982,74.18508265660482,204.7376923982594,6044.131077483936,41308.37351916066,233.22698227028735,2555.9480564806763,10966.984744392452,96732.47993137558,18339.198059449656,20456.77939448152,100802.5300600705,68.16055291905556,191.71721054140457,5285.719156874201,24157.283843388926,224.80717354808405,2483.7014597109965,10907.289808464931,56578.635880342605,238887.61180526094,168080.53456018135,425487.4400214633,4539.128304990834,5059.259668943339,42025.47284409507,92231.97225382889,14061.534160915768,68483.47620326406,132819.4100727815,345412.3788653028,235115.7541541705,156978.8782707453,382062.2051353263,4384.279893762359,4918.822686156822,40017.99458304389,73318.19250138199,12656.328848726967,64868.29130952562,119573.19685470115,305087.141916399,59402.92811160982,8671.77460147634,24704.659862723147,372.235820420908,633.4155727604182,3104.5196263732423,2384.2467462925297,1300.654320589855,9339.405017584964,7989.962617827947,23555.25839265694,53430.2635113316,8668.075418581284,24695.74608693062,371.9210381125389,632.7524567850431,3091.9999120917205,2377.1698767355892,1296.9517784413995,9325.241721868435,7983.533484668349,23543.6330592666,198643.49531196398,2374.9113037664583,35119.25227409405,205.66949495029965,572.0845191724129,2217.375959079188,3222.9936068216057,1221.938625498736,13946.592802879595,2359.5447172372856,34932.889280550546,197941.30908005682,2374.030028281233,35112.70391075405,205.6657372000875,572.0684973900557,2216.4544208877296,3222.280788078446,1221.893069312878,13946.2839630799,2358.690663943841,34926.535134554884
tomo_no3,279046.1538150042,221124.6026418686,797793.8745655309,11012.910991259758,17377.14377404735,60221.70935230567,162955.54045832535,18040.922211292986,99930.48819895358,162436.5473477008,492269.4337893287,261974.26443497546,191304.49484674397,486849.6583906483,8259.681149953658,14860.177563837922,53285.59826757455,99407.88541371323,16282.337476798193,93634.47412815648,136974.4241661821,356300.6570973819,104715.92266212234,55482.0822237836,362241.80894762906,3529.4176325844023,4244.388832371787,24182.98723495912,96493.49791609276,4974.457991447772,21531.308145631767,38248.059027625146,196209.22836807952,91324.19759306173,46372.231415662245,178847.82237123727,2652.066919406828,3566.2444323152213,19880.130769561038,56213.8052583303,4051.859519205732,19392.376417444622,37228.77187241551,123816.09948762464,251776.4005210308,185893.31510555523,697741.8487251742,378.3843465411755,1736.577679147188,21667.954117339377,91107.78633756432,4800.133185207898,32763.34413585399,136583.79596856819,429866.6307886829,217964.61099574817,138504.32437454507,380913.3095857411,368.3000786502343,1609.232512334006,20355.323370793496,53984.15544635754,4667.835439288775,32232.518141896428,88065.91534136925,266081.00472854206,60385.992721532144,23860.088407359402,222568.4755179588,76.63936403200897,209.72505111789724,6248.032716885001,41690.04980174267,228.22063624854007,2516.5561239131007,10915.467328029325,94250.04492319108,18637.274027957275,20008.635043024045,100401.12600222846,70.53846464684375,196.10259916764298,5299.05472138951,24162.952932668984,219.69664821295774,2445.237527234364,10836.327956763476,56469.28935317046,241181.52529501275,174501.1560769264,443207.95829234784,4792.470593277246,5517.046709823131,45129.8304715618,97540.30200104813,14987.8749127303,70825.37029536322,137445.23674564168,355462.5716467858,237228.71440006912,163156.48031234453,396528.3498017268,4609.39869790178,5345.3899295467445,41673.30531782379,77265.26335034508,13381.374949883577,66829.05014495843,124913.23012437185,315044.8694420926,62671.99803408324,9040.99048399395,25141.345777220926,430.7499596869374,684.7689604496612,2960.882826988229,2352.875427089277,1437.4045616268968,9750.387927727645,8281.52862880562,23890.977820460423,56171.99403737471,9037.913943231802,25132.742720486796,430.25848634295727,683.929068176775,2949.8999789391237,2345.593440552175,1433.08168090809,9734.521260592977,8274.06695233399,23876.64426275729,197831.01121529634,3168.5749884250995,40363.82209911628,204.78186211321773,611.825436984448,3003.5993742297037,3754.8171780236835,1423.3278162397435,15141.129449327855,3145.9613855298962,40135.95197843815,197118.0096760014,3167.4018455687087,40356.310644321275,204.77810471673735,611.8056354457258,3002.4021088836366,3754.0187217759735,1423.2595911961655,15140.72085177465,3144.820154987747,40128.63319392706
tomo_no4,273212.37224920344,219110.8839498259,779728.1804520165,11349.051143195555,17539.945041900573,60808.31298964882,162273.92560189893,18208.566351858666,100150.80936558708,159645.55255681553,481438.75968895684,260111.628378702,192481.8820298909,485639.7495845294,8327.671573777125,14868.498320084336,52988.39017829361,97980.64399067326,16296.98686712127,93645.31905124245,137461.6450958026,353974.11314189323,102113.70015985619,58469.80876010028,364384.267038967,3620.93964277357,4215.270835819281,25713.707918469376,98590.61554626921,4978.630124978795,21217.748576886515,39369.77173014116,195503.27821333887,93774.07429337988,47656.85471412351,180935.3075262005,2700.9321431646313,3527.567823116019,20848.51681195647,56777.43040298511,4012.058503432543,19016.369874346397,38083.0036929011,123266.54940065385,244908.16551773623,182178.66244352484,674919.2913648571,375.04749004686795,1739.769136107578,21725.231008249684,90187.39219274912,4712.113071686047,32006.08604009063,132222.1327285249,414730.992254486,214316.88721791198,138942.0172406117,377998.79958881694,364.26163644520034,1606.2960306083091,20196.07581786605,53186.04959087936,4582.3664626807695,31480.02913476359,86921.66123026195,260860.02469518327,57485.71213939338,24430.14940218332,219458.22067443826,76.44929695883243,207.94678965276282,6565.943232017524,42427.78050327054,222.15331304721568,2456.799831862002,10997.212091331949,92258.73632403884,18693.384148033216,19774.083938982876,99286.42955526352,70.39159399223068,194.4628817604522,5487.011340254282,24289.849290514067,213.45201323215014,2385.420194863081,10885.32717917594,55605.66857329953,237241.16931907303,174463.31858881383,443030.1594080268,4886.887655928711,5695.110829283522,45233.67544391814,98346.200233819,14975.071535681831,70088.58425462502,137434.51166362374,354196.8568607275,233374.88288923202,164287.23180909813,396613.00248440955,4700.335966626855,5526.710534999455,41194.96351871826,77018.43392206154,13389.766738999704,66203.93298271605,125697.26832280772,314055.7908845711,62019.37974683896,9245.596806642207,25122.81089847793,499.22800492404224,757.3001863434175,3073.5108932852577,2345.4049866507485,1433.269693836694,9627.630516326177,8471.23850698821,23883.743262235883,55726.053473755645,9242.777531886135,25114.197005803337,498.7740133680723,756.4282747794982,3060.387597181824,2337.5610618073483,1428.669663240882,9610.866933647125,8463.820866414433,23869.36956015022,194184.41115991364,3376.861160969758,41300.48547817479,199.5239469498752,638.0241145556423,3195.8355337759945,3808.7781704415042,1581.4545888521577,15542.095956153988,3355.076659150704,41080.36725535891,193499.27166836796,3375.7007627891185,41293.35113281552,199.5201673419053,638.0026556011679,3194.6415913277724,3808.0161992734907,1581.3782705598899,15541.651154459283,3353.9473895643264,41073.41580906111
tomo_no5,261611.73372433745,211062.2995309703,747859.1083902622,11524.67678754406,17662.00476444789,61244.1441147903,161573.26275179352,17696.224776007446,97168.46638565634,153411.0402946664,464685.48103678896,250865.54160174655,188039.79456902607,471293.85501867195,8311.37771422171,14882.490584622341,53970.095118733654,97390.27541641472,15703.96966786905,90596.81832427076,133650.22064171036,341896.3149799516,98241.63601569559,58761.129683853236,357041.63269069244,3727.589911191033,4147.4772884610875,26184.71722692062,98558.37447581993,5036.070089559389,20509.570593500113,38781.20666503561,191286.69850537248,92334.52015755147,47339.149991701845,177689.45331986432,2742.4500416114906,3448.3870827378432,21750.278738929763,56654.10269184371,4028.0985770652987,18316.49602756798,37447.06016817747,118955.60273734388,233120.2231411371,172687.41956294907,639521.7129427437,361.89487074552096,1721.1536803881788,21995.729251144396,90020.63559893571,4813.148109598864,32602.116308139764,124924.0070827791,395007.52027124644,205254.08349644108,133935.9582547268,362443.3588915857,351.7079737612655,1585.3385597709284,20575.72639397082,52621.76606052613,4670.251110496039,32028.31217069787,82047.14484783262,247029.84132862225,54016.96123711411,24455.10119941682,213478.3675919384,74.81119922993233,202.1156268202599,6650.492943813067,42505.32674696678,216.83863411713116,2408.7672154616407,10973.617589551015,90441.20884424013,18072.79227950016,19573.898191349836,96435.0287198745,68.78535307147496,188.88903122314932,5608.416723497398,24203.37705646121,208.25617967786445,2339.1300124805107,10863.748780054497,53801.03407698512,228165.7866882651,170590.24773507033,433539.986106132,4817.014566005486,5768.319479878716,45327.18653790077,98819.25702549137,14792.972388848308,69431.80716305463,134148.296403927,344995.1034698402,224305.66856654955,161230.54906995865,387424.35397606756,4622.276888153271,5594.055397431875,41541.66643901517,77130.41291181147,13243.437419442267,65616.69120556243,122917.71208819236,304739.6513406432,60882.863349947285,9351.598286003526,24515.04575319597,520.2570237092052,723.9243260249472,3070.5464929632426,2239.1023812901453,1510.191466217852,9593.777262387946,8551.181371330951,23276.904924004582,54554.29133383457,9348.588332897301,24505.9419332566,519.8209414032176,723.1509012866011,3058.159840156121,2231.498591138923,1505.5182189142442,9577.560548617936,8544.120646532441,23263.61569666379,186049.3322401113,3471.135829783297,40969.9671212098,190.77183517596484,636.8038002063728,3251.6660564350823,3815.688697188996,1659.5379704784925,16376.939400194542,3449.251316817481,40755.0604132119,185417.18633844217,3469.9731837160834,40963.0695507218,190.7682228092823,636.7831222789601,3250.4613173623698,3814.928786000768,1659.4601505009266,16376.488711064057,3448.119864180991,40748.340132184996
tomo_no6,239966.02094715057,190986.15418269383,687234.8807869799,10921.58355923053,16226.849869552152,55201.18847167789,151418.29524760495,16550.11475138735,89363.00091382833,140949.99818465716,434565.91757530975,231500.00690046963,172736.95720700055,435202.06120256113,7713.808920502201,13476.064273070058,48267.281725042725,89573.94605048957,14480.104434872832,82767.95309404428,123575.72223566752,315721.2072945048,92659.81393407265,52855.511940221535,327616.3343541775,3573.5908360004514,3698.8743251796564,23233.69956447156,90895.93979793866,4420.136028732841,17892.879873333986,34231.959402133645,177280.38885265202,89194.16969628527,42256.030617022785,162106.50967590918,2585.2760464764087,3067.2618373029695,19956.251119614502,52651.56341448721,3475.488615229222,15837.729218495628,33072.37834453219,107714.78788956495,211806.20886530666,151780.5017121806,575986.1938723589,337.2941879335435,1597.7015262341886,17864.054925275137,80085.29002361208,3932.611374111248,26310.607669413526,112444.09936902011,364836.9910763763,186509.78416472237,117579.37126653582,322859.03837094636,328.0555974397224,1477.9041894850739,16775.794554537835,45678.32273367119,3815.9230255412904,25813.54275654667,72178.57812053546,220771.16278625754,48909.97528601004,23516.483537175052,201304.40447385056,71.1983543447971,201.77614106377706,6213.888152880995,40978.36120866182,220.21021206033348,2427.1427147905515,10708.632742480391,87985.78288168082,16077.564767128699,19664.189015083313,91186.17409597067,65.43670035770614,188.6797176823694,5325.335327714055,23174.917125052245,212.39872363584334,2366.6186088733584,10658.616563212301,50829.530007996866,209904.16441520152,159615.91760464676,408989.88827019616,4057.687819079154,5298.993882618461,41290.48325829123,93796.98534210051,14156.739240673043,62941.021891600896,125364.36734336804,322640.45865604223,206031.99728122586,151510.26890361158,364399.19402815524,3919.1536798984143,5156.335840858816,37042.28805494,71472.726482238,12722.515392435655,59571.6299942569,114946.02590044624,282931.57342918304,58648.47351238202,8914.252696065123,22208.6792810665,500.7239434738879,757.455511837443,2907.813401477688,2236.8106149658383,1391.5168616812573,8512.11028420619,8019.238712456344,20927.336325397257,52344.17437296333,8910.652959851028,22198.694791042064,500.4028814432987,756.6693204165385,2895.738086593978,2230.1365577797064,1387.1417491220122,8497.46498908088,8014.443390087882,20919.47428308533,169307.09792201492,3508.2119088156855,39079.74916956289,166.87976876383632,596.668320958548,3274.8456927150514,3864.971199581458,1571.7458696502954,13723.430627298265,3486.1970355341005,38872.30616595705,168715.07047250308,3507.0490837683515,39073.235275614345,166.87617817880363,596.6486138555797,3273.6436574641884,3864.2168024226785,1571.6776767730933,13723.058127573728,3485.0654262108933,38865.96032329255
tomo_no7,171908.06160304145,109334.23444405326,471738.6192887604,8224.033230721296,11160.719019182754,42243.80062406407,127557.85616054774,9852.984897800885,50544.28500739315,89002.23477522549,313357.17062478437,164650.40912314155,102627.33437141973,280791.4809423426,5390.691620495159,8870.819107455884,36696.04767409912,73645.5957967224,7826.226999026951,44538.41537438452,82395.52486806756,214157.00881303134,74122.8477068704,34106.02273398889,247523.51931941902,3359.198348612753,3167.7408052612186,15779.20503649289,71631.82109340612,4171.218743743959,14471.291880864577,22788.438084409594,141967.30998688473,71818.86916168667,27049.732365156786,115988.97093832976,2371.559103076493,2594.334503437678,13707.753777778053,41303.98538823453,3168.3929121981328,12568.967905209314,21879.517830476176,82087.81937825472,149563.61472778578,80814.82971716982,380208.3988069279,273.1220999020496,1196.8751170871933,12791.887440122146,64889.32076152096,3236.338438383994,20829.61865366809,68618.26377482938,257507.40235367513,126659.05605464261,65159.61818878809,195232.55910539135,265.67674860162424,1113.3575260359771,12122.414071052875,36076.80992840046,3126.310494499376,20415.631502032174,47705.11619271402,145365.56682769154,40236.91070725427,12220.633757594202,136873.09055663814,52.475769094375,135.92827645123998,3761.8443349001695,29201.27328688596,124.71831165828979,1462.128774533081,6640.791349890849,68403.7715915822,10702.447805866374,10663.878736817986,59089.52568094446,48.449737077394765,127.62480866350012,3361.838459956575,17034.522022717552,121.34767404768002,1426.4117210966313,6617.316122098376,37245.63891002396,146802.53038415572,100120.35741978756,277731.430940492,1454.675305975835,2632.5840046383705,34132.36713365402,80801.28205483795,6682.794630878627,34027.82686938608,84144.42800835312,224593.76374205534,142884.2347917983,96244.91996228046,240397.76969518233,1404.3484300659766,2571.198469313593,29546.968488005226,59964.65484490039,6227.713268622325,32744.975512429595,79144.91831867034,190999.28559719835,45768.59201272386,7371.438452013231,16597.312426961784,379.6500051404899,558.1905985401457,2320.2431105498094,1662.4617367494673,1117.4946293986789,6313.920231111459,6556.079153239875,15575.17928789622,39549.83886520911,7367.512669771719,16588.45183873004,379.372643516625,557.6334661324785,2309.945012202807,1655.842412039682,1113.371716361869,6301.150761421242,6549.895786028809,15566.025750011293,113908.13167852016,3455.7267005927924,28179.29579642941,115.43856693577025,400.71568198451115,3160.6526023528727,2692.3176257764217,1487.0988879935753,12484.293050466804,3433.1337375562293,28044.289963502088,113307.56852402886,3454.564934076974,28174.523108680056,115.43461534364833,400.7012371350617,3159.4528447959633,2691.7202851625725,1487.0367932598817,12483.953358856485,3432.0033373980264,28039.63729671202
tomo_0to0,2397.446196824085,769.5719802501402,2164.959179486532,9.715883482984937,5.7258999332990435,482.97166825977706,73.90590426888765,28.882593559436977,216.29462045858529,525.290847952845,923.1261485751343,2360.042035931884,744.8037377454552,1634.5788410108282,9.694279193625002,5.717518679381717,477.6666348817105,72.70217153203885,28.824346264255908,216.04970781520657,523.5577563736338,921.3908431762876,256.2458404747805,18.50219854297841,236.6570071415886,0.07377012865939951,0.0792071352092694,3.0105602493719514,4.322192239535881,1.0401667617631378,9.02817036118923,13.321826620020921,32.71964492902899,163.0003062168315,18.044514976754833,147.62432423324668,0.07349668794261979,0.0789924829027496,2.96705120223417,4.2538995663561,1.0280966075155038,8.95577334427001,13.04328538965692,32.31316129053672,2279.9965372796028,565.4471936553425,1576.59776356747,1.53513881950366,1.8440354724327181,261.361426254536,40.07755177857111,10.9049314325435,126.66000495282528,493.5182860038073,853.047668656386,2263.983337358215,543.4343180078445,1196.6896788424592,1.532566605269249,1.8410873441537605,259.5635745730122,39.81327221102369,10.86464437183447,126.42347039579,492.9237426680933,852.509472291667,54.143393418143056,6.848088806009542,134.1129101813067,7.414378310310829e-05,0.0012399059828856992,0.03532502510547757,0.09501181595976374,0.09749634700268159,1.2419025086531734,3.5380215677132383,13.475849317448723,21.46238645877491,6.58161213680481,83.99091802196553,7.414208201710408e-05,0.001239719465987413,0.035288667139011215,0.0948988616140936,0.09744585448768872,1.2407388096006071,3.507729550621036,13.334785807604426,2359.875265734487,758.9098668350739,1768.3723563056517,1.2338172950640907,1.2160378919555073,305.19319838015844,32.75488883245193,11.503711928006473,132.9270839070064,512.0432964494571,899.1214202951345,2351.964631249419,724.0942023644108,1544.1510110031247,1.2337825559717002,1.2159842807265469,304.4802073848256,32.705103578777276,11.499464299211118,132.89586919833206,511.38486758701424,898.4811955791761,236.7667167116394,12.44992460394653,27.053913736234392,8.420784698887097e-06,8.613755875214494e-05,1.2241560488824933e-05,0.0001122791832036578,0.004156650894666842,0.06287608239560101,0.04604207924037072,1.234057699715866,160.35302384919902,12.422632423229626,27.01002187236832,8.420757974105292e-06,8.613636956886025e-05,1.224139140487068e-05,0.00011227742946841688,0.0041565035232970435,0.06287386538066914,0.04604101490891509,1.233783316563122,2251.570323334448,501.9976669205744,859.6475522278288,0.0560466259901958,0.2132960772092637,55.900816225836316,7.490549456732247,8.936629115958905,114.60654326283696,491.38422035915823,850.4968482602591,2249.664826419097,501.43511333180686,859.1493574778702,0.05604639115772984,0.21329266384424117,55.88832444264955,7.489396917586759,8.935163662590169,114.59521677223096,490.84532068882567,850.0141963833547
tomo_0to1,10725.01510042903,3558.9577995026443,17774.532059966696,499.91559604026884,170.20967008834427,1502.75565012963,6219.037709352407,622.7905655080642,2342.923160709875,2859.6015440496426,13142.748736357633,9842.004775898431,3401.075951782705,12150.546641796935,434.3723844451253,152.5257673652474,1482.74558916148,4394.601231882269,548.5273349862509,2197.077238364157,2726.623209016424,9272.125242646069,4117.734960984625,446.2834022719311,4873.664716518517,20.291412648906018,10.812022567829207,323.2442806753917,1694.1958015811213,59.499759142772334,308.3855120194901,374.8354233532816,4024.77141076888,2731.793950914201,446.0114118741967,3033.0805431522663,19.83118908254268,10.651421744805123,320.575944682971,1434.902612720615,59.47299730611679,307.9182208745287,375.6016249717162,2541.3430300438267,8424.340944455413,2561.9982197711265,11091.651432069702,16.468838889538187,27.4053633318673,1326.6731922144095,5315.782554332512,44.149090519498216,581.2790067784076,2507.6800430886005,9679.400450779889,8234.861166707,2309.5353921902333,7496.202215998161,16.42049060452895,27.015710454991165,1317.1735340415423,3437.1396356294968,43.753006149022106,578.6024900568407,2129.9158301370344,6515.091405675542,770.9479180373949,152.10479625230846,2348.2258480677065,0.30012681495785903,0.680601742705526,65.59138312764576,580.449334812605,4.071767381942872,55.25105201717393,144.93018722327187,1949.8752465813134,314.70410081644724,151.11395350583598,1455.4694431853736,0.2979216781305464,0.6764439647081791,63.79511838868609,498.34485234805663,3.8953457509388776,53.896946919585915,131.91098694847435,1204.5166139778,10474.604298504833,3404.618195729494,16111.706467381626,49.99839297375261,35.001556984953936,1304.2245441124232,4732.087766954127,148.89191171931077,1117.3678070581457,2806.2357133777273,11220.789512506874,9604.408830532142,3165.258389735223,11329.793371505128,49.97964760555164,34.98082205605741,1303.5024719646801,4021.8051197801597,148.20413371387468,1114.6911652870974,2640.727525744283,8967.9090078372,3771.148314085012,238.84912502457098,538.5382775504262,0.515411025904647,0.6263148386024396,134.96088026150773,13.606678563332778,9.198353251740485,84.30490584428948,183.2317453813414,454.38157224101803,2063.765409356142,232.0419712109519,530.4922935654367,0.5152673062229381,0.626180006443493,134.633334885196,13.584016805397205,9.196285129729253,84.27743820926636,182.89090004644942,453.50085872489774,8042.56244844972,1257.835459023492,3267.8980922422124,6.195894477489043,9.37625480293137,406.326014265354,123.64540885556607,27.420487364033104,450.97988151579045,1241.0546190706984,3243.975768413801,8029.653187327292,1257.0026576311836,3266.7948723365994,6.195605985504956,9.375586625359158,406.25603011694625,123.61460007592737,27.41884446075523,450.95944220898133,1240.2496588788565,3242.902973561138
tomo_0to2,26328.35759293734,9370.87009261281,47224.70681582699,1826.2925017503896,1157.1799335171843,4510.736329102749,18196.656679595933,2013.1315064331168,6849.92525244581,7706.657680124061,36529.81074142821,24264.150609111683,9175.384670641806,30716.550531251803,1282.8835466525618,969.9285127721287,4390.364106164531,11982.872760364224,1577.3702879257555,6040.106316827394,7473.621816059986,23942.77716537844,9916.072870171407,1783.7504964371706,17766.884829666917,509.3935632727503,196.47308505339618,1297.8748688321605,6380.810265501587,693.8419060533267,1731.7463811065643,1441.332839901606,13808.2179355365,7401.867760238839,1766.5726404204183,10057.23849154253,402.7908251442703,167.20151215054486,1275.9308552975972,4987.977579970804,546.9033956440942,1536.420806459417,1441.6484446201084,7933.1486831337925,21059.370312795414,6322.73120941533,31404.18092726051,43.178376144124925,138.07788121367201,3024.82364554196,13777.55242336651,358.9351530051993,2677.036630882493,6124.756412965495,26216.880183996866,20110.47095670866,5592.97669973778,19205.183454748552,42.87447297217805,134.77707544331096,3010.945785828679,7892.401526656664,356.9532449938354,2669.3809746680713,4942.177117795406,15811.857619577764,2794.256419904402,540.02843656004,8335.370760443882,1.680690045544773,3.9730853040980265,252.30430265564308,2142.5563797933905,8.745939243703171,128.6575580450954,492.187954797874,6486.852286367456,943.2221818205119,537.3259860572551,4664.58131389742,1.6343245965550808,3.900272797599776,250.5630074295346,1743.098605188105,8.166898748300024,123.89496469150899,460.9283045089728,3557.533376083569,25101.96596145104,8922.246437934926,40542.675466018816,350.15837381677005,365.83059470986166,3773.183549025325,14381.18374645589,810.6266204418218,4205.97485892451,7498.594585211848,31253.477762635823,23265.980974429134,8572.019959930985,28175.257853773004,345.754312927595,363.35937361904666,3740.1652203400254,10822.026062042418,795.7336809225876,4166.9243761349735,7017.225097239267,22256.483828565782,8430.845949268183,882.417617924254,1761.0267168791866,17.61691060164999,13.882613794505524,414.3942493582091,105.94582196739186,148.59420150481782,683.0047598195317,689.7385315122083,1520.2862213278145,5140.790971776007,873.3635197617655,1751.3001817091952,17.611576901656974,13.880158794061442,413.2509511959037,105.2780648684469,147.8283508938285,680.7368066921376,689.4575190024229,1519.1389392188926,19294.372996417558,2479.6890138326917,7339.951245845717,11.404815213937994,29.048746021114116,974.4156893908489,507.6234053093573,278.65305491876893,2315.288367570917,2452.739411106236,7295.397627134342,19203.993711906733,2478.5325283938196,7338.211549514741,11.403893074997145,29.046511531700272,974.2509471986409,507.45135024436604,278.6424045089926,2315.2005708040106,2451.6161984032437,7293.699276951834
tomo_0to4,72499.58980897152,35151.41004320794,168779.2088902047,4515.717535035348,4459.633773940727,15494.44257967655,56652.808261408085,4859.582971930689,20121.97142166165,29140.138096035167,123523.31977512772,67985.71039417709,34352.64453659094,105116.44830936339,2904.52926316801,3497.6537691975304,14038.336536322895,33984.27386423522,3565.7705622922103,17006.328719802004,28439.159689439373,81419.3027082187,31222.826069646766,9994.24564289469,84330.34757244747,1881.582171468359,1310.4243003900908,5684.510677747269,30595.77915474902,2178.3733756758415,6053.387639985008,7392.028837396776,56844.10777853428,28094.062712732262,8859.074889231744,42268.38729483484,1291.8284095837448,1062.2028172229313,5367.242696889719,18989.524055446163,1589.6122690376662,5155.770755341953,7204.780292579363,31554.65428320467,59929.377081397965,22560.323474075292,122375.91653489748,120.21905791727751,483.2555503170757,5639.451166772952,31974.62768282949,1215.056467044241,8084.288407607869,21048.554628667185,93709.22569382047,53264.80735408686,19011.21130249209,65104.42887697207,119.30874254284565,465.86845961991236,5576.016224581638,17707.629000266526,1194.645227015047,8003.250853629907,15733.032797070879,52040.29781526632,13656.118270496043,3082.3057711259735,42229.16911379613,17.396074210390687,42.427159098241184,1156.9656745788297,10667.72540690835,37.48160342995274,497.4461980203956,2279.7488747401285,27219.67888903141,3714.208115971304,2988.198818089029,20231.216852722668,16.47590546102616,40.77470721798449,1118.3022615843265,7194.810568906816,36.30567959979504,486.3201422034232,2230.3292092981105,14449.67350175655,65145.67157816665,33660.22417333381,119322.19318570767,921.1929050324746,1329.5500992880172,12633.333556898993,40268.78538422089,2515.2600524874238,13058.885516160224,28536.041067066668,96423.7916264404,62190.6010609763,32591.55973346649,94189.05475193447,870.7366105560869,1286.2546571153002,10899.205581662192,28414.143628186306,2353.896179835698,12626.187301916636,27143.786741687574,73881.18247948235,22781.580094486868,3466.141907407428,6800.136860539103,130.8942958191646,190.86821421237286,1231.3670011061204,682.3154774329572,535.8864575956884,2572.718910138157,2906.6374872236047,6185.317825937593,17655.552737258688,3460.3597623714413,6792.660435127135,130.79832397073923,190.7310018453353,1226.6907732101588,678.9479183138943,533.3087310628381,2565.516962378353,2905.1793355178133,6182.453654993578,48939.62646133244,3169.1517459145252,15369.633518718214,44.51811501153862,148.92780396532865,2752.360385995043,1446.1718188566301,820.5180471708211,6161.06808471185,3144.6425788424554,15293.099975815,48657.04452213187,3167.9927399654794,15366.79666601299,44.5150621482804,148.92030878385665,2751.4736463685017,1445.7746929325242,820.4903833654154,6160.881631628777,3143.515435660923,15290.332945925438
tomo_0to5,111199.50046318803,61735.193845580055,284560.93053059076,6110.513046310848,6975.913237041126,25411.602104742873,85580.53175614383,6747.641053635502,31245.914993620103,51282.14067494941,199429.6396347018,105265.54498767541,59362.008577920045,172239.50299714386,3911.4809902580546,5433.574962504717,22231.05055351629,49961.24846473754,5012.62277365422,26565.630116656022,49038.087518452085,133243.14935064255,48673.36114371646,18870.537811917,148434.75857099396,2617.7425545707097,2141.6714386645926,9577.18136912772,48134.96758416841,3116.723104870238,9454.582441654686,13153.8687946476,92099.20551661293,45747.326924324676,15595.961368351704,70942.09858527327,1810.8458945696032,1741.5383605993386,8720.01086575101,28589.57847458794,2304.578732652926,8098.89893998583,12659.079673745253,51660.19638833537,94295.2866590079,41917.36219756919,217129.53358921548,183.8561443152771,770.368889806115,7806.439971975696,44159.01760383267,1644.1595664665883,11049.076208837665,37730.12071543554,157083.06409128726,81197.40918684659,34670.432102219376,111990.80314284742,180.46282070057532,732.647003571441,7576.756797759401,24462.068578948634,1607.4732086517029,10882.938671353786,27343.678945336014,87020.29880870483,24270.619636088893,6121.882094322503,77433.75615559284,32.27455124167917,80.56152707532074,2093.925863499622,18314.855606947767,68.62717771893578,857.9189997241347,3935.3924411307776,44393.439355979855,6355.0132852686465,5685.27677155271,34962.86294376182,30.16744852900836,76.49303291391388,1956.75628499748,11331.122802087477,67.02974571450508,840.2962167323901,3901.5278903153726,23726.996809713448,97112.92165689974,58636.188629339216,182495.38193101634,1153.3243844576461,1894.60541788243,20663.90756801511,57225.74988155516,3554.1388101186894,19249.913266149542,49921.89964573983,147953.78908942448,93648.69819108721,56609.75594512659,151604.32549224538,1099.7679796291447,1840.9887448345585,17222.20426453072,40870.27925787997,3331.210091088523,18594.912820035515,47383.5772473267,119983.13969894765,32672.299986627175,5236.889577566362,10754.797491167934,237.6185855049306,347.0703088953813,1701.07199205141,1095.4144587030341,795.839223032184,4064.5725398234285,4529.011664201745,9951.890110792345,26939.098672207725,5232.20693559493,10747.02804890247,237.44416380248379,346.7663767519365,1693.9385367629786,1090.4355201192288,792.4599723846288,4054.852665227023,4525.608649384279,9946.691092947352,73603.70278421398,3335.3628963819892,20699.254450719367,70.18477276492463,254.66035582087505,3074.1233479035577,1994.0175683026412,1001.3706715530072,7481.7335219615825,3311.8689186110755,20596.849500489046,73168.86002873509,3334.2023498704734,20695.619644390004,70.18097146028505,254.6491413170968,3072.981418848963,1993.5122481289375,1001.3358936948371,7481.5178587419505,3310.7399585939206,20593.305520867743
tomo_7to7,117514.65333935813,108617.86407000989,309103.9836086807,97.29754831672308,356.27576678750273,6626.180769210567,14386.703578062925,1691.8001499781371,13100.184269464795,36769.489841192975,122323.38254327819,106468.65402763686,79639.05228275721,217745.312004117,97.2179893713772,353.5125779335042,6509.702681177147,13642.447580985667,1677.7651137278092,13013.90654451784,33462.82612362,115177.73525735943,22286.46730266929,3369.9873533237505,43983.66962963983,2.2529265172495165,9.674643264934907,23.959972322064225,306.6045802197661,36.2757219656798,641.968842980412,2134.543711115286,13343.646908063576,11504.958433134427,3267.4178052259513,30735.99715415073,2.252245383639309,9.669721886365744,23.8874647443928,302.3914155907043,36.25400373717869,641.2027407821404,2115.4593040052196,12790.54414470337,117071.29472036002,108083.04994564877,308106.5879798164,90.77385032750365,256.11706262955266,6414.813402356644,5817.96214339086,783.5362634599512,7704.818814327699,20717.9795015065,86929.28247949734,106004.66203592294,78689.78053000345,216136.59636460553,90.72042562024019,255.19222797863088,6293.94034749883,5708.904467103683,780.5142209791372,7688.033333303753,19524.804647638954,83980.54721725424,21593.506415422555,2565.7773060299255,38293.89413407712,0.28967395504147153,1.060124088742887,12.639780724431455,184.90321292681264,7.048914675937753,266.9738908473962,1676.1476149052069,10040.72971911538,10570.442505562434,2489.5967248478537,26727.36668645022,0.2893849561221228,1.0595700174075964,12.628722851238132,183.57049373690023,7.0448085248107555,266.62972200715944,1658.5121241105642,9687.894392991853,96191.58067173239,2601.384574667684,28367.849072556364,29.64181981490192,61.35973013439952,39.9872312174989,178.3775179039558,37.02928559710701,1546.477926540962,42.03734403962254,3587.7260204401555,96035.631663839,2601.262759584966,28367.171383755212,29.641818912985244,61.35972632720094,39.987227205256275,178.37750650048045,37.02928344616146,1546.4775822946433,42.037340858448225,3587.7235332925848,1188.0860442725507,14.420732396420672,183.74289184270964,0.001233234807472402,0.030255584268299513,0.0012372991279888039,0.032233927978953074,3.4212584752197914,62.58742097814741,3.435714186668304,66.83617921678567,1188.0583854944055,14.42072995101163,183.74286049916884,0.0012331158633583392,0.03025405244212464,0.00123723517240592,0.03223309477867272,3.421256909104942,62.58729779246346,3.4357140102491885,66.83617734715588,95703.85963757786,13.631015641912057,2045.3271102715642,12.940447508667663,34.32439742443836,13.20765551191377,101.52119506931649,13.522751101139741,929.7625020398112,13.630873485098656,2040.2316784370335,95546.67150530888,13.631013362082339,2045.3255914838646,12.940444325895387,34.32439077371989,13.207652992726029,101.5211841390209,13.522748630838576,929.7622366963072,13.630871205106825,2040.2301708750626
tomo_6to7,177545.9106671955,155177.50031214172,495153.6598152751,1261.825518419704,2056.1320683429085,16402.211164739263,58380.42477009807,3399.24206350123,26273.12922386229,100185.17178564322,285697.40819289593,152178.5166889709,104494.17443958532,289824.83030600566,1238.8916808081412,2021.636053291791,16197.197727523637,43469.98246910958,3328.0928284531096,25883.710562884073,72751.70521956643,216804.8513616915,45487.579164971314,15448.713377094862,134697.88760596342,21.566338660804576,132.52989283032238,2370.584569434729,20134.58382759943,669.9781050877081,5527.554143572453,13052.639854924595,74777.78496088197,20785.021297266412,14698.796807962814,76216.00801161224,21.457948615583614,131.17558023231535,2362.377629530858,15548.489007189497,664.7806810557427,5467.242837953598,12131.604563844054,55674.59425236714,174003.967299081,150118.75648740443,482412.0326880913,152.30204234553395,583.9305048381046,11292.436911755778,41989.49484762715,2315.735959274497,18389.474611383837,87287.22323260468,255574.762590219,148286.180283036,96123.07646105044,272539.86493075395,152.0843080748473,575.6612057315876,10908.259583636225,31937.71450896519,2272.696261715795,18167.71413283934,62974.366181153084,196754.61739229172,37985.12417724267,7176.519657805566,90480.26007422898,4.746593472157952,18.285153358771492,704.5561191576909,8445.9115263012,69.05330497582518,978.6433103240086,3565.0465879128888,34641.31290501408,12268.780913456403,7116.580657072276,50794.34339986011,4.737238392424697,18.245176894467047,700.9078172158289,7057.362804242255,67.88001627709197,963.0197732619488,3381.9345551052506,26432.538661035,141180.56823999126,24590.917282899558,105037.42941767344,133.81132788503615,256.4751628482028,3324.831960483351,5744.0383282476205,541.5475417507533,8351.498494045527,13521.789115037753,76275.04701707278,140830.47814419647,24556.21289303714,104958.64324023383,133.81119367853702,256.47501663421065,3324.25689361781,5741.455251261258,541.5472556616002,8351.49079904205,13508.18270667108,76235.66565791062,9695.785205534266,368.77427493856663,3337.1174370523345,0.4482962150852135,3.9093071308399168,113.18863819798277,156.94934396969444,158.84451783740698,1833.798738587755,344.9145189585241,3132.757901115498,9690.800507690145,368.77339898378636,3337.1020514273187,0.4482962065537005,3.909307016272623,113.1886083102659,156.94913953779056,158.84431802753022,1833.7945511405921,344.9136982456458,3132.7450228776183,137114.68257157513,48.18905798123202,4439.963618517273,46.099734392957316,85.02677229086655,46.985401410952925,275.4121532123203,48.11272645141454,2355.921035064278,48.18863437046413,4429.845367932529,136765.05861229863,48.18892415435439,4439.954265881041,46.09963963240777,85.02663962531655,46.98529226816045,275.4117206655904,48.11259785977434,2355.9171073965745,48.18850057329726,4429.836052822982
tomo_5to7,217014.62571630365,179484.52434449384,615043.123365927,3513.218212948416,4747.057108058812,25273.430931792038,84409.37202734702,5453.739037844808,41809.578506008984,124278.85129097036,364353.23821519443,182384.71625300718,124421.06636017955,339749.45916186046,3382.1892665995274,4616.938985968156,25063.413953190877,56062.64162299856,5314.716376565821,41063.638594153585,85310.49772811808,252879.26450178554,64434.95112036995,22323.53746244831,191607.9377744283,106.7409683422189,393.556374050559,5511.3777327295375,36896.13924203104,1036.1296240667082,8007.650739329112,18506.645181982316,108803.41264194639,30871.66228312234,21626.23969903158,98894.42816470559,105.85199662152019,387.2121327558402,5467.0224999294205,24837.99131870071,1022.6329015959225,7901.838766149797,16839.795427693945,72146.63289840949,209353.91806416953,168971.29300160526,587868.698370527,199.13100125880885,846.3455262106345,12845.22823138155,58604.499150564414,3051.8529570019377,23212.284706222774,116155.50262343696,344886.88676311815,173695.6358903319,104901.08334802311,300661.9628808581,198.47181916261218,827.8838997064576,12518.859662151242,38958.128828989524,2995.1509537915254,22901.144174407335,73938.01320974827,230446.8098232178,49212.890102078716,12274.950508227295,138975.17222793627,19.23025240962302,56.90311563329619,2001.713681233125,18625.678075993757,137.62196779020567,1649.9197545507238,6286.3378343046,58684.04360848941,13372.949989882376,12221.477599862697,68977.08457124881,18.919905859710813,56.23959849236338,1974.0102543574214,13716.033416273507,134.97624386225144,1613.6678056432413,5979.187671505291,38952.45087076268,171730.59193327982,56155.57198050779,177274.88204758934,457.0829336867713,645.9545207524103,9080.753156348332,13886.822433379197,1433.032009674335,16177.421954192463,33057.557136331394,130578.05851705378,171217.5250959815,55905.59118958133,176816.78000639504,457.06885934919853,645.9442002501837,9078.732992368488,13871.344670924133,1433.029293253141,16177.343244003798,32981.85811956536,130417.85704597711,19550.866530146304,1442.8912387445325,8153.565091097413,14.156375138090235,34.40794539720044,364.12921361718446,453.86555569790454,311.0606277295386,3520.0614211293414,1343.7343392799492,7782.120909433578,19516.798041241203,1442.8819190986112,8153.499885104531,14.156082564644269,34.40756824708561,364.12814026741165,453.862977250663,311.05975129486563,3520.0450388253657,1343.7278025941675,7782.0703844920745,162211.16757563208,150.4066389163096,8343.098634309248,102.50270665960419,165.83901350246794,134.40012584540324,601.3313066624204,147.85635429908817,4265.920235528025,150.3957736853148,8324.353828866972,161693.06647187704,150.4052252972893,8343.052608882002,102.50230165409363,165.8382548038008,134.3991223531571,601.3285247682477,147.85501100144958,4265.898543218784,150.39436031615526,8324.3079365707
tomo_3to7,264782.8221716987,206770.25660489817,759532.8514849367,6863.515715459481,9990.413057840306,48577.07033538172,136629.19196464476,11699.960590987355,73221.87543992382,153563.26203597945,469614.35511422827,225549.769649883,170548.6540225381,438574.18486418884,6310.9052439785155,9318.117177026259,46453.48267186831,79625.53729271378,11025.027060617975,70638.84649428057,114548.39166524108,314524.54725484457,92328.636120385,37311.155342539176,291684.5676848296,485.29642525302216,1190.4758597641094,15524.35854217181,73162.42264912382,2200.3168806177805,13566.67483101264,28514.147789422565,166139.22269524858,54516.368532911525,36531.38089708304,145009.87091196905,475.7319483250467,1140.0150006520125,14748.206122695365,41956.9777529461,2129.792295911113,13308.573626599557,27369.227876224144,99701.66221791784,248197.24892281904,183543.54243661533,696721.8834696898,272.5157200246098,1322.2853989644213,17493.35908271767,80174.57796051104,4020.1476578782617,28989.717527783414,134651.48569287825,425882.077343162,204688.2801355082,124888.4042849022,350147.50889205356,268.94584999046896,1259.2677969332583,17119.83889697653,46477.72304547159,3937.716770621006,28631.78349836639,78699.71623373014,249585.462516914,61361.58355769576,20472.300648516477,207583.37330127097,46.420485815640596,126.50399592730383,4731.293544684936,34946.9389396538,211.4739592830016,2342.3910772391964,9626.307575424644,88113.01710973082,16349.389984908223,19074.90431463301,91602.07107928861,43.900265291278934,122.12258278318315,4409.909931457487,21283.29924285281,205.36956033016088,2273.4565629688555,9440.401932628676,50874.94943028798,214937.78650153405,131218.29640400092,317979.63617305004,1329.6234400676417,1635.1412302222952,28076.628283405593,39278.31678568725,3434.3199221659856,31966.64962266255,83260.1181145335,231697.78454409106,214251.74125932629,128859.97309253352,313827.9059521075,1328.8423439671742,1634.5344072675225,28054.086619334645,38952.08557295567,3433.3578656273426,31958.55347822823,82395.86633066302,230222.47651842842,40901.0760574231,5884.782266756324,19413.55180768057,120.04649563729912,168.72452111958174,864.7769511095925,1180.550012957739,691.355155470343,6350.349549931044,5380.818607505289,18420.961994751902,40445.81889109523,5884.417912438683,19412.829317885436,120.04290959607745,168.72186998129584,864.7659305909892,1180.5345235260834,691.3515619609772,6350.285784342103,5380.730911509851,18420.706327755437,190608.24606859838,988.7037376899419,22474.133655288242,180.26652577117287,444.6201152161091,837.7168674137539,1871.4522360325223,853.2639887887728,11379.70694930058,988.2530716355178,22421.897442381385,189918.9095131965,988.6325649708157,22473.306477535163,180.26554862810022,444.6096480976577,837.6570201720758,1871.3832576628085,853.2248357598552,11379.412569025397,988.1820600162528,22421.073688114364
tomo_2to7,281501.56798789004,217543.41722590415,807569.5090643981,8386.855318373286,13061.07092538724,60331.88210978769,159639.8176532344,15618.854117138035,88941.24491640112,163767.5772353226,505040.85162523336,245893.84231424244,190558.0304614656,484427.907771969,7383.622857415669,11760.690584484833,55285.29819591731,90968.79656565617,14272.828195550055,84494.44326685037,132002.79856811342,348254.17991910456,103260.36374145048,46679.733877663566,340118.24746821926,885.5264959285255,1851.4319547552823,21109.503668925234,89197.79343707942,3045.585367497334,16774.92046466513,34027.07425026423,191295.58410706767,69036.81011320591,43397.93441451281,168117.13343784236,854.5532597107729,1713.3632286820512,19247.077180848424,49721.80238287037,2882.339112273692,16298.005688538802,33393.0755494802,114270.86738482748,259371.07895507425,187650.45919571642,723564.0460386417,309.6692353545989,1565.5893552055527,20500.6674815979,90210.17895204797,4618.7691917192815,32014.855901664312,138806.0777881694,446768.4965679879,216685.87866617847,135547.82664498826,374097.3390541158,301.57521019550876,1456.411614917632,19826.28989935136,51037.85293381976,4489.417996441745,31481.988797142047,82641.19656277348,258850.44366351617,63904.79486557124,24257.04783799791,232682.6684758107,57.24462786198309,159.77733226153967,6051.784353319898,41423.10225013295,233.21054999383642,2535.0395964448644,10943.99806018387,98057.75333578221,17865.848353123238,21013.62144504489,99566.60013605472,53.1901630159644,152.2902035697553,5407.349150768961,23923.111218639257,225.13850613066793,2454.903416558683,10864.888327797638,55186.11887768203,234280.5871140541,165619.410675779,388386.30384126503,2011.5098695308577,2550.5776361352596,37322.80688750041,57284.27674562369,5150.53378644256,40990.62222869681,111101.75137032059,283067.7130146503,233174.85253034442,160321.9334441565,377344.5021864773,2002.3150650168925,2544.095902466331,37270.719741857414,56040.315635121624,5130.868888297741,40903.325006462415,108757.64847270884,278796.20465241646,53336.745418388564,8239.910052369203,23929.78799799204,217.81501430121062,323.8179105090856,1501.4548967936323,1715.7118559700007,909.4811395690251,7620.924124772552,7474.217785823238,22621.981541616973,51761.58323819055,8238.457647732605,23927.503313239627,217.81004607451817,323.8119220343508,1501.4056228160753,1715.6727857720348,909.4745488120558,7620.824433281849,7474.019785914408,22621.508281580398,200204.73827357823,2278.8941660471514,34486.5169466511,190.96192191978548,589.2201541987565,2034.012579542054,3100.699019832125,1440.5235785431976,15314.044521507138,2271.0377507910507,34356.03889059367,199466.68138293992,2278.4782401352777,34483.34192024537,190.96121573445654,589.2041843139453,2033.624064649502,3100.3994227006046,1440.4459858550806,15313.57404787426,2270.6272609284365,34352.90617494388
coord_no0,287262.6081148773,229146.70555511836,806195.9776703939,12381.384888691682,18147.58866037892,67786.67412244044,181994.85387569986,19317.402615071347,105417.7449149328,172468.9367548007,521834.73127371055,283322.27056922286,201977.28258040233,508896.1911481517,8875.39383595071,15409.750014876925,60276.842026719634,107958.62552566019,17274.58499852459,98721.88533290592,147444.2711350983,375619.41204119025,106152.17762604824,63912.06445962484,383655.0418245767,4046.0538410242084,4572.134010629713,27536.23137994469,106915.41445300118,5702.747196984495,24385.64964632004,43023.13588494921,216700.09372914632,109124.8367120332,52074.44817064051,196249.28092257626,2848.5136445740586,3728.9332695325897,22964.604404063262,61086.63390087071,4627.677513020937,21952.951755816808,41747.12537338758,134641.68880446826,256505.81359014063,186444.00678665997,680292.9254492642,377.3642611708679,1650.77217033266,22386.13367540762,95677.37636617066,4733.288650643812,32756.18208563425,140837.38791366652,448446.49627146166,227102.5724091543,136849.9416556495,375204.374768268,370.28237740626577,1537.6170026738428,20905.029611420083,54855.99212189156,4637.362433660719,32359.73728996788,87425.80280512339,265043.64283874625,55055.12696486368,24245.33135621596,215188.2513453109,60.9838305622421,181.99133295954195,6531.239223677692,44020.58204184787,218.01906136326784,2424.1219466281386,11001.01707883429,97091.57793380406,17495.523697259996,19496.712264634345,94150.78366565448,56.407327125054124,170.78828324202735,5414.230448056971,24528.766092143185,212.7241131247289,2377.5216813461584,10835.958400131252,54259.29374442284,254682.52360017036,188506.10265910163,477233.16323961876,5226.820539904102,6209.771527856804,50816.34029221895,108198.1027252718,16572.56576434896,76641.55688696167,148959.98619020442,380821.81585947017,250422.67154314087,178552.02926019716,429290.50665407366,5002.8680706181,6017.529916646043,46613.86325311722,84433.13230371126,14746.36200562862,72225.77128023248,136703.40975841583,337772.71805648075,67770.42125685692,10198.136182423475,27555.54744218784,623.1218993619956,908.7183113298901,3369.878683776085,2682.195941875085,1691.2256564514182,10944.596504897514,9289.22334509677,26101.953448035118,61201.33847195409,10194.805455089696,27544.718587805615,622.6451729415759,907.6637082975008,3355.830295552549,2673.699283431177,1686.2874550039792,10927.325426777004,9280.319704849704,26086.629597535935,206821.19329913604,3546.1897641123987,43295.19853259348,212.89005717546576,683.9839905014012,3318.631375617347,4129.591991597214,1723.5823130949625,17053.77911215748,3524.2923735700574,43073.23648110783,206080.07285862454,3545.026780344036,43288.05908127642,212.88627752556917,683.962641538337,3317.4324048504936,4128.796335305664,1723.5043503762024,17053.32530158853,3523.1605826537893,43066.280497197055
coord_no1,289369.0431384204,227829.48037217272,813501.0549721676,12669.248414748718,19335.572845686216,67867.72382306514,183062.70933601726,19513.25237236352,106020.0305263067,171582.08469322886,522837.6263157715,284365.5354594901,201103.90458641283,511078.06650889263,9165.875074889002,16295.29779966789,60433.792828505,107921.51217515925,17257.066588824262,98701.40366607081,146966.14684064552,377421.6839027045,108203.59750313617,64112.14162717941,390013.3201825275,4180.088468140141,4798.941485523283,27707.898655290093,108340.35297456806,5845.872750585245,24773.55483660132,43611.430302005356,219448.89081244756,109954.04040841798,53095.02127492887,200227.78072619735,3053.087973285111,3972.049587700336,23209.282990162767,61350.11953987714,4666.766683548279,22115.063515755613,42507.24846449242,137541.21240211077,258304.59479898805,185158.2895781068,687394.7660574404,401.58791266656954,1848.3554447665335,22247.19600811348,96375.63874131453,4950.265784737349,33615.94172010905,139879.63756684362,448535.9439510767,227770.04031592907,136149.07768607518,377242.834396248,391.0690673634129,1710.0171742602818,20862.96248628756,54776.34154336803,4781.2296695859595,32938.02717291707,87223.96579055353,266906.0953851204,56841.0988220237,24808.4635040652,221596.83049267062,78.86565308115713,220.864564655276,6767.9509571133,45200.364019910914,245.8509601274347,2625.014883499644,11721.920442419545,100783.48098130993,17833.534678496108,20835.175375105824,99085.30093974489,72.1895190584407,206.22544437181506,5713.227480677547,25186.49159140953,236.6499416945025,2552.979771615288,11653.303909927687,57525.03790402548,254682.52360017036,188506.10265910163,477233.16323961876,5226.820539904102,6209.771527856804,50816.34029221895,108198.1027252718,16572.56576434896,76641.55688696167,148959.98619020442,380821.81585947017,250422.67154314087,178552.02926019716,429290.50665407366,5002.8680706181,6017.529916646043,46613.86325311722,84433.13230371126,14746.36200562862,72225.77128023248,136703.40975841583,337772.71805648075,67770.42125685692,10198.136182423475,27555.54744218784,623.1218993619956,908.7183113298901,3369.878683776085,2682.195941875085,1691.2256564514182,10944.596504897514,9289.22334509677,26101.953448035118,61201.33847195409,10194.805455089696,27544.718587805615,622.6451729415759,907.6637082975008,3355.830295552549,2673.699283431177,1686.2874550039792,10927.325426777004,9280.319704849704,26086.629597535935,206821.19329913604,3546.1897641123987,43295.19853259348,212.89005717546576,683.9839905014012,3318.631375617347,4129.591991597214,1723.5823130949625,17053.77911215748,3524.2923735700574,43073.23648110783,206080.07285862454,3545.026780344036,43288.05908127642,212.88627752556917,683.962641538337,3317.4324048504936,4128.796335305664,1723.5043503762024,17053.32530158853,3523.1605826537893,43066.280497197055
coord_no2,220980.24855637943,185907.48113853665,721630.7725340856,9700.797539819214,16735.15418203061,50025.54864002846,155062.0402474175,16165.451816618315,88374.19579687552,143022.9437642552,461592.7375675675,211571.52230334442,160921.87762801468,424689.28931741905,7236.278296280893,14263.585535748249,44998.15290518485,92056.50341257697,14686.418236763611,82924.40037033547,119708.27189977653,317509.26611293305,99891.0058859218,54988.8045381254,361939.26476036385,3639.47726503037,4398.144733577596,22844.616137624038,97473.74704170389,5135.647589996371,22328.629358555907,39395.49398622266,207828.27599087718,95350.53632098307,47714.02546219663,182723.84078654618,2663.344538687979,3650.472555801961,18599.32309343299,54488.863200405256,4120.8146410921345,19977.366059912198,38633.02830321246,128382.46960459188,196438.26205035415,161051.20387429296,637113.0812948999,366.2378838953818,1763.4886882551064,21186.37287980655,93007.26854803311,4756.169339978665,31111.79253483028,124310.22830657,407909.6832701379,163282.38941282048,125169.78252620803,342373.64794931916,358.26000086529376,1611.8285343562384,19897.113569187943,53173.89900620002,4551.340177982667,30325.288676781307,81917.34302244245,242069.51136616888,59068.29588236669,25015.87425774694,227398.8505371773,79.82476912905105,225.83876819688112,6891.420971125486,45524.16620439348,248.78205128222191,2664.1656463784493,11815.54524224191,101999.82659952319,18081.273519240065,21133.38096452763,101035.21311716548,73.24745688822985,210.68228698940467,5862.430878655088,25515.903469168778,238.55025365310118,2583.848754920429,11759.991582708075,58514.14182811139,177896.62943572734,137085.416400483,365731.77922608075,4512.792233157716,5317.408922233136,29956.69440012358,81344.24400567108,11976.268326101424,57411.27328378325,114498.90971300319,304547.28908630455,174324.29095988665,127316.20293978983,320509.451735881,4310.9188007119055,5155.78429069713,28704.768897905647,63507.154366466835,10769.465900940773,54414.11583020534,102495.43279191361,262877.30096311937,52121.945561990084,6472.130268869709,20535.107217918714,509.38294363725646,809.2889825214165,2816.158525120079,2389.271665691412,1420.9278304606573,9223.427428956124,5935.521955907681,19550.20026774828,46242.77308864472,6467.661190208447,20524.716509579303,508.9625036961441,808.307548436552,2803.537664607463,2381.605010291261,1416.5708263299111,9208.279749115038,5929.050554357705,19537.318177915633,141520.5323637621,1720.423655470139,26991.470157007592,191.12600673741798,457.43416999870635,1677.6581280527469,2756.017248545311,783.8854059684071,10473.509454906434,1706.076290439336,26832.614602263468,141212.8222389053,1719.6308730638598,26985.233919270766,191.12279549870297,457.4246653824719,1676.8515296056275,2755.3157541127916,783.8669286426511,10473.375411530844,1705.3101571196626,26826.572839039676
coord_no3,290961.0843156278,227119.19904640314,832786.3302827104,11769.136631301837,18389.449503640608,66396.78538575323,178666.44817894715,18111.51266449419,101269.74913200719,169979.19551942672,524405.5404171399,276765.27185673406,200162.2803761003,512615.3616640595,8676.002276380194,15488.772221490975,58899.056241729624,106245.23615956548,16304.527256971674,94786.6741576431,144907.05973264313,374963.2106625566,111000.43428340406,62541.5442870962,397436.62331018486,3926.186617778472,4619.413485275941,27129.363806316047,106161.51378141258,5473.950468006621,23810.695801407863,42797.8693012642,219706.68451805957,101660.57101275778,52238.97060005971,200633.58810092803,2958.385533298894,3888.9553453520375,22614.814234528927,60407.35865152796,4472.6125169365005,21485.936010906342,41728.42584512506,137293.4558108403,258631.9948480019,185056.00173124595,709374.5841527618,374.290176513506,1807.2843015094845,21575.07447744023,93953.19561310975,4871.843614920374,33115.05679310795,138833.2880900302,449993.3067220729,223568.12441946566,136774.62144545594,379980.9439196425,366.04386266380595,1653.269759324256,20245.74099898185,53780.03556620975,4673.859367132202,32314.902940823416,87108.85435902873,267114.5513913846,61386.43854085039,25457.95397010309,234366.40155531373,79.62515193999029,226.87624754622718,7028.873975462878,45902.50883601372,249.16976400134874,2672.3273414742234,11843.651326141586,102999.48838059582,18334.398225859666,21318.07943877367,102469.08226311146,73.0911335720127,211.44819636177314,6005.6674588581245,25840.79167680004,239.10564043413055,2592.3096183989865,11786.819591320815,58955.26147658482,248515.88691836307,181203.93466138482,457689.7960497687,4921.545721565194,5808.542826754406,48898.29450198973,104074.54084876289,14957.307212443371,71492.07962986476,143124.62221777087,366518.62337104516,244715.98728520208,172133.72908247702,413270.0531976107,4739.0222287384395,5647.1286617966425,44776.53724898924,80546.15712472149,13539.76168049151,67979.42385582755,131896.71326098967,327028.3180057626,63603.349567272235,9629.685844649113,26530.171697199203,536.3575829840787,835.8706607280913,3232.2403758647715,2620.3142472307577,1639.6741239065093,10674.252663342088,8769.236318552617,25108.596131637765,57758.1742806139,9626.758541436271,26521.4233000526,536.1694378347233,835.0467934649947,3215.7073920580297,2611.2226587105424,1635.1526353666952,10658.338135083783,8763.179887367827,25096.89910340752,202583.6731488674,2173.050767386736,33654.29250128316,204.53758923148646,585.2579366683967,2009.123640601343,3189.761567697607,1264.4877948723536,14170.661452065044,2159.7584372491287,33482.34560869572,201882.44854192637,2172.298914949483,33648.44012054912,204.53394655861786,585.2401082322651,2008.32673169434,3189.090056787178,1264.4332172186598,14170.318748593992,2159.0317302633584,33476.68252186891
coord_no4,292235.9065829039,227754.0332110869,840625.7152600989,11893.592793208447,18598.89691968675,68089.96880303662,180793.54079040536,18918.371770508624,102977.8813905504,170168.25672515162,524970.67217728,276654.7746873647,201504.5140673187,515711.550844761,8905.303540128525,15902.759219669073,59961.61987403221,106953.67174567496,16813.161255530405,96112.14049621612,146291.85154914757,376746.46126878983,112134.81484777525,63603.81222100271,405537.51914171776,3760.893763102582,4577.14395774224,27623.467549790017,106973.01332385612,5432.828669694015,23775.71531429027,43050.5395315136,221395.26595120112,101789.39768020048,52589.21000318428,202639.0066893238,2899.429001940608,3874.4664710430175,22975.836149595194,60828.19981143418,4466.1180280791,21526.05196801097,41964.333008907364,137946.1828108017,261242.2804883553,185406.3456213159,718033.5836504744,397.91220451028676,1892.949041794442,22539.71135053673,96162.25170332562,5086.423776806963,34362.09085933774,138874.90525680414,451378.7337759258,224262.48093152768,138361.4757117374,382997.50528311206,386.28179866099396,1733.0367392104065,21172.20192703478,54995.34261953314,4900.182973926172,33611.40602089276,87562.53498719154,267386.0654861778,63013.30676787975,26018.685305110157,240349.77738327038,80.33000186225024,229.0157582877413,7120.123202708418,46245.44398237446,251.24377707204073,2681.604849522702,11922.339760746041,103964.81036865116,18532.659782415387,21564.146313975598,103680.38734391793,73.59986354843659,213.17376077111504,6095.740438814898,26037.99103420516,241.18930888312772,2601.578169988613,11862.39723076028,59273.86185656336,249469.15432338783,184033.61086190256,452249.9979285816,4801.392718267851,5238.213503837054,49009.148550737125,100007.57661346368,15805.160519827674,74024.59782154809,143503.16812302626,357707.2020528787,246484.4692165329,175196.22868071325,419968.131475541,4561.147446438856,5072.160250472135,45697.58915171775,82580.86638966695,14062.147832706441,69757.2249819276,134139.98440719835,330321.7028205386,64340.814332125745,9939.176583705615,27111.370360341858,573.2700499093688,744.2989063734533,2120.0286513487113,2117.9298884992727,1311.746877029133,9558.911818755809,9034.267532548212,25632.949646216268,59861.31275911618,9935.612389062044,27100.211238198295,572.9934847446016,743.8602674189233,2116.668514575037,2114.4034623598427,1311.099818714834,9556.119179642003,9026.866134286132,25621.024575106963,203273.84527905262,2940.8705523581193,39006.28376797062,201.4577569501854,661.3094575247853,2628.618178870016,3621.4671861809416,1678.6544270402555,16767.655948121763,2930.214381937457,38858.231186605466,202551.37727298852,2940.2981906949135,39002.45080413569,201.45632926848046,661.292126726674,2628.0719341329986,3621.0835832929206,1678.5756937203005,16767.19424454126,2929.6495140497377,38854.44878316032
coord_no5,297139.2719985063,230302.27429423778,856533.95251121,12477.746562065315,19212.008783071677,68742.60776756435,182990.83315301695,19517.889765606255,105593.49645136256,172651.99178656767,534018.4984331056,284459.1278082978,203603.76150699094,520778.6544193667,9075.441595646067,16203.106999609763,60874.50606457151,108140.59398643294,17234.653783373273,98280.17113324773,148044.51246662243,381008.3961949166,115967.59318829393,63220.26124507534,409936.62241474004,3997.814645205469,4729.168534742163,27628.90069475063,107573.21490968035,5701.740523864352,24406.342421047255,42955.75189980371,223191.04486143123,109254.17226575076,52289.13693081308,202406.93016636115,2983.3852065840592,3937.034576631475,23073.456229779247,61046.93350427984,4577.4176056873775,21845.744259715346,41855.56790516084,138040.19390475724,264587.7145232886,188724.47236596298,730184.3818694564,404.0364520455055,1912.2101260722152,23021.240902752976,97535.92259513766,5119.041367858443,34578.35675360503,141030.554469394,457321.8413262554,228093.2449877131,140894.33076170992,389097.6247049718,391.22505282030727,1749.254623566586,21618.708244948826,55719.53586171926,4933.779236252597,33831.29777371439,88872.24611284958,270955.6579756944,63920.25441169788,26453.99658097415,244213.63038267186,81.09304479138439,230.99491773495717,7153.1785724038555,46431.713443529065,253.01866921888504,2688.8366959105365,11985.4218396491,104610.0546103179,18692.644008079922,21748.783520286004,104562.18467896225,74.20187547078797,214.88421931754903,6121.377150030446,26112.725484830895,242.91178561993596,2607.8522926740648,11923.021459506246,59495.86565804128,253592.7668187292,186971.54021571556,472810.37259281386,5148.128433314636,6003.095894709311,50329.572963034516,106527.86829057065,16278.23175551963,75626.66773295087,147944.57274917484,377759.0881820895,249289.67566901087,177167.37433354658,426332.55590781465,4923.132037963617,5824.361926794331,46280.208217043524,83743.90288486383,14514.780439261696,71349.79378616826,135948.17899866283,336022.73432831845,67275.97155116494,9899.989820794322,27125.80704241102,607.6460934203265,877.8598489255268,3013.477795100385,2529.501478334605,1589.8115052239998,10587.887812050241,9030.081115355182,25710.86209211334,60765.78530975038,9896.800522427653,27115.72561936694,607.1840733462485,876.8494509398685,3000.68286384948,2521.5667737830113,1585.9557183203938,10573.9483879453,9020.801830468692,25694.941851835276,205717.89619365236,3401.1272343164237,42292.81776873087,205.12951988484537,670.1255908185741,3135.2918638547185,3985.3367755178474,1709.712831819533,16978.656123307257,3383.286870840487,42096.36524134793,204982.12278221294,3400.179090009905,42286.88325270205,205.12784481546873,670.1080090346841,3134.3374844579857,3984.7078088071175,1709.6346413710805,16978.199587872572,3382.358365043561,42090.54964107273
coord_no6,297969.26237230963,231091.85247123757,859353.5018638425,12438.985393798972,19176.64897523991,69083.29560062119,183700.0895474862,19609.231818846078,106058.79168521625,173286.88502545233,535818.2847093919,286378.35662997805,204262.09737649088,522209.7005583434,9108.382810303674,16254.094782854583,61119.64800626572,108370.11295677323,17338.13721841016,98820.54593219675,148643.63807178056,382441.0430028828,116410.80449663178,62911.38870508466,409365.11026160786,3979.638092042618,4719.92106734137,27673.924724478467,107801.01409419582,5691.63271342266,24368.385224426467,42855.81771928203,223065.98092929088,111118.6341049817,52077.43408206053,201795.98919444394,2979.5411076398736,3934.125008402846,23105.903197078154,61102.23498627543,4583.666919749687,21846.56057089652,41747.75672740353,137836.77762092763,266054.9318269509,189965.2513029248,735306.0823629448,408.1569428692265,1923.465182028886,23176.569513709725,98125.52929266008,5125.337600030065,34600.67641556898,141914.82138851538,459830.802764612,229267.80834809723,141895.2154759276,391403.36335727165,396.036338641519,1761.1507243563474,21781.21905482792,55990.98784684283,4938.22581590039,33846.93645706822,89341.46992705924,272101.6737116054,64403.193809683,26699.65013926266,246300.21883435626,81.59235989319048,232.0812212439565,7165.261614995915,46529.648173782945,253.81897452228998,2694.5701638316323,12015.628961278873,104973.50746313967,18805.756531220846,21843.12579151032,105062.31559486422,74.57748174677435,215.77529867357754,6124.70049218097,26134.895596611088,243.59252745137465,2612.028970958542,11952.686570268332,59611.99609710294,254363.4122537188,187750.88075715845,474053.9200816935,5180.37102893916,6147.529882714718,50464.05098598742,106647.02494362686,16382.652916755966,76064.88793509465,148264.17465366327,378551.42612067243,250109.70703586235,177976.3525922082,427989.31009888847,4959.981250492866,5959.774248189492,46414.46427341252,83970.01630465854,14600.213176888867,71739.88450282825,136354.23734449837,337121.21472232975,67465.43943916545,10015.273080740753,27270.16687868638,612.9526146589,898.8681821258067,3323.0740092765295,2659.1288864296134,1670.8493068805142,10861.004449386794,9144.536145981414,25864.43287679879,60964.583368394735,10012.05844902832,27259.83596108636,612.4963892357227,897.8449756764822,3309.301517808575,2650.8554809307025,1666.1551963439872,10844.49310865699,9136.052394831471,25849.74243662224,206707.16609690414,3533.2888659293126,43208.120202466285,211.75757245339724,681.3811188278078,3304.3709755341597,4117.630612432798,1719.1575113746478,17028.411288413765,3511.5317717321145,42987.031627847195,205966.49310498763,3532.1309813809717,43201.00041966319,211.75414893131247,681.3604380859217,3303.1758955683954,4116.836339861069,1719.0798428367748,17027.95879455504,3510.4049373391686,42980.09481570167
coord_no7,298162.6758250262,231274.48288413582,860306.1033135981,12401.562840208426,19170.01234824825,69235.02495439482,184193.58603213573,19618.342016930917,106175.8361103313,173418.6954813028,536220.1391343512,287236.94769555796,204425.29494195888,522315.57318036625,9122.72187072702,16294.867047047166,61282.23706487277,108575.22120762485,17367.282758148554,98965.93221243516,148855.49850880884,382782.54151657445,116759.17958578325,63315.06093160279,410971.30330256576,3969.745525967908,4716.051847460096,27861.936388190654,108311.21179570488,5690.082440060308,24356.43338466909,43036.466606282986,223605.0892053522,112232.42364255604,52324.99084994297,201962.10286241723,2986.281333819099,3940.021731297784,23253.897916202317,61364.024041880184,4597.6463572359435,21870.931336120982,41912.708650022076,137982.44272761908,266297.70452091057,190292.4735763891,737041.200974451,407.26213932605094,1922.354943848725,23186.635426982197,98295.79851358008,5125.428424114659,34592.37868049076,142086.91666986432,460485.5981621876,229361.18689000598,142294.23712905502,392200.5473403037,395.15032129927357,1760.0209759054248,21784.1167470642,56042.52709852941,4937.952366676737,33837.0899787873,89432.01002610644,272265.6377901722,64678.027605658244,26804.569059607045,247292.65034842273,81.82069157170467,232.45020770138157,7176.433641456344,46602.05823521315,254.11653160557793,2701.0940237768664,12028.399528091122,105192.3651409625,18894.066706073776,21867.19374146208,105312.60767266827,74.74036165401371,216.0558753084813,6128.5968346160225,26160.045970911742,243.8419913633142,2617.826988152353,11965.122299839159,59677.30515969355,254537.25894948543,188089.15362788865,475347.6317615567,5185.48436179036,6132.373207360956,50586.669436226344,107196.09809811777,16442.521690590827,76257.38257720727,148570.79010595666,379603.7434926649,250231.8121164703,178246.87289013228,428405.36003999074,4962.529201233726,5945.573041534618,46476.525402926716,84105.62179272975,14648.841953844902,71909.50814262763,136508.47711191358,337369.1947279521,67619.08762003935,10092.949677668654,27345.07855008513,616.0626413478864,900.7830890015139,3330.2759509780467,2664.0625242828623,1674.1517096424204,10863.227761012944,9212.446941425025,25933.890198775334,61068.700096154585,10089.70764450173,27334.695777140412,615.6044912399226,899.7616091663168,3316.6508923378256,2655.7943295730734,1669.4932764545579,10846.869765348383,9203.933899178732,25919.201737701787,206800.38185278757,3536.569870102785,43233.54068090617,211.57079105864858,681.6262134277284,3307.437878180964,4120.841066168648,1722.8306581797594,17039.274999263405,3514.8999824339044,43012.989234866116,206059.29592336967,3535.4172348662673,43226.45539712452,211.56708308280884,681.605034988016,3306.2489252150863,4120.050795013142,1722.7528142966792,17038.822017525134,3513.778108025434,43006.085226046605
coord_no8,298195.50315354683,231445.08037615332,861106.5435014395,12416.918840552418,19186.84645437498,69253.44736677468,184459.60712998404,19610.64901199627,106179.1008006499,173431.32178494096,536278.8044983333,287597.3930551591,204500.6804489992,522199.0303359794,9135.762207713937,16311.121889297943,61294.47224960404,108622.41111505426,17363.64783034605,98949.23367391531,148913.67117646156,382789.58638363,116981.896713273,64149.620745985194,413885.5321333083,3991.0675549811067,4727.873454502805,28103.991624167258,108899.01666673616,5710.087794559025,24383.826606560557,43353.488730860285,224474.941355466,113078.27242268708,52763.67983049659,202482.81964965712,3008.0054106160114,3954.5809228761195,23410.897367043854,61635.42749803754,4620.403161749025,21910.888303516374,42190.53357183624,138244.9352742973,266362.66147419193,190504.41158440433,737989.4380477434,407.39342871432564,1922.4984881861565,23154.84548611449,98334.7898587991,5104.811284515087,34431.40484260093,142200.50187414006,460860.1196883503,229367.03713482124,142587.85102147987,392686.4731331978,395.1936458224312,1759.5001599803377,21740.01476018872,56009.27246415852,4917.673655759469,33675.76846847052,89507.54662510332,272362.9687226085,64845.96777103887,26839.27121325936,247737.302150042,81.88268778031274,232.54044037478812,7181.398940176974,46642.21110498236,254.26405996390653,2706.6989799109574,12031.913515681608,105326.46063221242,18960.643669072055,21863.74885012318,105430.23171534821,74.78016612909782,216.0920884355444,6130.993405956699,26173.213508743785,243.92738645532427,2623.0587646209187,11968.596408894222,59710.15285250925,254580.11593010434,188220.7521555104,475610.40372163354,5184.2191201865835,6145.032668599155,50600.64865848037,107392.57702575321,16462.475315783675,76221.36308525057,148669.3610235052,379806.2502287417,250284.3394329166,178356.44478811164,428433.05417875864,4962.504158011686,5956.936359617274,46449.982317689755,84104.09962703961,14661.586186315588,71861.62313520162,136561.8195239936,337346.99486944993,67673.83205013021,10133.135486690886,27368.954363047018,617.5685709118756,903.3222379131131,3352.2468194549992,2673.896637796485,1682.8036215964858,10881.966134223376,9242.189914128703,25947.832330104313,61115.794031097146,10129.8827565361,27358.50445116749,617.0997303518855,902.2811823475394,3338.370668244365,2665.4990983852963,1677.9582379391904,10865.029117100526,9233.527707985704,25932.94242060821,206817.1673296327,3542.9287949537234,43265.523773305395,211.69433961213645,681.6869549728672,3314.7151075559796,4122.769385997806,1719.2596455722176,16941.73967257173,3521.1039387536807,43043.812207908035,206076.04086104003,3541.769820612365,43258.40701248308,211.6906842885955,681.6658693582091,3313.520666994994,4121.977719805608,1719.1819917046046,16941.288542934035,3519.9759866584127,43036.87802522598
coord_no9,298204.2431300641,231659.14560759603,861869.5025149302,12385.076962090685,18981.620092993893,68698.10507969021,183906.56486732356,19602.836385746217,106200.59084935077,173408.16396626527,536243.7386333699,287857.0982558518,204642.50960291634,522077.06891212205,9022.268833048753,16037.736040328173,60487.760526340564,107791.28806742957,17329.985131466314,98884.8767989619,148921.20719893702,382677.6610806589,117143.12253428307,64952.1284753557,416605.9237105292,4029.308656236596,4746.760133401408,28285.982425532842,109336.1140956843,5743.219800738084,24404.60993450022,43607.70069303821,225134.31157844394,113647.81644157063,53157.91215117474,202926.34021403885,3020.1361008597655,3960.526974637806,23544.096357553943,61853.70517690719,4630.744696643215,21890.742963452816,42418.108276825245,138357.66875193373,266384.03491503996,190647.14860546545,738547.755664792,407.63567744663794,1902.6863480677594,22536.191756248547,97087.86861395999,4944.566933468893,33413.010765944244,142288.50316798975,461107.75488831155,229366.1728609029,142780.84529956765,392981.26721261675,395.4162397443002,1742.5740218839933,21094.041180083586,55124.103208061555,4765.879654637642,32678.320141773147,89548.04301376212,272415.26368796243,64947.97012625414,26852.78748981185,247959.36844828774,81.90767910782948,232.60804140345917,7182.103219383637,46663.671142012456,254.3145163186846,2709.545667483981,12032.59118075772,105414.00405808463,19002.79718548384,21856.736861618716,105479.61822479752,74.81190291355887,216.15552679820527,6130.9322623890575,26175.343596188202,243.95997626498473,2625.824789128427,11969.100368308307,59723.85354740464,254593.57694899637,188287.01846381932,475691.0183846485,4990.808290849239,6025.0752450282735,50246.67013125414,107153.11877326235,16460.86290603759,76020.17210283909,148721.1318653151,379880.4293705961,250304.80808108437,178402.1811233623,428285.4149278153,4784.848872689548,5842.10074272507,45880.81019843146,83470.6922698962,14655.855836286657,71659.18070687617,136576.5368897907,337226.9015474807,67704.95038270514,10153.922493796656,27366.77487177248,617.5829144645942,902.6096139663631,3355.1506988258716,2669.786264342171,1683.6999411247718,10873.797357338852,9254.439441432483,25936.17123755484,61139.85901500269,10150.650973847987,27356.194972203277,617.1071238075316,901.559747754159,3341.1818821241036,2661.3524252496654,1678.7699696768027,10856.59744924173,9245.693635736354,25921.174315395616,206815.89075919325,3544.4870191596056,43269.59288823882,210.6596494450826,675.82913028897,3314.0197040381972,4112.206250956311,1699.7063142674074,16384.24305338947,3522.667299281498,43048.61932005988,206074.7524433177,3543.3284657006056,43262.48151531711,210.65588129466258,675.8080212396042,3312.8256768930487,4111.417434140149,1699.6302128608809,16383.805459371346,3521.539644253291,43041.689594557676
coord_no10,298210.4951903577,231837.99639429594,862511.1803532299,12033.059085770592,17885.45525248119,67089.84486353712,181804.67019670154,19471.88403004124,105756.18753885667,173364.0985766821,536153.1428915741,288442.1657629327,204733.57153410686,521980.899039746,8540.062892759832,14839.63327530089,57732.673413849916,104496.37315203722,17133.349503375288,98208.410003359,148895.01377347816,382505.6451447784,117261.93898820446,65330.50370944008,417867.29247626616,4065.076339198788,4701.981839170947,28383.68393401197,109479.32248478854,5716.559237923464,24211.82110221829,43583.65516810672,224993.33608053962,114483.08579907744,53129.690750732516,202572.5471388958,3030.8975642517835,3914.0049359043123,23585.836397670577,61895.15811052033,4583.1310326259545,21655.64190095078,42350.94934045208,137913.32387455346,266392.48115700716,190664.62555582254,738712.8895053392,408.2623170269479,1769.5735532869742,20076.130183229252,91659.05177269167,4008.7179035229715,27674.68178352072,142305.00222854016,461137.7664100189,229367.74475557072,142864.8953223893,393071.6938151943,396.0989738789153,1628.4608012507479,18454.27703221641,51225.772260772894,3875.029292507072,27059.58057560693,89557.22055055026,272370.5803186376,65007.46317602543,26865.42795645687,248106.17399291406,81.95795854940108,232.64121341267023,7185.081252458125,46689.87468438956,254.17303826706072,2709.5327631940263,12039.00667006806,105504.09224291741,19027.769963300092,21856.764092699214,105513.15254437337,74.87242735695666,216.21039861561408,6131.847094877473,26179.39355668813,243.83602461210072,2625.8404339803374,11974.845487497727,59744.63065312492,254586.09861143504,188258.24717907567,475556.22572857846,4186.519847928544,5473.327896803572,49056.77230174746,105783.07534332506,16343.347863376956,74091.52350204786,148702.94311585746,379762.57846838736,250304.17382305002,178369.79398162544,428041.13872727565,4047.684530396246,5319.7271002035095,43762.9806683266,80602.64542265548,14548.762653644802,69826.26394375539,136553.3305866953,337025.344961849,67714.74591718965,10153.769949279484,27272.798932199275,618.283931656879,891.5428223818368,3360.1425426998526,2623.024746484588,1655.8902470555968,10746.10139138456,9246.91962427114,25836.258474715687,61147.13095497132,10150.476308642581,27262.075904754445,617.8050012125551,890.5190557920098,3346.172733841344,2614.635829208897,1650.9732643222799,10728.876064380593,9238.171131742964,25821.32560471676,206805.0800097269,3544.427924179664,43255.846705835655,211.4824756344094,648.7787995268989,3264.941488983168,3993.5627551613534,1538.1561719158258,13200.422016849147,3522.5676584309904,43031.8717022115,206063.9825687586,3543.2679821253478,43248.72809345924,211.47873226181414,648.7590128491266,3263.7453438588345,3992.7901180158847,1538.0913427179328,13200.062663286215,3521.4386853344276,43024.935504576024
coord_no11,298237.29134299903,229768.67468196183,857771.6048330031,11762.527316671183,16973.461957623622,65475.726752900686,179645.1110347033,19509.798612509283,105413.52130942921,171907.75484026896,532588.9533367758,288921.15259001625,203352.00276687948,518467.60269795137,8223.708659056932,13888.359392039474,55225.5823882208,101537.64101415445,17104.649638057886,97726.38533012425,148026.73807135227,379742.0848004258,117368.76345974968,65659.60408481109,419054.05037288845,4044.4683597390754,4416.084996787343,27698.301086641186,108187.61967590226,5639.9867840545,23992.211407336697,43637.30733818756,225130.02180141004,115127.73309025445,53212.492902206126,202795.30075429764,3000.555721659647,3668.610070309442,22968.79622934858,61032.92447165728,4499.380679568623,21404.55374839886,42380.91676812859,137864.38608620744,266393.13828009577,188720.00549524417,734067.1110814625,394.09267960079103,1572.3062705169637,18131.738454301878,87096.37534059149,3549.2290462475803,25337.754558765362,141176.11627650837,458219.6390599434,229365.75688380894,141993.9726879446,390518.7429434765,380.2098184729536,1440.528916317334,16225.533932525115,47697.714199190435,3442.185352741494,24788.62515574792,89174.39020140276,270581.63277519273,65041.061100578794,26845.184108197354,248060.8130250382,81.96671216577785,230.1887942571236,7209.807431780217,46683.144691616275,248.84918620184416,2680.4037545063575,12031.46983696405,105518.64809277689,19041.27370750226,21824.438775893974,105448.65172233514,74.89624685112472,213.95830725101914,6149.300346211078,26201.554286628125,238.4750615326151,2596.331803115455,11966.550752578565,59722.86950110464,254595.85374564625,186902.1033572985,472031.54108829686,3617.4219190655763,4934.916528789584,47393.475831033196,103734.37961283122,16354.966430582268,73531.70328646062,147790.01394822283,376925.3482997621,250318.2746735716,177229.4026670801,424700.7934082006,3515.2203519198297,4796.152172235601,41196.180049524264,77356.53517197906,14540.793406280027,69257.88083442456,135862.0750562669,334402.7216772638,67723.09361228556,10173.949615688969,27327.181757993923,603.7126275501781,800.9160724375693,3275.586885498694,2285.1427676634235,1565.5421187798258,10456.572862704592,9264.371769336278,25884.7031845956,61154.315328678844,10170.642370151041,27316.372439312814,603.250722617495,800.0918947588359,3261.980342571153,2277.209707942769,1560.5927074060762,10438.796870866376,9255.567503908891,25869.63748710761,206794.2368926675,3544.650952400501,42947.892735926594,160.92482788100247,494.1003767041666,3280.512781560589,3443.9259307876046,1490.1950330515092,12385.888180404174,3522.76511906754,42732.50256450784,206053.2099583977,3543.488495906947,42940.81068462179,160.92043776590324,494.0835152958668,3279.3341929947337,3443.273494271242,1490.1354784878558,12385.555954155017,3521.6338061853803,42725.60148278333
coord_no12,298267.649777059,231466.27581274722,861966.2486321895,12094.040266411352,18074.549560149448,64587.31612454395,178573.19074565105,19635.574362254894,106220.54749082362,172906.31001558318,535101.9811601191,289464.5938890087,204533.7737812245,521209.50194913713,8596.19578082392,14937.745901504602,55747.878076653586,102421.49718703878,17223.777159914287,98477.53945329048,148623.54429099764,381588.9201241104,117484.23082641939,65126.81474608011,417421.1778431083,4079.1916248703737,4098.95644029645,27271.040401450635,106462.08198776915,5357.601830434141,23237.248358780656,43089.6097284792,223604.35446150045,115755.24117166217,52430.49877831381,201440.5345519683,3019.353612987404,3396.670131668112,22513.14530836649,60077.83485118791,4211.548133408352,20582.2978931557,41794.86596832802,136747.0428646607,266425.0430854653,190268.8799865366,737891.8103947098,402.0217562153843,1787.307079120565,19438.102484072726,90196.6460139015,4206.842518348192,28821.627787987563,142104.79356233825,460660.9139421732,229397.20240772923,142745.70344632375,392632.38761879934,389.594355230439,1639.5874629839134,17768.02397195271,50109.63039690488,4070.9673759732027,28198.689873908632,89483.75921375162,271989.9198865529,65061.21512062506,26879.330003350737,248246.33042333683,81.883930600262,220.00469612500575,7138.310514787952,46472.73676327689,231.78652000380225,2582.882770166504,12058.862149153667,105677.68906723062,19050.13617175658,21854.9435674442,105530.65207445028,74.84022272236514,204.63924605593377,6095.00928734162,26104.79758779377,222.23734094687836,2501.964519607145,11993.295360187465,59792.342753517485,254596.6274845295,187733.6525720714,474015.8973286047,4572.246106852531,5733.068252727083,46974.55098537524,103309.1262417479,16394.589928387548,74222.95538282831,148315.19305882583,378514.14397975284,250323.51406882075,177937.87767000814,426472.652231858,4414.157118304449,5567.415277304312,41794.337858780265,78396.91037285782,14557.354232816568,69874.16023581068,136260.94390473937,335791.6391242572,67727.58115292423,10112.541630662085,26946.137323200393,607.6105716847142,644.5626084744981,3205.272882800189,1786.8444675257667,1299.2141909909453,9395.521582092717,9199.955682718704,25508.947587548602,61158.51949386689,10109.198918054519,26935.209126647027,607.1539311074694,644.0099319749953,3193.5690052606064,1779.4030812294488,1294.277045014142,9376.484106060958,9191.089325501678,25493.908070951555,206805.22588811917,3544.524575953754,43173.440893808074,205.92408372810408,632.1655972128727,3252.1235242384987,3611.634511634396,1562.9618902263746,13867.750025653208,3522.624126442895,42952.89032561235,206064.29351905573,3543.3615114192603,43166.31742231003,205.92038171741504,632.1475483126326,3250.9443445267775,3610.938964161374,1562.9030145098259,13867.405122917971,3521.4922902363433,42945.949942231695
coord_no13,298311.20650625444,231747.0522779582,862859.920392251,12599.471024400435,19071.306325564612,68044.98847587139,183489.5044109425,19710.82446829203,106547.70339550584,173048.80342771127,535488.4773249216,289921.7140577528,204749.96751661497,521936.76056809624,9066.076252138666,15919.55040635133,59556.4990772655,106672.97441544414,17311.735590517368,98837.67449380476,148708.29662588265,381920.7970881877,117578.05920148091,64956.494635794996,417025.3936045047,4146.419774318474,4376.862224396829,27578.441735237957,107531.31279610925,5577.3437644457845,23599.557596274964,42885.21345615263,223116.68420661028,116253.85422045874,52193.740759663066,201427.4364315769,3057.716267270077,3616.528468342206,22808.100605080694,60725.92953309297,4400.921811443111,20939.557933031752,41586.93114657669,136564.44516516195,266435.04204136075,190346.14877184786,738132.4987098166,365.33490454634153,1778.6176254963152,21640.5134304725,95206.33513854475,4700.932522843537,32101.366846710356,142156.8484189137,460871.96259555884,229407.81613729277,142791.99789011342,392780.73746826366,353.2684004997588,1626.9188197948843,20090.31315293559,53594.64596068999,4534.031688321879,31396.033059729685,89500.15132974055,272067.8065240336,65073.423144204084,26913.282479616813,248419.09806837988,81.59225475008033,222.7659114674033,7112.707939681881,46343.63764811501,235.59421429099672,2608.6307018798375,12083.00938355871,105818.69108432176,19056.12146273694,21888.374912576954,105618.28160932496,74.56974315648517,207.1742828283711,6086.013679463077,26071.613392119885,225.69189065043145,2526.280660887696,12016.769685362075,59854.129380771235,254619.48497526176,187826.13052403324,474376.42331050104,5059.256250578027,6087.7144362018,49430.47814753356,106228.57749014041,16425.677524301136,75301.60866862781,148382.48067322656,378765.56970618555,250346.5957730689,178014.96174941937,426815.4056039197,4861.805270222525,5906.217734921753,44747.324824627154,81995.45682245509,14581.229864966346,70887.05046200013,136311.71318018826,336038.5973154534,67737.83696490974,10104.677049751384,26892.441202315833,599.7361734570136,684.166020498533,3203.461267361834,1943.6702234286604,1393.0925358195925,9748.318958804282,9188.687675644309,25452.33083506117,61168.64643360142,10101.323589182193,26881.49615284405,599.2757515430934,683.5615427852398,3191.6207103635943,1936.050321799095,1387.9488331071127,9729.159441109625,9179.837851830895,25437.36414430618,206808.2610572889,3543.912680194043,43190.11236189132,170.73921288063187,592.2920963438107,3311.0920895147324,3843.004083677061,1553.0634259265778,15369.611031790522,3521.911255786396,42967.77907440543,206067.25661742757,3542.7494683590826,43182.984325618505,170.7359638296189,592.2754102755629,3309.8944776983917,3842.261334608334,1553.0096549194648,15369.26774123049,3520.7792673632835,42960.83427110824
coord_no14,298326.989786924,232102.40594347342,863547.9817482565,12722.757646272003,19430.382729565496,68818.16527272826,184623.88124751544,19779.562205564547,106861.1880836781,173196.83315795587,535833.2721320043,290052.8096049621,204999.2041768141,522260.55635079835,9148.797595893584,16256.591639952281,60752.4344534972,108077.31286943726,17402.196033362066,99218.23927627514,148805.66461208148,382159.9632074085,117617.17780300998,64635.45234467032,415900.45624285605,4155.709098222753,4691.98607059834,27667.3787946115,108029.43045300395,5752.572332500837,23842.443562544093,42542.514108284704,222126.35192596237,116355.57334324915,51691.20271985946,200240.83588547015,3056.688647947244,3872.3748227349292,22974.340851270685,61022.98097868728,4555.601271285246,21191.194875435096,41210.66708884648,135711.0073061258,266444.62030744646,190561.88372187715,738702.7471890093,360.01804372992444,1790.3514735229219,22773.475240595944,97712.85325615507,4988.484427658989,33954.24597379704,142301.16243285002,461297.76606406725,229417.31177343175,142891.62244622342,393115.0963999095,347.8611635417119,1635.2358701883381,21301.24241654023,55383.66261003331,4804.515023877897,33202.96936284468,89545.85765706775,272285.3858936896,65080.83896258443,26907.614653612705,248396.5056813335,81.06388789099648,224.7334844486746,7032.686529321179,46064.53214390769,240.64756123564518,2633.4314573770334,12073.670646211955,105795.31239056414,19060.246066151623,21876.391878912695,105586.57623248654,74.09505065864992,209.0510859129277,6033.684066036929,25963.80657574428,230.62613478050483,2550.6214343392526,12006.320162782233,59822.22001557063,254634.08915061053,188008.97950462636,474900.1508689089,5122.596740407429,6131.852768415661,50163.41478321855,107141.74372074752,16445.21338824111,75994.9571216501,148523.3156196806,379167.4053028551,250362.18678386658,178153.60456769253,427293.1269993025,4909.810579619365,5942.89364268649,45797.06357359434,83322.397872785,14606.129444236147,71553.87777501224,136405.45841603883,336392.01982896053,67708.1995972296,10073.372142430386,26408.844844780804,594.2844701037139,801.5457529463782,3265.299868270987,2349.1975192476066,1528.6875598443232,10024.04752437463,9152.374966887719,24979.224802160385,61140.39997920999,10069.99347299179,26397.515844047077,593.8150900812227,800.725000447627,3252.273226493016,2341.227660687706,1523.6101844624368,10006.170771394467,9143.286441518603,24963.94554020502,206811.79228432136,3542.023692861162,43212.72540559454,169.8805295049242,587.140889799061,3312.2327520471204,4002.8004197756054,1554.9665123426328,16076.53185390538,3520.1258874784317,42991.11178765925,206070.74182563985,3540.860908947951,43205.59302442356,169.87739603926,587.1247306989061,3311.0365528502184,4002.027922836805,1554.9122129402522,16076.183337153601,3518.9941007426446,42984.16150053053
coord_0to2,196267.21035780985,21417.332754175917,205531.33681666147,264.52958241451637,663.7763833777765,7869.235140736781,35025.41954187327,2124.5458332588178,8359.016074609219,12870.493872704643,110737.53635949678,168323.74492565033,14622.849552758114,100775.51182638103,258.6650524894655,651.2791430530303,5626.641154624987,23302.66662053447,1769.2770738916847,7511.520912983687,11143.461702622804,67954.99295110688,79307.91632494528,17016.966365874698,173555.71514573664,105.6476930669696,125.35452979690128,5064.6508592295295,26824.911642528314,513.6997915095681,2898.577819573346,10982.326703538905,98131.63668805898,49827.987830461985,13573.097218464207,76215.82321807691,104.10510189723013,123.94277755144631,4209.1005879673,19569.106144896552,465.30987887730356,2672.389298150595,10222.679972049786,53266.367048133536,166962.50982660736,16526.904735556116,168576.644787805,34.74376234692629,33.91734118007312,2716.3351916302363,19561.48595484915,86.08757467766749,1019.3612294414418,6272.131789586313,66930.68169094152,133413.26056102372,13143.098165542793,74606.28397023355,33.00981951327475,32.99137318055671,2283.4377633720046,14169.24726833029,83.92477962143296,959.2985341084969,6200.742949697648,41029.800206242704,49538.047330303,16612.598793824818,170657.59921055977,34.90849088428453,33.9996995571449,2739.027218243428,19643.180865138816,87.44297869034307,1032.443901401215,6324.484629966486,67488.63417821232,15170.72694300134,13219.251590137928,75055.04136867306,33.16305201614939,33.06983231387746,2305.6515442910445,14238.292661068012,85.19271953536925,970.4514601297358,6254.155511224308,41254.27534608608,154152.23686748653,1166.2395852085085,19010.89166603452,0.16450988099597924,0.2901493966636312,42.73815179600495,184.5326993136235,11.40918003835347,28.086660814583084,610.6379340232668,11431.100523873305,153083.20372990088,1157.3043832324229,18722.809619988362,0.1644967735276197,0.2901293240701347,42.68811925855233,183.60129407332803,11.369192303291959,28.00222256486893,605.3456083830359,11287.628094084333,39327.230542956975,8.791233971862448,88.45322877545908,0.016017968594121832,0.010095527122637764,1.0763151926280274,3.896140842224931,0.2334216412580157,0.20111891701777823,6.196563190979352,10.730632312126389,38085.36389597993,8.788962276206632,88.42451639189477,0.01601792216547165,0.010095507021548766,1.0762408626236983,3.895986693718618,0.23341893400680438,0.20111729825368427,6.195270738245716,10.72931354529604,119032.00005938532,9.450561986397887e-12,,1.7832704525369455e-10,,-7.937913348934644e-11,7.432039079134886e-11,8.664953682346772e-11,,-4.397832974221024e-10,,118830.11748973036,-2.934510803690487e-10,,2.167426131843925e-11,,4.826606350864517e-08,,-1.6323798891430592e-10,1.6405538843342413e-10,-2.4803592581282236e-10,1.0741314259628821e-10
coord_0to3,251656.87766813854,139838.76835171896,598704.7587420807,1741.7154848865994,3443.362016384517,21457.80972424179,85000.13972273185,8686.857329647613,51913.17787670394,110172.13425240692,382509.73272113054,222744.17219755534,131577.63201817658,366081.64165276184,1589.7108220483635,3199.7733152762967,18044.090724943817,50630.32325635072,8103.842391934529,50034.56327923485,100335.90343675665,269089.1468272586,93785.30932869278,22762.949227561407,219769.53907624245,491.47850721256793,493.1823743605558,8375.552371115018,36740.25456573584,1035.1413401203313,4678.6545260425655,15208.294736526283,122050.62803639367,62940.845688827416,17720.896366759895,90817.42598496952,480.69339521656053,481.6926193891357,7330.761536566879,27033.67535530737,910.4025616221821,4300.571406548902,13981.601034856221,63969.262365760645,226377.949988826,117801.90487349646,530478.224346274,75.59072543105334,88.29227132205736,7635.12775167778,48660.985679927195,179.40017854630213,4018.323174772754,93296.92638283588,326623.7279412003,188631.41129631945,97761.48791986702,282878.41936741956,70.79621485435283,84.28061708326437,6756.755205072584,28643.742588531237,171.69941358454798,3898.7258947975542,66167.04994262215,200820.01941313254,57324.23819883304,19681.40912174522,200029.72801184552,45.058256037761055,42.01492152912802,3604.5961309713894,23342.181991857306,104.7522404833966,1222.8291135214672,7339.489013589209,76308.04415623492,16569.944112429064,15279.14408687919,83643.77144279613,42.3880526716614,40.64791872131682,3079.6613511739533,16833.039528504738,101.05219221667713,1144.9906241885576,7264.534995731705,45105.16263890403,207701.08600095942,115082.77359805716,272836.4443382977,125.87971812162982,420.6089303783088,5812.709347879512,17847.344919471034,1921.1950329600033,18543.121910840793,92023.48531397851,222124.22042227112,205531.7006641092,112830.35884507441,267056.9550918521,123.39463998867191,414.2395108532733,5663.518162258368,17292.98030878464,1900.728108270579,18421.547117591705,90443.74241522541,218614.88334982624,51440.848895705596,1863.5614267761991,2467.5118159999797,10.65013991365649,4.8208646531935875,65.30158237858525,41.54194283735619,42.486295957346314,127.04422107414749,460.48278995173797,989.1683321012154,49083.81397357395,1862.513369289693,2466.2954948135066,10.649679081767738,4.820608958205752,65.27410998971705,41.52308830649934,42.48295369895422,127.03891544855027,460.46008778747,989.135199738625,171505.85184080893,994.8904198297237,18071.818527216183,7.125270154807891e-10,1.37490670969457e-09,0.7028833270699555,0.8101970963350663,1.1425791861648564e-09,,994.057150499216,18043.26557501054,170950.32272393635,994.7984165298507,18070.91902651948,-3.91978768405607e-09,,0.7028642948516832,0.8101606834862242,-1.356176273279098e-09,,993.9652698879498,18042.36794911436
coord_0to4,286310.6333944171,187347.49433173268,733398.6395719496,3745.909643775941,6672.217279493315,36614.52611841347,121230.14415427917,12257.534466462126,71638.10381338469,145968.7823467818,470860.7360330919,261960.64480561242,170867.27485020232,444447.9200526536,3259.917222904382,6017.555308861472,30227.61570396598,69345.9460653948,11109.47335288241,68129.46260547296,128685.2458262232,332381.8042167496,105570.12163563607,29417.436199196156,260670.3851019739,1146.8174963049028,1013.4577577103476,12644.490031620946,48393.66094873487,1775.2014867781559,6876.604794310747,20381.910608750248,145012.45261154263,80520.79171258259,22346.424941795914,105921.901843922,1070.5869799694817,962.016242401783,10895.105967319856,34448.187358922696,1491.8691947652437,6229.949204171033,18298.736026441813,75855.0255887799,256001.8158117015,157752.12775983577,646700.3772161474,93.32160060649527,220.07704380713997,9809.393744441093,59766.461970838085,215.34410677587059,4574.073626117954,120406.57574825987,398163.7243358376,218766.34612903817,122076.37442124177,343639.2270999856,85.54044853016002,201.21689875961215,8379.57943659814,32726.606497437795,204.4795533618562,4420.939443476845,78953.56316484895,241024.92833897966,61121.06754857451,21704.042964859636,216751.86713414575,50.185140638735746,47.023732766522244,4402.706262754741,26812.10197637602,111.8045643011378,1397.7548726061054,8253.03976480962,83057.75604874943,17521.41348825678,16741.734292320696,89489.71859459189,46.95604217296137,45.36095227761399,3882.0608438527015,19331.233941707982,107.07974517238019,1315.5041172104827,8184.760331533766,48328.523133654366,241849.37992771633,155046.7407303231,363067.500678312,1007.3497797920056,1619.1239348692784,16515.41208052905,41800.15680829228,9698.218028155305,48610.08606591957,121631.06480076941,295116.87288648647,235841.87091219585,149961.960294775,348884.4398738762,975.1956704345056,1580.0207603037516,15931.27895993344,39125.13259828931,9095.224423810667,47038.83903709256,117396.69849146996,284225.90366978425,60971.90600335971,3250.44950191189,4649.890759011752,73.16421513674679,25.308018531660604,275.7010728784051,140.42559200272356,135.67652017618715,501.84186663610814,1706.0780783065338,3045.7540920269303,55184.00139404793,3247.3509163539825,4644.135421550887,73.14341141613876,25.300126249588892,274.8702228023656,137.68234364335603,135.6107707181497,501.713270475109,1696.9744406665993,3037.125330773425,198694.47696398836,2117.2672615814704,30836.22016760377,0.18514599202897183,0.8801783087298246,813.9454863018972,194.68023835070272,5.317492792617055,484.43769550332394,2114.66801451645,30763.478844722005,197986.455182656,2117.058134441007,30834.641106997067,0.18513964500562136,0.8801401383046716,813.885989742091,194.66790671707815,2.0255796206345096,218.02649698298796,2114.4596866881807,30761.90741758673
coord_0to5,293848.1816542435,202346.61921651437,775252.9015072358,5702.465066588641,9163.144529169467,47147.74003262511,143306.45686090036,14354.169317601816,81502.50452223602,155848.75234878287,493389.0360222154,272498.17240592965,183014.11697245672,467273.8705238318,4715.473324422106,8129.397027118758,37730.18364254695,79717.40692594224,12831.508391484294,76719.49565844276,136752.68185226424,349042.3455228028,109329.32573236657,36402.519057708705,296300.77393997344,1688.647639893362,1431.8650391854478,16466.29074170989,58758.099779481796,2383.55371471103,8759.79827832676,24449.410596697806,160879.93659635086,89547.94000765415,26643.090159855405,120015.84443352993,1522.509127663979,1326.649123064269,13932.10096931063,40307.77883927841,1983.971508344114,7915.439346184203,21775.633030356927,84880.0143163806,264097.00550893456,169098.33617200452,681411.6705744691,116.92847334784109,287.4801996656682,11448.756082855116,66623.86374138595,252.56107807917337,5251.11617913611,128238.22212442479,420649.791536335,226907.7818650734,129544.29253478603,361150.1054258197,108.2394780171806,260.6373955325501,9776.932472644512,35964.752555923034,240.19092905736858,5067.795206381843,82879.48581269635,252001.7648958459,62986.40285795467,23050.63009153898,226573.95239717915,54.42270914360642,55.1706090502857,4897.5755988482,29863.621143328895,116.83356209719196,1559.405241480908,9115.391443130999,88765.51315200697,18146.931024781334,17901.972046104678,93803.01624041883,50.541346159562835,52.966189528457036,4451.458943863883,21174.962015735924,111.27952029255405,1477.0535868429936,9058.464064394158,51191.25087932741,249760.8869122732,168631.00751330936,403869.13164011325,1299.1419633163987,2335.5084614144052,30320.637064376944,69732.09542388523,11768.821891047975,55786.468081869134,132432.48026600544,328523.5820526452,244678.22212672263,161990.30243164118,374466.7454027105,1273.831660152357,2284.4078117484023,25355.8245718692,55155.24461817091,10871.306300986038,53551.956698172144,125155.91756434929,301623.08279288874,63480.4457003069,4988.414129239774,7629.552485393005,194.64538287784129,63.38530395863165,1125.8128237757696,315.7873196902306,500.6531972565269,1764.23521310031,3618.421738767421,6175.42572876894,57449.264606692144,4984.164399597434,7620.320369981882,194.58223857854102,63.349703535977625,1123.1765980106577,309.83228781406956,499.0955834903701,1760.8271592476767,3608.4515026257477,6165.789486638279,205556.35872704466,2973.655242907976,37582.26394435055,0.8363022872968201,3.963256719462901,1917.369952938665,462.4524253823482,8.337377281305487,516.5363551181867,2964.166121488848,37451.77163690338,204817.3770216729,2973.0965642812353,37578.678809825986,0.8362827815130177,3.9631544971572676,1916.8089330307223,462.355184466773,8.33719211670933,516.5199906628036,2963.6135915387886,37448.22666434893
coord_0to6,295855.48313849815,209128.7525295915,795789.6518582187,7068.488129867941,10826.194611951758,51713.41508435146,153538.65828894143,15800.394505569015,87962.91552998172,159872.17792386631,502510.21635271824,276657.8372774065,188473.61577501253,477755.49006407947,5437.81040875126,9240.970879898348,41163.145278440395,84411.66354327463,13962.57498141331,82080.0902697293,140152.5048864538,355882.2551226779,111893.93690638662,42779.52998199379,325604.3261914412,2242.4095359717417,1831.1773888846287,19502.493076901326,67450.11693926572,3019.304428099863,10815.763828954643,27688.896408547243,172704.47175188834,95844.85480420485,30407.559857034703,132679.6537862965,1918.5069298990943,1645.5680387438288,16237.426087154467,44893.50510744637,2453.372701741038,9676.53814793147,24664.696771595478,92352.50839256613,265486.89812280313,173963.67921894192,695698.1312223239,146.91188158674336,339.9840124608459,12330.59055973,70142.61433156236,291.1047178629203,5779.013431816026,131400.6325850275,430196.1555975621,228264.96638405966,133156.000890066,368880.5104263646,137.39096032141703,308.45824780251166,10502.926314747057,37568.39256647657,277.0168667166889,5572.954458426008,84623.26762311911,256404.9282113061,63955.9033754315,24014.756741814257,232889.85682256645,60.929717258993485,70.98989263551837,5119.10136360185,32746.111074471217,121.9371169410392,1686.8362294857911,9850.725213233953,93354.33033112856,18538.34015672739,18840.098755022533,97008.85270096798,56.16251542008673,67.72435162743821,4695.677537624672,22166.422682848588,115.73844468785718,1605.470647266917,9799.668815639367,53503.150548818805,252088.5394403259,174532.71227124924,421035.90276834567,1471.6646598163827,2706.3654659408935,34763.3293293673,79866.03116969654,13090.035075074316,59852.571949052544,137121.21062917923,340888.7191458748,247154.97924708077,167114.22914750632,385676.00091593683,1443.450850607228,2639.1577068637685,28316.291024756545,60152.10338024634,11913.360863345288,57020.60238811838,128559.50789135181,308471.02623442624,65105.24764683941,6444.341079440835,10757.79677944503,284.36249229569677,83.94189998126197,1922.5110246533063,431.63531978928717,681.3098420700727,2882.790104246218,5202.621610216756,9387.537257037975,58773.556124897674,6440.280082288353,10746.785117587697,284.1976710577523,83.88587873886522,1911.6528462283868,423.02942008729923,678.2672305377798,2875.4846964274566,5192.23871530001,9376.341123920534,206438.06619896178,3256.9733703466754,39632.727352143804,12.206497318143972,17.739347996135415,2022.0603936851408,536.8743643431253,20.430393947242166,821.1335797238894,3243.4995838436494,39475.11530274008,205697.12138978607,3256.237949466026,39628.205987241236,12.205394385561194,17.738102031635492,2021.405522993056,536.7476363744754,20.429754964406282,821.102935037416,3242.774050531589,39470.653705021934
coord_0to7,296677.80078395526,213979.5521241473,810557.5533803315,8107.152591734765,12054.391105424258,53298.123753102,158148.3436439373,16844.12075706319,92690.90795276899,162430.57148654544,508613.4379382894,279661.4059490831,192162.43836086805,485820.43809495127,5847.798663266214,9917.577828750242,42589.51217200667,86568.12651768335,14753.419314928575,85979.54999032349,142116.0654383334,360538.78097688395,113679.0119561588,48006.27687623696,348221.01503613807,2726.751977093457,2156.95336543367,21454.022817698526,74341.74890290273,3590.772101088111,12855.649862626076,30243.545680914256,181693.0802077674,101202.12410654224,33629.68987305075,143938.76290569216,2213.0788019946713,1882.7645209416762,17681.849242105705,48275.518431139586,2844.1272998496897,11374.963258504573,27117.461802118454,98866.28651613771,265948.862159442,177468.09861676415,705417.262456846,162.34203655535146,368.6023078029341,12817.859943430385,72155.00630936393,327.54627890292085,6226.431266231777,133717.0223043337,437084.34345692664,228756.71266217664,135637.46409047855,374310.85045980493,152.43745366347076,334.3308132132102,10884.227056158257,38401.22573524947,311.8791630122898,6002.571858493266,85835.45857405158,259636.9570967042,64481.64599178883,24745.25767180974,237265.933472898,67.53197585207793,89.46827604885479,5340.513021116569,35592.904039810055,126.4950598411998,1777.7360046856415,10412.499283732755,96745.51889476118,18770.6480255172,19587.251731429344,99358.40756689446,61.9627858476268,84.8154618266425,4858.804587385202,22816.93633081574,119.70862735276823,1696.821499786027,10361.571863901772,55192.51387145475,253053.19971707324,177807.9039759222,433213.0537088229,1584.2976792884779,2962.4447792970295,36698.81206482846,85336.68719574319,14022.051962488355,62674.39813886032,139990.91554232332,349548.92217941384,248374.65274248776,169811.81916036538,393543.5696076129,1552.7869963084283,2882.8670093466126,29522.120092612,62387.69598988053,12619.471245763365,59374.14408106802,130453.73944067085,313296.73841880076,66017.43759196448,7540.551028171193,13752.22271435195,338.1147572672627,103.24639748849592,2260.1417830978708,487.784207106241,799.8086397709254,3975.170280723243,6387.35487428043,12420.580856451046,59569.1962048427,7536.894176798759,13740.108809482337,337.85150341515543,103.17783116377154,2247.720409089141,477.82259497541565,795.6314747238939,3963.815669246318,6377.007417245146,12408.074062125715,206665.45349572733,3391.3645930616294,40691.88547976362,16.025763706685638,23.220252924178133,2079.6636736337573,577.5536552889,37.14504737376324,1118.8012351082693,3375.0385312811436,40515.531494659845,205924.65530906233,3390.486499130039,40686.57645748523,16.024491810920914,23.218704643337986,2078.9317717658732,577.410540268907,37.14444681131204,1118.7678096735826,3374.1747802060795,40510.306326985934
coord_0to8,297199.8039693036,218104.4403247314,822931.2095671182,8856.287115950627,12930.621977555455,53839.41513682065,160415.22893243583,17641.42603837575,96346.76017649402,164547.82874729962,513885.13705623464,282327.13820784516,195197.83676347046,493167.26734750194,6072.003888914192,10329.296499161475,43226.325725812334,87637.88173858955,15344.075541520671,89015.73440874317,143577.5483705831,364610.5195986533,114968.55230335971,51950.938473907125,364898.1327942525,3082.6103497444856,2398.195744207018,22407.862546448985,80044.57640533047,4043.70173465421,14759.361975643407,32331.19176447912,188934.164781748,105610.93200218397,36529.97764194044,154096.53573996885,2401.729363845982,2046.300651414935,18424.754562063183,50725.70231305379,3143.908689186997,12956.812614797616,29361.811990958224,104911.7927053037,266127.7235760106,180368.64021674663,713085.7870706838,173.25429643528534,394.64443281891266,13120.912663360725,73397.76616268729,375.60349667588787,6742.943034696098,135665.88234745033,442688.9037795766,228975.65541847193,137497.50917993544,378669.9225267425,162.82548391257745,357.7561209441478,11107.385747834931,38872.325264751606,358.88513266042185,6511.594738087863,86792.03640761487,262417.0006452631,64765.72173307018,25319.96598936594,240459.29969594083,71.98147568638804,103.10550213368163,5578.038433264441,37860.107630370294,129.8206313814052,1839.8224950269469,10846.01823540448,99265.09357931896,18899.42043858654,20175.449101416703,101072.07246358668,65.92297906582802,97.33705114684568,5018.621656242224,23337.571564629707,122.69983014448245,1759.820373813676,10791.800131598528,56443.438190647044,253606.41667619342,180068.48325486688,442540.9396205223,1667.3239019008415,3135.157938061935,37556.50715983023,88293.00838777877,14697.045370744387,64836.41913237432,141976.03021127643,356034.07736792177,249078.8147229972,171650.097030302,400306.36594229925,1634.15507508099,3048.216106773545,30084.014603922355,63552.05606245534,13118.491202420699,61171.5062902649,131791.96652809108,317620.7542511541,66601.79314604506,8327.908203285971,16453.42150711262,382.4721252924292,124.21847262710317,2390.4112764738393,526.5917910643625,872.049520302535,4927.18881062025,7237.030645574964,15129.33592577018,60088.51396360833,8324.339948057263,16440.467266379765,382.1673064826052,124.14384169828027,2379.8571667472656,516.2933880669605,867.4874133851829,4913.336101604245,7227.072733834689,15116.114652229027,206714.96348384288,3469.11655078348,41422.54197345117,24.763359592678743,36.11391626025955,2337.4890325943543,687.2252505066272,72.28007487955931,1579.1363236967904,3449.991073725025,41228.02039319427,205974.34880916143,3468.0875438700396,41416.35987579502,24.761443581938536,36.11184686866562,2336.6159832242993,687.059795934002,72.27942719263206,1579.0959013009913,3448.983654257689,41221.96252421205
coord_0to9,297570.92753822537,221610.10127983137,833354.0076539716,9384.844355005032,13557.892733010813,54108.33020493611,161777.203109706,18251.530534529134,99224.73181790193,166453.2158552337,518717.67272584565,284869.5325543921,197703.71451132794,499937.02279481164,6247.297663076809,10645.248488742232,43609.45860245975,88357.1863062306,15816.496222039794,91470.75380495358,144788.38396311898,368387.9628029826,115905.03756662374,54922.61634411984,377399.69479085767,3322.9361990414545,2584.2929398419315,22756.73643862436,85165.19126936478,4376.831391839611,16509.563924859034,34203.77330322549,195359.70825109325,109468.64655034995,39300.85287503176,163587.024081991,2531.014338404151,2174.931772528864,18725.984594609497,52436.70830767207,3381.679452115091,14464.145054889303,31551.383839429833,110860.74766420879,266225.23000273044,182817.19169629368,719392.4103470249,189.61689356772118,451.82048728191535,13321.698943334482,74199.55435982604,480.2310996996508,7712.89495886291,137312.86701178315,447359.55825478747,229113.24975340877,138917.50752110733,382248.3776762113,178.21013033778272,410.3146406496003,11252.046313102255,39182.96870577799,462.1334324431012,7474.436354559167,87543.12576406257,264811.5730562772,64915.81645531992,25776.516990257824,242854.39075608188,74.50631413766112,110.95487042566009,5738.2408538440495,39250.29442137091,132.0560963128394,1883.0867551612057,11198.316609722773,101228.90708644467,18969.679142699355,20650.900162777438,102382.5597700847,68.17180179273754,104.47337685224481,5128.485419080866,23687.826465934097,124.69022847377835,1803.6299851940923,11140.5050809866,57432.36767019812,253957.40556911024,181867.8124335307,450422.4142169066,1746.9771056469813,3271.2443105466273,38064.37034897802,90154.86055050977,15185.25644945237,66609.16875535825,143544.924022996,361512.75643852685,249529.7705323709,173110.9562242915,406448.1836857235,1712.4684286017452,3179.1970320483697,30453.52347923028,64351.86113772717,13491.020371281276,62700.450336399226,132869.81954628284,321691.8220021411,66991.48912754044,8880.773176763969,18840.8837087146,424.945930834875,144.7685090160413,2498.4811271245285,560.3165782271783,925.2482031107313,5765.118540464458,7838.992964472452,17508.314490326404,60449.10693621146,8877.128477752778,18827.597635649974,424.6287626640528,144.69065235804018,2489.3216392392574,550.0107261141483,920.5588999519132,5749.560742514897,7829.303121713802,17494.513695362675,206729.16836625634,3505.9397793342255,41914.92347959609,31.350709152986482,58.17446412912306,2823.799813103715,1010.198614929828,154.61304036958902,2358.3134434744698,3485.013685169595,41708.36642472575,205988.6503415272,3504.819811507403,41908.188113641554,31.348004545303148,58.17115479363485,2822.799856502533,1009.9932375646076,154.61192183901372,2358.257864488917,3483.9211609123017,41701.78857584237
coord_0to10,297845.9759338548,225523.1814590277,844368.7512196599,10197.96753215994,14643.1299142815,55983.602853225275,165228.59427776752,18802.530092213136,102133.09556043979,168827.55293630264,524699.0141768063,286826.58656506194,200475.6846524897,507631.2445561003,6903.499522366154,11617.023393818825,45914.5296467788,90981.88454696197,16313.505545014421,94201.8992977027,146230.93117628476,373074.93865009485,116591.08588438133,57343.09225798451,387516.0725730035,3511.438016977958,2757.355020988375,22927.25186895289,89105.97150837864,4628.139180188197,18140.68334662914,36032.003133814054,201527.71721820152,112296.19259901745,42085.55796588142,172738.74290274057,2639.3258286157015,2301.447276130985,18895.40268817988,53537.54262448972,3574.2533481516284,15904.581096719665,33763.13241346104,116828.81627310134,266286.42176235496,185838.6741191083,726940.4144160975,205.3949029008473,853.9222810753021,14542.98077056731,77686.22617641019,1640.4511420792041,15378.57649044573,139285.68167721108,452767.54359060945,229206.75094559896,140503.00373831988,386485.2510188732,193.29788282181448,775.4937057688433,12471.779227228419,41316.8244525151,1600.2026250110662,15033.749505863976,88331.39846684184,267725.7709013773,64995.59767749098,26143.364513555134,244702.84384929138,75.94621207006236,116.28702666875408,5826.367781458793,40056.38402983132,134.05162338804925,1917.9389263187015,11490.76583394911,102802.5954500349,19010.15933027801,21038.28529617333,103417.64166164027,69.45414838304333,109.3401385792867,5189.974358283928,23906.230232569782,126.62674450975554,1839.7555001830406,11429.573851691108,58237.04353496176,254204.74427867917,184020.27960977948,458712.729414238,2503.1804206997203,3960.135297970057,39829.54638476144,93087.5185758191,15638.808412408967,69437.84736995128,145274.05309704502,367501.3989023089,249841.21414461342,174891.54529901064,413398.445514232,2449.409331625509,3844.891315180014,32866.58875384981,67278.59001555626,13868.478632695605,65311.824793858774,134103.373358153,326593.08827697614,67276.53903115026,9273.125397746948,20967.341380825364,461.9385669692565,166.36448875256602,2599.0523595250006,592.7024836770875,961.1359882657638,6488.320083643325,8274.069054889644,19619.83407390722,60720.588240615616,9269.473748821292,20954.27734399457,461.6069791020591,166.28114929479344,2590.711905184008,582.7122756910035,956.3567682212735,6471.228675907888,8264.47191215553,19605.402222914818,206732.92748247774,3523.0528860863283,42420.462373866736,41.23301581647611,145.70460007314938,3114.333549051193,1963.868838937523,825.4425723257765,6870.0421700044,3501.4100689255265,42210.86960407988,205992.4351803748,3521.899485411494,42413.47696274523,41.23042633374206,145.69803153334308,3113.2240653346753,1963.4886603590157,825.4289499576535,6869.898595511119,3500.2866779188976,42204.05700088821
coord_0to11,298072.4835570888,229213.39861497114,854516.4530729841,11516.573919881266,17172.581634214912,59927.07547938279,171527.72198191413,19226.075027927465,104331.74795411013,171176.78128373556,530579.7973301209,288423.3620384463,203058.2741344585,514968.7345434855,8136.472183745344,14062.412634772603,51461.71906306911,97412.48610862292,16744.347459099445,96378.90561772682,147653.499535457,377703.4313977703,117070.64745141153,59348.961923889205,395810.3332978695,3767.017749676146,3219.5168882652483,23868.050766216747,93557.81257335022,4860.760557447522,19622.067534915062,37732.2932578155,207168.40965666703,114363.2723443749,44689.622498215125,180993.21911946917,2811.2621718514115,2674.1668591401294,19704.840319096835,55277.43012859821,3759.5746741784715,17226.45547747739,35806.92860920871,122339.28749492532,266362.32720001374,188795.17217700664,734244.3816529147,223.74625348240053,1292.8801604896962,18191.63001162941,87046.66624864357,3791.1856922477627,26740.516759993443,141144.47980025888,457829.84521436045,229307.0590103895,141988.05712528035,390566.10302613414,212.90846512129608,1175.9606719266085,16513.39514783436,48007.41709052148,3671.7781290727785,26159.615024056628,89042.68748248597,270502.9396803181,65040.285348452984,26486.879101065493,246379.99058406247,77.02191083908534,140.46534356533328,5931.130008517752,41164.818793174934,146.04678148587587,2020.4980523838678,11765.770028744839,104218.42166216685,19035.097604015293,21412.745773231436,104395.17225161227,70.46541632126304,131.8288845163668,5260.649554317111,24161.386805270085,138.71230470601847,1944.989386715647,11702.211428868724,58987.10734948333,254407.87779168683,186138.71939321954,466440.661402548,4256.184013483922,5462.404591496463,43627.98308169934,98321.75512756771,15981.305206896717,71917.54715674352,146923.9038636947,373133.316378542,250086.90680030288,176648.64425012865,420054.2461770767,4119.679675308741,5303.190753368521,38383.38093512441,74017.23529341456,14161.338625532713,67630.09866472577,135300.278293407,331339.31349014316,67477.48605484083,9520.12111916667,22647.26706339019,516.0742202256756,344.6757719827836,2825.4225613058247,983.700590368797,1006.8941406045559,7133.9548291965275,8551.091985052448,21279.336194075448,60915.39367065545,9516.50989263,22634.65528315978,515.6861273597326,344.4788646519019,2816.751835435688,975.9138896089851,1002.0616913040762,7115.854064712706,8541.603679676868,21264.557281299996,206768.67499576157,3531.2433019113228,42889.39718271138,51.04320112906412,295.27581859437623,3143.257995187377,3170.098489309154,1339.3994487313894,12263.200531483895,3509.392280879912,42670.222626545095,206028.0557857483,3530.083437522387,42882.31230461878,51.041035334281084,295.2650328044517,3142.110198361576,3169.4778433659603,1339.362236399188,12262.94647805701,3508.2631106747567,42663.317042016715
coord_0to12,298225.7734733148,230690.62529723093,859251.7287043583,12431.520191412852,18796.689311623402,67352.97974263143,182307.1563988237,19544.314772193095,105733.04883406246,172189.16052996094,533238.5367708252,289470.686511135,204064.3037955116,518807.2529118485,8935.213236615873,15645.75483824877,58717.44180051946,105540.72680413055,17110.16422689654,97921.6015371669,148233.44069681628,379972.70423059264,117395.96256204737,62041.016457688405,406185.4916749309,4008.6257153211445,4158.462009111158,26401.26230697214,104348.26230344034,5404.8390981514,21912.625111784728,40144.800304014665,214779.50019514412,115657.70861739984,48263.49221133031,191023.03138193281,2973.8956311771676,3435.474778997274,21821.260723601525,59177.77702016506,4250.736217865779,19402.91259744473,38572.95776077268,129249.53262265126,266409.14419399167,189693.91222380757,736525.7837802777,278.363584080596,1542.168065737484,21393.371577740614,94568.2233647174,4593.921667848667,31565.04605500045,141742.87872660463,459633.8075926915,229370.2356806901,142455.61685936383,391875.09903066803,266.4731044070863,1403.553007962045,19836.653972852986,53162.865507354494,4431.240693520349,30871.451202362805,89305.00624247122,271409.0431467066,65065.61302038803,26728.462686643055,247544.81581398446,78.35769007843425,194.32421655417224,6342.7835996881,43094.366257760135,197.51150906306313,2373.6703089224584,11953.026285551001,105179.5259550615,19050.344139068828,21679.451685614302,105086.36243182111,71.68276432677366,181.60512889173822,5567.407513909994,24895.786845826908,188.61579674562827,2293.670851779535,11887.274108100013,59495.40196892403,254543.68505706324,187049.05603971786,470842.2189625098,4930.544754729192,5977.9270003403535,48818.577079065,105088.80020965618,16237.387288616674,74394.1817261172,147714.8254160818,376240.2468474674,250251.82724840168,177378.21775444847,423780.98444098164,4742.256926731965,5798.092938284609,44026.20315163325,80958.97715005308,14395.48316089239,69984.31612530032,135843.59145496853,333911.85569715075,67613.35403063979,9832.973654509668,24644.801719707168,562.6223589643075,602.2318238927483,3091.892742866559,1728.853154343261,1325.5860217701593,8802.224211576435,8890.463307656311,23246.087334528776,61047.92946854142,9829.499194895194,24632.869620074416,562.178621310897,601.7262112259554,3080.909261482872,1721.2959441329801,1320.5056505537202,8784.266036466073,8881.200374343056,23231.067406494672,206792.80874690894,3536.7346631894357,43055.20053491996,82.27571992868654,399.9406905066668,3297.8867156573683,3720.8568213708677,1462.267696491695,14812.92316125238,3514.8240341049755,42833.76866585139,206051.91442505064,3535.5732467344296,43048.0914535364,82.2733207129637,399.92789958114815,3296.694435731178,3720.1353275251117,1462.2215510085557,14812.614535392686,3513.6935434391376,42826.840862087694
coord_0to13,298326.989786924,232102.40594347342,863547.9817482565,12722.757646272003,19430.382729565496,68818.16527272826,184623.88124751544,19779.562205564547,106861.1880836781,173196.83315795587,535833.2721320043,290052.8096049621,204999.2041768141,522260.55635079835,9148.797595893584,16256.591639952281,60752.4344534972,108077.31286943726,17402.196033362066,99218.23927627514,148805.66461208148,382159.9632074085,117617.17780300998,64635.45234467032,415900.45624285605,4155.709098222753,4691.98607059834,27667.3787946115,108029.43045300395,5752.572332500837,23842.443562544093,42542.514108284704,222126.35192596237,116355.57334324915,51691.20271985946,200240.83588547015,3056.688647947244,3872.3748227349292,22974.340851270685,61022.98097868728,4555.601271285246,21191.194875435096,41210.66708884648,135711.0073061258,266444.62030744646,190561.88372187715,738702.7471890093,360.01804372992444,1790.3514735229219,22773.475240595944,97712.85325615507,4988.484427658989,33954.24597379704,142301.16243285002,461297.76606406725,229417.31177343175,142891.62244622342,393115.0963999095,347.8611635417119,1635.2358701883381,21301.24241654023,55383.66261003331,4804.515023877897,33202.96936284468,89545.85765706775,272285.3858936896,65080.83896258443,26907.614653612705,248396.5056813335,81.06388789099648,224.7334844486746,7032.686529321179,46064.53214390769,240.64756123564518,2633.4314573770334,12073.670646211955,105795.31239056414,19060.246066151623,21876.391878912695,105586.57623248654,74.09505065864992,209.0510859129277,6033.684066036929,25963.80657574428,230.62613478050483,2550.6214343392526,12006.320162782233,59822.22001557063,254634.08915061053,188008.97950462636,474900.1508689089,5122.596740407429,6131.852768415661,50163.41478321855,107141.74372074752,16445.21338824111,75994.9571216501,148523.3156196806,379167.4053028551,250362.18678386658,178153.60456769253,427293.1269993025,4909.810579619365,5942.89364268649,45797.06357359434,83322.397872785,14606.129444236147,71553.87777501224,136405.45841603883,336392.01982896053,67708.1995972296,10073.372142430386,26408.844844780804,594.2844701037139,801.5457529463782,3265.299868270987,2349.1975192476066,1528.6875598443232,10024.04752437463,9152.374966887719,24979.224802160385,61140.39997920999,10069.99347299179,26397.515844047077,593.8150900812227,800.725000447627,3252.273226493016,2341.227660687706,1523.6101844624368,10006.170771394467,9143.286441518603,24963.94554020502,206811.79228432136,3542.023692861162,43212.72540559454,169.8805295049242,587.140889799061,3312.2327520471204,4002.8004197756054,1554.9665123426328,16076.53185390538,3520.1258874784317,42991.11178765925,206070.74182563985,3540.860908947951,43205.59302442356,169.87739603926,587.1247306989061,3311.0365528502184,4002.027922836805,1554.9122129402522,16076.183337153601,3518.9941007426446,42984.16150053053
coord_13to14,970.8588568012824,4706.795346411646,8470.987378824551,7.852804431387447,43.848336260987395,85.78121722098416,758.6745034845118,10.891313231568612,242.14471311029837,3842.4654771522282,7523.705091088198,957.9305370965621,4441.907236256026,8000.376502636317,7.8386769697601855,43.536749825020834,85.65886791696109,715.4327389503507,10.859744631614893,240.70196128121128,3582.88928766815,7025.459477228902,874.8546835427733,4577.479459655236,6713.537197910453,3.408988373345082,15.802589114045166,40.11611707707577,412.97580637567614,3.591824323477822,88.54317604790803,3640.982408137768,5861.14006958382,860.1795036603907,4366.060126657005,6276.264590969617,3.390513206334915,15.722255392057594,39.78960251983387,385.67642152655196,3.5732558431750614,88.08988726653433,3456.206615050267,5420.443769557759,678.0060613904672,3906.4654452859413,5937.809065430096,5.024048956762459,8.256701294664074,31.355841338630924,344.03278232788125,5.048550132613845,73.91998291631612,2843.281754771737,4887.5383040068955,662.0687639700087,3753.368738779498,5634.0265891060835,5.020027106076956,8.252319188587137,31.178908678149817,328.2409819634558,5.044842166166907,73.87933684932621,2724.8991654115343,4577.092895218245,568.4174255796727,3859.708213551744,5169.709268663017,1.041163924725838,2.0920761080121864,23.07508138302497,181.74944972203855,2.977425813083393,43.874056440918864,2741.2938621933617,4180.066164624513,550.2480684296311,3726.541799954573,4865.868112486456,1.0401008023533276,2.090460137281901,23.065158120239833,172.53057339027703,2.971329532758446,43.82615789284006,2653.2301726926444,3879.6138181709453,623.378755191635,952.6332447516917,2716.3308529090773,0.82679401005456,7.3115871955727805,25.758824582719974,266.84667387713216,1.778133739060437,62.67705936273554,741.9872358729983,2373.979664045186,622.88081832399,944.6262363505825,2701.31175169616,0.8267540588914847,7.310276512163048,25.752070135079386,265.2405935431867,1.7775709507895412,62.664539014715686,733.248034890433,2356.411832225726,497.47292005058443,0.35422139567690336,15.51934205081031,0.09300427136649383,0.9646472199385355,0.18179303940407898,1.7664343101911737,0.1385849430274896,7.831467998309125,0.1931496973278099,11.382660005885318,496.91291989838624,0.35149657676821316,15.454911927292128,0.09299654121659547,0.9646054483110653,0.18161343744651676,1.7655294277257294,0.13856550419162836,7.830888207447726,0.1929707126470456,11.376027786413305,118.49396574619755,0.27905467258532307,23.315220935615123,-7.150051026155355e-13,1.1077838097411955e-11,0.06973075802050739,1.298537700209617,-1.3854259509140788e-13,6.300318057990316e-13,0.27899777377303653,23.30599764599267,118.49270609337007,0.2790540155133662,23.315174399356106,7.396154444873337e-13,,0.0697298994244568,1.2985279861989103,2.182261756467016e-13,2.6880066306417188e-12,0.2789971173355954,23.305951163271992
coord_12to14,1787.8365362624445,8184.8957328037,15646.482995311348,21.867895500334388,113.58545449974345,189.59022834918,1700.9804881235043,25.576734662388024,610.2477085506064,6983.8849077263785,14207.947002714222,1768.7329520118496,7683.128853698717,14594.073429537812,21.801877866060636,112.00777584997134,188.99109649601908,1577.9335227317504,25.47744385281888,603.8294212326512,6441.683835573615,13132.141279077468,1575.774737581816,7628.557180743183,11549.040772884951,10.672821789288365,45.63096851021916,109.50635265462975,1015.1968635339001,11.239096944996124,234.98763915479634,6206.794688945661,10200.615806459236,1556.2966506711982,7316.958895071623,10591.097429792646,10.578134801680958,45.051326733725965,108.46738935559164,926.3233505594909,11.155512351227044,233.21035600228046,5919.662268596412,9276.58775194258,1199.4655485326864,6381.621928781275,10855.349740602407,15.89711463918013,22.769138412784518,111.34452141778729,1103.2562051761647,17.74525745059188,272.9552999947186,4606.079631652541,9035.667747107862,1162.5159599219796,6107.413996085671,10188.289238725552,15.862862447107126,22.73995041297159,110.06224637889802,1020.9421541566603,17.717561108862256,272.7162359405707,4373.995308812784,8332.709568043902,940.5435561577499,5967.667662526311,8357.970863346627,2.0760105791678964,4.2710254252309445,59.584648172368944,423.94927118965876,9.168524342953365,109.61077728388545,4018.7156833838044,6680.88850155259,896.4605981719842,5813.535553485619,7711.072759978273,2.0741972586274158,4.267932475162286,59.519180202783474,389.6183189411794,9.131848899330729,109.38712254035484,3926.1931247381863,6039.266465312098,1161.2743968357315,1997.3225011305287,5383.552059117105,3.412656099118993,20.945029569432254,64.33452659626862,653.7939447744898,5.55131176032516,175.51062667445774,1562.7227551530295,4626.797054805468,1159.9970037364733,1975.7704085862792,5336.699598705146,3.412152709763204,20.942721499464344,64.06014442226714,645.9052747773102,5.548335432517819,175.46034387611218,1539.3950013526214,4576.90025783041,930.4236674666417,1.7622677658349546,59.19097716352891,0.7605403911392963,4.465655100939795,1.0301950457777023,6.690028969449704,0.78622166191644,34.52167145642196,1.069744087597355,45.976177993782706,928.5264385262318,1.7421940751913583,58.842458271718364,0.760397828424219,4.465228930638065,1.0286140649960933,6.684436672507142,0.7860784615043073,34.518383032716855,1.0680727947688025,45.93702345794876,273.0471497737523,1.6882336362062722,103.40998514490151,0.12860228244783234,0.45151318127153633,0.8660876592848112,13.133732287085811,0.40742012259168403,24.062594871417016,1.6879799699635678,103.3733287786482,273.0430787717481,1.6882319856519057,103.40988374094837,0.1286022493350586,0.45151277982094173,0.8660854373138315,13.133701894542673,0.40741970370554975,24.06257452813424,1.6879783211526282,103.373227522737
coord_11to14,3247.5575714764177,13059.266050523232,27120.958606724187,52.236294367464176,227.69507156138044,445.43851660705724,3511.864646160616,57.288441842799436,1376.8520757752306,11550.24903691154,24865.73944469515,3223.017430479979,12234.482908534541,25100.852611069422,51.905180333562534,219.83368822137086,442.25845508798153,3193.007951104378,56.95481709662775,1355.9182749861843,10593.492614993917,22791.999261811867,2740.724550917201,11267.489371887517,18372.3198929371,28.350399531519006,97.99951833930146,265.9734999141431,2059.3277026577834,31.003661556803085,529.1953289060251,9458.135813285739,16409.095219929673,2719.622451891796,10922.733509520489,16571.992845804994,28.01691211335737,95.62781095414667,262.4189419717165,1827.0876696866756,30.742874382854634,524.3677314716865,9085.804918799282,14680.087017423151,2132.3648144647473,9688.043675694835,18966.57231685324,36.76813824067057,46.84061217034956,248.58244904361186,2360.962986064897,40.31402428331752,742.0911563458436,7222.140709120631,16195.593182784944,2052.2235520161444,9182.15991827451,17565.001824561637,36.61417103060604,46.72318809882877,244.68236938115814,2135.1197049438674,40.14154835182705,740.4290537017519,6713.373460450521,14640.546089296833,1490.4420728843593,7976.201983824386,12622.537005805234,3.3556526311270454,6.8951659945627854,157.80690942239124,836.1763868946995,22.940256644371576,196.89560272185403,5187.5035763831265,10002.747125970083,1388.8189042684164,7858.006846369589,11359.058213133103,3.352485974395089,6.891039294885527,157.4448494142809,733.2041827546901,22.783687460340396,196.18931370414796,5113.944664158436,8746.977065677635,2156.0677056662757,3405.43648795156,10007.965182784037,9.883183648688034,48.57140214725267,175.641322649623,1504.36203250394,12.972561311058984,436.12854829431143,2708.487671287721,8609.784623459713,2152.667316903343,3360.3131518070522,9880.19681243195,9.869036340633993,48.53096767770079,173.94065136374758,1470.8707208144313,12.953209482260327,435.76931509772555,2660.577267649084,8482.465404110448,1614.6001619745914,7.333404613588281,181.84157959070504,3.5479635115441965,12.815204752924622,4.775792015332238,21.05105767147815,3.752121926358756,120.34232889767192,4.851765970989404,147.66680087220595,1608.8873260053463,7.221437897094167,180.42999546229882,3.547327699012902,12.814016712493837,4.765862533727764,21.027571795740098,3.7514959091673443,120.33195604666109,4.841266601048214,147.50159320922478,689.5074812146554,3.228317537699702,233.14303410133255,0.3629239542692777,1.7598340439769473,2.314297223520759,29.425506382580377,1.2365166978571744,90.39182973185251,3.227634329265613,233.06781296977616,689.4901168318617,3.2283157743045976,233.14285602941587,0.36292375977053354,1.75983220144096,2.314296607447019,29.425483754037955,1.236516024204207,90.39179171282495,3.227632568599148,233.06763532096423
coord_10to14,5464.295049811208,19560.448540296307,41298.68606032289,125.15593145903215,492.38834068328833,887.205544278136,6397.285035540673,140.01278775333049,2544.297857705855,17672.86452327142,37801.04688171693,5434.962546393646,18313.336663051105,37584.88032519449,123.44843048295994,461.2739299635338,881.6217503736717,5689.5629921844875,137.09609013384824,2471.3014041318675,16111.57239030781,33954.51892763482,4569.670837897682,15122.592312399554,27743.754212529126,68.06809156430258,187.22379557752737,574.8123775879081,3712.187933489608,79.55936073735901,1049.5324479647745,13043.056933361506,24921.36589335262,4552.604099870337,14793.714113694437,24565.205577835943,67.18808089807932,180.30808088839603,565.7082357849702,3170.8086772675774,78.80149486139328,1036.5915782989498,12614.995889138167,21828.97201726417,3555.0451485706685,13367.545415478358,27608.457394304703,71.7652834761932,85.20965609473161,453.92189059654396,4184.123753391991,90.1385852956049,1495.6918790576192,10173.652179229022,23839.178556818413,3388.6637067556107,12662.452356883416,24912.734281034354,71.41000955296624,84.93028056921914,451.25869257064505,3677.718413450273,89.45128097111768,1489.9273731756346,9372.54572722504,20783.074492302905,2303.451821933565,9526.956703046153,18218.359300764976,4.524095700374729,10.111415859706458,321.47166408239195,1553.960745290051,48.31027792036007,333.785098901529,6056.800968624893,14302.848020552634,2079.24480927072,9462.664765403182,15917.05318266319,4.520587002535128,10.105845790672449,319.83336331877877,1265.3996257568513,47.914282944426134,332.18982049698343,5998.394190955131,12031.47894333572,3739.1515623431624,5542.087832160726,15933.454102791657,29.83169046582491,116.6179875874633,524.6428235467166,3342.7269740937118,33.65345104104758,940.0628959338126,4482.915158059695,13695.738423272196,3730.06039887739,5454.621248527093,15617.313477477563,29.710159064967367,116.35328804960008,519.1035345648933,3235.013353174736,33.5115252522832,937.9078430921795,4388.437814949451,13393.70570989704,2760.6847316304925,25.52381644797762,451.19026326115227,10.795127753462074,26.77767949005826,17.88290321735452,52.54138872837241,14.156150544388247,298.3529292559544,17.975695996073476,378.25251226336934,2744.2537570398285,25.02103505800648,446.7006569397601,10.793314245163169,26.775226480255313,17.832679869194344,52.46613685206494,14.153699635273012,298.325489588212,17.924814833772327,377.7092199671156,1378.0364109461648,3.9588517623860966,296.3071842053631,1.6880745131115795,6.466628666214146,2.7104146735287022,42.68691499691834,2.9881076809472598,230.83085661361883,3.9573909820336515,296.21708970849613,1377.9662503214347,3.9588475227892332,296.30668577596373,1.6880734683122818,6.466622272958406,2.710413204041427,42.686882623810405,2.988107074092268,230.8308014500568,3.9573867578929267,296.216593005104
coord_9to14,9444.379674364196,27751.479093723075,60788.36844243137,298.5874344042907,985.1565123342978,1704.2199001987783,10884.486614416033,350.6358241659027,4683.366120115683,24981.246166629702,54907.231896413505,9406.56440542287,25915.395688507942,53958.73159494603,289.73959739345275,894.5016996354475,1696.4540332171125,9327.338497533172,333.38092186098015,4465.540246586549,22586.02203731729,47836.7352497812,7204.382685770031,18930.39463562729,40479.459682311,146.34671869681577,330.0134196001817,1107.425451758717,6331.865119869018,193.2586898229062,1978.2177448347602,16606.71714780998,36321.87047146513,7202.392110119776,18597.622234410155,34934.75939292609,143.9764050582931,315.1492336359619,1090.6139844118375,5078.452031601005,190.62148419307317,1946.1630716885172,16123.108647138379,30855.18833584252,6646.964927796357,18078.894813573166,41287.69745240963,113.61736873349685,134.7890429527658,824.4215511374468,6963.967393906888,195.2712382626632,2670.95908984041,14356.53765511255,36294.05465652278,6308.859832513319,16992.426734582637,36122.32178661507,112.98801988894407,134.26199437858858,820.1702248286044,5867.123825127445,192.8038865025545,2653.945705213819,12907.462914993443,30262.516397061096,3499.683853004672,10649.46867821782,25464.65672659779,5.682914304311081,14.675048274507786,607.8020822091192,2976.8069969533626,83.2105229014251,531.9961013473297,6690.606891907823,19769.12872691442,3019.1128196658024,10606.27086028448,21421.284310618958,5.6784036718942605,14.655278720264873,597.2101908555769,2210.0012715852063,82.43254162812474,528.5261609962714,6627.523046511788,15849.79099399412,6939.513974003283,9269.754649772087,26199.34241581433,87.90259520929385,237.8487934277034,1102.1495432461936,5964.36776293866,100.90064708950344,1996.766659812172,7663.699552434043,22589.272625769543,6914.375608565422,9061.17602147349,25391.92764677647,86.99200927939233,236.4469651109741,1094.1415963339662,5703.51453291541,99.77696847026633,1985.1144392299,7438.556485665359,21834.361264614516,4475.578887626055,76.06892946032497,998.4025117645558,22.99247962789552,45.95208483625921,54.01250003982027,112.94515811176814,41.36677177126524,635.01472700398,56.36145387890489,858.8069519937142,4429.780769514049,74.1834330677481,985.9293830935379,22.98911522229807,45.948052286814836,53.83357173288752,112.7403266955236,41.358524099475744,634.9428134559738,56.159702959299395,857.2559510279115,3425.17216149783,7.010489313165849,488.70023495924556,2.1140896277616146,10.073541301167923,3.308053030782956,56.34768355847746,6.547562926063768,434.43025960105507,7.0092013541552305,488.5921548925278,3424.8819103452743,7.010476521605398,488.698791437666,2.11408617998813,10.073525188716701,3.3080446895904725,56.34757553042499,6.547561056727893,434.4300632892689,7.009188621736359,488.5907171640154
coord_8to14,16593.625651690032,37932.7551278801,89183.9474773228,682.1793331787976,1802.8529031517492,2933.7676179116447,17789.30072756839,851.767707508093,8880.911886528402,33415.29252295762,79106.18225454038,16515.530350056248,35072.942885294375,76531.13523420892,646.1866153723274,1608.6386125434137,2900.7362155069172,14440.70589237487,780.5615835748324,8275.109900383663,29712.810480098997,66239.49285338001,11028.320166642794,22569.54660653685,57388.8526525883,278.562157932447,537.3113729463124,2019.4201221643996,10946.761672444876,433.11858304321527,3494.702437522758,19939.386925309875,51024.25112131832,11036.71381794567,22178.991334932525,47829.62532808233,272.2065098646953,512.5093530058582,1996.8934134023066,8040.778410512855,424.88487735713494,3425.22764512589,19388.612422219492,41632.63780312962,12646.541116761868,25295.415565880958,63839.78699295855,149.30090348836873,203.72293173782631,1524.1010477272796,12058.729447643515,406.39983807727253,4684.357770399057,21183.48352184298,57169.55308906165,11966.85200460916,23287.96906649405,53797.12067617703,148.69840236158615,203.03366753895148,1506.8094079608861,9571.10810889056,399.96004340129605,4646.620371066056,18193.526957879007,45241.255825115324,5245.444778477407,11483.73665066212,34727.60380832385,6.814012243554401,21.026294389168683,1068.1729987927517,5666.8253859607985,117.20156139818614,803.007088036576,7190.733750452436,26564.090184979013,4247.841719697427,11406.650936583203,27855.379712715323,6.806864815980066,20.952421372027175,1014.4227874374188,3830.6457005072075,116.22845437803626,797.3710998601807,7106.069214931274,20147.57408344384,13123.483340136163,15070.44545771978,43108.56370735152,237.0355660476691,456.67842458587404,1768.6222199360036,9252.910560911834,293.5373015257481,4148.37382814551,12764.361381730043,37417.7635696557,13052.515893339725,14507.797108250086,41078.80929212701,231.76321465139097,450.80300135858954,1762.797854556395,8687.8401516482,286.2606299026796,4095.930744279111,12172.103374629438,35546.555718061296,7084.18168942057,195.30020462599157,1971.4496127198365,41.882355483848265,71.76839798845359,124.3347044802415,224.43206793275712,94.1914186148437,1145.5451709398824,151.34601847325126,1733.660494135775,6958.4675981451,189.5187772917767,1942.0196993150726,41.87795969021508,71.7639064047546,124.04027201053854,223.9819277639569,94.17641267138593,1145.4275010961887,150.73581410906425,1730.1355057842777,7913.075003305142,11.251517952953863,804.2190772548904,4.3980315227585285,19.32416684627295,6.6371047288483975,90.2427611632256,9.889804232475768,653.2050211653561,11.248002135920654,803.9044780371677,7911.908677940311,11.251433606702328,804.2141293512336,4.397989171062521,19.324048927297714,6.637022270025037,90.24201734529355,9.889779030859806,653.2039245132397,11.2479181053773,803.8995498711157
coord_7to14,28860.145828035947,51076.91709398969,131008.67375016936,1403.1804846385446,3009.4875341780075,5158.7951762418425,29012.217085802233,1893.1845143270577,16036.619877017087,44002.300623706906,113753.38375661358,28697.33507395089,46288.04605894442,107430.57266773372,1306.7122737206234,2699.4936181576963,5031.60052924739,21669.59858273177,1704.4697894418744,14810.738193078356,37976.82872110117,90684.23306613219,16551.183500485087,26139.07916847638,79628.32441762282,473.16031955333267,814.0873500103079,3500.2982424343054,19298.561234636807,862.649472445274,5716.347640118097,23048.34920479021,69395.39237559438,16588.451904080164,25613.558920668107,63235.13968998956,447.73581509011234,772.2005506296844,3448.5684745766507,12704.68967457361,835.6946565164715,5577.621330208777,22411.043102255913,53790.75479160526,23387.530401138745,36793.229452670974,100157.21417347321,171.5908355473608,291.81936401678325,2873.887200615963,20377.793683832602,784.3771809441429,7843.20781269483,32014.869960300122,90182.91867531755,22023.65055139255,32702.860893866764,80309.64767247695,171.07211825815799,290.71833801725865,2810.068349028558,14885.297949618602,768.7474608228802,7762.870882324795,25743.469566071504,67029.25649705477,7790.375031014895,12250.849344638424,46656.532849421645,7.953269609338803,29.246503555502258,1737.2765107612554,10519.041694381482,141.52185514264343,1131.0769000218181,7644.203446316967,34825.71879847147,5769.149418787888,12052.762461194723,35087.232923134085,7.939872566039749,29.02640292391752,1555.1524725048737,6398.187074310125,140.3476295506346,1122.3527445581512,7520.817312335706,24711.188139434013,24136.299267956456,24168.805890043328,69870.23231261155,565.9526261488435,822.2009192643371,2818.1242479577654,13951.980572637072,755.2781455780745,8099.428756647272,20846.115765308496,60912.46233660139,23938.43063412197,22687.20451736634,64954.58212882396,544.0892444895903,804.20619214924,2807.9938077048305,12681.58817883159,723.7962872085589,7927.884761566393,19329.176834231042,56457.69336036156,10973.951229436507,440.28209608574224,3520.058834594223,78.44040120727136,116.65089155799245,231.33009714306286,406.3454663002008,185.6793747774486,1886.9959516855831,357.7279138664062,3166.738214826697,10635.191300244818,426.67060449467874,3465.131318265196,78.4319883525607,116.64183559022521,231.22372012169743,405.68976817720306,185.65739149162093,1886.827305191623,356.48978017959763,3161.1987146344973,16434.789671452658,21.768197720658605,1448.3815676876475,15.119153318670593,45.21249274284065,16.459720271864917,166.17448065856254,19.68841199592824,1126.1415946264176,21.762519726859978,1447.6599016058155,16430.55610911917,21.767611418244762,1448.358573370996,15.118653305248431,45.21141472945211,16.45911070777963,166.1707473054112,19.68791379877531,1126.1268227791165,21.761933839767412,1447.6369425475743
coord_6to14,48995.0446560428,69024.05660758483,192652.58581780782,2463.114790714653,4530.03741990489,9239.005724374814,47703.88769430977,3718.12522668127,26923.402187370077,58524.95122039182,162678.98255697743,48542.36157382077,60939.338965740666,149783.10062435237,2298.1939327309724,4177.667610271542,8892.773434247805,32381.30195020657,3348.968690609997,24869.12097316265,48734.834987506816,123378.0808819827,24459.9659128934,29865.84614367017,108683.85541070119,769.0825872037934,1191.1997717174165,5729.492138407805,33280.75888645659,1505.4043574617006,8609.272938083344,26041.256531889572,91488.37172882589,24424.45283216166,29081.641436232192,81362.06326976935,678.6558361981324,1105.1697913615526,5527.006316374677,19755.67458113329,1435.1191662019075,8352.255812667445,25342.61900649565,67157.70518655833,41407.19877503356,54306.64805750435,156015.49277254622,190.34448195926225,402.35420245008044,5252.867095526832,33636.14623894878,1366.8954198550102,11921.893108067527,47745.607225106,138268.80597959712,38743.775048138625,46159.23328971686,117801.65082482575,189.7250905224856,399.5937527805837,5082.691150975914,22377.68790050964,1338.9832119989737,11794.506656435102,35746.70910019702,96386.9480285188,11489.531105319982,13192.081007777644,62295.85615896319,9.32522323448664,39.20669939088394,2584.9497938666805,18411.35485739137,156.7607545104153,1459.8621703697027,8088.246515801855,44532.34420678668,7570.4575230553,12710.133768396636,43188.51916387307,9.290093640970584,38.712027807286674,2149.6505900564953,10115.063333882175,155.37760713042138,1449.225440470609,7907.232445597464,29470.25977583565,42606.63079319473,38444.040213235785,111005.84045561329,1214.2152381825574,1457.6916717470472,4782.953212203072,21749.905641454476,1734.1933376650484,14482.659103043457,33513.309920677646,96759.37799771366,42087.02345970749,35065.739613657635,100001.82271945741,1151.3268969805001,1414.4371191994217,4730.878506565588,18705.154868687652,1641.0419054205086,14086.708186762466,30064.727345908614,86904.22216501432,16711.461826665934,909.2535984237954,5819.04641049773,146.6439722650394,226.7390852505225,428.1113416659934,702.85895720716,340.7215991882773,2977.0058624323833,778.8032350640033,5369.3050336415945,15834.678788103982,886.9571692255723,5747.070655714448,146.6192037057201,226.67637387678482,427.9090101417639,702.0958194781673,340.67288860353403,2976.6898689285044,777.5010413149481,5364.667495051968,31180.568952061272,67.08474380091748,3205.8066780785534,42.06825526823345,98.06235139705288,61.78493135676279,377.1515103897572,54.57094932693325,2153.4716747831203,67.03438266675555,3202.6526231193316,31166.592124046638,67.07806966502838,3205.639690319034,42.06645833485773,98.05820085131224,61.778209353174546,377.12897801753525,54.56728509846479,2153.397528744041,67.02772902407322,3202.486205659994
coord_5to14,80527.1401297897,94283.86523302528,282157.56729857216,3753.662977370751,6363.014529779319,16222.64689484453,75145.95990812287,6423.655929644186,41759.96776149203,78717.6135952554,229050.2464995374,79879.89971185868,81361.59270644921,207242.15360059257,3485.802402058737,6024.762674287392,15709.197444535384,47328.774107895755,5912.813941012317,39080.65016903758,63773.65513645893,166681.45369046487,35636.03295235793,34278.164564421255,146748.3887015271,1261.6704955196008,1739.2427713519942,8843.235872946307,52022.81373619522,2353.41980167188,12106.884412656258,29099.550040520175,116927.05934660572,35938.74781478466,32905.196858584524,102209.6171240903,1003.8763217772355,1546.2026940310436,8174.641621382147,28866.966758513365,2176.007654090921,11599.753646741092,28396.461012750708,81302.06219139179,69897.66061007752,79102.28983979354,236956.5889724044,210.94600373891592,541.2016041594142,8872.247240597597,51646.29564651947,2103.4239103696245,16513.03665002054,68458.65828951,202206.11881594753,64989.3596553636,63825.862388478374,166789.24172015782,209.93105332723246,532.757321859482,8478.313593157742,31439.84995517992,2061.684941261648,16337.56025854058,47703.92017470402,132544.83565993706,16774.719072531032,14523.568262146966,82946.17291514137,11.70503926162478,51.97880148615488,3504.5095676519654,27853.484104351308,167.33764740130053,1726.3349445254003,8531.64738111826,55342.08401589048,9551.486089101021,13494.024756929988,51951.692495470204,11.590713077488019,51.007882431952375,2751.3447828082635,14291.376880212869,165.46760829498547,1713.0838758091036,8275.028225803098,34151.349572376865,72047.95477072206,60534.74455882047,173120.90368026766,2261.936851006498,2639.0875103478106,8577.415537938332,35076.126086139106,3688.8623875139897,24485.882354450572,52968.62512666845,150218.24487942588,70811.98884625902,54315.515543427086,150995.78970016883,2146.92941019765,2557.592216300502,8512.025414235217,28221.750834936396,3459.3452800398877,23709.038723035508,46320.913033131685,130269.3379385673,25170.812292359107,1810.4916646794995,9187.639564687923,241.2426369665041,440.04717683757275,906.9227629179279,1200.1295786405988,605.9768315607758,4626.929020448482,1625.0715178317419,8670.55464949078,23046.14557832668,1788.1514176030335,9130.466529429465,241.18007728431556,439.7356195078384,904.7641275753219,1198.4540460828257,605.5783567711609,4625.215663543543,1624.5294441804372,8668.547354111188,54980.69875471196,242.59905936766748,7456.679922854117,75.55384015077647,154.2744019992922,237.53461678133974,842.7574483154946,110.20289648593884,3376.7715884752665,241.28472766451804,7429.506679805743,54938.25361870747,242.514430923899,7455.3642905335455,75.55267685947348,154.27056694633387,237.45123079353695,842.6045919500714,110.19853682821048,3376.702110275053,241.2015826590168,7428.211698135877
coord_4to14,127614.46523434877,128861.30742480315,406162.0738270068,5620.122813963328,8978.709910313226,27215.914784061206,108427.79424577966,9968.847357876522,60277.70894193795,105172.02537278461,312718.0631745079,127130.84526980326,110485.37598868282,283837.1609570681,4825.177485109123,8361.13192438094,26249.9413645532,66034.4326782082,9353.697426480394,57136.40259608377,85012.29115605667,222903.20151021317,51259.42617245222,40560.94722077911,197833.86257410655,2044.465602346821,2523.1632761411065,13165.398511114821,70915.03701763885,3419.8507001542184,16191.325151927604,32589.494084507394,145293.45684156002,52981.84739264998,37613.13998515236,126741.30197565889,1461.069657830534,2130.938828755083,11548.443368204218,39097.94923324298,3024.6004319501667,15206.058385181232,31893.252925736226,96524.29072460925,112301.25253731672,110432.33442136488,344096.914831896,245.15386316509324,737.9254125993264,13251.054653133491,69845.48979481553,2870.4912055598224,21079.40406636639,92499.41561646882,277774.6706278639,104130.94724235979,84886.10514411748,225669.39895661979,243.94729061930337,716.6465555956942,12539.641882883034,40551.54257529377,2823.4226661482353,20887.67229277221,60815.49991933843,173710.19770768395,24014.62949274664,16372.433763008632,109597.39346860512,16.706634476978937,70.82528789474756,4375.72918710837,34723.904048565666,175.59084312430485,1913.62059466969,8988.181901995576,66574.45222051856,11650.457074061678,14482.81073484177,61537.438252374566,16.31814980540275,68.87596476604591,3360.317723328305,17905.061458065702,173.28597142773984,1898.1226509075057,8663.35665735817,38882.06767379425,116884.76043020423,93202.38951362958,264313.53738227644,3482.9664483760835,4339.923452461824,16185.996495323909,56723.14134896834,7173.961787635352,39105.46734779151,81044.53889199089,226682.29683561693,114251.17815768353,84271.25665712607,223884.117112673,3333.0568599619355,4210.755364065041,16115.986175873903,43516.33675957137,6607.712360487061,37525.38128503132,70441.43882244156,189749.6726727158,37789.10513079665,3542.5437633699403,14085.81333571884,358.18759544497254,663.8511784604194,2064.4747808084007,1976.5086570727783,1101.202014823222,7210.450620040021,3263.117338064156,13456.582291340765,33012.349507346466,3531.2417892362055,14062.321375965614,358.022749620049,663.1802731994854,2057.0111540861153,1971.7323250688253,1097.8193446589669,7198.787260477155,3261.6072967444693,13451.70374175676,91152.67468385817,796.0418596630866,15993.733678418323,141.41100065972083,273.24353776214207,784.6016330962799,1734.0417068857214,297.5104779601345,5986.380045529251,785.5509272179507,15867.027842377705,91033.79020306625,795.4693366269729,15987.960551112423,141.40937573292615,273.2393365114109,784.0583367184482,1733.4076305779472,297.5068981421517,5986.340614286692,785.0021210563771,15861.463944553228
coord_3to14,192238.33012256143,172257.6958921083,558661.6415379625,8409.39873272727,12464.640598777518,43717.73641705434,143619.6187627453,14436.728294179473,82030.9484226612,136274.12479855586,404904.2615015754,193178.96759762484,149032.77952867316,378411.6525003174,6469.503775334835,11145.222836229272,40877.443936652606,86441.12055977885,13342.325157904452,77904.1365314799,112595.3721641525,290575.48429282795,70419.33016840044,49457.2423010429,261952.70483909393,3013.833642742432,3422.090532351709,19115.381609774267,87895.90616655203,4609.714994667901,20475.498063076077,36793.659097518896,174233.41259127398,75770.47978651345,43446.4711634385,154441.8745060061,2018.326306118875,2775.3002544853293,16216.479277780478,49479.43106131329,3874.098339517747,18765.612199530748,35955.82576563959,112217.86189669323,170758.36876216566,144868.5066619095,470986.60746015643,296.3764119309278,1028.6022637848205,17204.157304540106,82526.25476205109,3611.9794421738475,25647.93353644164,116374.88822775379,355598.3638274523,157053.37929867912,106832.77874929571,288797.30955851934,295.23172305554687,988.0206286631264,16088.754543593577,47342.07788411506,3561.2869097320427,25438.898972753745,73022.80264220986,215168.61385030483,33257.27879464969,18725.7947097581,142069.70162756185,26.26882230136854,98.82998658718576,5150.232633246261,38552.23551963142,183.16868361670427,2053.479180321226,9501.926044424721,77485.01991710365,13717.17139842292,15753.653925831826,71703.85839029854,25.170781867020185,95.01311741006427,4003.989199878224,20547.879111511844,180.739766650182,2035.676165634687,9160.356416057642,43652.698487065085,177896.62943572734,137085.416400483,365731.77922608075,4512.792233157716,5317.408922233136,29956.69440012358,81344.24400567108,11976.268326101424,57411.27328378325,114498.90971300319,304547.28908630455,174324.29095988665,127316.20293978983,320509.451735881,4310.9188007119055,5155.78429069713,28704.768897905647,63507.154366466835,10769.465900940773,54414.11583020534,102495.43279191361,262877.30096311937,52121.945561990084,6472.130268869709,20535.107217918714,509.38294363725646,809.2889825214165,2816.158525120079,2389.271665691412,1420.9278304606573,9223.427428956124,5935.521955907681,19550.20026774828,46242.77308864472,6467.661190208447,20524.716509579303,508.9625036961441,808.307548436552,2803.537664607463,2381.605010291261,1416.5708263299111,9208.279749115038,5929.050554357705,19537.318177915633,141520.5323637621,1720.423655470139,26991.470157007592,191.12600673741798,457.43416999870635,1677.6581280527469,2756.017248545311,783.8854059684071,10473.509454906434,1706.076290439336,26832.614602263468,141212.8222389053,1719.6308730638598,26985.233919270766,191.12279549870297,457.4246653824719,1676.8515296056275,2755.3157541127916,783.8669286426511,10473.375411530844,1705.3101571196626,26826.572839039676
coord_2to14,274384.10844823014,221939.86993689512,731327.2174446228,11965.891354031519,16562.96817696015,65277.756338941945,178104.53696410538,18772.54261045142,103303.46763607439,169117.38970899818,497928.3951196474,273896.90673491586,196096.0826977004,488077.83138488437,8637.546632030684,14288.158274639802,58723.32978087376,106184.74130906198,16845.310632863413,97019.71643169443,144078.0203198396,364328.53640511824,92641.41322321323,61129.788940153674,338483.60532113304,3820.0505287514716,4217.455209355489,26268.235809996233,103833.1151662227,5564.1103926419355,23842.14092192652,41975.105767052344,203317.41575169202,98680.67142970338,50423.592946600875,185037.31430689953,2601.174516696028,3407.108610204547,22189.134418583948,59621.16584739181,4572.529776213144,21607.69647448759,40738.38571153805,128710.498631555,245461.90145488514,177945.31643917938,605130.7269556831,351.3509868461402,1395.2799697338642,20816.74955146941,91756.06736860226,4384.245024510852,30937.237912913173,136911.70914355342,426353.5428249835,224430.43174516776,127746.02550935146,351458.10014893365,347.58707314252325,1326.0017752201056,19415.86998840374,52706.6205445718,4325.776486876752,30687.25140605546,83493.54487290523,254272.13580252713,43978.21779161302,21423.89656903784,178394.6402721667,41.31457999189862,136.20566987686178,5853.647213487221,41313.13367977456,194.8511290832759,2204.2000191672455,10143.671817182945,87638.87812550957,15700.35191083469,17406.80427933943,82658.53170284096,38.82774961992199,129.32172833056677,4691.6391604844175,22663.79528089698,192.0127192233013,2179.550007321757,9863.820985362334,48775.9910154694,254682.52360017036,188506.10265910163,477233.16323961876,5226.820539904102,6209.771527856804,50816.34029221895,108198.1027252718,16572.56576434896,76641.55688696167,148959.98619020442,380821.81585947017,250422.67154314087,178552.02926019716,429290.50665407366,5002.8680706181,6017.529916646043,46613.86325311722,84433.13230371126,14746.36200562862,72225.77128023248,136703.40975841583,337772.71805648075,67770.42125685692,10198.136182423475,27555.54744218784,623.1218993619956,908.7183113298901,3369.878683776085,2682.195941875085,1691.2256564514182,10944.596504897514,9289.22334509677,26101.953448035118,61201.33847195409,10194.805455089696,27544.718587805615,622.6451729415759,907.6637082975008,3355.830295552549,2673.699283431177,1686.2874550039792,10927.325426777004,9280.319704849704,26086.629597535935,206821.19329913604,3546.1897641123987,43295.19853259348,212.89005717546576,683.9839905014012,3318.631375617347,4129.591991597214,1723.5823130949625,17053.77911215748,3524.2923735700574,43073.23648110783,206080.07285862454,3545.026780344036,43288.05908127642,212.88627752556917,683.962641538337,3317.4324048504936,4128.796335305664,1723.5043503762024,17053.32530158853,3523.1605826537893,43066.280497197055
coord_1to14,287262.6081148773,229146.70555511836,806195.9776703939,12381.384888691682,18147.58866037892,67786.67412244044,181994.85387569986,19317.402615071347,105417.7449149328,172468.9367548007,521834.73127371055,283322.27056922286,201977.28258040233,508896.1911481517,8875.39383595071,15409.750014876925,60276.842026719634,107958.62552566019,17274.58499852459,98721.88533290592,147444.2711350983,375619.41204119025,106152.17762604824,63912.06445962484,383655.0418245767,4046.0538410242084,4572.134010629713,27536.23137994469,106915.41445300118,5702.747196984495,24385.64964632004,43023.13588494921,216700.09372914632,109124.8367120332,52074.44817064051,196249.28092257626,2848.5136445740586,3728.9332695325897,22964.604404063262,61086.63390087071,4627.677513020937,21952.951755816808,41747.12537338758,134641.68880446826,256505.81359014063,186444.00678665997,680292.9254492642,377.3642611708679,1650.77217033266,22386.13367540762,95677.37636617066,4733.288650643812,32756.18208563425,140837.38791366652,448446.49627146166,227102.5724091543,136849.9416556495,375204.374768268,370.28237740626577,1537.6170026738428,20905.029611420083,54855.99212189156,4637.362433660719,32359.73728996788,87425.80280512339,265043.64283874625,55055.12696486368,24245.33135621596,215188.2513453109,60.9838305622421,181.99133295954195,6531.239223677692,44020.58204184787,218.01906136326784,2424.1219466281386,11001.01707883429,97091.57793380406,17495.523697259996,19496.712264634345,94150.78366565448,56.407327125054124,170.78828324202735,5414.230448056971,24528.766092143185,212.7241131247289,2377.5216813461584,10835.958400131252,54259.29374442284,254682.52360017036,188506.10265910163,477233.16323961876,5226.820539904102,6209.771527856804,50816.34029221895,108198.1027252718,16572.56576434896,76641.55688696167,148959.98619020442,380821.81585947017,250422.67154314087,178552.02926019716,429290.50665407366,5002.8680706181,6017.529916646043,46613.86325311722,84433.13230371126,14746.36200562862,72225.77128023248,136703.40975841583,337772.71805648075,67770.42125685692,10198.136182423475,27555.54744218784,623.1218993619956,908.7183113298901,3369.878683776085,2682.195941875085,1691.2256564514182,10944.596504897514,9289.22334509677,26101.953448035118,61201.33847195409,10194.805455089696,27544.718587805615,622.6451729415759,907.6637082975008,3355.830295552549,2673.699283431177,1686.2874550039792,10927.325426777004,9280.319704849704,26086.629597535935,206821.19329913604,3546.1897641123987,43295.19853259348,212.89005717546576,683.9839905014012,3318.631375617347,4129.591991597214,1723.5823130949625,17053.77911215748,3524.2923735700574,43073.23648110783,206080.07285862454,3545.026780344036,43288.05908127642,212.88627752556917,683.962641538337,3317.4324048504936,4128.796335305664,1723.5043503762024,17053.32530158853,3523.1605826537893,43066.280497197055
coord_0to14,298379.87021849235,232810.80592203003,865844.2583113133,12869.815871190833,19693.939676746868,69423.7474047352,185624.67353463243,19902.596629726097,107442.67754133561,173732.79044797336,537234.4481676806,290376.88464512327,205453.41117871163,524281.8195848917,9248.870798942451,16514.06228034287,61609.74842409084,109217.33688453716,17561.62453641576,99902.20203509596,149096.65913614645,383393.85573388543,117748.80719949072,66568.41953702524,423011.7524953186,4265.16544849112,4925.477913275581,28589.87538220048,110282.42238279314,5931.8781288394175,25091.988822838586,44341.36420360346,227559.91512926115,116745.22543247798,54237.59245381479,207068.08717667835,3117.2087664773976,4066.627232288919,23807.459653605438,62352.2954482918,4713.5999448848215,22343.49119543418,43131.13171048547,140486.94350120143,266465.22369870753,190983.55095414823,739795.7223796592,410.9973864313625,1934.8776147430353,23296.537915938137,98911.87341822051,5146.713565638194,34705.886237875005,142562.16606967885,462198.4072209,229444.6505929752,143099.91791057718,393753.97479546745,398.86088112361944,1770.7551294855814,21853.798655089176,56234.473318527096,4956.014090363154,33937.81211294043,89680.26937589118,272744.44783371815,65090.04159040042,27054.418974668988,249087.23627263124,82.63091111495666,234.1601494884023,7263.687008592551,47040.221576401906,255.01688131039762,2721.309331987398,12161.656976376355,106236.78769909262,19066.551711985165,22038.759955135345,105994.12008855073,75.50413436594353,217.60222773636525,6185.807737253697,26323.80766162129,244.59263771435926,2637.707178134514,12093.524815604715,60063.405027436296,254682.52360017036,188506.10265910163,477233.16323961876,5226.820539904102,6209.771527856804,50816.34029221895,108198.1027252718,16572.56576434896,76641.55688696167,148959.98619020442,380821.81585947017,250422.67154314087,178552.02926019716,429290.50665407366,5002.8680706181,6017.529916646043,46613.86325311722,84433.13230371126,14746.36200562862,72225.77128023248,136703.40975841583,337772.71805648075,67770.42125685692,10198.136182423475,27555.54744218784,623.1218993619956,908.7183113298901,3369.878683776085,2682.195941875085,1691.2256564514182,10944.596504897514,9289.22334509677,26101.953448035118,61201.33847195409,10194.805455089696,27544.718587805615,622.6451729415759,907.6637082975008,3355.830295552549,2673.699283431177,1686.2874550039792,10927.325426777004,9280.319704849704,26086.629597535935,206821.19329913604,3546.1897641123987,43295.19853259348,212.89005717546576,683.9839905014012,3318.631375617347,4129.591991597214,1723.5823130949625,17053.77911215748,3524.2923735700574,43073.23648110783,206080.07285862454,3545.026780344036,43288.05908127642,212.88627752556917,683.962641538337,3317.4324048504936,4128.796335305664,1723.5043503762024,17053.32530158853,3523.1605826537893,43066.280497197055
coef_ng_0.1,298379.87021849235,232810.80592203003,865844.2583113133,12869.815871190833,19693.939676746868,69423.7474047352,185624.67353463243,19902.596629726097,107442.67754133561,173732.79044797336,537234.4481676806,288165.6873030102,228138.1624450188,709599.259632034,11886.708193957109,18844.47725427184,66634.32872514176,152597.4255792413,19432.213333106083,105689.68864576846,165817.94216309406,472091.7426019724,117748.80719949072,66568.41953702524,423011.7524953186,4265.16544849112,4925.477913275581,28589.87538220048,110282.42238279314,5931.8781288394175,25091.988822838586,44341.36420360346,227559.91512926115,108211.32197536407,60583.80675396649,319389.3979043525,4021.3795599342775,4756.948738978973,27381.934886168667,92026.72401456667,5647.904269056903,24478.33993325564,44138.77304895078,191562.7443428951,266465.22369870753,190983.55095414823,739795.7223796592,410.9973864313625,1934.8776147430353,23296.537915938137,98911.87341822051,5146.713565638194,34705.886237875005,142562.16606967885,462198.4072209,247655.0954060479,179424.26570945955,587007.6991594603,409.45614479471766,1913.3584810896725,22953.343989555717,84173.89617225964,5120.978959723159,34603.22581119566,128066.8475622769,396463.61311075045,65090.04159040042,27054.418974668988,249087.23627263124,82.63091111495666,234.1601494884023,7263.687008592551,47040.221576401906,255.01688131039762,2721.309331987398,12161.656976376355,106236.78769909262,41460.42230627667,25334.780998088965,184603.58020454017,81.7836258375561,232.22414177742314,7022.123485605812,40619.42378723649,253.78972792701776,2710.9807341039455,12148.635092896817,90363.1005771003,254682.52360017036,188506.10265910163,477233.16323961876,5226.820539904102,6209.771527856804,50816.34029221895,108198.1027252718,16572.56576434896,76641.55688696167,148959.98619020442,380821.81585947017,253491.54870294436,186868.0613428448,464568.1734062579,5200.168370826952,6187.234202893197,49822.854147974074,102051.69270974491,16344.434556740947,76102.95857845424,146228.35314878327,369099.34937972843,67770.42125685692,10198.136182423475,27555.54744218784,623.1218993619956,908.7183113298901,3369.878683776085,2682.195941875085,1691.2256564514182,10944.596504897514,9289.22334509677,26101.953448035118,66443.11546851942,10197.80076971172,27554.263347782595,623.0740322119982,908.6123908874625,3368.405479832772,2681.2831787500036,1690.7272368419672,10942.854454020158,9288.225582450063,26100.24217618924,206821.19329913604,3546.1897641123987,43295.19853259348,212.89005717546576,683.9839905014012,3318.631375617347,4129.591991597214,1723.5823130949625,17053.77911215748,3524.2923735700574,43073.23648110783,206746.75660618368,3546.0733928164805,43294.4841939725,212.88967915868372,683.9818554244364,3318.511402300525,4129.512379623726,1723.574516336519,17053.73372855116,3524.179125437139,43072.54051006318
coef_ng_0.2,298379.87021849235,232810.80592203003,865844.2583113133,12869.815871190833,19693.939676746868,69423.7474047352,185624.67353463243,19902.596629726097,107442.67754133561,173732.79044797336,537234.4481676806,285265.40289770276,224322.23583300682,655160.5146613705,11242.508423788371,18272.408603888485,65067.250751971216,139208.91137195445,19087.354980344702,104487.1196097521,161761.4499070086,445309.4877732923,117748.80719949072,66568.41953702524,423011.7524953186,4265.16544849112,4925.477913275581,28589.87538220048,110282.42238279314,5931.8781288394175,25091.988822838586,44341.36420360346,227559.91512926115,105703.63948077273,58639.35936284445,284873.43559098145,3833.5854796717936,4622.925940684505,26606.70872511549,83730.15997444777,5439.305562208158,24017.794404780478,43971.46472350164,176360.92082512635,266465.22369870753,190983.55095414823,739795.7223796592,410.9973864313625,1934.8776147430353,23296.537915938137,98911.87341822051,5146.713565638194,34705.886237875005,142562.16606967885,462198.4072209,241588.30465481192,172165.4201080163,529436.2942885312,408.006131798399,1893.3128336655964,22709.020561523717,76236.59933382407,5097.352573762255,34508.7234467223,118962.03927683969,362018.1914773047,65090.04159040042,27054.418974668988,249087.23627263124,82.63091111495666,234.1601494884023,7263.687008592551,47040.221576401906,255.01688131039762,2721.309331987398,12161.656976376355,106236.78769909262,33915.185193933125,24480.809176308227,160522.03040032845,80.971271311752,230.3603871743365,6842.867625894037,36820.09976174437,252.61193855624944,2701.2063930849704,12139.018696498171,81986.61134583883,254682.52360017036,188506.10265910163,477233.16323961876,5226.820539904102,6209.771527856804,50816.34029221895,108198.1027252718,16572.56576434896,76641.55688696167,148959.98619020442,380821.81585947017,252778.33355056107,185577.4140223471,456705.7807060635,5174.664342761705,6165.578144240183,49100.471262190964,97901.5161805491,16128.87640347726,75590.7881467172,144313.7117202813,361633.20746148995,67770.42125685692,10198.136182423475,27555.54744218784,623.1218993619956,908.7183113298901,3369.878683776085,2682.195941875085,1691.2256564514182,10944.596504897514,9289.22334509677,26101.953448035118,65444.84353157288,10197.465890376201,27553.038105599775,623.0262084449183,908.5065729126508,3366.9489955505787,2680.3859493463897,1690.2298476557417,10941.115747790898,9287.254384754335,26098.57514144329,206821.19329913604,3546.1897641123987,43295.19853259348,212.89005717546576,683.9839905014012,3318.631375617347,4129.591991597214,1723.5823130949625,17053.77911215748,3524.2923735700574,43073.23648110783,206672.39238278786,3545.957037726984,43293.76994279528,212.8893011340086,683.9797203534993,3318.391445931965,4129.432777942179,1723.5667196738839,17053.688345448456,3524.065892647708,43071.844621825716
coef_ng_0.3,298379.87021849235,232810.80592203003,865844.2583113133,12869.815871190833,19693.939676746868,69423.7474047352,185624.67353463243,19902.596629726097,107442.67754133561,173732.79044797336,537234.4481676806,284006.73508301465,221026.11401080334,621978.2156520433,10776.868464221907,17852.911091075395,64027.16592391761,131199.87021364976,18808.507089555213,103563.130617804,158953.64684387806,429094.18385193596,117748.80719949072,66568.41953702524,423011.7524953186,4265.16544849112,4925.477913275581,28589.87538220048,110282.42238279314,5931.8781288394175,25091.988822838586,44341.36420360346,227559.91512926115,105004.12872326592,57503.53390048879,264400.5762135893,3683.7676059880982,4512.995728866113,26022.786476761397,78455.77000449566,5278.816338310837,23657.48355541094,43827.92363489242,167042.81873904684,266465.22369870753,190983.55095414823,739795.7223796592,410.9973864313625,1934.8776147430353,23296.537915938137,98911.87341822051,5146.713565638194,34705.886237875005,142562.16606967885,462198.4072209,238149.5054402564,166554.5790118954,494622.85633081687,406.6389372591449,1874.580380429507,22523.641715640453,71091.26878379248,5075.509064598048,34421.129089313996,112424.21832161669,339646.35021175386,65090.04159040042,27054.418974668988,249087.23627263124,82.63091111495666,234.1601494884023,7263.687008592551,47040.221576401906,255.01688131039762,2721.309331987398,12161.656976376355,106236.78769909262,29711.000174473647,23914.452859434,146177.62148449253,80.19169472623295,228.5646107443951,6703.124526230543,34233.24121789041,251.47974292666657,2691.9313686429223,12131.211558377303,76523.52230363611,254682.52360017036,188506.10265910163,477233.16323961876,5226.820539904102,6209.771527856804,50816.34029221895,108198.1027252718,16572.56576434896,76641.55688696167,148959.98619020442,380821.81585947017,252275.0407736519,184464.44509597632,451019.3679410493,5150.217098522027,6144.738574576868,48548.214894129545,94856.17766913348,15924.765909663227,75102.83702281342,142834.64586104456,356293.9007496493,67770.42125685692,10198.136182423475,27555.54744218784,623.1218993619956,908.7183113298901,3369.878683776085,2682.195941875085,1691.2256564514182,10944.596504897514,9289.22334509677,26101.953448035118,64643.239641301145,10197.131538519174,27551.86497753272,622.9784280253161,908.4008576749358,3365.508603553802,2679.5036318356833,1689.7334861301754,10939.380381237257,9286.30864124264,26096.95049808034,206821.19329913604,3546.1897641123987,43295.19853259348,212.89005717546576,683.9839905014012,3318.631375617347,4129.591991597214,1723.5823130949625,17053.77911215748,3524.2923735700574,43073.23648110783,206598.10050642598,3545.840698863084,43293.05577918355,212.88892315279588,683.97758537702,3318.2715065230427,4129.353186575635,1723.5589231354356,17053.642962994025,3523.952675221725,43071.14881652153
coef_ng_0.4,298379.87021849235,232810.80592203003,865844.2583113133,12869.815871190833,19693.939676746868,69423.7474047352,185624.67353463243,19902.596629726097,107442.67754133561,173732.79044797336,537234.4481676806,283540.45875247533,218105.1913699013,598241.2089010536,10419.05045457398,17529.021636217953,63286.81432709007,125618.90489681526,18570.917419876394,102807.74439475595,156775.8584559944,417682.9746059454,117748.80719949072,66568.41953702524,423011.7524953186,4265.16544849112,4925.477913275581,28589.87538220048,110282.42238279314,5931.8781288394175,25091.988822838586,44341.36420360346,227559.91512926115,105227.48361162611,56707.753815746626,250081.5997212389,3560.961669919943,4420.649854974808,25551.64746640042,74618.12861221889,5150.965928192225,23366.55284735059,43701.365757715954,160449.47415273942,266465.22369870753,190983.55095414823,739795.7223796592,410.9973864313625,1934.8776147430353,23296.537915938137,98911.87341822051,5146.713565638194,34705.886237875005,142562.16606967885,462198.4072209,235829.1125491302,161889.2263082626,469914.0231751183,405.34716197972347,1857.02406715018,22376.343888652176,67396.33431920053,5055.19104361898,34339.45264329171,107354.79365301727,323414.14242785587,65090.04159040042,27054.418974668988,249087.23627263124,82.63091111495666,234.1601494884023,7263.687008592551,47040.221576401906,255.01688131039762,2721.309331987398,12161.656976376355,106236.78769909262,26891.563157735432,23488.80018927394,136124.22185868042,79.44291693650025,226.83287807414476,6590.164127038444,32320.139730860687,250.38981702205757,2683.1084790124946,12124.485646744146,72547.91751135216,254682.52360017036,188506.10265910163,477233.16323961876,5226.820539904102,6209.771527856804,50816.34029221895,108198.1027252718,16572.56576434896,76641.55688696167,148959.98619020442,380821.81585947017,251884.17913322744,183460.47512616598,446524.77808826196,5126.745792637319,6124.657688807656,48109.96068122661,92491.21780243525,15731.115880196363,74637.15603640192,141618.8130931528,352180.0516691178,67770.42125685692,10198.136182423475,27555.54744218784,623.1218993619956,908.7183113298901,3369.878683776085,2682.195941875085,1691.2256564514182,10944.596504897514,9289.22334509677,26101.953448035118,63969.99464225441,10196.797708843833,27550.73822947035,622.9306909871254,908.295245453379,3364.083710177872,2678.6356382540716,1689.2381495680845,10937.648348546676,9285.387302249132,26095.366501831595,206821.19329913604,3546.1897641123987,43295.19853259348,212.89005717546576,683.9839905014012,3318.631375617347,4129.591991597214,1723.5823130949625,17053.77911215748,3524.2923735700574,43073.23648110783,206523.8808548688,3545.72437620505,43292.34170302069,212.88854516847329,683.975450416438,3318.151584056654,4129.273605511894,1723.551126701912,17053.597581088983,3523.839473139691,43070.45309403527
coef_ng_0.5,298379.87021849235,232810.80592203003,865844.2583113133,12869.815871190833,19693.939676746868,69423.7474047352,185624.67353463243,19902.596629726097,107442.67754133561,173732.79044797336,537234.4481676806,283589.0599607165,215479.23121829436,579857.8470327808,10132.519871903572,17270.51365801955,62741.774196843995,121397.53452996694,18361.952247902114,102166.32172882099,154986.7925043424,408976.50100429764,117748.80719949072,66568.41953702524,423011.7524953186,4265.16544849112,4925.477913275581,28589.87538220048,110282.42238279314,5931.8781288394175,25091.988822838586,44341.36420360346,227559.91512926115,106056.6495651422,56097.9170903574,239193.54556175307,3458.1040962708535,4341.595918257161,25156.699682361115,71617.37456734512,5046.315410321991,23125.75017268676,43587.463178498096,155409.92995181834,266465.22369870753,190983.55095414823,739795.7223796592,410.9973864313625,1934.8776147430353,23296.537915938137,98911.87341822051,5146.713565638194,34705.886237875005,142562.16606967885,462198.4072209,234121.21012821706,157862.87283915907,450906.3148663338,404.124270184363,1840.5259454152238,22255.14618382149,64564.89820405334,5036.191890020233,34262.898474574635,103227.38928619516,310822.6387161121,65090.04159040042,27054.418974668988,249087.23627263124,82.63091111495666,234.1601494884023,7263.687008592551,47040.221576401906,255.01688131039762,2721.309331987398,12161.656976376355,106236.78769909262,24815.994911937185,23146.940708579194,128472.39653981212,78.72311525387272,225.16156137264946,6496.295115596944,30826.10718523591,249.33921179719903,2674.6969226301753,12118.461316492838,69456.69556149264,254682.52360017036,188506.10265910163,477233.16323961876,5226.820539904102,6209.771527856804,50816.34029221895,108198.1027252718,16572.56576434896,76641.55688696167,148959.98619020442,380821.81585947017,251561.53846080523,182531.80289906825,442767.49340959924,5104.178525918534,6105.283668861016,47751.993724044354,90577.75896526892,15547.055916251658,74192.01642896271,140576.61332736467,348843.30762266,67770.42125685692,10198.136182423475,27555.54744218784,623.1218993619956,908.7183113298901,3369.878683776085,2682.195941875085,1691.2256564514182,10944.596504897514,9289.22334509677,26101.953448035118,63386.15230176592,10196.464396574705,27549.652950971456,622.8829968194569,908.1897332571951,3362.6737532533734,2677.781412235383,1688.7438334349404,10935.919628302996,9284.489375092931,26093.821503039657,206821.19329913604,3546.1897641123987,43295.19853259348,212.89005717546576,683.9839905014012,3318.631375617347,4129.591991597214,1723.5823130949625,17053.77911215748,3524.2923735700574,43073.23648110783,206449.73330618604,3545.6080697502284,43291.62771429524,212.88816720462756,683.973315511556,3318.0316785357204,4129.194034756139,1723.5433303794955,17053.552199766287,3523.7262863993146,43069.75745435709
coef_ng_0.6,298379.87021849235,232810.80592203003,865844.2583113133,12869.815871190833,19693.939676746868,69423.7474047352,185624.67353463243,19902.596629726097,107442.67754133561,173732.79044797336,537234.4481676806,284050.5666586706,213097.27968946632,564932.4484102178,9896.25468929005,17059.60154423108,62335.89089340657,118038.33899912375,18174.25759574716,101607.89029333503,153468.0426158016,401994.5528337733,117748.80719949072,66568.41953702524,423011.7524953186,4265.16544849112,4925.477913275581,28589.87538220048,110282.42238279314,5931.8781288394175,25091.988822838586,44341.36420360346,227559.91512926115,107357.40986648262,55604.476537275936,230476.23942753996,3370.433291171672,4272.878669086289,24817.296116586658,69163.49530745289,4958.774160391673,22922.422377155763,43483.31133088849,151365.56276925618,266465.22369870753,190983.55095414823,739795.7223796592,410.9973864313625,1934.8776147430353,23296.537915938137,98911.87341822051,5146.713565638194,34705.886237875005,142562.16606967885,462198.4072209,232794.91585052462,154306.64604291756,435551.3579347199,402.96446690355447,1824.9838995214975,22152.667819613966,62295.941782340204,5018.343559378446,34190.81888304123,99753.18535169667,300613.01188777864,65090.04159040042,27054.418974668988,249087.23627263124,82.63091111495666,234.1601494884023,7263.687008592551,47040.221576401906,255.01688131039762,2721.309331987398,12161.656976376355,106236.78769909262,23198.755489495812,22861.123387693526,122349.02615406144,78.03060831629698,223.54730971186726,6416.581479988825,29613.548118036553,248.32529594734203,2666.6611887509202,12112.92104189837,66945.1785790919,254682.52360017036,188506.10265910163,477233.16323961876,5226.820539904102,6209.771527856804,50816.34029221895,108198.1027252718,16572.56576434896,76641.55688696167,148959.98619020442,380821.81585947017,251284.0364084252,181659.56786171594,439507.06106822815,5082.451061964138,6086.5698691097205,47452.819726782356,88981.03467985339,15371.81497951652,73765.8779440009,139656.6282642033,346034.7668605466,67770.42125685692,10198.136182423475,27555.54744218784,623.1218993619956,908.7183113298901,3369.878683776085,2682.195941875085,1691.2256564514182,10944.596504897514,9289.22334509677,26101.953448035118,62867.77938709941,10196.131597356154,27548.604912413284,622.8353461370624,908.0843255746106,3361.2782000312004,2676.940426913139,1688.2505345155168,10934.194209395331,9283.613920249405,26092.313940310763,206821.19329913604,3546.1897641123987,43295.19853259348,212.89005717546576,683.9839905014012,3318.631375617347,4129.591991597214,1723.5823130949625,17053.77911215748,3524.2923735700574,43073.23648110783,206375.65773873316,3545.491779491433,43290.91381296757,212.8877892433187,683.9711806304296,3317.9117899457788,4129.1144742818415,1723.535534161988,17053.506818993214,3523.6131149936464,43069.06189744869
coef_ng_0.7,298379.87021849235,232810.80592203003,865844.2583113133,12869.815871190833,19693.939676746868,69423.7474047352,185624.67353463243,19902.596629726097,107442.67754133561,173732.79044797336,537234.4481676806,284902.77156059846,210924.58645799037,552433.4999693785,9697.169286132788,16885.007758864886,62036.26011297692,115273.18409666896,18003.14636397877,101113.22003352222,152153.23864623063,396207.6959777058,117748.80719949072,66568.41953702524,423011.7524953186,4265.16544849112,4925.477913275581,28589.87538220048,110282.42238279314,5931.8781288394175,25091.988822838586,44341.36420360346,227559.91512926115,109074.84100224325,55190.22187362682,223247.23262895975,3294.6184657206554,4212.390703184745,24520.381575384916,67094.2823924093,4884.232816366782,22747.900086290814,43386.883559461676,148008.1123740332,266465.22369870753,190983.55095414823,739795.7223796592,410.9973864313625,1934.8776147430353,23296.537915938137,98911.87341822051,5146.713565638194,34705.886237875005,142562.16606967885,462198.4072209,231725.99119412014,151114.6777522766,422728.99001064483,401.86259573611267,1810.309030248619,22064.10728760542,60417.61321444682,5001.50776889156,34122.68041812136,96757.83133476292,292071.41617294255,65090.04159040042,27054.418974668988,249087.23627263124,82.63091111495666,234.1601494884023,7263.687008592551,47040.221576401906,255.01688131039762,2721.309331987398,12161.656976376355,106236.78769909262,21889.065866272165,22615.68483444415,117279.59610606014,77.36384261799343,221.98702260929684,6347.70032067011,28600.907437225454,247.34570936963078,2658.970187453912,12107.731121160534,64840.24537783221,254682.52360017036,188506.10265910163,477233.16323961876,5226.820539904102,6209.771527856804,50816.34029221895,108198.1027252718,16572.56576434896,76641.55688696167,148959.98619020442,380821.81585947017,251038.36384777847,180832.1421079405,436603.368099766,5061.505767494235,6068.474138253275,47198.0746079603,87616.28080729723,15204.707074989492,73357.3625031267,138827.08748399053,343604.7059779751,67770.42125685692,10198.136182423475,27555.54744218784,623.1218993619956,908.7183113298901,3369.878683776085,2682.195941875085,1691.2256564514182,10944.596504897514,9289.22334509677,26101.953448035118,62399.295814297424,10195.799307184596,27547.590450887852,622.7877382468986,907.9790178967447,3359.896545257847,2676.11218298197,1687.7582494488588,10932.472081641808,9282.760047838829,26090.842334687863,206821.19329913604,3546.1897641123987,43295.19853259348,212.89005717546576,683.9839905014012,3318.631375617347,4129.591991597214,1723.5823130949625,17053.77911215748,3524.2923735700574,43073.23648110783,206301.6540311649,3545.3755054245944,43290.199999016826,212.88741129561328,683.9690457959247,3317.791918283856,4129.034924101527,1723.5277380520583,17053.461438786147,3523.499958919151,43068.3664232921
coef_ng_0.8,298379.87021849235,232810.80592203003,865844.2583113133,12869.815871190833,19693.939676746868,69423.7474047352,185624.67353463243,19902.596629726097,107442.67754133561,173732.79044797336,537234.4481676806,286175.9881227821,208936.73020050727,541738.8098066958,9526.618216141313,16739.170227576713,61822.74301445268,112942.94371221539,17845.42793430989,100669.55917546802,151002.00598532107,391301.0251989782,117748.80719949072,66568.41953702524,423011.7524953186,4265.16544849112,4925.477913275581,28589.87538220048,110282.42238279314,5931.8781288394175,25091.988822838586,44341.36420360346,227559.91512926115,111196.86742652646,54833.009058240365,217097.61880493033,3228.256824387317,4158.584537533561,24257.07182686499,65309.8590838965,4819.815994035932,22596.037319346648,43296.72025065336,145150.4651256411,266465.22369870753,190983.55095414823,739795.7223796592,410.9973864313625,1934.8776147430353,23296.537915938137,98911.87341822051,5146.713565638194,34705.886237875005,142562.16606967885,462198.4072209,230840.34637050258,148215.07488042972,411760.2119918493,400.8140531518518,1796.4235458267856,21986.201983120525,58823.88394480207,4985.569513656454,34058.039073161366,94128.3730566995,284757.4350755808,65090.04159040042,27054.418974668988,249087.23627263124,82.63091111495666,234.1601494884023,7263.687008592551,47040.221576401906,255.01688131039762,2721.309331987398,12161.656976376355,106236.78769909262,20798.219188016756,22400.854867052403,112977.91653796125,76.7213805949025,220.47782667295692,6287.32607251878,27736.419101126914,246.3983250756834,2651.5965492028577,12102.804766216632,63034.92616340049,254682.52360017036,188506.10265910163,477233.16323961876,5226.820539904102,6209.771527856804,50816.34029221895,108198.1027252718,16572.56576434896,76641.55688696167,148959.98619020442,380821.81585947017,250816.25573188986,180041.8018212668,433968.59951417334,5041.290730283398,6050.9582502360245,46977.78477124616,86427.36454436049,15045.119407222322,72965.23233045544,138067.1946146696,341457.34439173684,67770.42125685692,10198.136182423475,27555.54744218784,623.1218993619956,908.7183113298901,3369.878683776085,2682.195941875085,1691.2256564514182,10944.596504897514,9289.22334509677,26101.953448035118,61970.07660826258,10195.467522350187,27546.606378299366,622.7401736165542,907.8738133909404,3358.5283094210736,2675.2962069183964,1687.2669782197013,10930.753262419044,9281.926914388408,26089.40528427872,206821.19329913604,3546.1897641123987,43295.19853259348,212.89005717546576,683.9839905014012,3318.631375617347,4129.591991597214,1723.5823130949625,17053.77911215748,3524.2923735700574,43073.23648110783,206227.72206242097,3545.259247553205,43289.48627246915,212.88703336243015,683.9669110053792,3317.6720635628744,4128.955384221431,1723.519942056423,17053.416059174862,3523.3868181793478,43067.671031913065
coef_ng_0.9,298379.87021849235,232810.80592203003,865844.2583113133,12869.815871190833,19693.939676746868,69423.7474047352,185624.67353463243,19902.596629726097,107442.67754133561,173732.79044797336,537234.4481676806,287951.3440082078,207116.69397348954,532445.8992230267,9378.6179057232,16616.79724647155,61682.96440786015,110946.6781184996,17698.81976601819,100268.02657179593,149988.64560076053,387074.2313172113,117748.80719949072,66568.41953702524,423011.7524953186,4265.16544849112,4925.477913275581,28589.87538220048,110282.42238279314,5931.8781288394175,25091.988822838586,44341.36420360346,227559.91512926115,113740.12820487232,54518.6593578177,211764.17937471392,3169.5692700886066,4110.295293216767,24021.006410524464,63744.40539454006,4763.449871686873,22462.35104541685,43211.74188022529,142671.09173952698,266465.22369870753,190983.55095414823,739795.7223796592,410.9973864313625,1934.8776147430353,23296.537915938137,98911.87341822051,5146.713565638194,34705.886237875005,142562.16606967885,462198.4072209,230090.55859307636,145556.29873159164,402202.98217457003,399.8147161741387,1783.2590480696056,21916.654574939566,57445.361495039884,4970.432222897796,33996.521734352835,91787.56198790579,278381.66994602076,65090.04159040042,27054.418974668988,249087.23627263124,82.63091111495666,234.1601494884023,7263.687008592551,47040.221576401906,255.01688131039762,2721.309331987398,12161.656976376355,106236.78769909262,19869.954675189925,22210.08775895815,109258.40596943615,76.10188997906015,219.0170548018067,6233.777931673326,26985.44358115562,245.48121776718142,2644.5160563360864,12098.083122144988,61458.84713554832,254682.52360017036,188506.10265910163,477233.16323961876,5226.820539904102,6209.771527856804,50816.34029221895,108198.1027252718,16572.56576434896,76641.55688696167,148959.98619020442,380821.81585947017,250612.2741381886,179283.1046160562,431544.479379215,5021.759020982876,6033.987424223332,46784.801811159225,85375.5397527007,14892.50251561701,72588.37165067418,137362.6890501754,339528.341137262,67770.42125685692,10198.136182423475,27555.54744218784,623.1218993619956,908.7183113298901,3369.878683776085,2682.195941875085,1691.2256564514182,10944.596504897514,9289.22334509677,26101.953448035118,61572.59348324825,10195.13623939596,27545.64990679018,622.6926517703154,907.768709624407,3357.1730371171843,2674.4920493271197,1686.7767156261064,10929.037724679609,9281.11371985054,26088.001459305553,206821.19329913604,3546.1897641123987,43295.19853259348,212.89005717546576,683.9839905014012,3318.631375617347,4129.591991597214,1723.5823130949625,17053.77911215748,3524.2923735700574,43073.23648110783,206153.86171173496,3545.143005859488,43288.77263321993,212.886655440587,683.9647762555807,3317.552225747831,4128.875854618294,1723.5121461631063,17053.370680102988,3523.273692757238,43066.975723211704
DZ_S_var_all_0.1,298379.87021849235,232810.80592203003,865844.2583113133,12869.815871190833,19693.939676746868,86886.13058638452,216698.33816093102,19902.596629726097,107442.67754133561,179282.16507509194,561213.3383569528,290376.88464512327,205453.41117871163,524281.8195848917,9248.870798942451,16514.06228034287,70739.82470635226,127594.05595396948,17561.62453641576,99902.20203509596,163020.2616539346,408762.7377292336,117748.80719949072,66568.41953702524,423011.7524953186,4265.16544849112,4925.477913275581,38347.21892301479,131020.06952565156,5931.8781288394175,25091.988822838586,56871.47296507489,268269.8707995093,116745.22543247798,54237.59245381479,207068.08717667835,3117.2087664773976,4066.627232288919,27136.590094719406,72195.18896072565,4713.5999448848215,22343.49119543418,49336.067021365256,158808.83348288137,266465.22369870753,190983.55095414823,739795.7223796592,410.9973864313625,1934.8776147430353,24042.06132185419,102048.11730569767,5146.713565638194,34705.886237875005,143537.52656789188,474038.2286420855,229444.6505929752,143099.91791057718,393753.97479546745,398.86088112361944,1770.7551294855814,22240.04201387571,57353.84611533314,4956.014090363154,33937.81211294043,91413.37767794498,277231.70017277985,65090.04159040042,27054.418974668988,249087.23627263124,82.63091111495666,234.1601494884023,7483.681635023961,48461.92451745584,255.01688131039762,2721.309331987398,12347.85253509983,109721.71522778105,19066.551711985165,22038.759955135345,105994.12008855073,75.50413436594353,217.60222773636525,6300.110987631006,26732.14099809429,244.59263771435926,2637.707178134514,12255.502307438705,61277.54489282497,254682.52360017036,188506.10265910163,477233.16323961876,5226.820539904102,6209.771527856804,56604.44081614764,115261.18224799306,16572.56576434896,76641.55688696167,157091.34214538484,393735.8482593195,250422.67154314087,178552.02926019716,429290.50665407366,5002.8680706181,6017.529916646043,49617.89204688601,89710.8636943695,14746.36200562862,72225.77128023248,147642.21624948268,356506.41503190174,67770.42125685692,10198.136182423475,27555.54744218784,623.1218993619956,908.7183113298901,3396.9582649427084,2712.1095753166583,1691.2256564514182,10944.596504897514,9479.455192321144,26385.862578102686,61201.33847195409,10194.805455089696,27544.718587805615,622.6451729415759,907.6637082975008,3380.2994368554137,2700.44136935806,1686.2874550039792,10927.325426777004,9461.386853901147,26358.94460281214,206821.19329913604,3546.1897641123987,43295.19853259348,212.89005717546576,683.9839905014012,3343.0885651655544,4150.002028276871,1723.5823130949625,17053.77911215748,3545.967341391667,43292.952747509145,206080.07285862454,3545.026780344036,43288.05908127642,212.88627752556917,683.962641538337,3341.856021555018,4149.185399389404,1723.5043503762024,17053.32530158853,3544.804678244215,43285.81517986193
DZ_S_var_all_0.2,298379.87021849235,232810.80592203003,865844.2583113133,12869.815871190833,19693.939676746868,86157.67227423507,215464.51026429224,19902.596629726097,107442.67754133561,178949.956270265,560190.6999236613,290376.88464512327,205453.41117871163,524281.8195848917,9248.870798942451,16514.06228034287,70392.2529117069,126820.96186868873,17561.62453641576,99902.20203509596,162544.64048926835,407859.7646692902,117748.80719949072,66568.41953702524,423011.7524953186,4265.16544849112,4925.477913275581,37915.61057080574,130178.6139524084,5931.8781288394175,25091.988822838586,56207.780702447715,266372.2661378991,116745.22543247798,54237.59245381479,207068.08717667835,3117.2087664773976,4066.627232288919,27028.894170056414,71822.91489252365,4713.5999448848215,22343.49119543418,49142.45589784809,158168.82908610196,266465.22369870753,190983.55095414823,739795.7223796592,410.9973864313625,1934.8776147430353,24023.051163250915,101971.60789300932,5146.713565638194,34705.886237875005,143513.76776405834,473758.41133939155,229444.6505929752,143099.91791057718,393753.97479546745,398.86088112361944,1770.7551294855814,22230.787414134946,57325.750610728035,4956.014090363154,33937.81211294043,91367.78843925188,277118.2247604835,65090.04159040042,27054.418974668988,249087.23627263124,82.63091111495666,234.1601494884023,7478.53211573829,48428.54001118404,255.01688131039762,2721.309331987398,12343.474235962298,109639.62748076432,19066.551711985165,22038.759955135345,105994.12008855073,75.50413436594353,217.60222773636525,6297.432199116129,26722.21091234737,244.59263771435926,2637.707178134514,12251.76265643774,61246.94573299914,254682.52360017036,188506.10265910163,477233.16323961876,5226.820539904102,6209.771527856804,56431.38440665352,115047.29364699725,16572.56576434896,76641.55688696167,156848.791697508,393345.5333960824,250422.67154314087,178552.02926019716,429290.50665407366,5002.8680706181,6017.529916646043,49539.71590228368,89563.93350742412,14746.36200562862,72225.77128023248,147344.3627039394,355991.55497341166,67770.42125685692,10198.136182423475,27555.54744218784,623.1218993619956,908.7183113298901,3396.1870382163006,2711.1727053162967,1691.2256564514182,10944.596504897514,9473.880441292733,26377.51929503224,61201.33847195409,10194.805455089696,27544.718587805615,622.6451729415759,907.6637082975008,3379.6294143361,2699.628088736981,1686.2874550039792,10927.325426777004,9456.185933395103,26351.09102675481,206821.19329913604,3546.1897641123987,43295.19853259348,212.89005717546576,683.9839905014012,3342.546667242041,4149.550760619103,1723.5823130949625,17053.77911215748,3545.48664411424,43288.098570552196,206080.07285862454,3545.026780344036,43288.05908127642,212.88627752556917,683.962641538337,3341.3148763325344,4148.734601721029,1723.5043503762024,17053.32530158853,3544.3246736218584,43280.96507245085
DZ_S_var_all_0.3,298379.87021849235,232810.80592203003,865844.2583113133,12869.815871190833,19693.939676746868,84080.55918344947,211935.6803565624,19902.596629726097,107442.67754133561,178066.3540424627,557314.4319336663,290376.88464512327,205453.41117871163,524281.8195848917,9248.870798942451,16514.06228034287,69395.00413070396,124612.26679030737,17561.62453641576,99902.20203509596,161131.80398353728,405194.91044922674,117748.80719949072,66568.41953702524,423011.7524953186,4265.16544849112,4925.477913275581,36697.105393783044,127774.35942402852,5931.8781288394175,25091.988822838586,54394.67100603425,261073.8224610674,116745.22543247798,54237.59245381479,207068.08717667835,3117.2087664773976,4066.627232288919,26707.757833054413,70735.15225120167,4713.5999448848215,22343.49119543418,48555.72065946685,156265.734636148,266465.22369870753,190983.55095414823,739795.7223796592,410.9973864313625,1934.8776147430353,23963.929615745423,101732.48562925824,5146.713565638194,34705.886237875005,143439.54989918505,472880.6276886086,229444.6505929752,143099.91791057718,393753.97479546745,398.86088112361944,1770.7551294855814,22201.80989149271,57238.255835581294,4956.014090363154,33937.81211294043,91226.47429596583,276765.0896706375,65090.04159040042,27054.418974668988,249087.23627263124,82.63091111495666,234.1601494884023,7462.3630602912435,48323.74959822736,255.01688131039762,2721.309331987398,12329.734227956791,109382.02727729922,19066.551711985165,22038.759955135345,105994.12008855073,75.50413436594353,217.60222773636525,6289.030611285237,26691.197259713983,244.59263771435926,2637.707178134514,12240.008597652008,61151.69651142887,254682.52360017036,188506.10265910163,477233.16323961876,5226.820539904102,6209.771527856804,55906.57400391705,114400.6639009125,16572.56576434896,76641.55688696167,156111.13296809743,392164.95149930456,250422.67154314087,178552.02926019716,429290.50665407366,5002.8680706181,6017.529916646043,49298.6643933643,89113.59090085214,14746.36200562862,72225.77128023248,146426.9650595745,354408.20676482946,67770.42125685692,10198.136182423475,27555.54744218784,623.1218993619956,908.7183113298901,3393.837141245795,2708.346377086458,1691.2256564514182,10944.596504897514,9456.911337870437,26352.14238994618,61201.33847195409,10194.805455089696,27544.718587805615,622.6451729415759,907.6637082975008,3377.5745349982853,2697.164932532335,1686.2874550039792,10927.325426777004,9440.31432620371,26327.145419391385,206821.19329913604,3546.1897641123987,43295.19853259348,212.89005717546576,683.9839905014012,3340.8353416264504,4148.12536346528,1723.5823130949625,17053.77911215748,3543.9687235052934,43272.76479551748,206080.07285862454,3545.026780344036,43288.05908127642,212.88627752556917,683.962641538337,3339.6059251191746,4147.310687217015,1723.5043503762024,17053.32530158853,3542.8089378495547,43265.6441352963
DZ_S_var_all_0.6,298379.87021849235,232810.80592203003,865844.2583113133,12869.815871190833,19693.939676746868,79011.7725812574,203164.56072086858,19902.596629726097,107442.67754133561,176239.09212304107,550413.7687284178,290376.88464512327,205453.41117871163,524281.8195848917,9248.870798942451,16514.06228034287,66890.3267743686,119228.51386130505,17561.62453641576,99902.20203509596,157347.44929179622,398180.6201453555,117748.80719949072,66568.41953702524,423011.7524953186,4265.16544849112,4925.477913275581,33792.16515111505,121840.29142567555,5931.8781288394175,25091.988822838586,50410.958918955715,248761.26124380194,116745.22543247798,54237.59245381479,207068.08717667835,3117.2087664773976,4066.627232288919,25833.341317832695,67946.86899631344,4713.5999448848215,22343.49119543418,46914.67585692689,151192.35452252405,266465.22369870753,190983.55095414823,739795.7223796592,410.9973864313625,1934.8776147430353,23786.119362198053,101002.6342210816,5146.713565638194,34705.886237875005,143213.1715279522,470172.2604202458,229444.6505929752,143099.91791057718,393753.97479546745,398.86088112361944,1770.7551294855814,22112.86031765246,56973.91602243238,4956.014090363154,33937.81211294043,90805.73508332568,275700.6410242471,65090.04159040042,27054.418974668988,249087.23627263124,82.63091111495666,234.1601494884023,7412.329196492547,47999.80653324821,255.01688131039762,2721.309331987398,12287.282659136934,108586.34755851074,19066.551711985165,22038.759955135345,105994.12008855073,75.50413436594353,217.60222773636525,6263.0876657442195,26596.614784732654,244.59263771435926,2637.707178134514,12203.502966368484,60864.31993076306,254682.52360017036,188506.10265910163,477233.16323961876,5226.820539904102,6209.771527856804,54425.57337858595,112586.6848593664,16572.56576434896,76641.55688696167,154018.60153775278,388843.3213471677,250422.67154314087,178552.02926019716,429290.50665407366,5002.8680706181,6017.529916646043,48583.307139737524,87805.81011521671,14746.36200562862,72225.77128023248,143734.7642856366,349779.58745833655,67770.42125685692,10198.136182423475,27555.54744218784,623.1218993619956,908.7183113298901,3387.097380031906,2700.4980737383576,1691.2256564514182,10944.596504897514,9408.647904445277,26280.05639671825,61201.33847195409,10194.805455089696,27544.718587805615,622.6451729415759,907.6637082975008,3371.58659840013,2690.2479124925103,1686.2874550039792,10927.325426777004,9394.829558156085,26258.637073632613,206821.19329913604,3546.1897641123987,43295.19853259348,212.89005717546576,683.9839905014012,3335.4465913905187,4143.634145702437,1723.5823130949625,17053.77911215748,3539.1902926886096,43224.43917290014,206080.07285862454,3545.026780344036,43288.05908127642,212.88627752556917,683.962641538337,3334.224625405915,4142.824122423805,1723.5043503762024,17053.32530158853,3538.037361242103,43217.35880058979
DZ_S_var_all_1.0,298379.87021849235,232810.80592203003,865844.2583113133,12869.815871190833,19693.939676746868,69423.7474047352,185624.67353463243,19902.596629726097,107442.67754133561,173732.79044797336,537234.4481676806,290376.88464512327,205453.41117871163,524281.8195848917,9248.870798942451,16514.06228034287,61609.74842409084,109217.33688453716,17561.62453641576,99902.20203509596,149096.65913614645,383393.85573388543,117748.80719949072,66568.41953702524,423011.7524953186,4265.16544849112,4925.477913275581,28589.87538220048,110282.42238279314,5931.8781288394175,25091.988822838586,44341.36420360346,227559.91512926115,116745.22543247798,54237.59245381479,207068.08717667835,3117.2087664773976,4066.627232288919,23807.459653605438,62352.2954482918,4713.5999448848215,22343.49119543418,43131.13171048547,140486.94350120143,266465.22369870753,190983.55095414823,739795.7223796592,410.9973864313625,1934.8776147430353,23296.537915938137,98911.87341822051,5146.713565638194,34705.886237875005,142562.16606967885,462198.4072209,229444.6505929752,143099.91791057718,393753.97479546745,398.86088112361944,1770.7551294855814,21853.798655089176,56234.473318527096,4956.014090363154,33937.81211294043,89680.26937589118,272744.44783371815,65090.04159040042,27054.418974668988,249087.23627263124,82.63091111495666,234.1601494884023,7263.687008592551,47040.221576401906,255.01688131039762,2721.309331987398,12161.656976376355,106236.78769909262,19066.551711985165,22038.759955135345,105994.12008855073,75.50413436594353,217.60222773636525,6185.807737253697,26323.80766162129,244.59263771435926,2637.707178134514,12093.524815604715,60063.405027436296,254682.52360017036,188506.10265910163,477233.16323961876,5226.820539904102,6209.771527856804,50816.34029221895,108198.1027252718,16572.56576434896,76641.55688696167,148959.98619020442,380821.81585947017,250422.67154314087,178552.02926019716,429290.50665407366,5002.8680706181,6017.529916646043,46613.86325311722,84433.13230371126,14746.36200562862,72225.77128023248,136703.40975841583,337772.71805648075,67770.42125685692,10198.136182423475,27555.54744218784,623.1218993619956,908.7183113298901,3369.878683776085,2682.195941875085,1691.2256564514182,10944.596504897514,9289.22334509677,26101.953448035118,61201.33847195409,10194.805455089696,27544.718587805615,622.6451729415759,907.6637082975008,3355.830295552549,2673.699283431177,1686.2874550039792,10927.325426777004,9280.319704849704,26086.629597535935,206821.19329913604,3546.1897641123987,43295.19853259348,212.89005717546576,683.9839905014012,3318.631375617347,4129.591991597214,1723.5823130949625,17053.77911215748,3524.2923735700574,43073.23648110783,206080.07285862454,3545.026780344036,43288.05908127642,212.88627752556917,683.962641538337,3317.4324048504936,4128.796335305664,1723.5043503762024,17053.32530158853,3523.1605826537893,43066.280497197055
DZ_S_var_all_1.8,298379.87021849235,232810.80592203003,865844.2583113133,12869.815871190833,19693.939676746868,55820.44680106533,158603.60720407497,19902.596629726097,107442.67754133561,171588.8965175142,517200.76013436774,290376.88464512327,205453.41117871163,524281.8195848917,9248.870798942451,16514.06228034287,52223.60803685331,95298.0115129538,17561.62453641576,99902.20203509596,135889.16235283748,360467.6267062982,117748.80719949072,66568.41953702524,423011.7524953186,4265.16544849112,4925.477913275581,22058.286771912004,93288.75111359531,5931.8781288394175,25091.988822838586,38411.33490607171,201131.3735107917,116745.22543247798,54237.59245381479,207068.08717667835,3117.2087664773976,4066.627232288919,20136.427448300896,54115.19382869544,4713.5999448848215,22343.49119543418,37061.97504228209,124859.84284469938,266465.22369870753,190983.55095414823,739795.7223796592,410.9973864313625,1934.8776147430353,22173.096755349743,93694.33597294155,5146.713565638194,34705.886237875005,140889.4762552494,441302.1590764735,229444.6505929752,143099.91791057718,393753.97479546745,398.86088112361944,1770.7551294855814,21179.84275107295,54448.02115333105,4956.014090363154,33937.81211294043,87277.29240520905,265723.83344937343,65090.04159040042,27054.418974668988,249087.23627263124,82.63091111495666,234.1601494884023,6862.871617670293,44472.99133870932,255.01688131039762,2721.309331987398,11826.081251882328,100047.05401359564,19066.551711985165,22038.759955135345,105994.12008855073,75.50413436594353,217.60222773636525,5969.3784922782415,25603.38689021169,244.59263771435926,2637.707178134514,11783.486636974252,58140.684491004045,254682.52360017036,188506.10265910163,477233.16323961876,5226.820539904102,6209.771527856804,43824.62688057017,99676.33606275603,16572.56576434896,76641.55688696167,139809.60039062292,365932.58839968813,250422.67154314087,178552.02926019716,429290.50665407366,5002.8680706181,6017.529916646043,41944.013201385074,77402.6074356671,14746.36200562862,72225.77128023248,122160.18929348665,313020.9433528429,67770.42125685692,10198.136182423475,27555.54744218784,623.1218993619956,908.7183113298901,3331.5227754394746,2648.331975283448,1691.2256564514182,10944.596504897514,9038.695920186967,25729.622464424057,61201.33847195409,10194.805455089696,27544.718587805615,622.6451729415759,907.6637082975008,3319.377705358103,2641.839947622187,1686.2874550039792,10927.325426777004,9034.528457308721,25719.529349312757,206821.19329913604,3546.1897641123987,43295.19853259348,212.89005717546576,683.9839905014012,3267.597069588977,4086.714852854211,1723.5823130949625,17053.77911215748,3479.1973732567494,42610.53721597969,206080.07285862454,3545.026780344036,43288.05908127642,212.88627752556917,683.962641538337,3266.4655880526934,4085.9614170901814,1723.5043503762024,17053.32530158853,3478.127502957141,42603.946706697156
DZ_S_var_all_3.2,298379.87021849235,232810.80592203003,865844.2583113133,12869.815871190833,19693.939676746868,41673.2982698856,128229.37091070463,19902.596629726097,107442.67754133561,170348.36890471884,492541.1423317222,290376.88464512327,205453.41117871163,524281.8195848917,9248.870798942451,16514.06228034287,39866.564636574,79939.33377664353,17561.62453641576,99902.20203509596,121364.13889546921,334930.4461393249,117748.80719949072,66568.41953702524,423011.7524953186,4265.16544849112,4925.477913275581,16193.481688578606,74001.06667213803,5931.8781288394175,25091.988822838586,34571.531369413766,173862.40764137055,116745.22543247798,54237.59245381479,207068.08717667835,3117.2087664773976,4066.627232288919,15440.250373978612,44893.67854653212,4713.5999448848215,22343.49119543418,31070.088276602317,109691.92723485304,266465.22369870753,190983.55095414823,739795.7223796592,410.9973864313625,1934.8776147430353,20196.95383266518,83371.76886689612,5146.713565638194,34705.886237875005,137343.0410515372,397983.4884406807,229444.6505929752,143099.91791057718,393753.97479546745,398.86088112361944,1770.7551294855814,19726.63258260631,50867.88212074353,4956.014090363154,33937.81211294043,83623.20568360503,251867.50945077455,65090.04159040042,27054.418974668988,249087.23627263124,82.63091111495666,234.1601494884023,5967.972857772571,38836.16679083382,255.01688131039762,2721.309331987398,11095.115501637192,87260.36194072307,19066.551711985165,22038.759955135345,105994.12008855073,75.50413436594353,217.60222773636525,5426.0793995086415,23876.381583816696,244.59263771435926,2637.707178134514,11025.537472862758,54283.48821681286,254682.52360017036,188506.10265910163,477233.16323961876,5226.820539904102,6209.771527856804,33967.464663538885,87081.00212154447,16572.56576434896,76641.55688696167,128454.77923842033,345715.3996450942,250422.67154314087,178552.02926019716,429290.50665407366,5002.8680706181,6017.529916646043,33710.89844050654,66558.35126456428,14746.36200562862,72225.77128023248,101315.01375452767,276732.5292848775,67770.42125685692,10198.136182423475,27555.54744218784,623.1218993619956,908.7183113298901,3248.0043609818104,2589.2741306874905,1691.2256564514182,10944.596504897514,8542.819985302765,24992.357916508317,61201.33847195409,10194.805455089696,27544.718587805615,622.6451729415759,907.6637082975008,3237.7476777728784,2584.2647759655833,1686.2874550039792,10927.325426777004,8541.209675182501,24984.309285359497,206821.19329913604,3546.1897641123987,43295.19853259348,212.89005717546576,683.9839905014012,3124.554031572704,3964.390989647002,1723.5823130949625,17053.77911215748,3353.7972679317118,41282.47898654595,206080.07285862454,3545.026780344036,43288.05908127642,212.88627752556917,683.962641538337,3123.594394315897,3963.7454496557266,1723.5043503762024,17053.32530158853,3352.884198484686,41276.822162258395
DZ_S_var_all_5.6,298379.87021849235,232810.80592203003,865844.2583113133,12869.815871190833,19693.939676746868,31110.763034128,103788.83595583407,19902.596629726097,107442.67754133561,169771.27784855367,468857.988031297,290376.88464512327,205453.41117871163,524281.8195848917,9248.870798942451,16514.06228034287,29249.122696908515,66757.12418701246,17561.62453641576,99902.20203509596,110609.46175129736,314675.10492326017,117748.80719949072,66568.41953702524,423011.7524953186,4265.16544849112,4925.477913275581,12007.853788834193,55836.54513714059,5931.8781288394175,25091.988822838586,32662.019260591573,146341.09150909187,116745.22543247798,54237.59245381479,207068.08717667835,3117.2087664773976,4066.627232288919,11226.219257167648,36218.74758532552,4713.5999448848215,22343.49119543418,27280.883518066825,98119.59957635269,266465.22369870753,190983.55095414823,739795.7223796592,410.9973864313625,1934.8776147430353,17560.1897566881,68311.7845835978,5146.713565638194,34705.886237875005,131929.3079029449,333747.77679194644,229444.6505929752,143099.91791057718,393753.97479546745,398.86088112361944,1770.7551294855814,17308.658591014053,44894.90967865608,4956.014090363154,33937.81211294043,79803.71594849303,228216.5436028631,65090.04159040042,27054.418974668988,249087.23627263124,82.63091111495666,234.1601494884023,4522.654147346325,29824.09663889829,255.01688131039762,2721.309331987398,9978.780622924212,69256.00226885227,19066.551711985165,22038.759955135345,105994.12008855073,75.50413436594353,217.60222773636525,4365.932384930808,20373.019185372275,244.59263771435926,2637.707178134514,9653.025874453313,47807.05980185967,254682.52360017036,188506.10265910163,477233.16323961876,5226.820539904102,6209.771527856804,24254.20129655971,73158.65200615354,16572.56576434896,76641.55688696167,118109.72267294985,323190.4966141353,250422.67154314087,178552.02926019716,429290.50665407366,5002.8680706181,6017.529916646043,24127.013224494887,54508.83980270762,14746.36200562862,72225.77128023248,81917.38946497567,240170.70924408722,67770.42125685692,10198.136182423475,27555.54744218784,623.1218993619956,908.7183113298901,3052.460620749178,2467.1608397424948,1691.2256564514182,10944.596504897514,7555.935479922082,23480.639296336638,61201.33847195409,10194.805455089696,27544.718587805615,622.6451729415759,907.6637082975008,3044.6186968205193,2463.42914636673,1686.2874550039792,10927.325426777004,7555.446692252474,23473.068184037835,206821.19329913604,3546.1897641123987,43295.19853259348,212.89005717546576,683.9839905014012,2794.4042342939674,3669.057707217593,1723.5823130949625,17053.77911215748,3070.514196309011,38033.60441546653,206080.07285862454,3545.026780344036,43288.05908127642,212.88627752556917,683.962641538337,2793.7581520992408,3668.610745905685,1723.5043503762024,17053.32530158853,3069.883855663768,38029.666401975555
DZ_S_var_all_10.0,298379.87021849235,232810.80592203003,865844.2583113133,12869.815871190833,19693.939676746868,25171.83307781601,89330.37848932963,19902.596629726097,107442.67754133561,169528.19095119173,453330.6177181075,290376.88464512327,205453.41117871163,524281.8195848917,9248.870798942451,16514.06228034287,23029.17751638599,58418.3723194978,17561.62453641576,99902.20203509596,104911.54090973997,303122.239167048,117748.80719949072,66568.41953702524,423011.7524953186,4265.16544849112,4925.477913275581,9348.011955588649,41106.38175597285,5931.8781288394175,25091.988822838586,31739.790378230864,120903.61470159954,116745.22543247798,54237.59245381479,207068.08717667835,3117.2087664773976,4066.627232288919,8224.987446654159,28718.029443984586,4713.5999448848215,22343.49119543418,25544.936066803224,88910.49419735775,266465.22369870753,190983.55095414823,739795.7223796592,410.9973864313625,1934.8776147430353,14512.358350971857,51492.04530510182,5146.713565638194,34705.886237875005,126019.99786441306,265244.4616023389,229444.6505929752,143099.91791057718,393753.97479546745,398.86088112361944,1770.7551294855814,14192.543746451534,36569.71353390446,4956.014090363154,33937.81211294043,76808.47326126297,195271.77698754592,65090.04159040042,27054.418974668988,249087.23627263124,82.63091111495666,234.1601494884023,3051.757826371068,20131.213300344818,255.01688131039762,2721.309331987398,8943.797203968656,51863.97822045306,19066.551711985165,22038.759955135345,105994.12008855073,75.50413436594353,217.60222773636525,3047.1029880704336,15279.435619026708,244.59263771435926,2637.707178134514,8133.854497891025,39402.14031812719,254682.52360017036,188506.10265910163,477233.16323961876,5226.820539904102,6209.771527856804,16419.24982656515,59918.16980417074,16572.56576434896,76641.55688696167,109486.6823136544,300188.1184389178,250422.67154314087,178552.02926019716,429290.50665407366,5002.8680706181,6017.529916646043,15916.45332740953,43507.3416994896,14746.36200562862,72225.77128023248,68578.6043162,211680.94337631838,67770.42125685692,10198.136182423475,27555.54744218784,623.1218993619956,908.7183113298901,2638.179116039133,2219.8491601331307,1691.2256564514182,10944.596504897514,5908.481744663825,20736.718086530927,61201.33847195409,10194.805455089696,27544.718587805615,622.6451729415759,907.6637082975008,2633.701459192555,2217.5073543576923,1686.2874550039792,10927.325426777004,5906.923611320496,20726.5574214388,206821.19329913604,3546.1897641123987,43295.19853259348,212.89005717546576,683.9839905014012,2258.199535088848,3145.891267057744,1723.5823130949625,17053.77911215748,2633.131649034159,32200.12775336918,206080.07285862454,3545.026780344036,43288.05908127642,212.88627752556917,683.962641538337,2257.8813613655416,3145.6551316586265,1723.5043503762024,17053.32530158853,2632.7919026480104,32198.017410596756
DZ_S_var_0_0.1,298379.87021849235,232810.80592203003,865844.2583113133,12869.815871190833,19693.939676746868,73353.1770353951,190831.98794433055,19902.596629726097,107442.67754133561,176114.02295098448,541451.7063806301,290376.88464512327,205453.41117871163,524281.8195848917,9248.870798942451,16514.06228034287,61609.926020288534,115652.27075088391,17561.62453641576,99902.20203509596,153937.4846216598,392235.6212433397,117748.80719949072,66568.41953702524,423011.7524953186,4265.16544849112,4925.477913275581,31919.590962666618,116527.6106922201,5931.8781288394175,25091.988822838586,48698.62719149837,238821.82725262982,116745.22543247798,54237.59245381479,207068.08717667835,3117.2087664773976,4066.627232288919,24010.101233337387,66080.5640032498,4713.5999448848215,22343.49119543418,45388.5886335841,148121.70216828707,266465.22369870753,190983.55095414823,739795.7223796592,410.9973864313625,1934.8776147430353,23306.30935898905,98934.94411608948,5146.713565638194,34705.886237875005,142563.1933587147,462205.48078532395,229444.6505929752,143099.91791057718,393753.97479546745,398.86088112361944,1770.7551294855814,21858.337094068844,56240.35585693487,4956.014090363154,33937.81211294043,89680.39910382025,272745.29430437385,65090.04159040042,27054.418974668988,249087.23627263124,82.63091111495666,234.1601494884023,7266.246979230773,47048.91253454778,255.01688131039762,2721.309331987398,12168.59811518057,106290.08488579156,19066.551711985165,22038.759955135345,105994.12008855073,75.50413436594353,217.60222773636525,6186.824985724607,26326.030428579747,244.59263771435926,2637.707178134514,12099.478368462536,60100.682674721786,254682.52360017036,188506.10265910163,477233.16323961876,5226.820539904102,6209.771527856804,51300.19435039251,109572.89917206828,16572.56576434896,76641.55688696167,151537.92407501425,385155.47997474234,250422.67154314087,178552.02926019716,429290.50665407366,5002.8680706181,6017.529916646043,46802.15339273374,85540.23242516768,14746.36200562862,72225.77128023248,139345.5514615584,342229.91040245706,67770.42125685692,10198.136182423475,27555.54744218784,623.1218993619956,908.7183113298901,3372.422844741387,2690.0164752879996,1691.2256564514182,10944.596504897514,9300.353372569154,26128.05637866566,61201.33847195409,10194.805455089696,27544.718587805615,622.6451729415759,907.6637082975008,3357.4560419715267,2679.928012610523,1686.2874550039792,10927.325426777004,9288.886695990448,26110.200868653545,206821.19329913604,3546.1897641123987,43295.19853259348,212.89005717546576,683.9839905014012,3330.504111274576,4137.733443389307,1723.5823130949625,17053.77911215748,3534.484438307192,43135.47427095368,206080.07285862454,3545.026780344036,43288.05908127642,212.88627752556917,683.962641538337,3329.2789221438857,4136.920888964995,1723.5043503762024,17053.32530158853,3533.329669404791,43128.38797589539
DZ_S_var_0_0.2,298379.87021849235,232810.80592203003,865844.2583113133,12869.815871190833,19693.939676746868,73020.22431307482,190396.16833699192,19902.596629726097,107442.67754133561,175907.26532205343,541086.157798618,290376.88464512327,205453.41117871163,524281.8195848917,9248.870798942451,16514.06228034287,61609.91775690321,115327.25436462028,17561.62453641576,99902.20203509596,153675.69219041217,391756.41333658545,117748.80719949072,66568.41953702524,423011.7524953186,4265.16544849112,4925.477913275581,31659.223145368673,116051.37985405487,5931.8781288394175,25091.988822838586,48343.36462539461,237921.18587481388,116745.22543247798,54237.59245381479,207068.08717667835,3117.2087664773976,4066.627232288919,24001.174295697627,65903.46014586223,4713.5999448848215,22343.49119543418,45280.82600650059,147747.163234205,266465.22369870753,190983.55095414823,739795.7223796592,410.9973864313625,1934.8776147430353,23306.07661247613,98934.39463122042,5146.713565638194,34705.886237875005,142563.168884817,462205.31226376106,229444.6505929752,143099.91791057718,393753.97479546745,398.86088112361944,1770.7551294855814,21858.229679739896,56240.21663778645,4956.014090363154,33937.81211294043,89680.39603195549,272745.2742604887,65090.04159040042,27054.418974668988,249087.23627263124,82.63091111495666,234.1601494884023,7266.188550217554,47048.714185880155,255.01688131039762,2721.309331987398,12168.439534830544,106288.86701819768,19066.551711985165,22038.759955135345,105994.12008855073,75.50413436594353,217.60222773636525,6186.801941397686,26325.980076793974,244.59263771435926,2637.707178134514,12099.343410446898,60099.83728472721,254682.52360017036,188506.10265910163,477233.16323961876,5226.820539904102,6209.771527856804,51283.474016216205,109524.95412939061,16572.56576434896,76641.55688696167,151447.52135329795,385003.5326552402,250422.67154314087,178552.02926019716,429290.50665407366,5002.8680706181,6017.529916646043,46795.82428789019,85502.45630560376,14746.36200562862,72225.77128023248,139255.12761864212,342077.28908068023,67770.42125685692,10198.136182423475,27555.54744218784,623.1218993619956,908.7183113298901,3372.342055601345,2689.7672660208395,1691.2256564514182,10944.596504897514,9299.99726807559,26127.2209729613,61201.33847195409,10194.805455089696,27544.718587805615,622.6451729415759,907.6637082975008,3357.4052742748813,2679.7329387632976,1686.2874550039792,10927.325426777004,9288.61746232541,26109.459787404376,206821.19329913604,3546.1897641123987,43295.19853259348,212.89005717546576,683.9839905014012,3330.2393696086388,4137.552012340477,1723.5823130949625,17053.77911215748,3534.257066306301,43134.08680436436,206080.07285862454,3545.026780344036,43288.05908127642,212.88627752556917,683.962641538337,3329.0147710471224,4136.73983838135,1723.5043503762024,17053.32530158853,3533.1028153587063,43127.003445068476
DZ_S_var_0_0.3,298379.87021849235,232810.80592203003,865844.2583113133,12869.815871190833,19693.939676746868,72201.49764978648,189320.31404995185,19902.596629726097,107442.67754133561,175402.85346647713,540193.85782717,290376.88464512327,205453.41117871163,524281.8195848917,9248.870798942451,16514.06228034287,61609.89416801418,114414.31639585028,17561.62453641576,99902.20203509596,152950.681267827,390429.9416310568,117748.80719949072,66568.41953702524,423011.7524953186,4265.16544849112,4925.477913275581,31002.87994264041,114842.11906491996,5931.8781288394175,25091.988822838586,47459.12312945801,235666.41857274086,116745.22543247798,54237.59245381479,207068.08717667835,3117.2087664773976,4066.627232288919,23975.43420290522,65399.94126396667,4713.5999448848215,22343.49119543418,44974.699766095364,146688.94957462163,266465.22369870753,190983.55095414823,739795.7223796592,410.9973864313625,1934.8776147430353,23305.3467584499,98932.67152703788,5146.713565638194,34705.886237875005,142563.0921403127,462204.7838197883,229444.6505929752,143099.91791057718,393753.97479546745,398.86088112361944,1770.7551294855814,21857.892630298058,56239.77978760172,4956.014090363154,33937.81211294043,89680.38639339531,272745.21136901045,65090.04159040042,27054.418974668988,249087.23627263124,82.63091111495666,234.1601494884023,7266.004551798227,47048.08956295157,255.01688131039762,2721.309331987398,12167.940197886846,106285.03226944701,19066.551711985165,22038.759955135345,105994.12008855073,75.50413436594353,217.60222773636525,6186.729320093104,26325.82139889559,244.59263771435926,2637.707178134514,12098.918134105139,60097.17342278208,254682.52360017036,188506.10265910163,477233.16323961876,5226.820539904102,6209.771527856804,51233.34757318604,109381.40770734483,16572.56576434896,76641.55688696167,151177.0729451441,384548.95860706695,250422.67154314087,178552.02926019716,429290.50665407366,5002.8680706181,6017.529916646043,46776.7757440515,85389.00236788338,14746.36200562862,72225.77128023248,138983.66892789266,341619.1454977156,67770.42125685692,10198.136182423475,27555.54744218784,623.1218993619956,908.7183113298901,3372.09702037157,2689.0117593009654,1691.2256564514182,10944.596504897514,9298.918275181915,26124.689801049437,61201.33847195409,10194.805455089696,27544.718587805615,622.6451729415759,907.6637082975008,3357.2509559143127,2679.1401988301614,1686.2874550039792,10927.325426777004,9287.799754403366,26107.209122487337,206821.19329913604,3546.1897641123987,43295.19853259348,212.89005717546576,683.9839905014012,3329.4038089224564,4136.9793586296355,1723.5823130949625,17053.77911215748,3533.539481213268,43129.70767283701,206080.07285862454,3545.026780344036,43288.05908127642,212.88627752556917,683.962641538337,3328.1810724986135,4136.168384374202,1723.5043503762024,17053.32530158853,3532.386863328771,43122.63357021781
DZ_S_var_0_0.6,298379.87021849235,232810.80592203003,865844.2583113133,12869.815871190833,19693.939676746868,70799.19970634603,187463.56123863283,19902.596629726097,107442.67754133561,174551.8998316022,538686.9196969313,290376.88464512327,205453.41117871163,524281.8195848917,9248.870798942451,16514.06228034287,61609.838174644356,112331.22248464925,17561.62453641576,99902.20203509596,151351.66786721384,387507.6914783586,117748.80719949072,66568.41953702524,423011.7524953186,4265.16544849112,4925.477913275581,29822.462492804247,112634.62634546067,5931.8781288394175,25091.988822838586,45908.45111384128,231665.79915311365,116745.22543247798,54237.59245381479,207068.08717667835,3117.2087664773976,4066.627232288919,23912.767079343226,64216.51570965826,4713.5999448848215,22343.49119543418,44256.79638792052,144239.83180498434,266465.22369870753,190983.55095414823,739795.7223796592,410.9973864313625,1934.8776147430353,23303.098591179543,98927.3637417135,5146.713565638194,34705.886237875005,142562.85575905227,462203.1561637903,229444.6505929752,143099.91791057718,393753.97479546745,398.86088112361944,1770.7551294855814,21856.85235388993,56238.4314633409,4956.014090363154,33937.81211294043,89680.3566492771,272745.01728921675,65090.04159040042,27054.418974668988,249087.23627263124,82.63091111495666,234.1601494884023,7265.430292949242,47046.14007207712,255.01688131039762,2721.309331987398,12166.382230322884,106273.06821939546,19066.551711985165,22038.759955135345,105994.12008855073,75.50413436594353,217.60222773636525,6186.502154686261,26325.325035867143,244.59263771435926,2637.707178134514,12097.588098492324,60088.84337310454,254682.52360017036,188506.10265910163,477233.16323961876,5226.820539904102,6209.771527856804,51097.99304874916,108995.20727806157,16572.56576434896,76641.55688696167,150451.0565334078,383328.58490875375,250422.67154314087,178552.02926019716,429290.50665407366,5002.8680706181,6017.529916646043,46724.776265430526,85081.11074039395,14746.36200562862,72225.77128023248,138247.84500211192,340377.5533090917,67770.42125685692,10198.136182423475,27555.54744218784,623.1218993619956,908.7183113298901,3371.4133512637786,2686.906613653087,1691.2256564514182,10944.596504897514,9295.916354286148,26117.648479240135,61201.33847195409,10194.805455089696,27544.718587805615,622.6451729415759,907.6637082975008,3356.817681560526,2677.4777927847417,1686.2874550039792,10927.325426777004,9285.50936439359,26100.906025870176,206821.19329913604,3546.1897641123987,43295.19853259348,212.89005717546576,683.9839905014012,3326.777686774504,4135.179215776949,1723.5823130949625,17053.77911215748,3531.2844648778273,43115.94332540538,206080.07285862454,3545.026780344036,43288.05908127642,212.88627752556917,683.962641538337,3325.5607853650017,4134.372001288875,1723.5043503762024,17053.32530158853,3530.1369630927875,43108.8982271617
DZ_S_var_0_1.0,298379.87021849235,232810.80592203003,865844.2583113133,12869.815871190833,19693.939676746868,69423.7474047352,185624.67353463243,19902.596629726097,107442.67754133561,173732.79044797336,537234.4481676806,290376.88464512327,205453.41117871163,524281.8195848917,9248.870798942451,16514.06228034287,61609.74842409084,109217.33688453716,17561.62453641576,99902.20203509596,149096.65913614645,383393.85573388543,117748.80719949072,66568.41953702524,423011.7524953186,4265.16544849112,4925.477913275581,28589.87538220048,110282.42238279314,5931.8781288394175,25091.988822838586,44341.36420360346,227559.91512926115,116745.22543247798,54237.59245381479,207068.08717667835,3117.2087664773976,4066.627232288919,23807.459653605438,62352.2954482918,4713.5999448848215,22343.49119543418,43131.13171048547,140486.94350120143,266465.22369870753,190983.55095414823,739795.7223796592,410.9973864313625,1934.8776147430353,23296.537915938137,98911.87341822051,5146.713565638194,34705.886237875005,142562.16606967885,462198.4072209,229444.6505929752,143099.91791057718,393753.97479546745,398.86088112361944,1770.7551294855814,21853.798655089176,56234.473318527096,4956.014090363154,33937.81211294043,89680.26937589118,272744.44783371815,65090.04159040042,27054.418974668988,249087.23627263124,82.63091111495666,234.1601494884023,7263.687008592551,47040.221576401906,255.01688131039762,2721.309331987398,12161.656976376355,106236.78769909262,19066.551711985165,22038.759955135345,105994.12008855073,75.50413436594353,217.60222773636525,6185.807737253697,26323.80766162129,244.59263771435926,2637.707178134514,12093.524815604715,60063.405027436296,254682.52360017036,188506.10265910163,477233.16323961876,5226.820539904102,6209.771527856804,50816.34029221895,108198.1027252718,16572.56576434896,76641.55688696167,148959.98619020442,380821.81585947017,250422.67154314087,178552.02926019716,429290.50665407366,5002.8680706181,6017.529916646043,46613.86325311722,84433.13230371126,14746.36200562862,72225.77128023248,136703.40975841583,337772.71805648075,67770.42125685692,10198.136182423475,27555.54744218784,623.1218993619956,908.7183113298901,3369.878683776085,2682.195941875085,1691.2256564514182,10944.596504897514,9289.22334509677,26101.953448035118,61201.33847195409,10194.805455089696,27544.718587805615,622.6451729415759,907.6637082975008,3355.830295552549,2673.699283431177,1686.2874550039792,10927.325426777004,9280.319704849704,26086.629597535935,206821.19329913604,3546.1897641123987,43295.19853259348,212.89005717546576,683.9839905014012,3318.631375617347,4129.591991597214,1723.5823130949625,17053.77911215748,3524.2923735700574,43073.23648110783,206080.07285862454,3545.026780344036,43288.05908127642,212.88627752556917,683.962641538337,3317.4324048504936,4128.796335305664,1723.5043503762024,17053.32530158853,3523.1605826537893,43066.280497197055
DZ_S_var_0_1.8,298379.87021849235,232810.80592203003,865844.2583113133,12869.815871190833,19693.939676746868,68644.77486187762,184575.27318705345,19902.596629726097,107442.67754133561,173275.56648839064,536422.8547873256,290376.88464512327,205453.41117871163,524281.8195848917,9248.870798942451,16514.06228034287,61609.66718624395,106611.24247684192,17561.62453641576,99902.20203509596,147325.25022530524,380167.7962322128,117748.80719949072,66568.41953702524,423011.7524953186,4265.16544849112,4925.477913275581,27856.20546088875,108858.19789880577,5931.8781288394175,25091.988822838586,43432.81882345377,225149.12964295523,116745.22543247798,54237.59245381479,207068.08717667835,3117.2087664773976,4066.627232288919,23706.580231049607,60696.9459458442,4713.5999448848215,22343.49119543418,42137.94207865246,137258.55967770226,266465.22369870753,190983.55095414823,739795.7223796592,410.9973864313625,1934.8776147430353,23280.062429430658,98872.9669852166,5146.713565638194,34705.886237875005,142560.43491622683,462186.48758856294,229444.6505929752,143099.91791057718,393753.97479546745,398.86088112361944,1770.7551294855814,21846.010288497317,56224.37696549839,4956.014090363154,33937.81211294043,89680.047054483,272742.9972061574,65090.04159040042,27054.418974668988,249087.23627263124,82.63091111495666,234.1601494884023,7258.810778869748,47023.66342640694,255.01688131039762,2721.309331987398,12148.47387800356,106135.61521371723,19066.551711985165,22038.759955135345,105994.12008855073,75.50413436594353,217.60222773636525,6183.826083959594,26319.477112790566,244.59263771435926,2637.707178134514,12081.949942018311,59991.023391711686,254682.52360017036,188506.10265910163,477233.16323961876,5226.820539904102,6209.771527856804,50454.43203591373,107186.51958583338,16572.56576434896,76641.55688696167,147082.09714020634,377663.74941151857,250422.67154314087,178552.02926019716,429290.50665407366,5002.8680706181,6017.529916646043,46465.71560035173,83585.64558268222,14746.36200562862,72225.77128023248,134692.1015230442,334382.50446272065,67770.42125685692,10198.136182423475,27555.54744218784,623.1218993619956,908.7183113298901,3367.6494248369486,2675.389569590555,1691.2256564514182,10944.596504897514,9279.611850428855,26079.424549189316,61201.33847195409,10194.805455089696,27544.718587805615,622.6451729415759,907.6637082975008,3354.358430014549,2668.09226124785,1686.2874550039792,10927.325426777004,9272.659888722772,26065.571558181706,206821.19329913604,3546.1897641123987,43295.19853259348,212.89005717546576,683.9839905014012,3294.354566691348,4112.913292273209,1723.5823130949625,17053.77911215748,3503.482466952826,42945.880810261726,206080.07285862454,3545.026780344036,43288.05908127642,212.88627752556917,683.962641538337,3293.2075083183145,4112.151138424786,1723.5043503762024,17053.32530158853,3502.3960698244846,42939.18269021146
DZ_S_var_0_3.2,298379.87021849235,232810.80592203003,865844.2583113133,12869.815871190833,19693.939676746868,68332.89260827958,184153.47399323795,19902.596629726097,107442.67754133561,173093.83470082,536100.1066263557,290376.88464512327,205453.41117871163,524281.8195848917,9248.870798942451,16514.06228034287,61609.62387388049,105295.87392964787,17561.62453641576,99902.20203509596,146468.77527893643,378609.62997385394,117748.80719949072,66568.41953702524,423011.7524953186,4265.16544849112,4925.477913275581,27554.81817797301,108267.70606947561,5931.8781288394175,25091.988822838586,43064.67663565983,224165.7285413241,116745.22543247798,54237.59245381479,207068.08717667835,3117.2087664773976,4066.627232288919,23650.476264211557,59825.907972831345,4713.5999448848215,22343.49119543418,41618.08803591105,135597.86509826782,266465.22369870753,190983.55095414823,739795.7223796592,410.9973864313625,1934.8776147430353,23250.656238989766,98803.50231898155,5146.713565638194,34705.886237875005,142557.348015911,462165.23470709624,229444.6505929752,143099.91791057718,393753.97479546745,398.86088112361944,1770.7551294855814,21831.66804286483,56205.7799679762,4956.014090363154,33937.81211294043,89679.63865030339,272740.33244651067,65090.04159040042,27054.418974668988,249087.23627263124,82.63091111495666,234.1601494884023,7247.798358426665,46986.25119711437,255.01688131039762,2721.309331987398,12118.885176551741,105908.79260459791,19066.551711985165,22038.759955135345,105994.12008855073,75.50413436594353,217.60222773636525,6179.126049105346,26309.20347648046,244.59263771435926,2637.707178134514,12054.61766259383,59820.5925337608,254682.52360017036,188506.10265910163,477233.16323961876,5226.820539904102,6209.771527856804,50195.49209074369,106471.2622773793,16572.56576434896,76641.55688696167,145764.0360317,375446.3339424692,250422.67154314087,178552.02926019716,429290.50665407366,5002.8680706181,6017.529916646043,46355.61297381628,82968.69109477405,14746.36200562862,72225.77128023248,133234.1942548249,331926.2682330048,67770.42125685692,10198.136182423475,27555.54744218784,623.1218993619956,908.7183113298901,3365.8425332797988,2669.904077391311,1691.2256564514182,10944.596504897514,9271.91606683993,26061.394422947866,61201.33847195409,10194.805455089696,27544.718587805615,622.6451729415759,907.6637082975008,3353.1314788481195,2663.4413637550515,1686.2874550039792,10927.325426777004,9266.343371280554,26048.218663384843,206821.19329913604,3546.1897641123987,43295.19853259348,212.89005717546576,683.9839905014012,3229.8700257431674,4068.402051407275,1723.5823130949625,17053.77911215748,3448.4038977969676,42606.96539405896,206080.07285862454,3545.026780344036,43288.05908127642,212.88627752556917,683.962641538337,3228.849783570952,4067.7219775317676,1723.5043503762024,17053.32530158853,3447.4277830851233,42600.89600526736
DZ_S_var_0_5.6,298379.87021849235,232810.80592203003,865844.2583113133,12869.815871190833,19693.939676746868,68225.79629977899,184008.41490221935,19902.596629726097,107442.67754133561,173031.60437184718,535989.5663671162,290376.88464512327,205453.41117871163,524281.8195848917,9248.870798942451,16514.06228034287,61609.607042785836,104797.70270749777,17561.62453641576,99902.20203509596,146150.73322126188,378031.2819113808,117748.80719949072,66568.41953702524,423011.7524953186,4265.16544849112,4925.477913275581,27450.28878273726,108062.1536590929,5931.8781288394175,25091.988822838586,42937.67580217548,223825.5857609211,116745.22543247798,54237.59245381479,207068.08717667835,3117.2087664773976,4066.627232288919,23628.217676660537,59489.474941687426,4713.5999448848215,22343.49119543418,41417.850863634725,134963.32342767026,266465.22369870753,190983.55095414823,739795.7223796592,410.9973864313625,1934.8776147430353,23220.254602518882,98731.65549254967,5146.713565638194,34705.886237875005,142554.1605754272,462143.2917311414,229444.6505929752,143099.91791057718,393753.97479546745,398.86088112361944,1770.7551294855814,21816.213629971815,56185.73418352567,4956.014090363154,33937.81211294043,89679.20002098785,272737.4705335561,65090.04159040042,27054.418974668988,249087.23627263124,82.63091111495666,234.1601494884023,7231.635813165578,46931.29855068198,255.01688131039762,2721.309331987398,12075.91467072219,105580.00674597909,19066.551711985165,22038.759955135345,105994.12008855073,75.50413436594353,217.60222773636525,6171.603750879366,26292.75327999324,244.59263771435926,2637.707178134514,12011.223086521946,59551.39845490554,254682.52360017036,188506.10265910163,477233.16323961876,5226.820539904102,6209.771527856804,50077.44659573673,106147.50007409067,16572.56576434896,76641.55688696167,145170.06917506136,374446.82830147276,250422.67154314087,178552.02926019716,429290.50665407366,5002.8680706181,6017.529916646043,46304.230261066914,82684.42517618586,14746.36200562862,72225.77128023248,132564.26530081625,330797.861466507,67770.42125685692,10198.136182423475,27555.54744218784,623.1218993619956,908.7183113298901,3364.9506396684683,2667.206652438874,1691.2256564514182,10944.596504897514,9268.148159434691,26052.569481283703,61201.33847195409,10194.805455089696,27544.718587805615,622.6451729415759,907.6637082975008,3352.5142494616352,2661.109581912788,1686.2874550039792,10927.325426777004,9263.189100836651,26039.557295298906,206821.19329913604,3546.1897641123987,43295.19853259348,212.89005717546576,683.9839905014012,3100.4887392942674,3978.140924205537,1723.5823130949625,17053.77911215748,3338.75095830995,41924.081032386406,206080.07285862454,3545.026780344036,43288.05908127642,212.88627752556917,683.962641538337,3099.6743887297266,3977.5946318328747,1723.5043503762024,17053.32530158853,3337.9517547622363,41919.02488441899
DZ_S_var_0_10.0,298379.87021849235,232810.80592203003,865844.2583113133,12869.815871190833,19693.939676746868,68191.00363547444,183961.26502164523,19902.596629726097,107442.67754133561,173011.40652426568,535953.6863707571,290376.88464512327,205453.41117871163,524281.8195848917,9248.870798942451,16514.06228034287,61609.601328323224,104630.16551212897,17561.62453641576,99902.20203509596,146044.54243468127,377838.2083869809,117748.80719949072,66568.41953702524,423011.7524953186,4265.16544849112,4925.477913275581,27416.214717583218,107995.06397083722,5931.8781288394175,25091.988822838586,42896.35195125012,223714.81001233726,116745.22543247798,54237.59245381479,207068.08717667835,3117.2087664773976,4066.627232288919,23620.601019908925,59375.504323561836,4713.5999448848215,22343.49119543418,41350.09069549901,134749.22829851066,266465.22369870753,190983.55095414823,739795.7223796592,410.9973864313625,1934.8776147430353,23202.304347088804,98689.21978578699,5146.713565638194,34705.886237875005,142552.2804776264,462130.34976828546,229444.6505929752,143099.91791057718,393753.97479546745,398.86088112361944,1770.7551294855814,21806.77299249563,56173.48539954197,4956.014090363154,33937.81211294043,89678.93280955394,272735.7270967022,65090.04159040042,27054.418974668988,249087.23627263124,82.63091111495666,234.1601494884023,7218.3890963551385,46886.22055544889,255.01688131039762,2721.309331987398,12041.094328750462,105314.11525612853,19066.551711985165,22038.759955135345,105994.12008855073,75.50413436594353,217.60222773636525,6164.806887791146,26277.88157976106,244.59263771435926,2637.707178134514,11972.379419021692,59311.86850970259,254682.52360017036,188506.10265910163,477233.16323961876,5226.820539904102,6209.771527856804,50034.72324276198,106030.67544843537,16572.56576434896,76641.55688696167,144956.15202177316,374086.81419723935,250422.67154314087,178552.02926019716,429290.50665407366,5002.8680706181,6017.529916646043,46285.44529381712,82581.0714697562,14746.36200562862,72225.77128023248,132320.9776995543,330388.1117727465,67770.42125685692,10198.136182423475,27555.54744218784,623.1218993619956,908.7183113298901,3364.616343052253,2666.1973494934246,1691.2256564514182,10944.596504897514,9266.74107927673,26049.274371411666,61201.33847195409,10194.805455089696,27544.718587805615,622.6451729415759,907.6637082975008,3352.280883828603,2660.2293393853724,1686.2874550039792,10927.325426777004,9262.000548080772,26036.29433838071,206821.19329913604,3546.1897641123987,43295.19853259348,212.89005717546576,683.9839905014012,2943.145250714676,3866.5363162608182,1723.5823130949625,17053.77911215748,3206.9181961969084,41088.04509866501,206080.07285862454,3545.026780344036,43288.05908127642,212.88627752556917,683.962641538337,2942.493904091497,3866.0951228450003,1723.5043503762024,17053.32530158853,3206.256477099979,41083.76843831895
DZ_S_var_1_0.1,298379.87021849235,232810.80592203003,865844.2583113133,12869.815871190833,19693.939676746868,77773.26651968677,197772.04970097385,19902.596629726097,107442.67754133561,176009.5083882285,545312.5524819336,290376.88464512327,205453.41117871163,524281.8195848917,9248.870798942451,16514.06228034287,63322.945989498956,113487.4487765842,17561.62453641576,99902.20203509596,156684.50969770714,396057.7878551563,117748.80719949072,66568.41953702524,423011.7524953186,4265.16544849112,4925.477913275581,33647.538605301816,120389.62443735832,5931.8781288394175,25091.988822838586,49962.60708201425,244333.8023705685,116745.22543247798,54237.59245381479,207068.08717667835,3117.2087664773976,4066.627232288919,25044.921528300827,65360.77892248861,4713.5999448848215,22343.49119543418,46086.75733330724,148484.4961277973,266465.22369870753,190983.55095414823,739795.7223796592,410.9973864313625,1934.8776147430353,23599.61696821185,99750.51897753392,5146.713565638194,34705.886237875005,142585.79742111076,462881.7966836454,229444.6505929752,143099.91791057718,393753.97479546745,398.86088112361944,1770.7551294855814,21942.857370741593,56563.703179902484,4956.014090363154,33937.81211294043,90501.74109064398,274144.225779557,65090.04159040042,27054.418974668988,249087.23627263124,82.63091111495666,234.1601494884023,7325.085089358353,47407.16579030093,255.01688131039762,2721.309331987398,12185.510267552865,106435.7160344083,19066.551711985165,22038.759955135345,105994.12008855073,75.50413436594353,217.60222773636525,6188.819852950369,26382.382825108874,244.59263771435926,2637.707178134514,12107.239757729796,60330.20010508848,254682.52360017036,188506.10265910163,477233.16323961876,5226.820539904102,6209.771527856804,54089.71606495962,111659.70107407839,16572.56576434896,76641.55688696167,152419.4171062869,385351.36319523986,250422.67154314087,178552.02926019716,429290.50665407366,5002.8680706181,6017.529916646043,47509.318042957995,86737.09701815018,14746.36200562862,72225.77128023248,142436.64191803418,347339.1163962095,67770.42125685692,10198.136182423475,27555.54744218784,623.1218993619956,908.7183113298901,3374.5511681401,2685.243825794269,1691.2256564514182,10944.596504897514,9330.03803655054,26160.519170834836,61201.33847195409,10194.805455089696,27544.718587805615,622.6451729415759,907.6637082975008,3359.8388774514,2676.2828276151427,1686.2874550039792,10927.325426777004,9318.70882877034,26141.609859584238,206821.19329913604,3546.1897641123987,43295.19853259348,212.89005717546576,683.9839905014012,3322.8020643491996,4132.35807163122,1723.5823130949625,17053.77911215748,3528.161705899113,43097.260765160034,206080.07285862454,3545.026780344036,43288.05908127642,212.88627752556917,683.962641538337,3321.6000105069156,4131.560871363955,1723.5043503762024,17053.32530158853,3527.026799027945,43090.2893397579
DZ_S_var_1_0.2,298379.87021849235,232810.80592203003,865844.2583113133,12869.815871190833,19693.939676746868,77199.72746868843,196951.54892364363,19902.596629726097,107442.67754133561,175847.58624481657,544732.9988468612,290376.88464512327,205453.41117871163,524281.8195848917,9248.870798942451,16514.06228034287,63228.06129991201,113244.09779423999,17561.62453641576,99902.20203509596,156247.70547941944,395329.305849137,117748.80719949072,66568.41953702524,423011.7524953186,4265.16544849112,4925.477913275581,33342.12971781503,119796.55620287523,5931.8781288394175,25091.988822838586,49596.079329349486,243252.4045772908,116745.22543247798,54237.59245381479,207068.08717667835,3117.2087664773976,4066.627232288919,24983.43503336685,65208.390059441896,4713.5999448848215,22343.49119543418,45935.762497793425,148069.23720108072,266465.22369870753,190983.55095414823,739795.7223796592,410.9973864313625,1934.8776147430353,23590.271654627977,99724.6660359965,5146.713565638194,34705.886237875005,142585.06746213709,462860.6451799635,229444.6505929752,143099.91791057718,393753.97479546745,398.86088112361944,1770.7551294855814,21940.236073987027,56553.96860138545,4956.014090363154,33937.81211294043,90477.4092356972,274102.8223512242,65090.04159040042,27054.418974668988,249087.23627263124,82.63091111495666,234.1601494884023,7323.235335005352,47396.075925431775,255.01688131039762,2721.309331987398,12184.78227361255,106429.63982458542,19066.551711985165,22038.759955135345,105994.12008855073,75.50413436594353,217.60222773636525,6188.732629138621,26380.681928755148,244.59263771435926,2637.707178134514,12106.840937118468,60322.40023167474,254682.52360017036,188506.10265910163,477233.16323961876,5226.820539904102,6209.771527856804,53929.10437681567,111492.2725176492,16572.56576434896,76641.55688696167,152248.12217916592,385128.18841143674,250422.67154314087,178552.02926019716,429290.50665407366,5002.8680706181,6017.529916646043,47471.6352793498,86638.13026088929,14746.36200562862,72225.77128023248,142190.0244781773,346927.2598368855,67770.42125685692,10198.136182423475,27555.54744218784,623.1218993619956,908.7183113298901,3374.367343136442,2685.123879215612,1691.2256564514182,10944.596504897514,9328.426445852563,26158.208939245353,61201.33847195409,10194.805455089696,27544.718587805615,622.6451729415759,907.6637082975008,3359.6819381306846,2676.1816549195105,1686.2874550039792,10927.325426777004,9317.20042239004,26139.451556384232,206821.19329913604,3546.1897641123987,43295.19853259348,212.89005717546576,683.9839905014012,3322.710076232194,4132.297078367946,1723.5823130949625,17053.77911215748,3528.076357957554,43096.730983793306,206080.07285862454,3545.026780344036,43288.05908127642,212.88627752556917,683.962641538337,3321.5080907185707,4131.499912357631,1723.5043503762024,17053.32530158853,3526.9415201228385,43089.75990073965
DZ_S_var_1_0.3,298379.87021849235,232810.80592203003,865844.2583113133,12869.815871190833,19693.939676746868,75700.04938016893,194796.94016696804,19902.596629726097,107442.67754133561,175428.16117950674,543235.4116932192,290376.88464512327,205453.41117871163,524281.8195848917,9248.870798942451,16514.06228034287,62966.64729085636,112577.94637726327,17561.62453641576,99902.20203509596,155054.65015324438,393339.33874642785,117748.80719949072,66568.41953702524,423011.7524953186,4265.16544849112,4925.477913275581,32517.193250937573,118184.31042273251,5931.8781288394175,25091.988822838586,48624.5897565315,240378.53213059975,116745.22543247798,54237.59245381479,207068.08717667835,3117.2087664773976,4066.627232288919,24810.134222694614,64780.5770554409,4713.5999448848215,22343.49119543418,45512.56443351364,146909.40488477435,266465.22369870753,190983.55095414823,739795.7223796592,410.9973864313625,1934.8776147430353,23561.81816365406,99645.94976762358,5146.713565638194,34705.886237875005,142582.845479235,462796.27686651726,229444.6505929752,143099.91791057718,393753.97479546745,398.86088112361944,1770.7551294855814,21932.208186020856,56524.17262359973,4956.014090363154,33937.81211294043,90402.94951401051,273976.0988454612,65090.04159040042,27054.418974668988,249087.23627263124,82.63091111495666,234.1601494884023,7317.586762241842,47362.22443134895,255.01688131039762,2721.309331987398,12182.562848806168,106411.11731118892,19066.551711985165,22038.759955135345,105994.12008855073,75.50413436594353,217.60222773636525,6188.464967974559,26375.46419164483,244.59263771435926,2637.707178134514,12105.61771138031,60298.49283501621,254682.52360017036,188506.10265910163,477233.16323961876,5226.820539904102,6209.771527856804,53475.28478618439,111017.87649504548,16572.56576434896,76641.55688696167,151764.9899856272,384498.1150140904,250422.67154314087,178552.02926019716,429290.50665407366,5002.8680706181,6017.529916646043,47362.10510842288,86351.4979643553,14746.36200562862,72225.77128023248,141475.91706171213,345734.89634728007,67770.42125685692,10198.136182423475,27555.54744218784,623.1218993619956,908.7183113298901,3373.827009082443,2684.7713263991977,1691.2256564514182,10944.596504897514,9323.6921332152,26151.42117748165,61201.33847195409,10194.805455089696,27544.718587805615,622.6451729415759,907.6637082975008,3359.2202697930556,2675.884046963978,1686.2874550039792,10927.325426777004,9312.765722412816,26133.105214984513,206821.19329913604,3546.1897641123987,43295.19853259348,212.89005717546576,683.9839905014012,3322.4194497995927,4132.104372354421,1723.5823130949625,17053.77911215748,3527.8067123623487,43095.05716920551,206080.07285862454,3545.026780344036,43288.05908127642,212.88627752556917,683.962641538337,3321.2176800658744,4131.30731451532,1723.5043503762024,17053.32530158853,3526.672092548536,43088.08716723974
DZ_S_var_1_0.6,298379.87021849235,232810.80592203003,865844.2583113133,12869.815871190833,19693.939676746868,72791.3571528436,190578.4576467615,19902.596629726097,107442.67754133561,174630.6590690696,540402.1642607212,290376.88464512327,205453.41117871163,524281.8195848917,9248.870798942451,16514.06228034287,62397.07079123822,111147.85720508275,17561.62453641576,99902.20203509596,152506.72433794683,389088.00723932154,117748.80719949072,66568.41953702524,423011.7524953186,4265.16544849112,4925.477913275581,30799.440313349136,114776.32730775574,5931.8781288394175,25091.988822838586,46684.50560119562,234603.991406268,116745.22543247798,54237.59245381479,207068.08717667835,3117.2087664773976,4066.627232288919,24411.485159791187,63805.752434805145,4713.5999448848215,22343.49119543418,44552.22644276157,144298.8073769395,266465.22369870753,190983.55095414823,739795.7223796592,410.9973864313625,1934.8776147430353,23481.55366107382,99423.87945338058,5146.713565638194,34705.886237875005,142576.58160828432,462614.9533326486,229444.6505929752,143099.91791057718,393753.97479546745,398.86088112361944,1770.7551294855814,21909.174891762446,56438.82334462705,4956.014090363154,33937.81211294043,90189.79794730143,273613.15272999904,65090.04159040042,27054.418974668988,249087.23627263124,82.63091111495666,234.1601494884023,7301.5162452072755,47266.02583088784,255.01688131039762,2721.309331987398,12176.27831211025,106358.68469933077,19066.551711985165,22038.759955135345,105994.12008855073,75.50413436594353,217.60222773636525,6187.692519106369,26360.421032833037,244.59263771435926,2637.707178134514,12102.092843533354,60229.73260958735,254682.52360017036,188506.10265910163,477233.16323961876,5226.820539904102,6209.771527856804,52424.96013412618,109912.36143396364,16572.56576434896,76641.55688696167,150651.74962102395,383042.80924458173,250422.67154314087,178552.02926019716,429290.50665407366,5002.8680706181,6017.529916646043,47089.88436898135,85645.65117854091,14746.36200562862,72225.77128023248,139718.4548504177,342801.6409512922,67770.42125685692,10198.136182423475,27555.54744218784,623.1218993619956,908.7183113298901,3372.4440110255077,2683.869077160338,1691.2256564514182,10944.596504897514,9311.59345840813,26134.06754750303,61201.33847195409,10194.805455089696,27544.718587805615,622.6451729415759,907.6637082975008,3358.0361527891614,2675.120802661933,1686.2874550039792,10927.325426777004,9301.408880329931,26116.84636391399,206821.19329913604,3546.1897641123987,43295.19853259348,212.89005717546576,683.9839905014012,3321.503055445446,4131.496693446857,1723.5823130949625,17053.77911215748,3526.956493299197,43089.77906892778,206080.07285862454,3545.026780344036,43288.05908127642,212.88627752556917,683.962641538337,3320.3019651324225,4130.699976090491,1723.5043503762024,17053.32530158853,3525.8225600245564,43082.812470591496
DZ_S_var_1_1.0,298379.87021849235,232810.80592203003,865844.2583113133,12869.815871190833,19693.939676746868,69423.7474047352,185624.67353463243,19902.596629726097,107442.67754133561,173732.79044797336,537234.4481676806,290376.88464512327,205453.41117871163,524281.8195848917,9248.870798942451,16514.06228034287,61609.74842409084,109217.33688453716,17561.62453641576,99902.20203509596,149096.65913614645,383393.85573388543,117748.80719949072,66568.41953702524,423011.7524953186,4265.16544849112,4925.477913275581,28589.87538220048,110282.42238279314,5931.8781288394175,25091.988822838586,44341.36420360346,227559.91512926115,116745.22543247798,54237.59245381479,207068.08717667835,3117.2087664773976,4066.627232288919,23807.459653605438,62352.2954482918,4713.5999448848215,22343.49119543418,43131.13171048547,140486.94350120143,266465.22369870753,190983.55095414823,739795.7223796592,410.9973864313625,1934.8776147430353,23296.537915938137,98911.87341822051,5146.713565638194,34705.886237875005,142562.16606967885,462198.4072209,229444.6505929752,143099.91791057718,393753.97479546745,398.86088112361944,1770.7551294855814,21853.798655089176,56234.473318527096,4956.014090363154,33937.81211294043,89680.26937589118,272744.44783371815,65090.04159040042,27054.418974668988,249087.23627263124,82.63091111495666,234.1601494884023,7263.687008592551,47040.221576401906,255.01688131039762,2721.309331987398,12161.656976376355,106236.78769909262,19066.551711985165,22038.759955135345,105994.12008855073,75.50413436594353,217.60222773636525,6185.807737253697,26323.80766162129,244.59263771435926,2637.707178134514,12093.524815604715,60063.405027436296,254682.52360017036,188506.10265910163,477233.16323961876,5226.820539904102,6209.771527856804,50816.34029221895,108198.1027252718,16572.56576434896,76641.55688696167,148959.98619020442,380821.81585947017,250422.67154314087,178552.02926019716,429290.50665407366,5002.8680706181,6017.529916646043,46613.86325311722,84433.13230371126,14746.36200562862,72225.77128023248,136703.40975841583,337772.71805648075,67770.42125685692,10198.136182423475,27555.54744218784,623.1218993619956,908.7183113298901,3369.878683776085,2682.195941875085,1691.2256564514182,10944.596504897514,9289.22334509677,26101.953448035118,61201.33847195409,10194.805455089696,27544.718587805615,622.6451729415759,907.6637082975008,3355.830295552549,2673.699283431177,1686.2874550039792,10927.325426777004,9280.319704849704,26086.629597535935,206821.19329913604,3546.1897641123987,43295.19853259348,212.89005717546576,683.9839905014012,3318.631375617347,4129.591991597214,1723.5823130949625,17053.77911215748,3524.2923735700574,43073.23648110783,206080.07285862454,3545.026780344036,43288.05908127642,212.88627752556917,683.962641538337,3317.4324048504936,4128.796335305664,1723.5043503762024,17053.32530158853,3523.1605826537893,43066.280497197055
DZ_S_var_1_1.8,298379.87021849235,232810.80592203003,865844.2583113133,12869.815871190833,19693.939676746868,67235.51152698162,182362.5242916883,19902.596629726097,107442.67754133561,173163.469904643,535237.8061671427,290376.88464512327,205453.41117871163,524281.8195848917,9248.870798942451,16514.06228034287,61003.964917777936,107766.80197596023,17561.62453641576,99902.20203509596,146557.28175924232,379149.3805069883,117748.80719949072,66568.41953702524,423011.7524953186,4265.16544849112,4925.477913275581,27007.342213141776,106979.19981693951,5931.8781288394175,25091.988822838586,42759.747918122,222756.6884067747,116745.22543247798,54237.59245381479,207068.08717667835,3117.2087664773976,4066.627232288919,23294.780879586448,61139.65940870174,4713.5999448848215,22343.49119543418,41955.959788612585,137377.5010018529,266465.22369870753,190983.55095414823,739795.7223796592,410.9973864313625,1934.8776147430353,23015.18950988638,98132.92759554561,5146.713565638194,34705.886237875005,142540.30645619505,461568.7412442718,229444.6505929752,143099.91791057718,393753.97479546745,398.86088112361944,1770.7551294855814,21762.920434820648,55901.66899666525,4956.014090363154,33937.81211294043,88852.92845043175,271330.5579337388,65090.04159040042,27054.418974668988,249087.23627263124,82.63091111495666,234.1601494884023,7203.967394859483,46685.562363540485,255.01688131039762,2721.309331987398,12139.054797219194,106048.60319068545,19066.551711985165,22038.759955135345,105994.12008855073,75.50413436594353,217.60222773636525,6182.627126172858,26262.316075673192,244.59263771435926,2637.707178134514,12079.170331926838,59787.289702801136,254682.52360017036,188506.10265910163,477233.16323961876,5226.820539904102,6209.771527856804,49434.47763041818,106704.27058024183,16572.56576434896,76641.55688696167,147519.3177265979,378921.3933709135,250422.67154314087,178552.02926019716,429290.50665407366,5002.8680706181,6017.529916646043,46134.56183343851,83239.12888498719,14746.36200562862,72225.77128023248,133740.05740773206,332832.6676464865,67770.42125685692,10198.136182423475,27555.54744218784,623.1218993619956,908.7183113298901,3367.087193570994,2680.375962963174,1691.2256564514182,10944.596504897514,9264.986408269056,26067.118631375448,61201.33847195409,10194.805455089696,27544.718587805615,622.6451729415759,907.6637082975008,3353.415934934208,2672.143854863047,1686.2874550039792,10927.325426777004,9257.336761542701,26053.662647643177,206821.19329913604,3546.1897641123987,43295.19853259348,212.89005717546576,683.9839905014012,3309.8045658086994,4123.733285652907,1723.5823130949625,17053.77911215748,3516.105338473008,43022.362643025655,206080.07285862454,3545.026780344036,43288.05908127642,212.88627752556917,683.962641538337,3308.612019468645,4122.9408347526205,1723.5043503762024,17053.32530158853,3514.9800469450256,43015.43879645885
DZ_S_var_1_3.2,298379.87021849235,232810.80592203003,865844.2583113133,12869.815871190833,19693.939676746868,66292.60346634511,180945.73665375874,19902.596629726097,107442.67754133561,172921.47917323312,534391.9050910012,290376.88464512327,205453.41117871163,524281.8195848917,9248.870798942451,16514.06228034287,60714.97517431367,107085.07520838775,17561.62453641576,99902.20203509596,145370.7323998149,377164.6230829918,117748.80719949072,66568.41953702524,423011.7524953186,4265.16544849112,4925.477913275581,26285.4475984079,105446.75450896341,5931.8781288394175,25091.988822838586,42063.23169458561,220627.88156234642,116745.22543247798,54237.59245381479,207068.08717667835,3117.2087664773976,4066.627232288919,23033.652978079986,60529.039272535854,4713.5999448848215,22343.49119543418,41367.99735742954,135835.2951973785,266465.22369870753,190983.55095414823,739795.7223796592,410.9973864313625,1934.8776147430353,22775.42365779547,97468.72401236232,5146.713565638194,34705.886237875005,142521.7361431801,461035.6895416506,229444.6505929752,143099.91791057718,393753.97479546745,398.86088112361944,1770.7551294855814,21678.329298472785,55594.69507729811,4956.014090363154,33937.81211294043,88092.54220192338,270027.3876980607,65090.04159040042,27054.418974668988,249087.23627263124,82.63091111495666,234.1601494884023,7150.862181392279,46372.00961599584,255.01688131039762,2721.309331987398,12119.433963791878,105885.48450686874,19066.551711985165,22038.759955135345,105994.12008855073,75.50413436594353,217.60222773636525,6179.5644196854155,26203.45018275836,244.59263771435926,2637.707178134514,12065.470273678086,59526.68232564856,254682.52360017036,188506.10265910163,477233.16323961876,5226.820539904102,6209.771527856804,48724.723649265085,105929.09552246986,16572.56576434896,76641.55688696167,146783.84396383743,377947.94948257506,250422.67154314087,178552.02926019716,429290.50665407366,5002.8680706181,6017.529916646043,45857.48446983299,82560.7053768422,14746.36200562862,72225.77128023248,132059.14037443107,330031.0523180345,67770.42125685692,10198.136182423475,27555.54744218784,623.1218993619956,908.7183113298901,3365.3678747490185,2679.2553547226908,1691.2256564514182,10944.596504897514,9250.112862667298,26045.720404584008,61201.33847195409,10194.805455089696,27544.718587805615,622.6451729415759,907.6637082975008,3351.9215618316243,2671.181357933874,1686.2874550039792,10927.325426777004,9243.163300537344,26033.312919984328,206821.19329913604,3546.1897641123987,43295.19853259348,212.89005717546576,683.9839905014012,3284.20721040475,4106.707755071343,1723.5823130949625,17053.77911215748,3492.3785486056913,42874.60639734315,206080.07285862454,3545.026780344036,43288.05908127642,212.88627752556917,683.962641538337,3283.032522167742,4105.924119300084,1723.5043503762024,17053.32530158853,3491.271374897033,42867.7715646132
DZ_S_var_1_5.6,298379.87021849235,232810.80592203003,865844.2583113133,12869.815871190833,19693.939676746868,65959.2692153355,180443.2221748306,19902.596629726097,107442.67754133561,172836.40373762988,534094.9069805187,290376.88464512327,205453.41117871163,524281.8195848917,9248.870798942451,16514.06228034287,60608.30079548242,106835.0642102464,17561.62453641576,99902.20203509596,144936.70851057975,376438.36521066655,117748.80719949072,66568.41953702524,423011.7524953186,4265.16544849112,4925.477913275581,26024.10804267752,104887.80756541218,5931.8781288394175,25091.988822838586,41814.787095132764,219866.4401845422,116745.22543247798,54237.59245381479,207068.08717667835,3117.2087664773976,4066.627232288919,22934.354810543417,60298.04237243826,4713.5999448848215,22343.49119543418,41146.25503364411,135255.9044490506,266465.22369870753,190983.55095414823,739795.7223796592,410.9973864313625,1934.8776147430353,22652.958721070758,97129.3172566484,5146.713565638194,34705.886237875005,142512.27169696096,460764.6735141426,229444.6505929752,143099.91791057718,393753.97479546745,398.86088112361944,1770.7551294855814,21632.290810458904,55428.74445123635,4956.014090363154,33937.81211294043,87682.57906829595,269323.288544553,65090.04159040042,27054.418974668988,249087.23627263124,82.63091111495666,234.1601494884023,7122.909751790456,46207.645894846195,255.01688131039762,2721.309331987398,12109.281773450968,105801.17221776467,19066.551711985165,22038.759955135345,105994.12008855073,75.50413436594353,217.60222773636525,6177.854349865816,26170.728775929885,244.59263771435926,2637.707178134514,12057.872430572239,59383.362709999594,254682.52360017036,188506.10265910163,477233.16323961876,5226.820539904102,6209.771527856804,48453.77029290348,105631.71664156714,16572.56576434896,76641.55688696167,146503.86905997057,377576.80140406924,250422.67154314087,178552.02926019716,429290.50665407366,5002.8680706181,6017.529916646043,45745.38066811012,82288.61030055785,14746.36200562862,72225.77128023248,131385.60170016089,328908.4771632353,67770.42125685692,10198.136182423475,27555.54744218784,623.1218993619956,908.7183113298901,3364.64859801066,2678.786625880271,1691.2256564514182,10944.596504897514,9243.902753345415,26036.78131331441,61201.33847195409,10194.805455089696,27544.718587805615,622.6451729415759,907.6637082975008,3351.2947229586225,2670.777677320522,1686.2874550039792,10927.325426777004,9237.229772878998,26024.789425964096,206821.19329913604,3546.1897641123987,43295.19853259348,212.89005717546576,683.9839905014012,3220.966547032629,4064.4141887785686,1723.5823130949625,17053.77911215748,3433.8563302152365,42508.10946571487,206080.07285862454,3545.026780344036,43288.05908127642,212.88627752556917,683.962641538337,3219.831053489928,4063.6492337288046,1723.5043503762024,17053.32530158853,3432.7892795763464,42501.467661372015
DZ_S_var_1_10.0,298379.87021849235,232810.80592203003,865844.2583113133,12869.815871190833,19693.939676746868,65849.8934709439,180278.14306632802,19902.596629726097,107442.67754133561,172808.54170123005,533997.6847979357,290376.88464512327,205453.41117871163,524281.8195848917,9248.870798942451,16514.06228034287,60572.759897474454,106751.96125145735,17561.62453641576,99902.20203509596,144792.57416702615,376197.1512776099,117748.80719949072,66568.41953702524,423011.7524953186,4265.16544849112,4925.477913275581,25937.638806950577,104702.36975079711,5931.8781288394175,25091.988822838586,41733.01140332344,219615.56441881473,116745.22543247798,54237.59245381479,207068.08717667835,3117.2087664773976,4066.627232288919,22900.911684457726,60220.39044956861,4713.5999448848215,22343.49119543418,41071.799511787336,135061.6278276258,266465.22369870753,190983.55095414823,739795.7223796592,410.9973864313625,1934.8776147430353,22606.32855451609,97000.05470404965,5146.713565638194,34705.886237875005,142508.67165101875,460661.70155382797,229444.6505929752,143099.91791057718,393753.97479546745,398.86088112361944,1770.7551294855814,21614.220109123304,55363.81996171792,4956.014090363154,33937.81211294043,87522.40174117203,269047.90183185146,65090.04159040042,27054.418974668988,249087.23627263124,82.63091111495666,234.1601494884023,7112.114236051753,46144.29056617531,255.01688131039762,2721.309331987398,12105.392657268672,105768.88966964615,19066.551711985165,22038.759955135345,105994.12008855073,75.50413436594353,217.60222773636525,6177.174557106383,26157.75024349132,244.59263771435926,2637.707178134514,12054.862305804556,59326.818108965206,254682.52360017036,188506.10265910163,477233.16323961876,5226.820539904102,6209.771527856804,48362.38279268961,105531.23352754593,16572.56576434896,76641.55688696167,146409.53778932785,377451.6785098065,250422.67154314087,178552.02926019716,429290.50665407366,5002.8680706181,6017.529916646043,45706.72977696297,82195.11293890439,14746.36200562862,72225.77128023248,131154.24611825097,328522.8782875101,67770.42125685692,10198.136182423475,27555.54744218784,623.1218993619956,908.7183113298901,3364.3973302908903,2678.6228937805417,1691.2256564514182,10944.596504897514,9241.7350493855,26033.660369777368,61201.33847195409,10194.805455089696,27544.718587805615,622.6451729415759,907.6637082975008,3351.0755143066026,2670.6365157736495,1686.2874550039792,10927.325426777004,9235.156425485648,26021.810462027282,206821.19329913604,3546.1897641123987,43295.19853259348,212.89005717546576,683.9839905014012,3111.6576396422897,3990.5112289254685,1723.5823130949625,17053.77911215748,3333.0276347265594,41869.61676828644,206080.07285862454,3545.026780344036,43288.05908127642,212.88627752556917,683.962641538337,3110.573354147184,3989.7679099227807,1723.5043503762024,17053.32530158853,3332.0144733300217,41863.21677769755
DZ_S_var_2_0.1,298379.87021849235,232810.80592203003,865844.2583113133,12869.815871190833,19693.939676746868,78417.39251723715,199947.57104157703,19902.596629726097,107442.67754133561,175649.2586022355,545358.7772217721,290376.88464512327,205453.41117871163,524281.8195848917,9248.870798942451,16514.06228034287,65979.17417160144,113716.90584258478,17561.62453641576,99902.20203509596,156791.42419882127,395135.6750877931,117748.80719949072,66568.41953702524,423011.7524953186,4265.16544849112,4925.477913275581,32413.101344646493,118482.57328499027,5931.8781288394175,25091.988822838586,48389.333592676274,241382.27106620595,116745.22543247798,54237.59245381479,207068.08717667835,3117.2087664773976,4066.627232288919,25792.151646940012,65090.47511189216,4713.5999448848215,22343.49119543418,45908.67134049309,146029.8873149312,266465.22369870753,190983.55095414823,739795.7223796592,410.9973864313625,1934.8776147430353,23680.294983911408,100050.43614125521,5146.713565638194,34705.886237875005,142565.26887375535,463944.83956553944,229444.6505929752,143099.91791057718,393753.97479546745,398.86088112361944,1770.7551294855814,22077.42257197757,56586.81297911967,4956.014090363154,33937.81211294043,90256.4016880576,273643.1287068313,65090.04159040042,27054.418974668988,249087.23627263124,82.63091111495666,234.1601494884023,7357.344585346261,47575.98340114479,255.01688131039762,2721.309331987398,12226.448378446536,106932.42882814644,19066.551711985165,22038.759955135345,105994.12008855073,75.50413436594353,217.60222773636525,6221.781522770627,26405.6197428435,244.59263771435926,2637.707178134514,12145.645661210863,60268.52307054303,254682.52360017036,188506.10265910163,477233.16323961876,5226.820539904102,6209.771527856804,54253.30373792954,111904.07229601245,16572.56576434896,76641.55688696167,153225.43966892824,386830.0562336618,250422.67154314087,178552.02926019716,429290.50665407366,5002.8680706181,6017.529916646043,48508.40206402418,86999.10922839922,14746.36200562862,72225.77128023248,142642.49590783208,347034.613011624,67770.42125685692,10198.136182423475,27555.54744218784,623.1218993619956,908.7183113298901,3377.832162244859,2692.914763840959,1691.2256564514182,10944.596504897514,9405.173668044545,26265.976298423033,61201.33847195409,10194.805455089696,27544.718587805615,622.6451729415759,907.6637082975008,3363.275516500072,2683.881923623795,1686.2874550039792,10927.325426777004,9393.932887657931,26247.56125454524,206821.19329913604,3546.1897641123987,43295.19853259348,212.89005717546576,683.9839905014012,3326.349215552769,4135.195876939583,1723.5823130949625,17053.77911215748,3531.388423525856,43117.20297358901,206080.07285862454,3545.026780344036,43288.05908127642,212.88627752556917,683.962641538337,3325.145789543563,4134.398064615946,1723.5043503762024,17053.32530158853,3530.2519090939913,43110.22503679661
DZ_S_var_2_0.2,298379.87021849235,232810.80592203003,865844.2583113133,12869.815871190833,19693.939676746868,77835.2968404947,199028.94136267476,19902.596629726097,107442.67754133561,175520.96804526864,544809.0259849546,290376.88464512327,205453.41117871163,524281.8195848917,9248.870798942451,16514.06228034287,65721.69257400029,113453.6899008638,17561.62453641576,99902.20203509596,156335.21264726968,394442.7681372983,117748.80719949072,66568.41953702524,423011.7524953186,4265.16544849112,4925.477913275581,32200.844068700866,118034.72273510839,5931.8781288394175,25091.988822838586,48147.78685422804,240556.33125807546,116745.22543247798,54237.59245381479,207068.08717667835,3117.2087664773976,4066.627232288919,25687.705099020906,64948.46302245444,4713.5999448848215,22343.49119543418,45759.432467614184,145733.2420283043,266465.22369870753,190983.55095414823,739795.7223796592,410.9973864313625,1934.8776147430353,23668.904097900657,100016.61299579406,5146.713565638194,34705.886237875005,142565.17640216567,463892.5059541491,229444.6505929752,143099.91791057718,393753.97479546745,398.86088112361944,1770.7551294855814,22070.908583587134,56576.55764215374,4956.014090363154,33937.81211294043,90239.5756290141,273616.9199351445,65090.04159040042,27054.418974668988,249087.23627263124,82.63091111495666,234.1601494884023,7354.630692398528,47560.39545426022,255.01688131039762,2721.309331987398,12224.542043306694,106911.8720005412,19066.551711985165,22038.759955135345,105994.12008855073,75.50413436594353,217.60222773636525,6220.752656085417,26403.282476363576,244.59263771435926,2637.707178134514,12144.145146918001,60262.61322478125,254682.52360017036,188506.10265910163,477233.16323961876,5226.820539904102,6209.771527856804,54082.5668795802,111722.54434898752,16572.56576434896,76641.55688696167,153012.87983811562,386531.98942090315,250422.67154314087,178552.02926019716,429290.50665407366,5002.8680706181,6017.529916646043,48419.64342572167,86878.30015524391,14746.36200562862,72225.77128023248,142360.82567639605,346596.13443176507,67770.42125685692,10198.136182423475,27555.54744218784,623.1218993619956,908.7183113298901,3377.495434870461,2692.459380941378,1691.2256564514182,10944.596504897514,9400.207211666544,26258.9709432404,61201.33847195409,10194.805455089696,27544.718587805615,622.6451729415759,907.6637082975008,3362.9609511004023,2683.4502612522065,1686.2874550039792,10927.325426777004,9389.077140906691,26240.70247106835,206821.19329913604,3546.1897641123987,43295.19853259348,212.89005717546576,683.9839905014012,3326.1786091883328,4135.0720354542245,1723.5823130949625,17053.77911215748,3531.231500025569,43116.231146795406,206080.07285862454,3545.026780344036,43288.05908127642,212.88627752556917,683.962641538337,3324.975282136108,4134.274271106317,1723.5043503762024,17053.32530158853,3530.095090489891,43109.25369780006
DZ_S_var_2_0.3,298379.87021849235,232810.80592203003,865844.2583113133,12869.815871190833,19693.939676746868,76289.53763113556,196584.50938196958,19902.596629726097,107442.67754133561,175183.22658282207,543365.8330105228,290376.88464512327,205453.41117871163,524281.8195848917,9248.870798942451,16514.06228034287,65022.202799197126,112737.45502585612,17561.62453641576,99902.20203509596,155097.6042368098,392561.07189871947,117748.80719949072,66568.41953702524,423011.7524953186,4265.16544849112,4925.477913275581,31616.370041666087,116797.33233851023,5931.8781288394175,25091.988822838586,47493.508274650434,238320.1636894817,116745.22543247798,54237.59245381479,207068.08717667835,3117.2087664773976,4066.627232288919,25396.766460849365,64551.705276517554,4713.5999448848215,22343.49119543418,45345.55239964315,144909.91374566595,266465.22369870753,190983.55095414823,739795.7223796592,410.9973864313625,1934.8776147430353,23634.05514375099,99913.14631387526,5146.713565638194,34705.886237875005,142564.89363922598,463732.5877483296,229444.6505929752,143099.91791057718,393753.97479546745,398.86088112361944,1770.7551294855814,22050.93365846831,56545.10702437214,4956.014090363154,33937.81211294043,90187.99550579343,273536.56322114985,65090.04159040042,27054.418974668988,249087.23627263124,82.63091111495666,234.1601494884023,7346.303314859774,47512.588834996604,255.01688131039762,2721.309331987398,12218.70350928657,106848.94644621667,19066.551711985165,22038.759955135345,105994.12008855073,75.50413436594353,217.60222773636525,6217.590672227559,26396.09847406626,244.59263771435926,2637.707178134514,12139.537309554355,60244.46678030706,254682.52360017036,188506.10265910163,477233.16323961876,5226.820539904102,6209.771527856804,53601.32078755273,111209.47394909358,16572.56576434896,76641.55688696167,152414.1256792606,385691.62742517056,250422.67154314087,178552.02926019716,429290.50665407366,5002.8680706181,6017.529916646043,48166.598706338904,86534.21493594363,14746.36200562862,72225.77128023248,141559.6715063435,345348.57967912994,67770.42125685692,10198.136182423475,27555.54744218784,623.1218993619956,908.7183113298901,3376.517706623515,2691.1379164376035,1691.2256564514182,10944.596504897514,9385.81559363604,26238.660934481322,61201.33847195409,10194.805455089696,27544.718587805615,622.6451729415759,907.6637082975008,3362.04725076602,2682.197158778248,1686.2874550039792,10927.325426777004,9375.000983879181,26220.810079850267,206821.19329913604,3546.1897641123987,43295.19853259348,212.89005717546576,683.9839905014012,3325.6397106553195,4134.680843937847,1723.5823130949625,17053.77911215748,3530.7358403358094,43113.1613920492,206080.07285862454,3545.026780344036,43288.05908127642,212.88627752556917,683.962641538337,3324.4366960404705,4133.88323103825,1723.5043503762024,17053.32530158853,3529.5997619958052,43106.185483124835
DZ_S_var_2_0.6,298379.87021849235,232810.80592203003,865844.2583113133,12869.815871190833,19693.939676746868,73189.95507062293,191658.93347502899,19902.596629726097,107442.67754133561,174518.5615036589,540542.852170238,290376.88464512327,205453.41117871163,524281.8195848917,9248.870798942451,16514.06228034287,63546.611303378464,111220.75525711058,17561.62453641576,99902.20203509596,152495.2600451407,388594.67312065925,117748.80719949072,66568.41953702524,423011.7524953186,4265.16544849112,4925.477913275581,30344.47269901822,114082.33039802322,5931.8781288394175,25091.988822838586,46122.43622177483,233638.07521377425,116745.22543247798,54237.59245381479,207068.08717667835,3117.2087664773976,4066.627232288919,24746.223203767095,63658.12109957177,4713.5999448848215,22343.49119543418,44429.73479652931,143084.51210103763,266465.22369870753,190983.55095414823,739795.7223796592,410.9973864313625,1934.8776147430353,23534.371192994597,99617.27360449551,5146.713565638194,34705.886237875005,142564.08598796913,463276.72169544955,229444.6505929752,143099.91791057718,393753.97479546745,398.86088112361944,1770.7551294855814,21993.40880005586,56454.50867395029,4956.014090363154,33937.81211294043,90039.59049887104,273305.2452516106,65090.04159040042,27054.418974668988,249087.23627263124,82.63091111495666,234.1601494884023,7322.276800388411,47374.855666152886,255.01688131039762,2721.309331987398,12201.949633247645,106668.66205078001,19066.551711985165,22038.759955135345,105994.12008855073,75.50413436594353,217.60222773636525,6208.425233715211,26375.266524618077,244.59263771435926,2637.707178134514,12126.211880777159,60192.00372060428,254682.52360017036,188506.10265910163,477233.16323961876,5226.820539904102,6209.771527856804,52494.1774989778,110021.08856802898,16572.56576434896,76641.55688696167,151038.74952908212,383757.0583383633,250422.67154314087,178552.02926019716,429290.50665407366,5002.8680706181,6017.529916646043,47567.88112291293,85722.00911367609,14746.36200562862,72225.77128023248,139675.0415495075,342411.43820623786,67770.42125685692,10198.136182423475,27555.54744218784,623.1218993619956,908.7183113298901,3374.0942423151632,2687.8675266897503,1691.2256564514182,10944.596504897514,9350.329001698903,26188.51624639321,61201.33847195409,10194.805455089696,27544.718587805615,622.6451729415759,907.6637082975008,3359.780422950192,2679.0929312351573,1686.2874550039792,10927.325426777004,9340.258226968816,26171.64978316731,206821.19329913604,3546.1897641123987,43295.19853259348,212.89005717546576,683.9839905014012,3323.9416023674435,4133.4480681563755,1723.5823130949625,17053.77911215748,3529.174163984583,43103.48815909058,206080.07285862454,3545.026780344036,43288.05908127642,212.88627752556917,683.962641538337,3322.739570874124,4132.6509315506655,1723.5043503762024,17053.32530158853,3528.039127846783,43096.51709560808
DZ_S_var_2_1.0,298379.87021849235,232810.80592203003,865844.2583113133,12869.815871190833,19693.939676746868,69423.7474047352,185624.67353463243,19902.596629726097,107442.67754133561,173732.79044797336,537234.4481676806,290376.88464512327,205453.41117871163,524281.8195848917,9248.870798942451,16514.06228034287,61609.74842409084,109217.33688453716,17561.62453641576,99902.20203509596,149096.65913614645,383393.85573388543,117748.80719949072,66568.41953702524,423011.7524953186,4265.16544849112,4925.477913275581,28589.87538220048,110282.42238279314,5931.8781288394175,25091.988822838586,44341.36420360346,227559.91512926115,116745.22543247798,54237.59245381479,207068.08717667835,3117.2087664773976,4066.627232288919,23807.459653605438,62352.2954482918,4713.5999448848215,22343.49119543418,43131.13171048547,140486.94350120143,266465.22369870753,190983.55095414823,739795.7223796592,410.9973864313625,1934.8776147430353,23296.537915938137,98911.87341822051,5146.713565638194,34705.886237875005,142562.16606967885,462198.4072209,229444.6505929752,143099.91791057718,393753.97479546745,398.86088112361944,1770.7551294855814,21853.798655089176,56234.473318527096,4956.014090363154,33937.81211294043,89680.26937589118,272744.44783371815,65090.04159040042,27054.418974668988,249087.23627263124,82.63091111495666,234.1601494884023,7263.687008592551,47040.221576401906,255.01688131039762,2721.309331987398,12161.656976376355,106236.78769909262,19066.551711985165,22038.759955135345,105994.12008855073,75.50413436594353,217.60222773636525,6185.807737253697,26323.80766162129,244.59263771435926,2637.707178134514,12093.524815604715,60063.405027436296,254682.52360017036,188506.10265910163,477233.16323961876,5226.820539904102,6209.771527856804,50816.34029221895,108198.1027252718,16572.56576434896,76641.55688696167,148959.98619020442,380821.81585947017,250422.67154314087,178552.02926019716,429290.50665407366,5002.8680706181,6017.529916646043,46613.86325311722,84433.13230371126,14746.36200562862,72225.77128023248,136703.40975841583,337772.71805648075,67770.42125685692,10198.136182423475,27555.54744218784,623.1218993619956,908.7183113298901,3369.878683776085,2682.195941875085,1691.2256564514182,10944.596504897514,9289.22334509677,26101.953448035118,61201.33847195409,10194.805455089696,27544.718587805615,622.6451729415759,907.6637082975008,3355.830295552549,2673.699283431177,1686.2874550039792,10927.325426777004,9280.319704849704,26086.629597535935,206821.19329913604,3546.1897641123987,43295.19853259348,212.89005717546576,683.9839905014012,3318.631375617347,4129.591991597214,1723.5823130949625,17053.77911215748,3524.2923735700574,43073.23648110783,206080.07285862454,3545.026780344036,43288.05908127642,212.88627752556917,683.962641538337,3317.4324048504936,4128.796335305664,1723.5043503762024,17053.32530158853,3523.1605826537893,43066.280497197055
DZ_S_var_2_1.8,298379.87021849235,232810.80592203003,865844.2583113133,12869.815871190833,19693.939676746868,66867.42003527263,181493.26302357818,19902.596629726097,107442.67754133561,173212.59670569707,535061.1919747305,290376.88464512327,205453.41117871163,524281.8195848917,9248.870798942451,16514.06228034287,60194.92648293147,107744.25323159827,17561.62453641576,99902.20203509596,146626.3601251026,379597.9944611459,117748.80719949072,66568.41953702524,423011.7524953186,4265.16544849112,4925.477913275581,27242.636459346708,107317.12247922197,5931.8781288394175,25091.988822838586,43053.492461412745,223164.43586732217,116745.22543247798,54237.59245381479,207068.08717667835,3117.2087664773976,4066.627232288919,23051.909522183945,61286.514084960116,4713.5999448848215,22343.49119543418,42105.17189922216,138426.292107856,266465.22369870753,190983.55095414823,739795.7223796592,410.9973864313625,1934.8776147430353,22911.724294977594,97771.95665456152,5146.713565638194,34705.886237875005,142559.08048282328,460481.0046160267,229444.6505929752,143099.91791057718,393753.97479546745,398.86088112361944,1770.7551294855814,21620.5911040994,55866.412324067074,4956.014090363154,33937.81211294043,89082.7264739696,271809.5651792379,65090.04159040042,27054.418974668988,249087.23627263124,82.63091111495666,234.1601494884023,7164.92823187391,46480.03717331817,255.01688131039762,2721.309331987398,12095.491796436401,105532.75819877342,19066.551711985165,22038.759955135345,105994.12008855073,75.50413436594353,217.60222773636525,6146.8033095209275,26234.890643102328,244.59263771435926,2637.707178134514,12037.801917722802,59844.477825679685,254682.52360017036,188506.10265910163,477233.16323961876,5226.820539904102,6209.771527856804,49391.94473526313,106628.75118224544,16572.56576434896,76641.55688696167,147200.47285090454,378326.4910015527,250422.67154314087,178552.02926019716,429290.50665407366,5002.8680706181,6017.529916646043,45756.281312784056,83279.76788648222,14746.36200562862,72225.77128023248,134064.56717630947,333644.8333272784,67770.42125685692,10198.136182423475,27555.54744218784,623.1218993619956,908.7183113298901,3365.6624372460406,2676.5451147840677,1691.2256564514182,10944.596504897514,9228.885397083724,26016.206696320245,61201.33847195409,10194.805455089696,27544.718587805615,622.6451729415759,907.6637082975008,3351.870562092967,2668.3124388686633,1686.2874550039792,10927.325426777004,9220.992631939203,26002.214716516417,206821.19329913604,3546.1897641123987,43295.19853259348,212.89005717546576,683.9839905014012,3302.4136268320076,4117.805766539307,1723.5823130949625,17053.77911215748,3509.39990657987,42980.8261545062,206080.07285862454,3545.026780344036,43288.05908127642,212.88627752556917,683.962641538337,3301.2238757982336,4117.014545497399,1723.5043503762024,17053.32530158853,3508.277896734588,42973.91554134942
DZ_S_var_2_3.2,298379.87021849235,232810.80592203003,865844.2583113133,12869.815871190833,19693.939676746868,65738.01887414003,179657.74436387673,19902.596629726097,107442.67754133561,172986.06102828035,534118.9444287661,290376.88464512327,205453.41117871163,524281.8195848917,9248.870798942451,16514.06228034287,59541.70193302246,107061.23058960184,17561.62453641576,99902.20203509596,145489.29850926786,377846.1695622017,117748.80719949072,66568.41953702524,423011.7524953186,4265.16544849112,4925.477913275581,26600.786542406335,105888.49315229918,5931.8781288394175,25091.988822838586,42462.581777453095,221146.75945506824,116745.22543247798,54237.59245381479,207068.08717667835,3117.2087664773976,4066.627232288919,22680.71570053712,60757.82709953095,4713.5999448848215,22343.49119543418,41607.262253850924,137423.31253800294,266465.22369870753,190983.55095414823,739795.7223796592,410.9973864313625,1934.8776147430353,22559.534739558352,96730.04492001778,5146.713565638194,34705.886237875005,142556.27882421683,458938.0397094233,229444.6505929752,143099.91791057718,393753.97479546745,398.86088112361944,1770.7551294855814,21398.81650517744,55515.78389329343,4956.014090363154,33937.81211294043,88517.55958073493,270922.6819807928,65090.04159040042,27054.418974668988,249087.23627263124,82.63091111495666,234.1601494884023,7069.964046821964,45945.816690587715,255.01688131039762,2721.309331987398,12033.858523201361,104882.61706331186,19066.551711985165,22038.759955135345,105994.12008855073,75.50413436594353,217.60222773636525,6108.2160697777545,26146.70475192809,244.59263771435926,2637.707178134514,11983.465749859435,59631.35858273845,254682.52360017036,188506.10265910163,477233.16323961876,5226.820539904102,6209.771527856804,48666.33779589615,105821.32183339976,16572.56576434896,76641.55688696167,146305.99805083792,377054.0590597565,250422.67154314087,178552.02926019716,429290.50665407366,5002.8680706181,6017.529916646043,45301.34755037302,82669.807762689,14746.36200562862,72225.77128023248,132676.9685892781,331470.6389595995,67770.42125685692,10198.136182423475,27555.54744218784,623.1218993619956,908.7183113298901,3363.237954368025,2673.305457259174,1691.2256564514182,10944.596504897514,9194.535508593186,25967.270252244136,61201.33847195409,10194.805455089696,27544.718587805615,622.6451729415759,907.6637082975008,3349.5895124730864,2665.2182835542953,1686.2874550039792,10927.325426777004,9187.155183175943,25953.950615187114,206821.19329913604,3546.1897641123987,43295.19853259348,212.89005717546576,683.9839905014012,3256.2569274315074,4084.181495092591,1723.5823130949625,17053.77911215748,3467.1531802212758,42717.65164598824,206080.07285862454,3545.026780344036,43288.05908127642,212.88627752556917,683.962641538337,3255.092361547494,4083.4021872643875,1723.5043503762024,17053.32530158853,3466.057942886671,42710.864524887635
DZ_S_var_2_5.6,298379.87021849235,232810.80592203003,865844.2583113133,12869.815871190833,19693.939676746868,65334.62554873746,179000.5315228264,19902.596629726097,107442.67754133561,172905.62907276026,533785.0017764623,290376.88464512327,205453.41117871163,524281.8195848917,9248.870798942451,16514.06228034287,59303.99584160675,106812.21247559109,17561.62453641576,99902.20203509596,145076.06916410677,377208.7843778217,117748.80719949072,66568.41953702524,423011.7524953186,4265.16544849112,4925.477913275581,26364.000248032804,105358.7186691656,5931.8781288394175,25091.988822838586,42248.12763668844,220414.28742233798,116745.22543247798,54237.59245381479,207068.08717667835,3117.2087664773976,4066.627232288919,22541.882629467287,60559.2021209221,4713.5999448848215,22343.49119543418,41422.05947217702,137049.73162155497,266465.22369870753,190983.55095414823,739795.7223796592,410.9973864313625,1934.8776147430353,22370.237220755007,96170.50336973264,5146.713565638194,34705.886237875005,142554.7817003112,458119.83273806726,229444.6505929752,143099.91791057718,393753.97479546745,398.86088112361944,1770.7551294855814,21276.159372020116,55321.59703340417,4956.014090363154,33937.81211294043,88206.26342842757,270433.0716842562,65090.04159040042,27054.418974668988,249087.23627263124,82.63091111495666,234.1601494884023,7016.997490830608,45649.68498335345,255.01688131039762,2721.309331987398,12000.296337600972,104530.84493540233,19066.551711985165,22038.759955135345,105994.12008855073,75.50413436594353,217.60222773636525,6086.216263453053,26096.328386833833,244.59263771435926,2637.707178134514,11952.832544037718,59511.36261444911,254682.52360017036,188506.10265910163,477233.16323961876,5226.820539904102,6209.771527856804,48390.39524742717,105512.8129151468,16572.56576434896,76641.55688696167,145966.16263002052,376569.9302081536,250422.67154314087,178552.02926019716,429290.50665407366,5002.8680706181,6017.529916646043,45124.98856852268,82433.68666705051,14746.36200562862,72225.77128023248,132141.3184335838,330630.6353927343,67770.42125685692,10198.136182423475,27555.54744218784,623.1218993619956,908.7183113298901,3362.2596863732283,2672.000278217567,1691.2256564514182,10944.596504897514,9180.746292888136,25947.600544175926,61201.33847195409,10194.805455089696,27544.718587805615,622.6451729415759,907.6637082975008,3348.6682758715106,2663.9705184530026,1686.2874550039792,10927.325426777004,9173.558784380348,25934.53314564874,206821.19329913604,3546.1897641123987,43295.19853259348,212.89005717546576,683.9839905014012,3147.511140641852,4004.4744274438344,1723.5823130949625,17053.77911215748,3368.420413290642,42096.54443486739,206080.07285862454,3545.026780344036,43288.05908127642,212.88627752556917,683.962641538337,3146.3997394595417,4003.718987717189,1723.5043503762024,17053.32530158853,3367.3821264139247,42090.01523881468
DZ_S_var_2_10.0,298379.87021849235,232810.80592203003,865844.2583113133,12869.815871190833,19693.939676746868,65201.78614347409,178783.91789078215,19902.596629726097,107442.67754133561,172879.19746902175,533675.3302499932,290376.88464512327,205453.41117871163,524281.8195848917,9248.870798942451,16514.06228034287,59225.20184332433,106729.612907027,17561.62453641576,99902.20203509596,144939.15721029116,376997.5168102961,117748.80719949072,66568.41953702524,423011.7524953186,4265.16544849112,4925.477913275581,26285.126344022858,105181.91474844063,5931.8781288394175,25091.988822838586,42177.108763108314,220171.6924118583,116745.22543247798,54237.59245381479,207068.08717667835,3117.2087664773976,4066.627232288919,22495.40688985409,60492.60112872929,4713.5999448848215,22343.49119543418,41360.184846232965,136924.8583121022,266465.22369870753,190983.55095414823,739795.7223796592,410.9973864313625,1934.8776147430353,22296.387621325346,95952.29384573702,5146.713565638194,34705.886237875005,142554.19928035233,457802.70472348615,229444.6505929752,143099.91791057718,393753.97479546745,398.86088112361944,1770.7551294855814,21227.630918356375,55244.7152118848,4956.014090363154,33937.81211294043,88083.35202546441,270239.53647088,65090.04159040042,27054.418974668988,249087.23627263124,82.63091111495666,234.1601494884023,6995.953364576343,45532.3850082886,255.01688131039762,2721.309331987398,11987.119189827812,104393.16329968674,19066.551711985165,22038.759955135345,105994.12008855073,75.50413436594353,217.60222773636525,6077.378165074693,26076.07009298798,244.59263771435926,2637.707178134514,11940.595862506692,59463.46016766499,254682.52360017036,188506.10265910163,477233.16323961876,5226.820539904102,6209.771527856804,48297.45686918012,105408.7241116173,16572.56576434896,76641.55688696167,145851.74534358445,376406.8446954286,250422.67154314087,178552.02926019716,429290.50665407366,5002.8680706181,6017.529916646043,45065.165733204856,82353.63350386969,14746.36200562862,72225.77128023248,131959.9062640141,330346.0541638695,67770.42125685692,10198.136182423475,27555.54744218784,623.1218993619956,908.7183113298901,3361.9227559634974,2671.5510214130427,1691.2256564514182,10944.596504897514,9176.006450219666,25940.836056754193,61201.33847195409,10194.805455089696,27544.718587805615,622.6451729415759,907.6637082975008,3348.3508755718626,2663.5408638294302,1686.2874550039792,10927.325426777004,9168.8835120103,25927.853015836103,206821.19329913604,3546.1897641123987,43295.19853259348,212.89005717546576,683.9839905014012,2975.5659842353743,3876.9298515746555,1723.5823130949625,17053.77911215748,3214.564066220494,41110.99430402918,206080.07285862454,3545.026780344036,43288.05908127642,212.88627752556917,683.962641538337,2974.520959905797,3876.1998255033513,1723.5043503762024,17053.32530158853,3213.598837870363,41104.77791143389
DZ_S_var_3_0.1,298379.87021849235,232810.80592203003,865844.2583113133,12869.815871190833,19693.939676746868,74898.37483763072,196173.24951801507,19902.596629726097,107442.67754133561,174302.54739754644,543620.1863928514,290376.88464512327,205453.41117871163,524281.8195848917,9248.870798942451,16514.06228034287,66015.69498733105,113063.82552460399,17561.62453641576,99902.20203509596,152776.75168654628,388332.4531863271,117748.80719949072,66568.41953702524,423011.7524953186,4265.16544849112,4925.477913275581,30247.17196338663,114654.49997385195,5931.8781288394175,25091.988822838586,45767.21644169483,234969.85613398429,116745.22543247798,54237.59245381479,207068.08717667835,3117.2087664773976,4066.627232288919,25178.600902995124,64181.00752114711,4713.5999448848215,22343.49119543418,44334.376014236535,142439.71297129788,266465.22369870753,190983.55095414823,739795.7223796592,410.9973864313625,1934.8776147430353,23440.52001544193,99595.91818987261,5146.713565638194,34705.886237875005,142690.8356499814,464930.2183624056,229444.6505929752,143099.91791057718,393753.97479546745,398.86088112361944,1770.7551294855814,21964.05011400886,56377.29505931403,4956.014090363154,33937.81211294043,89739.74092409069,272895.37820435624,65090.04159040042,27054.418974668988,249087.23627263124,82.63091111495666,234.1601494884023,7327.31041442768,47438.76522178944,255.01688131039762,2721.309331987398,12218.935259348566,107184.6859009016,19066.551711985165,22038.759955135345,105994.12008855073,75.50413436594353,217.60222773636525,6231.545282597792,26427.842626351972,244.59263771435926,2637.707178134514,12145.743828448167,60197.80385769428,254682.52360017036,188506.10265910163,477233.16323961876,5226.820539904102,6209.771527856804,52520.22715414833,110028.97980021525,16572.56576434896,76641.55688696167,150901.4495469762,383410.74229501333,250422.67154314087,178552.02926019716,429290.50665407366,5002.8680706181,6017.529916646043,47997.166066207195,85840.79705357572,14746.36200562862,72225.77128023248,139374.4012334999,341489.68677697924,67770.42125685692,10198.136182423475,27555.54744218784,623.1218993619956,908.7183113298901,3382.390056418315,2692.1439951351963,1691.2256564514182,10944.596504897514,9372.433316053113,26220.238856938613,61201.33847195409,10194.805455089696,27544.718587805615,622.6451729415759,907.6637082975008,3367.9272230273073,2683.3103436951283,1686.2874550039792,10927.325426777004,9362.414033069894,26203.47460914836,206821.19329913604,3546.1897641123987,43295.19853259348,212.89005717546576,683.9839905014012,3319.103021399501,4130.361474706016,1723.5823130949625,17053.77911215748,3524.6158015549263,43076.9384460196,206080.07285862454,3545.026780344036,43288.05908127642,212.88627752556917,683.962641538337,3317.904055722971,4129.565804464078,1723.5043503762024,17053.32530158853,3523.483939299631,43069.982086461365
DZ_S_var_3_0.2,298379.87021849235,232810.80592203003,865844.2583113133,12869.815871190833,19693.939676746868,74602.16307851345,195598.5268017106,19902.596629726097,107442.67754133561,174270.8783811472,543260.3651170711,290376.88464512327,205453.41117871163,524281.8195848917,9248.870798942451,16514.06228034287,65782.45759798135,112863.46125472432,17561.62453641576,99902.20203509596,152581.64153628712,388071.89794291067,117748.80719949072,66568.41953702524,423011.7524953186,4265.16544849112,4925.477913275581,30167.865332270536,114444.85635285721,5931.8781288394175,25091.988822838586,45696.44446404633,234596.24334164968,116745.22543247798,54237.59245381479,207068.08717667835,3117.2087664773976,4066.627232288919,25113.59158358361,64095.333491013866,4713.5999448848215,22343.49119543418,44276.39786371704,142346.22507242937,266465.22369870753,190983.55095414823,739795.7223796592,410.9973864313625,1934.8776147430353,23436.51470605906,99576.81184057334,5146.713565638194,34705.886237875005,142687.23767372593,464853.2370622326,229444.6505929752,143099.91791057718,393753.97479546745,398.86088112361944,1770.7551294855814,21960.99450191629,56373.34148233197,4956.014090363154,33937.81211294043,89738.09074016438,272891.1895913591,65090.04159040042,27054.418974668988,249087.23627263124,82.63091111495666,234.1601494884023,7325.556755535006,47427.73792605415,255.01688131039762,2721.309331987398,12217.345259383243,107158.15118580038,19066.551711985165,22038.759955135345,105994.12008855073,75.50413436594353,217.60222773636525,6230.28716681631,26424.984934890104,244.59263771435926,2637.707178134514,12144.301127538018,60194.09415007386,254682.52360017036,188506.10265910163,477233.16323961876,5226.820539904102,6209.771527856804,52442.86356808665,109946.46540769174,16572.56576434896,76641.55688696167,150813.0052345028,383293.115155288,250422.67154314087,178552.02926019716,429290.50665407366,5002.8680706181,6017.529916646043,47935.33341299641,85778.14005298473,14746.36200562862,72225.77128023248,139254.63318583107,341323.48106157273,67770.42125685692,10198.136182423475,27555.54744218784,623.1218993619956,908.7183113298901,3381.8844329558624,2691.7412495202375,1691.2256564514182,10944.596504897514,9369.04883899568,26215.437560288927,61201.33847195409,10194.805455089696,27544.718587805615,622.6451729415759,907.6637082975008,3367.4387524892154,2682.9215862574983,1686.2874550039792,10927.325426777004,9359.077902352621,26198.73585054036,206821.19329913604,3546.1897641123987,43295.19853259348,212.89005717546576,683.9839905014012,3319.0926637583057,4130.344574097257,1723.5823130949625,17053.77911215748,3524.6086974124873,43076.857128871634,206080.07285862454,3545.026780344036,43288.05908127642,212.88627752556917,683.962641538337,3317.8936979729874,4129.548904166747,1723.5043503762024,17053.32530158853,3523.476836726326,43069.90077758897
DZ_S_var_3_0.3,298379.87021849235,232810.80592203003,865844.2583113133,12869.815871190833,19693.939676746868,73781.91640404874,194009.6320735234,19902.596629726097,107442.67754133561,174183.69692766812,542272.8225152566,290376.88464512327,205453.41117871163,524281.8195848917,9248.870798942451,16514.06228034287,65133.574961357415,112304.17043964866,17561.62453641576,99902.20203509596,152039.00658535986,387346.5043221277,117748.80719949072,66568.41953702524,423011.7524953186,4265.16544849112,4925.477913275581,29942.681364324762,113849.85972506949,5931.8781288394175,25091.988822838586,45496.930083060666,233546.34452272646,116745.22543247798,54237.59245381479,207068.08717667835,3117.2087664773976,4066.627232288919,24928.675262945955,63851.0898887076,4713.5999448848215,22343.49119543418,44111.99424438593,142080.79959172392,266465.22369870753,190983.55095414823,739795.7223796592,410.9973864313625,1934.8776147430353,23424.164832063507,99517.92788737839,5146.713565638194,34705.886237875005,142676.15050525413,464616.2349637278,229444.6505929752,143099.91791057718,393753.97479546745,398.86088112361944,1770.7551294855814,21951.568817463198,56361.14414358987,4956.014090363154,33937.81211294043,89733.00109267319,272878.2709343709,65090.04159040042,27054.418974668988,249087.23627263124,82.63091111495666,234.1601494884023,7320.143770132078,47393.715382382674,255.01688131039762,2721.309331987398,12212.441478992445,107076.39499116606,19066.551711985165,22038.759955135345,105994.12008855073,75.50413436594353,217.60222773636525,6226.402853680841,26416.16065099746,244.59263771435926,2637.707178134514,12139.84918220165,60182.645350246916,254682.52360017036,188506.10265910163,477233.16323961876,5226.820539904102,6209.771527856804,52221.01162241713,109709.52272114044,16572.56576434896,76641.55688696167,150559.53302119378,382955.84358443855,250422.67154314087,178552.02926019716,429290.50665407366,5002.8680706181,6017.529916646043,47757.51132358816,85597.81149734862,14746.36200562862,72225.77128023248,138910.39394531446,340845.5298659814,67770.42125685692,10198.136182423475,27555.54744218784,623.1218993619956,908.7183113298901,3380.40471304496,2690.5629507907693,1691.2256564514182,10944.596504897514,9359.154643623151,26201.396662862113,61201.33847195409,10194.805455089696,27544.718587805615,622.6451729415759,907.6637082975008,3366.0090357195704,2681.784045131971,1686.2874550039792,10927.325426777004,9349.323600312478,26184.87586367285,206821.19329913604,3546.1897641123987,43295.19853259348,212.89005717546576,683.9839905014012,3319.0599266621334,4130.291157504039,1723.5823130949625,17053.77911215748,3524.586243986659,43076.600117925955,206080.07285862454,3545.026780344036,43288.05908127642,212.88627752556917,683.962641538337,3317.8609605323913,4129.495488556559,1723.5043503762024,17053.32530158853,3523.4543882589905,43069.643792790324
DZ_S_var_3_0.6,298379.87021849235,232810.80592203003,865844.2583113133,12869.815871190833,19693.939676746868,71973.30442294422,190518.86906232242,19902.596629726097,107442.67754133561,173994.0929294612,540140.1872688734,290376.88464512327,205453.41117871163,524281.8195848917,9248.870798942451,16514.06228034287,63686.942479625104,111047.22785958172,17561.62453641576,99902.20203509596,150830.17122836754,385726.5698053455,117748.80719949072,66568.41953702524,423011.7524953186,4265.16544849112,4925.477913275581,29415.2118424744,112457.57229703375,5931.8781288394175,25091.988822838586,45037.7441678546,231148.51679643578,116745.22543247798,54237.59245381479,207068.08717667835,3117.2087664773976,4066.627232288919,24493.6184726715,63273.211718152714,4713.5999448848215,22343.49119543418,43728.165785776735,141459.20608504087,266465.22369870753,190983.55095414823,739795.7223796592,410.9973864313625,1934.8776147430353,23388.018243723513,99345.82493932713,5146.713565638194,34705.886237875005,142643.75812270108,463925.6684685581,229444.6505929752,143099.91791057718,393753.97479546745,398.86088112361944,1770.7551294855814,21923.94548406204,56325.38335300808,4956.014090363154,33937.81211294043,89718.09118946677,272840.42841005005,65090.04159040042,27054.418974668988,249087.23627263124,82.63091111495666,234.1601494884023,7304.250140175925,47293.950526306355,255.01688131039762,2721.309331987398,12198.078170927314,106837.62603902523,19066.551711985165,22038.759955135345,105994.12008855073,75.50413436594353,217.60222773636525,6214.9897573758135,26390.220128597597,244.59263771435926,2637.707178134514,12126.787932837575,60149.04576801723,254682.52360017036,188506.10265910163,477233.16323961876,5226.820539904102,6209.771527856804,51688.34544956519,109138.67035441726,16572.56576434896,76641.55688696167,149951.88598890224,382146.3090196864,250422.67154314087,178552.02926019716,429290.50665407366,5002.8680706181,6017.529916646043,47327.46369130212,85160.86141334086,14746.36200562862,72225.77128023248,138079.08684601574,339689.8421807321,67770.42125685692,10198.136182423475,27555.54744218784,623.1218993619956,908.7183113298901,3376.6610064512083,2687.584145745484,1691.2256564514182,10944.596504897514,9334.192321826607,26165.9408942728,61201.33847195409,10194.805455089696,27544.718587805615,622.6451729415759,907.6637082975008,3362.3905368836595,2678.9071663899485,1686.2874550039792,10927.325426777004,9324.70466124268,26149.863817633468,206821.19329913604,3546.1897641123987,43295.19853259348,212.89005717546576,683.9839905014012,3318.9565690015816,4130.1225171570595,1723.5823130949625,17053.77911215748,3524.515358255371,43075.78874002309,206080.07285862454,3545.026780344036,43288.05908127642,212.88627752556917,683.962641538337,3317.757601775073,4129.3268512979985,1723.5043503762024,17053.32530158853,3523.383518175181,43068.83249736073
DZ_S_var_3_1.0,298379.87021849235,232810.80592203003,865844.2583113133,12869.815871190833,19693.939676746868,69423.7474047352,185624.67353463243,19902.596629726097,107442.67754133561,173732.79044797336,537234.4481676806,290376.88464512327,205453.41117871163,524281.8195848917,9248.870798942451,16514.06228034287,61609.74842409084,109217.33688453716,17561.62453641576,99902.20203509596,149096.65913614645,383393.85573388543,117748.80719949072,66568.41953702524,423011.7524953186,4265.16544849112,4925.477913275581,28589.87538220048,110282.42238279314,5931.8781288394175,25091.988822838586,44341.36420360346,227559.91512926115,116745.22543247798,54237.59245381479,207068.08717667835,3117.2087664773976,4066.627232288919,23807.459653605438,62352.2954482918,4713.5999448848215,22343.49119543418,43131.13171048547,140486.94350120143,266465.22369870753,190983.55095414823,739795.7223796592,410.9973864313625,1934.8776147430353,23296.537915938137,98911.87341822051,5146.713565638194,34705.886237875005,142562.16606967885,462198.4072209,229444.6505929752,143099.91791057718,393753.97479546745,398.86088112361944,1770.7551294855814,21853.798655089176,56234.473318527096,4956.014090363154,33937.81211294043,89680.26937589118,272744.44783371815,65090.04159040042,27054.418974668988,249087.23627263124,82.63091111495666,234.1601494884023,7263.687008592551,47040.221576401906,255.01688131039762,2721.309331987398,12161.656976376355,106236.78769909262,19066.551711985165,22038.759955135345,105994.12008855073,75.50413436594353,217.60222773636525,6185.807737253697,26323.80766162129,244.59263771435926,2637.707178134514,12093.524815604715,60063.405027436296,254682.52360017036,188506.10265910163,477233.16323961876,5226.820539904102,6209.771527856804,50816.34029221895,108198.1027252718,16572.56576434896,76641.55688696167,148959.98619020442,380821.81585947017,250422.67154314087,178552.02926019716,429290.50665407366,5002.8680706181,6017.529916646043,46613.86325311722,84433.13230371126,14746.36200562862,72225.77128023248,136703.40975841583,337772.71805648075,67770.42125685692,10198.136182423475,27555.54744218784,623.1218993619956,908.7183113298901,3369.878683776085,2682.195941875085,1691.2256564514182,10944.596504897514,9289.22334509677,26101.953448035118,61201.33847195409,10194.805455089696,27544.718587805615,622.6451729415759,907.6637082975008,3355.830295552549,2673.699283431177,1686.2874550039792,10927.325426777004,9280.319704849704,26086.629597535935,206821.19329913604,3546.1897641123987,43295.19853259348,212.89005717546576,683.9839905014012,3318.631375617347,4129.591991597214,1723.5823130949625,17053.77911215748,3524.2923735700574,43073.23648110783,206080.07285862454,3545.026780344036,43288.05908127642,212.88627752556917,683.962641538337,3317.4324048504936,4128.796335305664,1723.5043503762024,17053.32530158853,3523.1605826537893,43066.280497197055
DZ_S_var_3_1.8,298379.87021849235,232810.80592203003,865844.2583113133,12869.815871190833,19693.939676746868,67421.80927329979,181800.50387305656,19902.596629726097,107442.67754133561,173532.35670515426,535031.2800102888,290376.88464512327,205453.41117871163,524281.8195848917,9248.870798942451,16514.06228034287,59946.775314509665,107730.14498420437,17561.62453641576,99902.20203509596,147710.7271979808,381520.54003305355,117748.80719949072,66568.41953702524,423011.7524953186,4265.16544849112,4925.477913275581,27863.41821571401,108370.40062963293,5931.8781288394175,25091.988822838586,43749.701219014474,224554.49912349368,116745.22543247798,54237.59245381479,207068.08717667835,3117.2087664773976,4066.627232288919,23197.964865573973,61524.14530128225,4713.5999448848215,22343.49119543418,42609.17296607136,139631.46819652812,266465.22369870753,190983.55095414823,739795.7223796592,410.9973864313625,1934.8776147430353,23130.700415330233,98130.99505358796,5146.713565638194,34705.886237875005,142415.65372138054,459139.8076508205,229444.6505929752,143099.91791057718,393753.97479546745,398.86088112361944,1770.7551294855814,21725.760921911038,56068.169023647584,4956.014090363154,33937.81211294043,89611.38326638754,272569.68755042827,65090.04159040042,27054.418974668988,249087.23627263124,82.63091111495666,234.1601494884023,7188.888866046997,46575.63228059524,255.01688131039762,2721.309331987398,12095.373693919613,105159.91426508217,19066.551711985165,22038.759955135345,105994.12008855073,75.50413436594353,217.60222773636525,6131.792168411437,26200.552107226307,244.59263771435926,2637.707178134514,12032.455238888855,59905.89981794101,254682.52360017036,188506.10265910163,477233.16323961876,5226.820539904102,6209.771527856804,50007.060019329394,107318.32187094656,16572.56576434896,76641.55688696167,148042.5907711065,379593.42283179547,250422.67154314087,178552.02926019716,429290.50665407366,5002.8680706181,6017.529916646043,45940.71263205089,83743.5129604643,14746.36200562862,72225.77128023248,135409.98724340092,335964.84289385926,67770.42125685692,10198.136182423475,27555.54744218784,623.1218993619956,908.7183113298901,3362.728069735551,2676.5267796857347,1691.2256564514182,10944.596504897514,9242.163968405428,26034.832415330555,61201.33847195409,10194.805455089696,27544.718587805615,622.6451729415759,907.6637082975008,3348.907181826828,2668.2142102176126,1686.2874550039792,10927.325426777004,9233.82381992375,26020.232824310016,206821.19329913604,3546.1897641123987,43295.19853259348,212.89005717546576,683.9839905014012,3317.6192654327247,4127.94146200327,1723.5823130949625,17053.77911215748,3523.5987836831414,43065.298560782045,206080.07285862454,3545.026780344036,43288.05908127642,212.88627752556917,683.962641538337,3316.4202827760273,4127.145834037913,1723.5043503762024,17053.32530158853,3522.4671451160125,43058.343375020464
DZ_S_var_3_3.2,298379.87021849235,232810.80592203003,865844.2583113133,12869.815871190833,19693.939676746868,66454.14216276052,179957.1175930563,19902.596629726097,107442.67754133561,173436.92828141624,533990.0433436849,290376.88464512327,205453.41117871163,524281.8195848917,9248.870798942451,16514.06228034287,59132.639249214,106994.59197991311,17561.62453641576,99902.20203509596,147032.83435408652,380601.52471165056,117748.80719949072,66568.41953702524,423011.7524953186,4265.16544849112,4925.477913275581,27483.82858638729,107371.96278594877,5931.8781288394175,25091.988822838586,43448.13268988199,223037.50308889302,116745.22543247798,54237.59245381479,207068.08717667835,3117.2087664773976,4066.627232288919,22877.403326809155,61084.620992049284,4713.5999448848215,22343.49119543418,42337.7484066094,139184.56068635875,266465.22369870753,190983.55095414823,739795.7223796592,410.9973864313625,1934.8776147430353,22955.709199704404,97314.95044875878,5146.713565638194,34705.886237875005,142262.9794364054,456009.80196057685,229444.6505929752,143099.91791057718,393753.97479546745,398.86088112361944,1770.7551294855814,21589.42010060926,55890.55348710309,4956.014090363154,33937.81211294043,89538.2413719331,272384.20432941127,65090.04159040042,27054.418974668988,249087.23627263124,82.63091111495666,234.1601494884023,7108.143208091583,46078.760012950675,255.01688131039762,2721.309331987398,12025.068585536404,104040.36668006257,19066.551711985165,22038.759955135345,105994.12008855073,75.50413436594353,217.60222773636525,6073.182571306384,26066.327287904223,244.59263771435926,2637.707178134514,11966.916079120547,59736.47153796515,254682.52360017036,188506.10265910163,477233.16323961876,5226.820539904102,6209.771527856804,49567.57961657132,106837.72521574951,16572.56576434896,76641.55688696167,147545.66550362296,378926.66910559806,250422.67154314087,178552.02926019716,429290.50665407366,5002.8680706181,6017.529916646043,45570.677512787806,83363.09269720159,14746.36200562862,72225.77128023248,134700.74540180364,334971.2527853147,67770.42125685692,10198.136182423475,27555.54744218784,623.1218993619956,908.7183113298901,3358.438161986446,2673.1313459457106,1691.2256564514182,10944.596504897514,9214.102848400855,25994.730740670762,61201.33847195409,10194.805455089696,27544.718587805615,622.6451729415759,907.6637082975008,3344.750484332968,2664.926263658399,1686.2874550039792,10927.325426777004,9206.075468122739,25980.53164802121,206821.19329913604,3546.1897641123987,43295.19853259348,212.89005717546576,683.9839905014012,3314.5726989289406,4122.979041612523,1723.5823130949625,17053.77911215748,3521.5147629350918,43041.45519372782,206080.07285862454,3545.026780344036,43288.05908127642,212.88627752556917,683.962641538337,3313.3736725232193,4122.183485687771,1723.5043503762024,17053.32530158853,3520.383576897499,43034.50234524372
DZ_S_var_3_5.6,298379.87021849235,232810.80592203003,865844.2583113133,12869.815871190833,19693.939676746868,66094.85473863184,179273.44008372072,19902.596629726097,107442.67754133561,173401.73365924408,533607.2723077551,290376.88464512327,205453.41117871163,524281.8195848917,9248.870798942451,16514.06228034287,58828.621081430996,106718.62930122134,17561.62453641576,99902.20203509596,146779.7959561065,380258.01830254396,117748.80719949072,66568.41953702524,423011.7524953186,4265.16544849112,4925.477913275581,27337.73763034515,106987.7772319092,5931.8781288394175,25091.988822838586,43333.41894451886,222463.0265763887,116745.22543247798,54237.59245381479,207068.08717667835,3117.2087664773976,4066.627232288919,22753.645607880953,60914.187733385,4713.5999448848215,22343.49119543418,42233.52481386422,139012.57710564276,266465.22369870753,190983.55095414823,739795.7223796592,410.9973864313625,1934.8776147430353,22850.65252731356,96828.86585588017,5146.713565638194,34705.886237875005,142172.2550417002,454176.7793817913,229444.6505929752,143099.91791057718,393753.97479546745,398.86088112361944,1770.7551294855814,21506.95041980943,55782.85183241114,4956.014090363154,33937.81211294043,89494.10481478571,272272.31348941824,65090.04159040042,27054.418974668988,249087.23627263124,82.63091111495666,234.1601494884023,7058.742744019958,45777.09211950896,255.01688131039762,2721.309331987398,11982.680254236793,103376.27613206508,19066.551711985165,22038.759955135345,105994.12008855073,75.50413436594353,217.60222773636525,6037.170915829668,25983.600654238053,244.59263771435926,2637.707178134514,11927.01523522087,59633.12004084588,254682.52360017036,188506.10265910163,477233.16323961876,5226.820539904102,6209.771527856804,49395.26390480581,106648.73652917816,16572.56576434896,76641.55688696167,147351.0689657613,378665.30360582017,250422.67154314087,178552.02926019716,429290.50665407366,5002.8680706181,6017.529916646043,45424.71796552213,83212.77231680082,14746.36200562862,72225.77128023248,134421.32904327367,334579.37049000285,67770.42125685692,10198.136182423475,27555.54744218784,623.1218993619956,908.7183113298901,3356.668546822239,2671.7319473416387,1691.2256564514182,10944.596504897514,9202.56465403195,25978.224723895448,61201.33847195409,10194.805455089696,27544.718587805615,622.6451729415759,907.6637082975008,3343.0351030218985,2663.5705607828736,1686.2874550039792,10927.325426777004,9194.660836449004,25964.183472324356,206821.19329913604,3546.1897641123987,43295.19853259348,212.89005717546576,683.9839905014012,3306.252660559877,4109.471482401293,1723.5823130949625,17053.77911215748,3515.852021012546,42976.72500766425,206080.07285862454,3545.026780344036,43288.05908127642,212.88627752556917,683.962641538337,3305.0534538012616,4108.676022766359,1723.5043503762024,17053.32530158853,3514.722024953109,42969.77804938654
DZ_S_var_3_10.0,298379.87021849235,232810.80592203003,865844.2583113133,12869.815871190833,19693.939676746868,65974.89794525315,179045.26465817832,19902.596629726097,107442.67754133561,173390.01148005956,533479.931960371,290376.88464512327,205453.41117871163,524281.8195848917,9248.870798942451,16514.06228034287,58726.90666575323,106626.14317445214,17561.62453641576,99902.20203509596,146695.15021224483,380143.0529553794,117748.80719949072,66568.41953702524,423011.7524953186,4265.16544849112,4925.477913275581,27288.315519371845,106857.81618086761,5931.8781288394175,25091.988822838586,43294.779292491985,222269.83869034093,116745.22543247798,54237.59245381479,207068.08717667835,3117.2087664773976,4066.627232288919,22711.730200149646,60856.36829724242,4713.5999448848215,22343.49119543418,42198.29621579715,138954.39746010888,266465.22369870753,190983.55095414823,739795.7223796592,410.9973864313625,1934.8776147430353,22807.29994921011,96629.10348171015,5146.713565638194,34705.886237875005,142135.0187059264,453430.14748962794,229444.6505929752,143099.91791057718,393753.97479546745,398.86088112361944,1770.7551294855814,21472.782477894958,55738.17101016799,4956.014090363154,33937.81211294043,89475.84185575758,272226.0230205689,65090.04159040042,27054.418974668988,249087.23627263124,82.63091111495666,234.1601494884023,7038.150561859285,45651.854028754766,255.01688131039762,2721.309331987398,11965.148687898056,103103.95385013297,19066.551711985165,22038.759955135345,105994.12008855073,75.50413436594353,217.60222773636525,6022.125030189222,25948.979009993684,244.59263771435926,2637.707178134514,11910.426634615364,59590.106875807985,254682.52360017036,188506.10265910163,477233.16323961876,5226.820539904102,6209.771527856804,49336.56236068724,106584.28366244801,16572.56576434896,76641.55688696167,147284.8083527914,378576.27399910253,250422.67154314087,178552.02926019716,429290.50665407366,5002.8680706181,6017.529916646043,45374.881995335745,83161.41285428275,14746.36200562862,72225.77128023248,134325.9703177293,334445.5720036395,67770.42125685692,10198.136182423475,27555.54744218784,623.1218993619956,908.7183113298901,3356.053791837872,2671.245972829351,1691.2256564514182,10944.596504897514,9198.561413526993,25972.495552534936,61201.33847195409,10194.805455089696,27544.718587805615,622.6451729415759,907.6637082975008,3342.4390906374683,2663.099678120187,1686.2874550039792,10927.325426777004,9190.699779865065,25958.508131420866,206821.19329913604,3546.1897641123987,43295.19853259348,212.89005717546576,683.9839905014012,3288.489677387622,4080.849113875034,1723.5823130949625,17053.77911215748,3503.9007215147694,42840.385366701856,206080.07285862454,3545.026780344036,43288.05908127642,212.88627752556917,683.962641538337,3287.2897873391653,4080.0533755627475,1723.5043503762024,17053.32530158853,3502.7730466770486,42833.448638841786
DZ_S_var_4_0.1,298379.87021849235,232810.80592203003,865844.2583113133,12869.815871190833,19693.939676746868,71838.98738799192,191847.12620480734,19902.596629726097,107442.67754133561,173759.53232344807,541951.422872796,290376.88464512327,205453.41117871163,524281.8195848917,9248.870798942451,16514.06228034287,64351.884551267765,112061.89124762361,17561.62453641576,99902.20203509596,150012.0518412061,384606.16564245225,117748.80719949072,66568.41953702524,423011.7524953186,4265.16544849112,4925.477913275581,28809.720234830424,111727.61447800508,5931.8781288394175,25091.988822838586,44445.201012242556,230791.91376446252,116745.22543247798,54237.59245381479,207068.08717667835,3117.2087664773976,4066.627232288919,24139.087671268982,63162.442033051404,4713.5999448848215,22343.49119543418,43239.39705496709,140961.86690306643,266465.22369870753,190983.55095414823,739795.7223796592,410.9973864313625,1934.8776147430353,23328.95376121171,99360.54819407743,5146.713565638194,34705.886237875005,142867.2479244142,465230.79938364075,229444.6505929752,143099.91791057718,393753.97479546745,398.86088112361944,1770.7551294855814,21891.116172813447,56354.35458269452,4956.014090363154,33937.81211294043,89720.12624851546,273088.9829263029,65090.04159040042,27054.418974668988,249087.23627263124,82.63091111495666,234.1601494884023,7287.586297852172,47244.84311987624,255.01688131039762,2721.309331987398,12187.798544423056,107116.75816990041,19066.551711985165,22038.759955135345,105994.12008855073,75.50413436594353,217.60222773636525,6213.086324547538,26412.286903415687,244.59263771435926,2637.707178134514,12119.921356371673,60238.16129596232,254682.52360017036,188506.10265910163,477233.16323961876,5226.820539904102,6209.771527856804,51338.828885596165,108754.06331389042,16572.56576434896,76641.55688696167,149447.09418425453,381445.5534565642,250422.67154314087,178552.02926019716,429290.50665407366,5002.8680706181,6017.529916646043,47189.85009543045,84953.81423918017,14746.36200562862,72225.77128023248,137359.50357120496,338590.0936016687,67770.42125685692,10198.136182423475,27555.54744218784,623.1218993619956,908.7183113298901,3379.9754970613485,2688.1126953597095,1691.2256564514182,10944.596504897514,9313.44875317292,26138.332392785673,61201.33847195409,10194.805455089696,27544.718587805615,622.6451729415759,907.6637082975008,3365.754410737903,2679.49060553798,1686.2874550039792,10927.325426777004,9304.211532533373,26122.607554659735,206821.19329913604,3546.1897641123987,43295.19853259348,212.89005717546576,683.9839905014012,3318.73073663605,4130.74229060865,1723.5823130949625,17053.77911215748,3524.306021847931,43076.40427370601,206080.07285862454,3545.026780344036,43288.05908127642,212.88627752556917,683.962641538337,3317.5318128436284,4129.946483778633,1723.5043503762024,17053.32530158853,3523.174231366484,43069.44781473607
DZ_S_var_4_0.2,298379.87021849235,232810.80592203003,865844.2583113133,12869.815871190833,19693.939676746868,71731.22732207205,191565.39180729113,19902.596629726097,107442.67754133561,173758.31349492059,541733.7583199599,290376.88464512327,205453.41117871163,524281.8195848917,9248.870798942451,16514.06228034287,64229.60827765859,111935.64089087909,17561.62453641576,99902.20203509596,149970.86871031305,384551.69638093497,117748.80719949072,66568.41953702524,423011.7524953186,4265.16544849112,4925.477913275581,28800.923185807067,111669.12179615267,5931.8781288394175,25091.988822838586,44440.988243935244,230658.3976164606,116745.22543247798,54237.59245381479,207068.08717667835,3117.2087664773976,4066.627232288919,24125.882798875966,63130.01101339697,4713.5999448848215,22343.49119543418,43235.02957827201,140942.66120177772,266465.22369870753,190983.55095414823,739795.7223796592,410.9973864313625,1934.8776147430353,23328.100430051523,99348.67478297248,5146.713565638194,34705.886237875005,142859.17729737228,465149.97887715016,229444.6505929752,143099.91791057718,393753.97479546745,398.86088112361944,1770.7551294855814,21890.13446131308,56351.196293012945,4956.014090363154,33937.81211294043,89719.07493746535,273079.8822354881,65090.04159040042,27054.418974668988,249087.23627263124,82.63091111495666,234.1601494884023,7286.959871929414,47239.46288485954,255.01688131039762,2721.309331987398,12187.112581989359,107093.436249957,19066.551711985165,22038.759955135345,105994.12008855073,75.50413436594353,217.60222773636525,6212.371858191881,26409.96806954641,244.59263771435926,2637.707178134514,12119.229205438438,60233.56923242672,254682.52360017036,188506.10265910163,477233.16323961876,5226.820539904102,6209.771527856804,51317.9997368541,108731.95375278963,16572.56576434896,76641.55688696167,149427.56204899368,381420.5621552781,250422.67154314087,178552.02926019716,429290.50665407366,5002.8680706181,6017.529916646043,47167.01165445416,84933.22917194317,14746.36200562862,72225.77128023248,137333.34887212233,338557.5458515706,67770.42125685692,10198.136182423475,27555.54744218784,623.1218993619956,908.7183113298901,3379.610571747702,2687.898783617771,1691.2256564514182,10944.596504897514,9312.571563230607,26137.01578320728,61201.33847195409,10194.805455089696,27544.718587805615,622.6451729415759,907.6637082975008,3365.3958121599776,2679.281282414207,1686.2874550039792,10927.325426777004,9303.346666103622,26121.305811300896,206821.19329913604,3546.1897641123987,43295.19853259348,212.89005717546576,683.9839905014012,3318.7285541241754,4130.71701415937,1723.5823130949625,17053.77911215748,3524.305721883633,43076.334644142255,206080.07285862454,3545.026780344036,43288.05908127642,212.88627752556917,683.962641538337,3317.5296292999965,4129.921210637744,1723.5043503762024,17053.32530158853,3523.1739313924136,43069.3781956137
DZ_S_var_4_0.3,298379.87021849235,232810.80592203003,865844.2583113133,12869.815871190833,19693.939676746868,71421.22054254593,190757.09030643877,19902.596629726097,107442.67754133561,173754.82077072075,541111.4427877147,290376.88464512327,205453.41117871163,524281.8195848917,9248.870798942451,16514.06228034287,63877.8050897701,111572.10483871831,17561.62453641576,99902.20203509596,149852.57113638252,384395.1970535431,117748.80719949072,66568.41953702524,423011.7524953186,4265.16544849112,4925.477913275581,28775.136388092287,111497.9850729929,5931.8781288394175,25091.988822838586,44428.667434408584,230269.09304198192,116745.22543247798,54237.59245381479,207068.08717667835,3117.2087664773976,4066.627232288919,24087.144181132167,63034.9527831164,4713.5999448848215,22343.49119543418,43222.24424773853,140886.4613371451,266465.22369870753,190983.55095414823,739795.7223796592,410.9973864313625,1934.8776147430353,23325.452704537078,99311.85538270122,5146.713565638194,34705.886237875005,142834.149320463,464899.5544696871,229444.6505929752,143099.91791057718,393753.97479546745,398.86088112361944,1770.7551294855814,21887.088170959752,56341.397569625864,4956.014090363154,33937.81211294043,89715.81364130738,273051.65520480974,65090.04159040042,27054.418974668988,249087.23627263124,82.63091111495666,234.1601494884023,7285.015261121871,47222.76686369662,255.01688131039762,2721.309331987398,12184.983414564871,107021.1272701598,19066.551711985165,22038.759955135345,105994.12008855073,75.50413436594353,217.60222773636525,6210.153760710942,26402.769623858832,244.59263771435926,2637.707178134514,12117.080657229344,60219.31807387237,254682.52360017036,188506.10265910163,477233.16323961876,5226.820539904102,6209.771527856804,51256.90582792046,108667.07853682882,16572.56576434896,76641.55688696167,149370.32702271282,381347.3207970377,250422.67154314087,178552.02926019716,429290.50665407366,5002.8680706181,6017.529916646043,47099.965454945115,84872.76943932874,14746.36200562862,72225.77128023248,137256.63429361593,338462.0623943479,67770.42125685692,10198.136182423475,27555.54744218784,623.1218993619956,908.7183113298901,3378.523700304681,2687.261710719676,1691.2256564514182,10944.596504897514,9309.959714886261,26133.095264665324,61201.33847195409,10194.805455089696,27544.718587805615,622.6451729415759,907.6637082975008,3364.327746137475,2678.6578514404173,1686.2874550039792,10927.325426777004,9300.771402367853,26117.429403111764,206821.19329913604,3546.1897641123987,43295.19853259348,212.89005717546576,683.9839905014012,3318.72165606405,4130.637128096118,1723.5823130949625,17053.77911215748,3524.3047738659166,43076.114586567135,206080.07285862454,3545.026780344036,43288.05908127642,212.88627752556917,683.962641538337,3317.5227279789024,4129.841335030543,1723.5043503762024,17053.32530158853,3523.1729833445347,43069.15817104198
DZ_S_var_4_0.6,298379.87021849235,232810.80592203003,865844.2583113133,12869.815871190833,19693.939676746868,70670.85779615761,188813.9146866912,19902.596629726097,107442.67754133561,173746.44957109637,539628.4917207265,290376.88464512327,205453.41117871163,524281.8195848917,9248.870798942451,16514.06228034287,63026.05512370195,110690.07639660883,17561.62453641576,99902.20203509596,149567.33059657333,384017.6138838947,117748.80719949072,66568.41953702524,423011.7524953186,4265.16544849112,4925.477913275581,28709.614565153526,111065.29390705543,5931.8781288394175,25091.988822838586,44397.548572546446,229293.58286156872,116745.22543247798,54237.59245381479,207068.08717667835,3117.2087664773976,4066.627232288919,23988.50345550034,62793.46281322278,4713.5999448848215,22343.49119543418,43189.871920356236,140744.31567026797,266465.22369870753,190983.55095414823,739795.7223796592,410.9973864313625,1934.8776147430353,23317.55624171818,99202.23994325659,5146.713565638194,34705.886237875005,142759.62939276398,464155.7956963084,229444.6505929752,143099.91791057718,393753.97479546745,398.86088112361944,1770.7551294855814,21878.001025156344,56312.18193667051,4956.014090363154,33937.81211294043,89706.09378630966,272967.5680622589,65090.04159040042,27054.418974668988,249087.23627263124,82.63091111495666,234.1601494884023,7279.207376380096,47172.953864195,255.01688131039762,2721.309331987398,12178.626683575563,106805.9642947358,19066.551711985165,22038.759955135345,105994.12008855073,75.50413436594353,217.60222773636525,6203.527414846822,26381.26941744913,244.59263771435926,2637.707178134514,12110.66451363853,60176.79038541804,254682.52360017036,188506.10265910163,477233.16323961876,5226.820539904102,6209.771527856804,51101.42057467131,108501.79623463612,16572.56576434896,76641.55688696167,149225.02916556055,381161.32641290606,250422.67154314087,178552.02926019716,429290.50665407366,5002.8680706181,6017.529916646043,46928.93458696733,84718.34578782882,14746.36200562862,72225.77128023248,137061.39199559487,338218.93543319,67770.42125685692,10198.136182423475,27555.54744218784,623.1218993619956,908.7183113298901,3375.641390319519,2685.572445195654,1691.2256564514182,10944.596504897514,9303.038492095213,26122.704048529977,61201.33847195409,10194.805455089696,27544.718587805615,622.6451729415759,907.6637082975008,3361.495033159638,2677.004585517866,1686.2874550039792,10927.325426777004,9293.946338005973,26107.153960271953,206821.19329913604,3546.1897641123987,43295.19853259348,212.89005717546576,683.9839905014012,3318.699878903293,4130.384956196883,1723.5823130949625,17053.77911215748,3524.301781486762,43075.42000517688,206080.07285862454,3545.026780344036,43288.05908127642,212.88627752556917,683.962641538337,3317.500940522888,4129.589196135782,1723.5043503762024,17053.32530158853,3523.169990870086,43068.4636938195
DZ_S_var_4_1.0,298379.87021849235,232810.80592203003,865844.2583113133,12869.815871190833,19693.939676746868,69423.7474047352,185624.67353463243,19902.596629726097,107442.67754133561,173732.79044797336,537234.4481676806,290376.88464512327,205453.41117871163,524281.8195848917,9248.870798942451,16514.06228034287,61609.74842409084,109217.33688453716,17561.62453641576,99902.20203509596,149096.65913614645,383393.85573388543,117748.80719949072,66568.41953702524,423011.7524953186,4265.16544849112,4925.477913275581,28589.87538220048,110282.42238279314,5931.8781288394175,25091.988822838586,44341.36420360346,227559.91512926115,116745.22543247798,54237.59245381479,207068.08717667835,3117.2087664773976,4066.627232288919,23807.459653605438,62352.2954482918,4713.5999448848215,22343.49119543418,43131.13171048547,140486.94350120143,266465.22369870753,190983.55095414823,739795.7223796592,410.9973864313625,1934.8776147430353,23296.537915938137,98911.87341822051,5146.713565638194,34705.886237875005,142562.16606967885,462198.4072209,229444.6505929752,143099.91791057718,393753.97479546745,398.86088112361944,1770.7551294855814,21853.798655089176,56234.473318527096,4956.014090363154,33937.81211294043,89680.26937589118,272744.44783371815,65090.04159040042,27054.418974668988,249087.23627263124,82.63091111495666,234.1601494884023,7263.687008592551,47040.221576401906,255.01688131039762,2721.309331987398,12161.656976376355,106236.78769909262,19066.551711985165,22038.759955135345,105994.12008855073,75.50413436594353,217.60222773636525,6185.807737253697,26323.80766162129,244.59263771435926,2637.707178134514,12093.524815604715,60063.405027436296,254682.52360017036,188506.10265910163,477233.16323961876,5226.820539904102,6209.771527856804,50816.34029221895,108198.1027252718,16572.56576434896,76641.55688696167,148959.98619020442,380821.81585947017,250422.67154314087,178552.02926019716,429290.50665407366,5002.8680706181,6017.529916646043,46613.86325311722,84433.13230371126,14746.36200562862,72225.77128023248,136703.40975841583,337772.71805648075,67770.42125685692,10198.136182423475,27555.54744218784,623.1218993619956,908.7183113298901,3369.878683776085,2682.195941875085,1691.2256564514182,10944.596504897514,9289.22334509677,26101.953448035118,61201.33847195409,10194.805455089696,27544.718587805615,622.6451729415759,907.6637082975008,3355.830295552549,2673.699283431177,1686.2874550039792,10927.325426777004,9280.319704849704,26086.629597535935,206821.19329913604,3546.1897641123987,43295.19853259348,212.89005717546576,683.9839905014012,3318.631375617347,4129.591991597214,1723.5823130949625,17053.77911215748,3524.2923735700574,43073.23648110783,206080.07285862454,3545.026780344036,43288.05908127642,212.88627752556917,683.962641538337,3317.4324048504936,4128.796335305664,1723.5043503762024,17053.32530158853,3523.1605826537893,43066.280497197055
DZ_S_var_4_1.8,298379.87021849235,232810.80592203003,865844.2583113133,12869.815871190833,19693.939676746868,68245.04130322038,182654.68939069353,19902.596629726097,107442.67754133561,173720.16359219656,535049.1108106511,290376.88464512327,205453.41117871163,524281.8195848917,9248.870798942451,16514.06228034287,60270.33415864623,107817.20214061702,17561.62453641576,99902.20203509596,148655.66373031898,382808.6163135296,117748.80719949072,66568.41953702524,423011.7524953186,4265.16544849112,4925.477913275581,28462.167163295075,109458.40151315814,5931.8781288394175,25091.988822838586,44282.39592711991,225777.41594402623,116745.22543247798,54237.59245381479,207068.08717667835,3117.2087664773976,4066.627232288919,23613.24631714914,61881.9465732299,4713.5999448848215,22343.49119543418,43069.07228692698,140215.79991259694,266465.22369870753,190983.55095414823,739795.7223796592,410.9973864313625,1934.8776147430353,23254.174932975406,98332.73732908753,5146.713565638194,34705.886237875005,142168.05942470554,458348.9142090405,229444.6505929752,143099.91791057718,393753.97479546745,398.86088112361944,1770.7551294855814,21804.952854845054,56078.094823269224,4956.014090363154,33937.81211294043,89628.42768223678,272297.8018857483,65090.04159040042,27054.418974668988,249087.23627263124,82.63091111495666,234.1601494884023,7232.131848562835,46772.056962332186,255.01688131039762,2721.309331987398,12127.232709088692,105104.88162403658,19066.551711985165,22038.759955135345,105994.12008855073,75.50413436594353,217.60222773636525,6149.726480097214,26206.947107503234,244.59263771435926,2637.707178134514,12058.704741091451,59834.038961705286,254682.52360017036,188506.10265910163,477233.16323961876,5226.820539904102,6209.771527856804,50510.94672089348,107871.82886039837,16572.56576434896,76641.55688696167,148677.99186323624,380460.26196720474,250422.67154314087,178552.02926019716,429290.50665407366,5002.8680706181,6017.529916646043,46274.187467086806,84124.5680560191,14746.36200562862,72225.77128023248,136319.90827860546,337294.06146002497,67770.42125685692,10198.136182423475,27555.54744218784,623.1218993619956,908.7183113298901,3362.9068750342963,2678.112602234697,1691.2256564514182,10944.596504897514,9272.549914421015,26076.893375092623,61201.33847195409,10194.805455089696,27544.718587805615,622.6451729415759,907.6637082975008,3348.97488573413,2669.7007059280395,1686.2874550039792,10927.325426777004,9263.867712402302,26061.83394263158,206821.19329913604,3546.1897641123987,43295.19853259348,212.89005717546576,683.9839905014012,3318.418306647793,4127.128304252513,1723.5823130949625,17053.77911215748,3524.263160639553,43066.458367335654,206080.07285862454,3545.026780344036,43288.05908127642,212.88627752556917,683.962641538337,3317.219235135505,4126.332970227955,1723.5043503762024,17053.32530158853,3523.131368792505,43059.50339967856
DZ_S_var_4_3.2,298379.87021849235,232810.80592203003,865844.2583113133,12869.815871190833,19693.939676746868,67596.15109002411,181037.30114826479,19902.596629726097,107442.67754133561,173713.3265306298,533876.7594159904,290376.88464512327,205453.41117871163,524281.8195848917,9248.870798942451,16514.06228034287,59532.643537172065,107042.86714886244,17561.62453641576,99902.20203509596,148414.47430051098,382488.2042445171,117748.80719949072,66568.41953702524,423011.7524953186,4265.16544849112,4925.477913275581,28384.816770220583,108964.68324707427,5931.8781288394175,25091.988822838586,44247.14951263149,224729.56752125727,116745.22543247798,54237.59245381479,207068.08717667835,3117.2087664773976,4066.627232288919,23495.04837765782,61597.13884008418,4713.5999448848215,22343.49119543418,43031.77665135457,140053.23115959563,266465.22369870753,190983.55095414823,739795.7223796592,410.9973864313625,1934.8776147430353,23202.308206386402,97634.54533232373,5146.713565638194,34705.886237875005,141692.48715935825,453801.9758430085,229444.6505929752,143099.91791057718,393753.97479546745,398.86088112361944,1770.7551294855814,21745.02981206573,55887.07716119722,4956.014090363154,33937.81211294043,89565.33179189218,271756.45193247334,65090.04159040042,27054.418974668988,249087.23627263124,82.63091111495666,234.1601494884023,7192.991857854132,46442.54709652,255.01688131039762,2721.309331987398,12084.677941853204,103745.96431160333,19066.551711985165,22038.759955135345,105994.12008855073,75.50413436594353,217.60222773636525,6104.870515070583,26061.93218306592,244.59263771435926,2637.707178134514,12015.56605686753,59551.68055813176,254682.52360017036,188506.10265910163,477233.16323961876,5226.820539904102,6209.771527856804,50325.29914623666,107673.00897775326,16572.56576434896,76641.55688696167,148507.5376511087,380241.55219087814,250422.67154314087,178552.02926019716,429290.50665407366,5002.8680706181,6017.529916646043,46066.60171967347,83935.43970975225,14746.36200562862,72225.77128023248,136086.77346838114,337002.761139121,67770.42125685692,10198.136182423475,27555.54744218784,623.1218993619956,908.7183113298901,3358.193547867764,2675.3530276687065,1691.2256564514182,10944.596504897514,9261.302698630687,26059.97879136641,61201.33847195409,10194.805455089696,27544.718587805615,622.6451729415759,907.6637082975008,3344.3389316402354,2666.997581184513,1686.2874550039792,10927.325426777004,9252.766113151496,26045.092383398693,206821.19329913604,3546.1897641123987,43295.19853259348,212.89005717546576,683.9839905014012,3317.778185497906,4119.751218265865,1723.5823130949625,17053.77911215748,3524.1758396990226,43046.21616781851,206080.07285862454,3545.026780344036,43288.05908127642,212.88627752556917,683.962641538337,3316.5788112038153,4118.9568479631735,1723.5043503762024,17053.32530158853,3523.044045060607,43039.26423320307
DZ_S_var_4_5.6,298379.87021849235,232810.80592203003,865844.2583113133,12869.815871190833,19693.939676746868,67340.01247324442,180402.20980961208,19902.596629726097,107442.67754133561,173710.64961192786,533419.8177588665,290376.88464512327,205453.41117871163,524281.8195848917,9248.870798942451,16514.06228034287,59241.388120842545,106736.49681368623,17561.62453641576,99902.20203509596,148319.57596260213,382362.07033146574,117748.80719949072,66568.41953702524,423011.7524953186,4265.16544849112,4925.477913275581,28352.747148377966,108761.15657921559,5931.8781288394175,25091.988822838586,44232.63858052789,224301.90934454836,116745.22543247798,54237.59245381479,207068.08717667835,3117.2087664773976,4066.627232288919,23445.917215891757,61479.07053724917,4713.5999448848215,22343.49119543418,43016.37794997795,139986.19219981958,266465.22369870753,190983.55095414823,739795.7223796592,410.9973864313625,1934.8776147430353,23166.85539882174,97164.01999441345,5146.713565638194,34705.886237875005,141371.7306311638,450793.86940459243,229444.6505929752,143099.91791057718,393753.97479546745,398.86088112361944,1770.7551294855814,21703.99454644987,55756.787644310934,4956.014090363154,33937.81211294043,89522.43966964149,271389.85168588464,65090.04159040042,27054.418974668988,249087.23627263124,82.63091111495666,234.1601494884023,7165.912111340752,46216.5488128257,255.01688131039762,2721.309331987398,12055.32848565893,102833.53276239902,19066.551711985165,22038.759955135345,105994.12008855073,75.50413436594353,217.60222773636525,6073.769783282923,25961.555496124238,244.59263771435926,2637.707178134514,11985.752735751572,59357.69329819552,254682.52360017036,188506.10265910163,477233.16323961876,5226.820539904102,6209.771527856804,50248.17898300587,107590.30974484028,16572.56576434896,76641.55688696167,148436.94299673918,380150.935725745,250422.67154314087,178552.02926019716,429290.50665407366,5002.8680706181,6017.529916646043,45980.122566484846,83856.52454946733,14746.36200562862,72225.77128023248,135989.9252789768,336881.67875194154,67770.42125685692,10198.136182423475,27555.54744218784,623.1218993619956,908.7183113298901,3356.115993749011,2674.1369060055185,1691.2256564514182,10944.596504897514,9256.351490780715,26052.53013586316,61201.33847195409,10194.805455089696,27544.718587805615,622.6451729415759,907.6637082975008,3342.2951442525864,2665.8061230390313,1686.2874550039792,10927.325426777004,9247.87804826292,26037.718529628026,206821.19329913604,3546.1897641123987,43295.19853259348,212.89005717546576,683.9839905014012,3316.0394757894246,4099.897237582558,1723.5823130949625,17053.77911215748,3523.941962320715,42992.135529135994,206080.07285862454,3545.026780344036,43288.05908127642,212.88627752556917,683.962641538337,3314.8392782134583,4099.10545160112,1723.5043503762024,17053.32530158853,3522.8101601459534,42985.19168387862
DZ_S_var_4_10.0,298379.87021849235,232810.80592203003,865844.2583113133,12869.815871190833,19693.939676746868,67252.5332826281,180185.73453209858,19902.596629726097,107442.67754133561,173709.7381763586,533264.5028880407,290376.88464512327,205453.41117871163,524281.8195848917,9248.870798942451,16514.06228034287,59141.90712463187,106631.76795313701,17561.62453641576,99902.20203509596,148287.20496178098,382319.0361260772,117748.80719949072,66568.41953702524,423011.7524953186,4265.16544849112,4925.477913275581,28341.584051428214,108690.47066406722,5931.8781288394175,25091.988822838586,44227.60143922918,224153.96206185827,116745.22543247798,54237.59245381479,207068.08717667835,3117.2087664773976,4066.627232288919,23428.797789191736,61437.97387639524,4713.5999448848215,22343.49119543418,43011.02660570139,139962.90617963663,266465.22369870753,190983.55095414823,739795.7223796592,410.9973864313625,1934.8776147430353,23151.127706859304,96956.99589629451,5146.713565638194,34705.886237875005,141230.53989467912,449484.3368033784,229444.6505929752,143099.91791057718,393753.97479546745,398.86088112361944,1770.7551294855814,21685.77062707794,55699.059965121836,4956.014090363154,33937.81211294043,89503.47275224104,271228.1016693426,65090.04159040042,27054.418974668988,249087.23627263124,82.63091111495666,234.1601494884023,7153.812881634146,46116.088172644064,255.01688131039762,2721.309331987398,12042.239607942622,102432.9093599056,19066.551711985165,22038.759955135345,105994.12008855073,75.50413436594353,217.60222773636525,6059.856412193735,25916.694502798466,244.59263771435926,2637.707178134514,11972.440856494011,59271.377415560295,254682.52360017036,188506.10265910163,477233.16323961876,5226.820539904102,6209.771527856804,50221.31354933967,107561.48598452868,16572.56576434896,76641.55688696167,148412.38018125034,380119.40147547104,250422.67154314087,178552.02926019716,429290.50665407366,5002.8680706181,6017.529916646043,45949.962886532354,83828.9854295839,14746.36200562862,72225.77128023248,135956.18725167942,336839.488665894,67770.42125685692,10198.136182423475,27555.54744218784,623.1218993619956,908.7183113298901,3355.3746588777058,2673.702993748938,1691.2256564514182,10944.596504897514,9254.585690932066,26049.87326379602,61201.33847195409,10194.805455089696,27544.718587805615,622.6451729415759,907.6637082975008,3341.565808310553,2665.3809791154194,1686.2874550039792,10927.325426777004,9246.134625757753,26035.088132589924,206821.19329913604,3546.1897641123987,43295.19853259348,212.89005717546576,683.9839905014012,3312.3729718631043,4058.8880943131535,1723.5823130949625,17053.77911215748,3523.464062612029,42882.2370983336,206080.07285862454,3545.026780344036,43288.05908127642,212.88627752556917,683.962641538337,3311.1710340732316,4058.1016028731297,1723.5043503762024,17053.32530158853,3522.3322447664314,42875.30962907226
DZ_S_var_5_0.1,298379.87021849235,232810.80592203003,865844.2583113133,12869.815871190833,19693.939676746868,70115.11545859528,188657.646573477,19902.596629726097,107442.67754133561,173766.68585279078,540691.5251884082,290376.88464512327,205453.41117871163,524281.8195848917,9248.870798942451,16514.06228034287,62711.48249737945,110911.97984767261,17561.62453641576,99902.20203509596,149156.90965129295,383860.5453464073,117748.80719949072,66568.41953702524,423011.7524953186,4265.16544849112,4925.477913275581,28636.871553291734,111016.60149045473,5931.8781288394175,25091.988822838586,44476.202590601875,229676.51567100087,116745.22543247798,54237.59245381479,207068.08717667835,3117.2087664773976,4066.627232288919,23808.742496801828,62807.49810540227,4713.5999448848215,22343.49119543418,43232.23992297463,141321.77545098274,266465.22369870753,190983.55095414823,739795.7223796592,410.9973864313625,1934.8776147430353,23296.80655091589,99215.95811663561,5146.713565638194,34705.886237875005,142876.11348122402,464784.98493944097,229444.6505929752,143099.91791057718,393753.97479546745,398.86088112361944,1770.7551294855814,21854.396846673815,56364.83515952813,4956.014090363154,33937.81211294043,89855.99739748648,273472.5084604076,65090.04159040042,27054.418974668988,249087.23627263124,82.63091111495666,234.1601494884023,7268.302167638282,47117.170137994,255.01688131039762,2721.309331987398,12168.91218446197,106892.40401205636,19066.551711985165,22038.759955135345,105994.12008855073,75.50413436594353,217.60222773636525,6195.372551140621,26376.89529263087,244.59263771435926,2637.707178134514,12101.893526434691,60281.47274236761,254682.52360017036,188506.10265910163,477233.16323961876,5226.820539904102,6209.771527856804,50924.91003848676,108322.04444603431,16572.56576434896,76641.55688696167,149020.50173004455,381007.767204539,250422.67154314087,178552.02926019716,429290.50665407366,5002.8680706181,6017.529916646043,46784.226006737365,84616.34398599462,14746.36200562862,72225.77128023248,136777.07707548048,337947.72407798166,67770.42125685692,10198.136182423475,27555.54744218784,623.1218993619956,908.7183113298901,3370.703270226744,2682.5752633270113,1691.2256564514182,10944.596504897514,9289.609737206758,26104.70789811383,61201.33847195409,10194.805455089696,27544.718587805615,622.6451729415759,907.6637082975008,3356.6499176837365,2674.074987406346,1686.2874550039792,10927.325426777004,9280.697197731228,26089.382712151884,206821.19329913604,3546.1897641123987,43295.19853259348,212.89005717546576,683.9839905014012,3318.7090394132724,4130.582766238912,1723.5823130949625,17053.77911215748,3524.297560429716,43080.952496610575,206080.07285862454,3545.026780344036,43288.05908127642,212.88627752556917,683.962641538337,3317.510111619614,4129.78698342704,1723.5043503762024,17053.32530158853,3523.1657693839697,43073.99525664337
DZ_S_var_5_0.2,298379.87021849235,232810.80592203003,865844.2583113133,12869.815871190833,19693.939676746868,70089.10205153827,188541.9323752091,19902.596629726097,107442.67754133561,173765.39421373556,540558.5873808477,290376.88464512327,205453.41117871163,524281.8195848917,9248.870798942451,16514.06228034287,62670.1375671565,110848.05347435495,17561.62453641576,99902.20203509596,149154.62249010455,383842.80517540505,117748.80719949072,66568.41953702524,423011.7524953186,4265.16544849112,4925.477913275581,28635.320643351744,110992.1774317032,5931.8781288394175,25091.988822838586,44471.74268677076,229605.7681958155,116745.22543247798,54237.59245381479,207068.08717667835,3117.2087664773976,4066.627232288919,23808.700470459447,62792.4280347888,4713.5999448848215,22343.49119543418,43228.90703530817,141294.08157024774,266465.22369870753,190983.55095414823,739795.7223796592,410.9973864313625,1934.8776147430353,23296.799853748864,99208.34314272163,5146.713565638194,34705.886237875005,142868.26706762463,464719.94886386517,229444.6505929752,143099.91791057718,393753.97479546745,398.86088112361944,1770.7551294855814,21854.381953887623,56361.578700535414,4956.014090363154,33937.81211294043,89851.6099847157,273454.2946969602,65090.04159040042,27054.418974668988,249087.23627263124,82.63091111495666,234.1601494884023,7268.18748695358,47115.25467602798,255.01688131039762,2721.309331987398,12168.73183651177,106875.96906632617,19066.551711985165,22038.759955135345,105994.12008855073,75.50413436594353,217.60222773636525,6195.1351054248,26375.57549644533,244.59263771435926,2637.707178134514,12101.68575745986,60276.03368892421,254682.52360017036,188506.10265910163,477233.16323961876,5226.820539904102,6209.771527856804,50921.141255740586,108317.74378644107,16572.56576434896,76641.55688696167,149018.39384795184,381001.28809352336,250422.67154314087,178552.02926019716,429290.50665407366,5002.8680706181,6017.529916646043,46778.333526697425,84610.00951280682,14746.36200562862,72225.77128023248,136774.51781465474,337941.6428320022,67770.42125685692,10198.136182423475,27555.54744218784,623.1218993619956,908.7183113298901,3370.67762151905,2682.5634649300446,1691.2256564514182,10944.596504897514,9289.597711456396,26104.622161181214,61201.33847195409,10194.805455089696,27544.718587805615,622.6451729415759,907.6637082975008,3356.6244241337413,2674.0633018778994,1686.2874550039792,10927.325426777004,9280.685449344377,26089.29701956441,206821.19329913604,3546.1897641123987,43295.19853259348,212.89005717546576,683.9839905014012,3318.707336113788,4130.561029709807,1723.5823130949625,17053.77911215748,3524.2974466289493,43080.78316125985,206080.07285862454,3545.026780344036,43288.05908127642,212.88627752556917,683.962641538337,3317.508407377608,4129.765249673945,1723.5043503762024,17053.32530158853,3523.165655586018,43073.82594885936
DZ_S_var_5_0.3,298379.87021849235,232810.80592203003,865844.2583113133,12869.815871190833,19693.939676746868,70012.09749279036,188200.13985781407,19902.596629726097,107442.67754133561,173761.57827097026,540166.4042160952,290376.88464512327,205453.41117871163,524281.8195848917,9248.870798942451,16514.06228034287,62547.69902912145,110658.89607187465,17561.62453641576,99902.20203509596,149147.86138442086,383790.3744335749,117748.80719949072,66568.41953702524,423011.7524953186,4265.16544849112,4925.477913275581,28630.641018739716,110918.563296824,5931.8781288394175,25091.988822838586,44458.28983507157,229392.67521513972,116745.22543247798,54237.59245381479,207068.08717667835,3117.2087664773976,4066.627232288919,23808.573535867337,62746.97648389307,4713.5999448848215,22343.49119543418,43218.84902126666,141210.57952202906,266465.22369870753,190983.55095414823,739795.7223796592,410.9973864313625,1934.8776147430353,23296.778951085256,99184.5871370127,5146.713565638194,34705.886237875005,142843.7839250221,464517.14648036635,229444.6505929752,143099.91791057718,393753.97479546745,398.86088112361944,1770.7551294855814,21854.33546502864,56351.41704036668,4956.014090363154,33937.81211294043,89837.91846586404,273397.4681283092,65090.04159040042,27054.418974668988,249087.23627263124,82.63091111495666,234.1601494884023,7267.829431172065,47109.27533903508,255.01688131039762,2721.309331987398,12168.168776023354,106824.70348165813,19066.551711985165,22038.759955135345,105994.12008855073,75.50413436594353,217.60222773636525,6194.393678408364,26371.45504134003,244.59263771435926,2637.707178134514,12101.037001793939,60259.05859207885,254682.52360017036,188506.10265910163,477233.16323961876,5226.820539904102,6209.771527856804,50909.85001343022,108304.85830111594,16572.56576434896,76641.55688696167,149012.08176209455,380981.8871749511,250422.67154314087,178552.02926019716,429290.50665407366,5002.8680706181,6017.529916646043,46760.670553616525,84591.02060800017,14746.36200562862,72225.77128023248,136766.8511718264,337923.42616651685,67770.42125685692,10198.136182423475,27555.54744218784,623.1218993619956,908.7183113298901,3370.5996174457514,2682.527582935612,1691.2256564514182,10944.596504897514,9289.561140952825,26104.36143759483,61201.33847195409,10194.805455089696,27544.718587805615,622.6451729415759,907.6637082975008,3356.5468916394116,2674.0277630072537,1686.2874550039792,10927.325426777004,9280.64972215378,26089.036429734977,206821.19329913604,3546.1897641123987,43295.19853259348,212.89005717546576,683.9839905014012,3318.7019518819175,4130.492321347059,1723.5823130949625,17053.77911215748,3524.2970869106243,43080.24791450908,206080.07285862454,3545.026780344036,43288.05908127642,212.88627752556917,683.962641538337,3317.5030201666336,4129.696550086164,1723.5043503762024,17053.32530158853,3523.165295876777,43073.290789244136
DZ_S_var_5_0.6,298379.87021849235,232810.80592203003,865844.2583113133,12869.815871190833,19693.939676746868,69811.24861476701,187313.83640532856,19902.596629726097,107442.67754133561,173751.67806304456,539152.7982253648,290376.88464512327,205453.41117871163,524281.8195848917,9248.870798942451,16514.06228034287,62227.99520489959,110166.05539538567,17561.62453641576,99902.20203509596,149130.29187707565,383654.20534106065,117748.80719949072,66568.41953702524,423011.7524953186,4265.16544849112,4925.477913275581,28617.774805520505,110716.79697097512,5931.8781288394175,25091.988822838586,44421.334901766146,228809.69088632867,116745.22543247798,54237.59245381479,207068.08717667835,3117.2087664773976,4066.627232288919,23808.223555877423,62622.165831532,4713.5999448848215,22343.49119543418,43191.183361704396,140981.46005148144,266465.22369870753,190983.55095414823,739795.7223796592,410.9973864313625,1934.8776147430353,23296.71548907676,99112.5663375968,5146.713565638194,34705.886237875005,142769.511199593,463903.1166998981,229444.6505929752,143099.91791057718,393753.97479546745,398.86088112361944,1770.7551294855814,21854.19425942008,56320.585341306665,4956.014090363154,33937.81211294043,89796.36971891572,273225.1310836238,65090.04159040042,27054.418974668988,249087.23627263124,82.63091111495666,234.1601494884023,7266.741199618468,47091.11281545606,255.01688131039762,2721.309331987398,12166.457677641283,106669.3338318187,19066.551711985165,22038.759955135345,105994.12008855073,75.50413436594353,217.60222773636525,6192.139581377121,26358.93377475357,244.59263771435926,2637.707178134514,12099.064695588373,60207.528765901225,254682.52360017036,188506.10265910163,477233.16323961876,5226.820539904102,6209.771527856804,50879.4154109585,108270.1209880295,16572.56576434896,76641.55688696167,148995.0912642327,380929.67149300425,250422.67154314087,178552.02926019716,429290.50665407366,5002.8680706181,6017.529916646043,46712.99303476534,84539.75623358348,14746.36200562862,72225.77128023248,136746.19295733646,337874.3448006321,67770.42125685692,10198.136182423475,27555.54744218784,623.1218993619956,908.7183113298901,3370.380287405058,2682.426689593705,1691.2256564514182,10944.596504897514,9289.458335301659,26103.628531911952,61201.33847195409,10194.805455089696,27544.718587805615,622.6451729415759,907.6637082975008,3356.328885210624,2673.927833348594,1686.2874550039792,10927.325426777004,9280.54928594691,26088.303891210304,206821.19329913604,3546.1897641123987,43295.19853259348,212.89005717546576,683.9839905014012,3318.684946158718,4130.275331798502,1723.5823130949625,17053.77911215748,3524.2959508953727,43078.55769852828,206080.07285862454,3545.026780344036,43288.05908127642,212.88627752556917,683.962641538337,3317.486005033977,4129.47958824898,1723.5043503762024,17053.32530158853,3523.16415988984,43071.60084841525
DZ_S_var_5_1.0,298379.87021849235,232810.80592203003,865844.2583113133,12869.815871190833,19693.939676746868,69423.7474047352,185624.67353463243,19902.596629726097,107442.67754133561,173732.79044797336,537234.4481676806,290376.88464512327,205453.41117871163,524281.8195848917,9248.870798942451,16514.06228034287,61609.74842409084,109217.33688453716,17561.62453641576,99902.20203509596,149096.65913614645,383393.85573388543,117748.80719949072,66568.41953702524,423011.7524953186,4265.16544849112,4925.477913275581,28589.87538220048,110282.42238279314,5931.8781288394175,25091.988822838586,44341.36420360346,227559.91512926115,116745.22543247798,54237.59245381479,207068.08717667835,3117.2087664773976,4066.627232288919,23807.459653605438,62352.2954482918,4713.5999448848215,22343.49119543418,43131.13171048547,140486.94350120143,266465.22369870753,190983.55095414823,739795.7223796592,410.9973864313625,1934.8776147430353,23296.537915938137,98911.87341822051,5146.713565638194,34705.886237875005,142562.16606967885,462198.4072209,229444.6505929752,143099.91791057718,393753.97479546745,398.86088112361944,1770.7551294855814,21853.798655089176,56234.473318527096,4956.014090363154,33937.81211294043,89680.26937589118,272744.44783371815,65090.04159040042,27054.418974668988,249087.23627263124,82.63091111495666,234.1601494884023,7263.687008592551,47040.221576401906,255.01688131039762,2721.309331987398,12161.656976376355,106236.78769909262,19066.551711985165,22038.759955135345,105994.12008855073,75.50413436594353,217.60222773636525,6185.807737253697,26323.80766162129,244.59263771435926,2637.707178134514,12093.524815604715,60063.405027436296,254682.52360017036,188506.10265910163,477233.16323961876,5226.820539904102,6209.771527856804,50816.34029221895,108198.1027252718,16572.56576434896,76641.55688696167,148959.98619020442,380821.81585947017,250422.67154314087,178552.02926019716,429290.50665407366,5002.8680706181,6017.529916646043,46613.86325311722,84433.13230371126,14746.36200562862,72225.77128023248,136703.40975841583,337772.71805648075,67770.42125685692,10198.136182423475,27555.54744218784,623.1218993619956,908.7183113298901,3369.878683776085,2682.195941875085,1691.2256564514182,10944.596504897514,9289.22334509677,26101.953448035118,61201.33847195409,10194.805455089696,27544.718587805615,622.6451729415759,907.6637082975008,3355.830295552549,2673.699283431177,1686.2874550039792,10927.325426777004,9280.319704849704,26086.629597535935,206821.19329913604,3546.1897641123987,43295.19853259348,212.89005717546576,683.9839905014012,3318.631375617347,4129.591991597214,1723.5823130949625,17053.77911215748,3524.2923735700574,43073.23648110783,206080.07285862454,3545.026780344036,43288.05908127642,212.88627752556917,683.962641538337,3317.4324048504936,4128.796335305664,1723.5043503762024,17053.32530158853,3523.1605826537893,43066.280497197055
DZ_S_var_5_1.8,298379.87021849235,232810.80592203003,865844.2583113133,12869.815871190833,19693.939676746868,68978.46289794419,183716.5164897686,19902.596629726097,107442.67754133561,173711.42611738856,535088.5399298809,290376.88464512327,205453.41117871163,524281.8195848917,9248.870798942451,16514.06228034287,60896.96372814901,108130.47799152345,17561.62453641576,99902.20203509596,149058.4353741103,383098.46758070233,117748.80719949072,66568.41953702524,423011.7524953186,4265.16544849112,4925.477913275581,28551.609504253847,109693.52902191886,5931.8781288394175,25091.988822838586,44232.04131078196,225877.00090458943,116745.22543247798,54237.59245381479,207068.08717667835,3117.2087664773976,4066.627232288919,23806.400645437763,61983.84865989453,4713.5999448848215,22343.49119543418,43048.63149051712,139813.7683740271,266465.22369870753,190983.55095414823,739795.7223796592,410.9973864313625,1934.8776147430353,23296.13655959337,98462.70484327497,5146.713565638194,34705.886237875005,142096.0944992644,458416.5162800385,229444.6505929752,143099.91791057718,393753.97479546745,398.86088112361944,1770.7551294855814,21852.90179227812,56040.69354344933,4956.014090363154,33937.81211294043,89418.70644512956,271666.23641067493,65090.04159040042,27054.418974668988,249087.23627263124,82.63091111495666,234.1601494884023,7256.73343411423,46924.81021742488,255.01688131039762,2721.309331987398,12150.735886961156,105270.83825283877,19066.551711985165,22038.759955135345,105994.12008855073,75.50413436594353,217.60222773636525,6171.3610738205525,26243.920292648978,244.59263771435926,2637.707178134514,12080.887313374533,59737.982430512486,254682.52360017036,188506.10265910163,477233.16323961876,5226.820539904102,6209.771527856804,50735.793717821,108106.08498702515,16572.56576434896,76641.55688696167,148915.36666289327,380684.7871938521,250422.67154314087,178552.02926019716,429290.50665407366,5002.8680706181,6017.529916646043,46486.6455280199,84296.22447302837,14746.36200562862,72225.77128023248,136648.8356854067,337643.124182711,67770.42125685692,10198.136182423475,27555.54744218784,623.1218993619956,908.7183113298901,3369.126348308848,2681.8498353537366,1691.2256564514182,10944.596504897514,9288.871216651038,26099.443810996923,61201.33847195409,10194.805455089696,27544.718587805615,622.6451729415759,907.6637082975008,3355.08244642917,2673.3564573239864,1686.2874550039792,10927.325426777004,9279.975663878698,26084.121016929224,206821.19329913604,3546.1897641123987,43295.19853259348,212.89005717546576,683.9839905014012,3318.4640067837163,4127.4590935962115,1723.5823130949625,17053.77911215748,3524.281209649354,43056.642918779195,206080.07285862454,3545.026780344036,43288.05908127642,212.88627752556917,683.962641538337,3317.2649433983393,4126.663709562037,1723.5043503762024,17053.32530158853,3523.149419011722,43049.68963557857
DZ_S_var_5_3.2,298379.87021849235,232810.80592203003,865844.2583113133,12869.815871190833,19693.939676746868,68691.03202232973,182502.9248932746,19902.596629726097,107442.67754133561,173697.8243764016,533735.3850391018,290376.88464512327,205453.41117871163,524281.8195848917,9248.870798942451,16514.06228034287,60435.52313734925,107430.7225986213,17561.62453641576,99902.20203509596,149033.99934235457,382909.90735769435,117748.80719949072,66568.41953702524,423011.7524953186,4265.16544849112,4925.477913275581,28522.40069512133,109249.27224817096,5931.8781288394175,25091.988822838586,44148.8743710676,224616.01646092976,116745.22543247798,54237.59245381479,207068.08717667835,3117.2087664773976,4066.627232288919,23805.583385099286,61703.91103068962,4713.5999448848215,22343.49119543418,42985.552372369566,139303.82955382002,266465.22369870753,190983.55095414823,739795.7223796592,410.9973864313625,1934.8776147430353,23295.546680107593,97813.49473272338,5146.713565638194,34705.886237875005,141417.5137312046,453030.06210565974,229444.6505929752,143099.91791057718,393753.97479546745,398.86088112361944,1770.7551294855814,21851.576809366343,55758.01481441916,4956.014090363154,33937.81211294043,89036.41017524668,270101.9588296731,65090.04159040042,27054.418974668988,249087.23627263124,82.63091111495666,234.1601494884023,7246.384957773464,46754.210136946735,255.01688131039762,2721.309331987398,12134.505517921134,103879.7133135433,19066.551711985165,22038.759955135345,105994.12008855073,75.50413436594353,217.60222773636525,6149.781737802832,26125.247191533737,244.59263771435926,2637.707178134514,12062.01612579152,59260.50820996813,254682.52360017036,188506.10265910163,477233.16323961876,5226.820539904102,6209.771527856804,50678.50698680492,108040.60491404368,16572.56576434896,76641.55688696167,148883.77417691244,380587.8049796445,250422.67154314087,178552.02926019716,429290.50665407366,5002.8680706181,6017.529916646043,46395.73241199335,84198.33629314498,14746.36200562862,72225.77128023248,136610.06202180395,337551.0783774046,67770.42125685692,10198.136182423475,27555.54744218784,623.1218993619956,908.7183113298901,3368.494942498971,2681.5593457764826,1691.2256564514182,10944.596504897514,9288.57598871005,26097.340117899807,61201.33847195409,10194.805455089696,27544.718587805615,622.6451729415759,907.6637082975008,3354.4547741657607,2673.0687060674572,1686.2874550039792,10927.325426777004,9279.687199940465,26082.018091584945,206821.19329913604,3546.1897641123987,43295.19853259348,212.89005717546576,683.9839905014012,3317.954291691555,4120.98242145968,1723.5823130949625,17053.77911215748,3524.2473276224973,43006.398697357065,206080.07285862454,3545.026780344036,43288.05908127642,212.88627752556917,683.962641538337,3316.754946158277,4120.187863225428,1723.5043503762024,17053.32530158853,3523.1155378276085,42999.45358769268
DZ_S_var_5_5.6,298379.87021849235,232810.80592203003,865844.2583113133,12869.815871190833,19693.939676746868,68567.63870536725,181986.19639115236,19902.596629726097,107442.67754133561,173692.02993232541,533161.9769082048,290376.88464512327,205453.41117871163,524281.8195848917,9248.870798942451,16514.06228034287,60237.10463202688,107130.74071679513,17561.62453641576,99902.20203509596,149023.56551558903,382829.46087720804,117748.80719949072,66568.41953702524,423011.7524953186,4265.16544849112,4925.477913275581,28508.537554306735,109039.98375710481,5931.8781288394175,25091.988822838586,44109.48617396271,224024.50021829348,116745.22543247798,54237.59245381479,207068.08717667835,3117.2087664773976,4066.627232288919,23805.19276108552,61571.43606703934,4713.5999448848215,22343.49119543418,42955.58155223999,139062.9700779474,266465.22369870753,190983.55095414823,739795.7223796592,410.9973864313625,1934.8776147430353,23295.06248741565,97290.0676813438,5146.713565638194,34705.886237875005,140866.13570753482,448753.9298456106,229444.6505929752,143099.91791057718,393753.97479546745,398.86088112361944,1770.7551294855814,21850.483079431102,55527.84284515087,4956.014090363154,33937.81211294043,88724.484722744,268835.68694998714,65090.04159040042,27054.418974668988,249087.23627263124,82.63091111495666,234.1601494884023,7237.773953223516,46613.296198159675,255.01688131039762,2721.309331987398,12121.020786166386,102762.24568078967,19066.551711985165,22038.759955135345,105994.12008855073,75.50413436594353,217.60222773636525,6131.752635255097,26026.69405782137,244.59263771435926,2637.707178134514,12046.254915360474,58869.26638862544,254682.52360017036,188506.10265910163,477233.16323961876,5226.820539904102,6209.771527856804,50652.48543581465,108010.85211109376,16572.56576434896,76641.55688696167,148869.46259950692,380543.8823302337,250422.67154314087,178552.02926019716,429290.50665407366,5002.8680706181,6017.529916646043,46354.31715987584,84153.72960649921,14746.36200562862,72225.77128023248,136592.460906964,337509.302237876,67770.42125685692,10198.136182423475,27555.54744218784,623.1218993619956,908.7183113298901,3368.17583228344,2681.4125278799943,1691.2256564514182,10944.596504897514,9288.426885500547,26096.277802044806,61201.33847195409,10194.805455089696,27544.718587805615,622.6451729415759,907.6637082975008,3354.137539876373,2672.9232669681624,1686.2874550039792,10927.325426777004,9279.5415070921,26080.956122601347,206821.19329913604,3546.1897641123987,43295.19853259348,212.89005717546576,683.9839905014012,3316.5153756398367,4102.851553659907,1723.5823130949625,17053.77911215748,3524.1526216778834,42866.880167984134,206080.07285862454,3545.026780344036,43288.05908127642,212.88627752556917,683.962641538337,3315.3152329437985,4102.059299749257,1723.5043503762024,17053.32530158853,3523.0208342192923,42859.957722849416
DZ_S_var_5_10.0,298379.87021849235,232810.80592203003,865844.2583113133,12869.815871190833,19693.939676746868,68524.08309157717,181804.40472701,19902.596629726097,107442.67754133561,173689.99096251134,532960.6340578491,290376.88464512327,205453.41117871163,524281.8195848917,9248.870798942451,16514.06228034287,60167.0200253141,107024.91183195091,17561.62453641576,99902.20203509596,149019.89061895935,382801.1362244641,117748.80719949072,66568.41953702524,423011.7524953186,4265.16544849112,4925.477913275581,28503.431788585305,108963.15472413198,5931.8781288394175,25091.988822838586,44094.99328143218,223807.76077339213,116745.22543247798,54237.59245381479,207068.08717667835,3117.2087664773976,4066.627232288919,23805.048448071946,61522.708528372816,4713.5999448848215,22343.49119543418,42944.53815101738,138974.4502542318,266465.22369870753,190983.55095414823,739795.7223796592,410.9973864313625,1934.8776147430353,23294.821450464646,97032.60479610597,5146.713565638194,34705.886237875005,140593.5200465136,446671.90216858586,229444.6505929752,143099.91791057718,393753.97479546745,398.86088112361944,1770.7551294855814,21849.936529408664,55413.87760517467,4956.014090363154,33937.81211294043,88569.83045958389,268211.1696582908,65090.04159040042,27054.418974668988,249087.23627263124,82.63091111495666,234.1601494884023,7233.447427143041,46542.84891278072,255.01688131039762,2721.309331987398,12114.252552635822,102213.88417932286,19066.551711985165,22038.759955135345,105994.12008855073,75.50413436594353,217.60222773636525,6122.668961143496,25977.242913284885,244.59263771435926,2637.707178134514,12038.315705448187,58674.72255827857,254682.52360017036,188506.10265910163,477233.16323961876,5226.820539904102,6209.771527856804,50643.082142241,108000.09900059686,16572.56576434896,76641.55688696167,148864.2968298663,380528.0300932083,250422.67154314087,178552.02926019716,429290.50665407366,5002.8680706181,6017.529916646043,46339.33269480895,84137.58828841802,14746.36200562862,72225.77128023248,136586.10218632116,337494.2110198397,67770.42125685692,10198.136182423475,27555.54744218784,623.1218993619956,908.7183113298901,3368.0549225976615,2681.3568981522653,1691.2256564514182,10944.596504897514,9288.370409057608,26095.875449218278,61201.33847195409,10194.805455089696,27544.718587805615,622.6451729415759,907.6637082975008,3354.017339043743,2672.8681587599995,1686.2874550039792,10927.325426777004,9279.486321396447,26080.553893999066,206821.19329913604,3546.1897641123987,43295.19853259348,212.89005717546576,683.9839905014012,3313.1925922796026,4061.8231310944893,1723.5823130949625,17053.77911215748,3523.939102485192,42557.21845588068,206080.07285862454,3545.026780344036,43288.05908127642,212.88627752556917,683.962641538337,3311.9906050038853,4061.0360509137004,1723.5043503762024,17053.32530158853,3522.8073201853194,42550.34614760983
DZ_S_var_6_0.1,298379.87021849235,232810.80592203003,865844.2583113133,12869.815871190833,19693.939676746868,69497.12777596356,186825.20017967466,19902.596629726097,107442.67754133561,173855.1398758007,539469.9376323163,290376.88464512327,205453.41117871163,524281.8195848917,9248.870798942451,16514.06228034287,61869.74769358705,110108.1066354289,17561.62453641576,99902.20203509596,149150.82403683098,384194.0089824984,117748.80719949072,66568.41953702524,423011.7524953186,4265.16544849112,4925.477913275581,28885.49227089853,111099.81293499646,5931.8781288394175,25091.988822838586,44782.16807182601,229491.63774376042,116745.22543247798,54237.59245381479,207068.08717667835,3117.2087664773976,4066.627232288919,23963.732172561457,62805.47654187976,4713.5999448848215,22343.49119543418,43501.79654097839,141807.90425856164,266465.22369870753,190983.55095414823,739795.7223796592,410.9973864313625,1934.8776147430353,23299.122685638387,99131.62566716611,5146.713565638194,34705.886237875005,142761.2552540873,463960.7357247775,229444.6505929752,143099.91791057718,393753.97479546745,398.86088112361944,1770.7551294855814,21853.823074874213,56376.55880760023,4956.014090363154,33937.81211294043,89880.3151612943,273526.6167940368,65090.04159040042,27054.418974668988,249087.23627263124,82.63091111495666,234.1601494884023,7264.348667163556,47078.397946719975,255.01688131039762,2721.309331987398,12162.258548984248,106621.9161169011,19066.551711985165,22038.759955135345,105994.12008855073,75.50413436594353,217.60222773636525,6185.870319898915,26352.748263935642,244.59263771435926,2637.707178134514,12093.856668700433,60233.32561467875,254682.52360017036,188506.10265910163,477233.16323961876,5226.820539904102,6209.771527856804,50828.38113178958,108257.82873683375,16572.56576434896,76641.55688696167,148964.7270251884,381132.2234458849,250422.67154314087,178552.02926019716,429290.50665407366,5002.8680706181,6017.529916646043,46654.91517478219,84566.38438560412,14746.36200562862,72225.77128023248,136716.4030931105,338115.87950558664,67770.42125685692,10198.136182423475,27555.54744218784,623.1218993619956,908.7183113298901,3370.343491297571,2682.6304629398846,1691.2256564514182,10944.596504897514,9292.208590909626,26106.15017311653,61201.33847195409,10194.805455089696,27544.718587805615,622.6451729415759,907.6637082975008,3356.2751727368795,2674.1145690845206,1686.2874550039792,10927.325426777004,9283.239439028652,26090.73694503133,206821.19329913604,3546.1897641123987,43295.19853259348,212.89005717546576,683.9839905014012,3318.693561471737,4130.271448155649,1723.5823130949625,17053.77911215748,3524.324185227865,43087.18907944376,206080.07285862454,3545.026780344036,43288.05908127642,212.88627752556917,683.962641538337,3317.4946003567284,4129.475673436332,1723.5043503762024,17053.32530158853,3523.192393825633,43080.23088244334
DZ_S_var_6_0.2,298379.87021849235,232810.80592203003,865844.2583113133,12869.815871190833,19693.939676746868,69494.79607682154,186786.73321496576,19902.596629726097,107442.67754133561,173851.23197791184,539398.1520458828,290376.88464512327,205453.41117871163,524281.8195848917,9248.870798942451,16514.06228034287,61861.52327703515,110079.71081761023,17561.62453641576,99902.20203509596,149149.09619552534,384168.41597299377,117748.80719949072,66568.41953702524,423011.7524953186,4265.16544849112,4925.477913275581,28877.638044102605,111078.0788952991,5931.8781288394175,25091.988822838586,44770.4150326806,229439.99237405407,116745.22543247798,54237.59245381479,207068.08717667835,3117.2087664773976,4066.627232288919,23959.599082809993,62793.44023898089,4713.5999448848215,22343.49119543418,43491.963529243316,141772.67394308117,266465.22369870753,190983.55095414823,739795.7223796592,410.9973864313625,1934.8776147430353,23299.06161655575,99126.4173482723,5146.713565638194,34705.886237875005,142756.542964819,463918.8466713839,229444.6505929752,143099.91791057718,393753.97479546745,398.86088112361944,1770.7551294855814,21853.82249917244,56373.19670986116,4956.014090363154,33937.81211294043,89875.58351093206,273508.07888257084,65090.04159040042,27054.418974668988,249087.23627263124,82.63091111495666,234.1601494884023,7264.333113247881,47077.49952988205,255.01688131039762,2721.309331987398,12162.2443873107,106612.80202366339,19066.551711985165,22038.759955135345,105994.12008855073,75.50413436594353,217.60222773636525,6185.868850566937,26352.06770092808,244.59263771435926,2637.707178134514,12093.848870040214,60229.31596993923,254682.52360017036,188506.10265910163,477233.16323961876,5226.820539904102,6209.771527856804,50828.02142457158,108256.04346295306,16572.56576434896,76641.55688696167,148964.58525192298,381122.93007335113,250422.67154314087,178552.02926019716,429290.50665407366,5002.8680706181,6017.529916646043,46653.69198740442,84562.40826654724,14746.36200562862,72225.77128023248,136716.01501069163,338105.61581451225,67770.42125685692,10198.136182423475,27555.54744218784,623.1218993619956,908.7183113298901,3370.331465438157,2682.619219524362,1691.2256564514182,10944.596504897514,9292.131333653813,26106.041571625174,61201.33847195409,10194.805455089696,27544.718587805615,622.6451729415759,907.6637082975008,3356.263663004876,2674.1038238849783,1686.2874550039792,10927.325426777004,9283.163880827224,26090.630661353447,206821.19329913604,3546.1897641123987,43295.19853259348,212.89005717546576,683.9839905014012,3318.692196515029,4130.256531005885,1723.5823130949625,17053.77911215748,3524.323486178349,43086.88233315953,206080.07285862454,3545.026780344036,43288.05908127642,212.88627752556917,683.962641538337,3317.493235188138,4129.460758886735,1723.5043503762024,17053.32530158853,3523.191694786684,43079.92418481502
DZ_S_var_6_0.3,298379.87021849235,232810.80592203003,865844.2583113133,12869.815871190833,19693.939676746868,69487.7245946021,186670.20155935985,19902.596629726097,107442.67754133561,173839.38840271218,539180.7483604719,290376.88464512327,205453.41117871163,524281.8195848917,9248.870798942451,16514.06228034287,61836.565732834344,109993.62998774114,17561.62453641576,99902.20203509596,149143.85877700013,384090.86626748944,117748.80719949072,66568.41953702524,423011.7524953186,4265.16544849112,4925.477913275581,28853.292941847405,111010.71761000063,5931.8781288394175,25091.988822838586,44733.99948909409,229280.02390139297,116745.22543247798,54237.59245381479,207068.08717667835,3117.2087664773976,4066.627232288919,23946.7815541008,62756.130876710406,4713.5999448848215,22343.49119543418,43461.47969940354,141663.5202220716,266465.22369870753,190983.55095414823,739795.7223796592,410.9973864313625,1934.8776147430353,23298.86995783864,99110.07675450218,5146.713565638194,34705.886237875005,142741.75663222556,463787.4618924583,229444.6505929752,143099.91791057718,393753.97479546745,398.86088112361944,1770.7551294855814,21853.820692001955,56362.646740318,4956.014090363154,33937.81211294043,89860.73539457863,273449.91793928284,65090.04159040042,27054.418974668988,249087.23627263124,82.63091111495666,234.1601494884023,7264.284274324612,47074.6788317706,255.01688131039762,2721.309331987398,12162.199926332492,106584.2031103828,19066.551711985165,22038.759955135345,105994.12008855073,75.50413436594353,217.60222773636525,6185.864236328455,26349.930825426967,244.59263771435926,2637.707178134514,12093.824381693761,60216.73057036047,254682.52360017036,188506.10265910163,477233.16323961876,5226.820539904102,6209.771527856804,50826.92182709297,108250.58640808439,16572.56576434896,76641.55688696167,148964.1519176495,381094.5287034133,250422.67154314087,178552.02926019716,429290.50665407366,5002.8680706181,6017.529916646043,46649.951579809436,84550.25180337261,14746.36200562862,72225.77128023248,136714.82864200848,338074.2451255391,67770.42125685692,10198.136182423475,27555.54744218784,623.1218993619956,908.7183113298901,3370.294080336799,2682.5842672172516,1691.2256564514182,10944.596504897514,9291.891169033492,26105.703966335706,61201.33847195409,10194.805455089696,27544.718587805615,622.6451729415759,907.6637082975008,3356.227882241764,2674.0704202109982,1686.2874550039792,10927.325426777004,9282.928996714107,26090.30025968891,206821.19329913604,3546.1897641123987,43295.19853259348,212.89005717546576,683.9839905014012,3318.6878821338046,4130.209381578845,1723.5823130949625,17053.77911215748,3524.321276844135,43085.912909093146,206080.07285862454,3545.026780344036,43288.05908127642,212.88627752556917,683.962641538337,3317.4889201373567,4129.413617678248,1723.5043503762024,17053.32530158853,3523.189485485996,43078.954914518385
DZ_S_var_6_0.6,298379.87021849235,232810.80592203003,865844.2583113133,12869.815871190833,19693.939676746868,69467.9994265795,186346.1730657874,19902.596629726097,107442.67754133561,173806.41653032714,538576.7346455489,290376.88464512327,205453.41117871163,524281.8195848917,9248.870798942451,16514.06228034287,61766.83083589446,109753.80838361909,17561.62453641576,99902.20203509596,149129.27103340274,383875.0863038517,117748.80719949072,66568.41953702524,423011.7524953186,4265.16544849112,4925.477913275581,28780.911678958215,110810.4961184453,5931.8781288394175,25091.988822838586,44625.85951343916,228805.41709447652,116745.22543247798,54237.59245381479,207068.08717667835,3117.2087664773976,4066.627232288919,23908.61490354938,62645.19225696436,4713.5999448848215,22343.49119543418,43370.80025590349,141339.408083748,266465.22369870753,190983.55095414823,739795.7223796592,410.9973864313625,1934.8776147430353,23298.27809834205,99059.66478840524,5146.713565638194,34705.886237875005,142696.12072050042,463382.4931134849,229444.6505929752,143099.91791057718,393753.97479546745,398.86088112361944,1770.7551294855814,21853.8151075317,56330.08288742686,4956.014090363154,33937.81211294043,89814.89892314812,273270.48654575454,65090.04159040042,27054.418974668988,249087.23627263124,82.63091111495666,234.1601494884023,7264.133219007219,47065.95758126797,255.01688131039762,2721.309331987398,12162.06247251286,106495.9318591035,19066.551711985165,22038.759955135345,105994.12008855073,75.50413436594353,217.60222773636525,6185.849959330353,26343.322351493876,244.59263771435926,2637.707178134514,12093.74863387513,60177.85073916485,254682.52360017036,188506.10265910163,477233.16323961876,5226.820539904102,6209.771527856804,50823.78378549782,108235.01625279718,16572.56576434896,76641.55688696167,148962.9157261793,381013.5408563637,250422.67154314087,178552.02926019716,429290.50665407366,5002.8680706181,6017.529916646043,46639.26707171225,84515.54488827001,14746.36200562862,72225.77128023248,136711.44272012828,337984.75751045987,67770.42125685692,10198.136182423475,27555.54744218784,623.1218993619956,908.7183113298901,3370.1819417525703,2682.4794294712265,1691.2256564514182,10944.596504897514,9291.170846233614,26104.69136481866,61201.33847195409,10194.805455089696,27544.718587805615,622.6451729415759,907.6637082975008,3356.1205544933555,2673.970226000437,1686.2874550039792,10927.325426777004,9282.224500486811,26089.309249294398,206821.19329913604,3546.1897641123987,43295.19853259348,212.89005717546576,683.9839905014012,3318.674258742795,4130.060509052516,1723.5823130949625,17053.77911215748,3524.314302838931,43082.85323728055,206080.07285862454,3545.026780344036,43288.05908127642,212.88627752556917,683.962641538337,3317.475294631939,4129.264771101113,1723.5043503762024,17053.32530158853,3523.1825115877273,43075.89572803042
DZ_S_var_6_1.0,298379.87021849235,232810.80592203003,865844.2583113133,12869.815871190833,19693.939676746868,69423.7474047352,185624.67353463243,19902.596629726097,107442.67754133561,173732.79044797336,537234.4481676806,290376.88464512327,205453.41117871163,524281.8195848917,9248.870798942451,16514.06228034287,61609.74842409084,109217.33688453716,17561.62453641576,99902.20203509596,149096.65913614645,383393.85573388543,117748.80719949072,66568.41953702524,423011.7524953186,4265.16544849112,4925.477913275581,28589.87538220048,110282.42238279314,5931.8781288394175,25091.988822838586,44341.36420360346,227559.91512926115,116745.22543247798,54237.59245381479,207068.08717667835,3117.2087664773976,4066.627232288919,23807.459653605438,62352.2954482918,4713.5999448848215,22343.49119543418,43131.13171048547,140486.94350120143,266465.22369870753,190983.55095414823,739795.7223796592,410.9973864313625,1934.8776147430353,23296.537915938137,98911.87341822051,5146.713565638194,34705.886237875005,142562.16606967885,462198.4072209,229444.6505929752,143099.91791057718,393753.97479546745,398.86088112361944,1770.7551294855814,21853.798655089176,56234.473318527096,4956.014090363154,33937.81211294043,89680.26937589118,272744.44783371815,65090.04159040042,27054.418974668988,249087.23627263124,82.63091111495666,234.1601494884023,7263.687008592551,47040.221576401906,255.01688131039762,2721.309331987398,12161.656976376355,106236.78769909262,19066.551711985165,22038.759955135345,105994.12008855073,75.50413436594353,217.60222773636525,6185.807737253697,26323.80766162129,244.59263771435926,2637.707178134514,12093.524815604715,60063.405027436296,254682.52360017036,188506.10265910163,477233.16323961876,5226.820539904102,6209.771527856804,50816.34029221895,108198.1027252718,16572.56576434896,76641.55688696167,148959.98619020442,380821.81585947017,250422.67154314087,178552.02926019716,429290.50665407366,5002.8680706181,6017.529916646043,46613.86325311722,84433.13230371126,14746.36200562862,72225.77128023248,136703.40975841583,337772.71805648075,67770.42125685692,10198.136182423475,27555.54744218784,623.1218993619956,908.7183113298901,3369.878683776085,2682.195941875085,1691.2256564514182,10944.596504897514,9289.22334509677,26101.953448035118,61201.33847195409,10194.805455089696,27544.718587805615,622.6451729415759,907.6637082975008,3355.830295552549,2673.699283431177,1686.2874550039792,10927.325426777004,9280.319704849704,26086.629597535935,206821.19329913604,3546.1897641123987,43295.19853259348,212.89005717546576,683.9839905014012,3318.631375617347,4129.591991597214,1723.5823130949625,17053.77911215748,3524.2923735700574,43073.23648110783,206080.07285862454,3545.026780344036,43288.05908127642,212.88627752556917,683.962641538337,3317.4324048504936,4128.796335305664,1723.5043503762024,17053.32530158853,3523.1605826537893,43066.280497197055
DZ_S_var_6_1.8,298379.87021849235,232810.80592203003,865844.2583113133,12869.815871190833,19693.939676746868,69359.53110654994,184590.81673474994,19902.596629726097,107442.67754133561,173626.78645912727,535317.4127996112,290376.88464512327,205453.41117871163,524281.8195848917,9248.870798942451,16514.06228034287,61380.21807367682,108442.5983962836,17561.62453641576,99902.20203509596,149049.6145621886,382702.46170952695,117748.80719949072,66568.41953702524,423011.7524953186,4265.16544849112,4925.477913275581,28211.863354592846,109239.02728640712,5931.8781288394175,25091.988822838586,43782.31906616145,225125.26670424463,116745.22543247798,54237.59245381479,207068.08717667835,3117.2087664773976,4066.627232288919,23605.477815966155,61772.28543932908,4713.5999448848215,22343.49119543418,42655.440165251806,138812.55532644363,266465.22369870753,190983.55095414823,739795.7223796592,410.9973864313625,1934.8776147430353,23292.080649942505,98536.22090257518,5146.713565638194,34705.886237875005,142220.57373568264,459209.66516576434,229444.6505929752,143099.91791057718,393753.97479546745,398.86088112361944,1770.7551294855814,21853.756288136832,55990.49045529146,4956.014090363154,33937.81211294043,89336.37290329984,271407.33738301025,65090.04159040042,27054.418974668988,249087.23627263124,82.63091111495666,234.1601494884023,7262.5297534467845,46973.65633191486,255.01688131039762,2721.309331987398,12160.609032661123,105575.65456926962,19066.551711985165,22038.759955135345,105994.12008855073,75.50413436594353,217.60222773636525,6185.697894766244,26273.240616772146,244.59263771435926,2637.707178134514,12092.943901619317,59769.36492684921,254682.52360017036,188506.10265910163,477233.16323961876,5226.820539904102,6209.771527856804,50804.42490827205,108139.06841536527,16572.56576434896,76641.55688696167,148955.30464091906,380516.01375844155,250422.67154314087,178552.02926019716,429290.50665407366,5002.8680706181,6017.529916646043,46573.02086393703,84300.95200690995,14746.36200562862,72225.77128023248,136690.546395535,337433.9524190277,67770.42125685692,10198.136182423475,27555.54744218784,623.1218993619956,908.7183113298901,3369.2455147597902,2681.6041764606607,1691.2256564514182,10944.596504897514,9285.15942765986,26096.239220598378,61201.33847195409,10194.805455089696,27544.718587805615,622.6451729415759,907.6637082975008,3355.22421541113,2673.1336515825424,1686.2874550039792,10927.325426777004,9276.344507323254,26081.0364370822,206821.19329913604,3546.1897641123987,43295.19853259348,212.89005717546576,683.9839905014012,3318.4977148935377,4128.132632758099,1723.5823130949625,17053.77911215748,3524.224248266045,43043.401403881275,206080.07285862454,3545.026780344036,43288.05908127642,212.88627752556917,683.962641538337,3317.2987233787885,4127.3372307773925,1723.5043503762024,17053.32530158853,3523.092458389827,43036.450151601915
DZ_S_var_6_3.2,298379.87021849235,232810.80592203003,865844.2583113133,12869.815871190833,19693.939676746868,69307.53730472866,183764.9020644105,19902.596629726097,107442.67754133561,173541.67746957147,533791.3474777191,290376.88464512327,205453.41117871163,524281.8195848917,9248.870798942451,16514.06228034287,61192.99004115209,107818.52268433968,17561.62453641576,99902.20203509596,149011.7650417028,382148.59589675185,117748.80719949072,66568.41953702524,423011.7524953186,4265.16544849112,4925.477913275581,27761.4197690406,107998.18318936635,5931.8781288394175,25091.988822838586,43122.833876347184,222274.35322427255,116745.22543247798,54237.59245381479,207068.08717667835,3117.2087664773976,4066.627232288919,23361.582115179022,61080.28106120492,4713.5999448848215,22343.49119543418,42086.07345368899,136838.18369547828,266465.22369870753,190983.55095414823,739795.7223796592,410.9973864313625,1934.8776147430353,23283.800544679078,97849.22727239676,5146.713565638194,34705.886237875005,141591.7393340219,453820.01593431336,229444.6505929752,143099.91791057718,393753.97479546745,398.86088112361944,1770.7551294855814,21853.676710726148,55540.674765962,4956.014090363154,33937.81211294043,88701.09763944217,268961.8333258376,65090.04159040042,27054.418974668988,249087.23627263124,82.63091111495666,234.1601494884023,7260.323574147734,46847.47783160184,255.01688131039762,2721.309331987398,12158.625987700298,104357.3420831843,19066.551711985165,22038.759955135345,105994.12008855073,75.50413436594353,217.60222773636525,6185.487127637007,26177.017536006344,244.59263771435926,2637.707178134514,12091.834702269925,59219.640001849235,254682.52360017036,188506.10265910163,477233.16323961876,5226.820539904102,6209.771527856804,50793.65624432151,108085.77475766289,16572.56576434896,76641.55688696167,148951.08207522891,380240.8073118401,250422.67154314087,178552.02926019716,429290.50665407366,5002.8680706181,6017.529916646043,46535.920908286666,84181.22027726902,14746.36200562862,72225.77128023248,136678.91635399152,337128.48826514813,67770.42125685692,10198.136182423475,27555.54744218784,623.1218993619956,908.7183113298901,3368.4276688974546,2680.8400609252344,1691.2256564514182,10944.596504897514,9279.914681086177,26088.862798151837,61201.33847195409,10194.805455089696,27544.718587805615,622.6451729415759,907.6637082975008,3354.441256025434,2672.403173882553,1686.2874550039792,10927.325426777004,9271.213469725082,26073.815226084494,206821.19329913604,3546.1897641123987,43295.19853259348,212.89005717546576,683.9839905014012,3318.0935988192496,4123.729019222196,1723.5823130949625,17053.77911215748,3524.02032651924,42954.457400407,206080.07285862454,3545.026780344036,43288.05908127642,212.88627752556917,683.962641538337,3316.894544552153,4122.934384191422,1723.5043503762024,17053.32530158853,3522.8885397456224,42947.52024868177
DZ_S_var_6_5.6,298379.87021849235,232810.80592203003,865844.2583113133,12869.815871190833,19693.939676746868,69281.89119076266,183361.1282145176,19902.596629726097,107442.67754133561,173499.93167558717,533047.0279648573,290376.88464512327,205453.41117871163,524281.8195848917,9248.870798942451,16514.06228034287,61100.178643206804,107511.73426311977,17561.62453641576,99902.20203509596,148993.17441810138,381877.329101404,117748.80719949072,66568.41953702524,423011.7524953186,4265.16544849112,4925.477913275581,27461.076169420987,107172.2026862132,5931.8781288394175,25091.988822838586,42687.0882662386,220402.77321403773,116745.22543247798,54237.59245381479,207068.08717667835,3117.2087664773976,4066.627232288919,23196.982852244237,60618.290964868764,4713.5999448848215,22343.49119543418,41704.89883091283,135533.86731555487,266465.22369870753,190983.55095414823,739795.7223796592,410.9973864313625,1934.8776147430353,23274.772234565826,97115.75043689438,5146.713565638194,34705.886237875005,140914.44149183933,448171.17655362136,229444.6505929752,143099.91791057718,393753.97479546745,398.86088112361944,1770.7551294855814,21853.588623095515,55055.17589094853,4956.014090363154,33937.81211294043,88013.65560168056,266350.46651027986,65090.04159040042,27054.418974668988,249087.23627263124,82.63091111495666,234.1601494884023,7257.8306782169375,46706.02634227742,255.01688131039762,2721.309331987398,12156.408203552786,103043.09589081629,19066.551711985165,22038.759955135345,105994.12008855073,75.50413436594353,217.60222773636525,6185.246790333518,26068.566354833336,244.59263771435926,2637.707178134514,12090.578578852914,58614.93100516835,254682.52360017036,188506.10265910163,477233.16323961876,5226.820539904102,6209.771527856804,50787.92129758614,108057.41567799904,16572.56576434896,76641.55688696167,148948.83657185614,380094.69289130287,250422.67154314087,178552.02926019716,429290.50665407366,5002.8680706181,6017.529916646043,46516.08962162231,84117.35016159639,14746.36200562862,72225.77128023248,136672.720877885,336966.0806249697,67770.42125685692,10198.136182423475,27555.54744218784,623.1218993619956,908.7183113298901,3367.8395513600726,2680.2907555870743,1691.2256564514182,10944.596504897514,9276.146283750664,26083.561488315016,61201.33847195409,10194.805455089696,27544.718587805615,622.6451729415759,907.6637082975008,3353.8781534672025,2671.877975454955,1686.2874550039792,10927.325426777004,9267.526223745168,26068.624717572944,206821.19329913604,3546.1897641123987,43295.19853259348,212.89005717546576,683.9839905014012,3316.9761597370143,4111.6198412940375,1723.5823130949625,17053.77911215748,3523.4720213386463,42717.96201095005,206080.07285862454,3545.026780344036,43288.05908127642,212.88627752556917,683.962641538337,3315.7769317805846,4110.827311892653,1723.5043503762024,17053.32530158853,3522.3402428342933,42711.062312691756
DZ_S_var_6_10.0,298379.87021849235,232810.80592203003,865844.2583113133,12869.815871190833,19693.939676746868,69272.28172494848,183210.44372327958,19902.596629726097,107442.67754133561,173484.32939127716,532769.5488544791,290376.88464512327,205453.41117871163,524281.8195848917,9248.870798942451,16514.06228034287,61065.32389335546,107396.95725250283,17561.62453641576,99902.20203509596,148986.22194794452,381776.0124467625,117748.80719949072,66568.41953702524,423011.7524953186,4265.16544849112,4925.477913275581,27329.74360820402,106811.3466801539,5931.8781288394175,25091.988822838586,42497.53820590133,219591.55928478105,116745.22543247798,54237.59245381479,207068.08717667835,3117.2087664773976,4066.627232288919,23124.503850017536,60416.11617442946,4713.5999448848215,22343.49119543418,41537.8328441065,134966.4878982626,266465.22369870753,190983.55095414823,739795.7223796592,410.9973864313625,1934.8776147430353,23269.202094685083,96671.08931141313,5146.713565638194,34705.886237875005,140500.85328025813,444798.06331978174,229444.6505929752,143099.91791057718,393753.97479546745,398.86088112361944,1770.7551294855814,21853.53357574813,54758.16543199155,4956.014090363154,33937.81211294043,87592.227203143,264767.09695256356,65090.04159040042,27054.418974668988,249087.23627263124,82.63091111495666,234.1601494884023,7256.244983282736,46616.66496982166,255.01688131039762,2721.309331987398,12155.0100162683,102239.3843682942,19066.551711985165,22038.759955135345,105994.12008855073,75.50413436594353,217.60222773636525,6185.092697635375,25999.733384899937,244.59263771435926,2637.707178134514,12089.778042185299,58239.01134540196,254682.52360017036,188506.10265910163,477233.16323961876,5226.820539904102,6209.771527856804,50785.69391239633,108046.40563955712,16572.56576434896,76641.55688696167,148947.96505509113,380038.0276545645,250422.67154314087,178552.02926019716,429290.50665407366,5002.8680706181,6017.529916646043,46508.373577602295,84092.5238644477,14746.36200562862,72225.77128023248,136670.31429206766,336903.053904615,67770.42125685692,10198.136182423475,27555.54744218784,623.1218993619956,908.7183113298901,3367.5706158393054,2680.0396167742656,1691.2256564514182,10944.596504897514,9274.423935187277,26081.138163249263,61201.33847195409,10194.805455089696,27544.718587805615,622.6451729415759,907.6637082975008,3353.620636748458,2671.6378373850257,1686.2874550039792,10927.325426777004,9265.840812421458,26066.251833852,206821.19329913604,3546.1897641123987,43295.19853259348,212.89005717546576,683.9839905014012,3314.520566599422,4085.352118021804,1723.5823130949625,17053.77911215748,3522.34189606243,42242.36550764607,206080.07285862454,3545.026780344036,43288.05908127642,212.88627752556917,683.962641538337,3313.3209560777586,4084.5641393192845,1723.5043503762024,17053.32530158853,3521.2101342637798,42235.54095781579
DZ_S_var_7_0.1,298379.87021849235,232810.80592203003,865844.2583113133,12869.815871190833,19693.939676746868,69569.84190368105,185873.7198141989,19902.596629726097,107442.67754133561,173732.80671416706,537840.3780814657,290376.88464512327,205453.41117871163,524281.8195848917,9248.870798942451,16514.06228034287,61688.83484337583,109382.97114605505,17561.62453641576,99902.20203509596,149161.91194028186,384444.9894444728,117748.80719949072,66568.41953702524,423011.7524953186,4265.16544849112,4925.477913275581,28698.51577606375,110509.54804392278,5931.8781288394175,25091.988822838586,44478.80403928038,227968.28855218305,116745.22543247798,54237.59245381479,207068.08717667835,3117.2087664773976,4066.627232288919,23889.74489118168,62484.66502580496,4713.5999448848215,22343.49119543418,43250.64440857498,140856.9095587654,266465.22369870753,190983.55095414823,739795.7223796592,410.9973864313625,1934.8776147430353,23296.541888101096,98930.1042351879,5146.713565638194,34705.886237875005,142620.78295386088,463001.2852536652,229444.6505929752,143099.91791057718,393753.97479546745,398.86088112361944,1770.7551294855814,21854.148109333073,56255.23848900428,4956.014090363154,33937.81211294043,89682.31754977834,273221.65797954757,65090.04159040042,27054.418974668988,249087.23627263124,82.63091111495666,234.1601494884023,7278.475813789009,47112.21941795987,255.01688131039762,2721.309331987398,12190.960760583854,106393.43681947076,19066.551711985165,22038.759955135345,105994.12008855073,75.50413436594353,217.60222773636525,6195.936383484079,26359.686523939683,244.59263771435926,2637.707178134514,12122.22895635636,60142.99390610695,254682.52360017036,188506.10265910163,477233.16323961876,5226.820539904102,6209.771527856804,50912.51380582439,108319.77296979152,16572.56576434896,76641.55688696167,148979.6963392431,381541.1588311911,250422.67154314087,178552.02926019716,429290.50665407366,5002.8680706181,6017.529916646043,46687.335324127125,84539.02875607752,14746.36200562862,72225.77128023248,136787.95629409273,338763.990784262,67770.42125685692,10198.136182423475,27555.54744218784,623.1218993619956,908.7183113298901,3369.908587678073,2682.2523249255705,1691.2256564514182,10944.596504897514,9289.445958434022,26102.527679632072,61201.33847195409,10194.805455089696,27544.718587805615,622.6451729415759,907.6637082975008,3355.8632924967096,2673.759786469292,1686.2874550039792,10927.325426777004,9280.553333572725,26087.225375779773,206821.19329913604,3546.1897641123987,43295.19853259348,212.89005717546576,683.9839905014012,3318.6494962946313,4129.927273577582,1723.5823130949625,17053.77911215748,3524.4499376295403,43134.20162800165,206080.07285862454,3545.026780344036,43288.05908127642,212.88627752556917,683.962641538337,3317.450553530424,4129.131609602414,1723.5043503762024,17053.32530158853,3523.3181434706376,43127.23603090017
DZ_S_var_7_0.2,298379.87021849235,232810.80592203003,865844.2583113133,12869.815871190833,19693.939676746868,69566.38281150012,185867.82364653188,19902.596629726097,107442.67754133561,173732.80632743286,537825.9480987359,290376.88464512327,205453.41117871163,524281.8195848917,9248.870798942451,16514.06228034287,61686.96493265529,109379.05111827631,17561.62453641576,99902.20203509596,149160.36541133447,384419.9875489455,117748.80719949072,66568.41953702524,423011.7524953186,4265.16544849112,4925.477913275581,28696.069623202035,110504.43759945799,5931.8781288394175,25091.988822838586,44475.69433395206,227959.05237642396,116745.22543247798,54237.59245381479,207068.08717667835,3117.2087664773976,4066.627232288919,23887.893496205514,62481.687529441966,4713.5999448848215,22343.49119543418,43247.94720327794,140848.55040735003,266465.22369870753,190983.55095414823,739795.7223796592,410.9973864313625,1934.8776147430353,23296.541799758055,98929.69866229645,5146.713565638194,34705.886237875005,142619.47856516967,462983.3806417825,229444.6505929752,143099.91791057718,393753.97479546745,398.86088112361944,1770.7551294855814,21854.140341139686,56254.77664682768,4956.014090363154,33937.81211294043,89682.27201154556,273211.020887242,65090.04159040042,27054.418974668988,249087.23627263124,82.63091111495666,234.1601494884023,7278.148272202438,47110.624407852054,255.01688131039762,2721.309331987398,12190.311408304038,106389.96624553172,19066.551711985165,22038.759955135345,105994.12008855073,75.50413436594353,217.60222773636525,6195.712170600757,26358.89197478317,244.59263771435926,2637.707178134514,12121.593007903533,60141.23125403303,254682.52360017036,188506.10265910163,477233.16323961876,5226.820539904102,6209.771527856804,50910.26142596237,108316.92402738694,16572.56576434896,76641.55688696167,148979.2335993765,381524.2260792891,250422.67154314087,178552.02926019716,429290.50665407366,5002.8680706181,6017.529916646043,46685.61613668328,84536.55012507549,14746.36200562862,72225.77128023248,136785.97548797753,338740.6808133605,67770.42125685692,10198.136182423475,27555.54744218784,623.1218993619956,908.7183113298901,3369.907928390693,2682.25108182829,1691.2256564514182,10944.596504897514,9289.441050364694,26102.515019144503,61201.33847195409,10194.805455089696,27544.718587805615,622.6451729415759,907.6637082975008,3355.862565030885,2673.758452559986,1686.2874550039792,10927.325426777004,9280.54818272851,26087.212240459143,206821.19329913604,3546.1897641123987,43295.19853259348,212.89005717546576,683.9839905014012,3318.6490998670956,4129.9199377514915,1723.5823130949625,17053.77911215748,3524.4464846123205,43132.86285948138,206080.07285862454,3545.026780344036,43288.05908127642,212.88627752556917,683.962641538337,3317.4501564903067,4129.124273944643,1723.5043503762024,17053.32530158853,3523.3146905246,43125.89747349546
DZ_S_var_7_0.3,298379.87021849235,232810.80592203003,865844.2583113133,12869.815871190833,19693.939676746868,69555.52915139627,185849.32296391917,19902.596629726097,107442.67754133561,173732.80511447514,537780.6972422268,290376.88464512327,205453.41117871163,524281.8195848917,9248.870798942451,16514.06228034287,61681.09685227962,109366.75063441048,17561.62453641576,99902.20203509596,149155.51332068857,384341.5747137523,117748.80719949072,66568.41953702524,423011.7524953186,4265.16544849112,4925.477913275581,28688.356374042294,110488.32220007121,5931.8781288394175,25091.988822838586,44465.89333684531,227929.9412037746,116745.22543247798,54237.59245381479,207068.08717667835,3117.2087664773976,4066.627232288919,23882.05524222701,62472.2979528714,4713.5999448848215,22343.49119543418,43239.444221247904,140822.20096761108,266465.22369870753,190983.55095414823,739795.7223796592,410.9973864313625,1934.8776147430353,23296.541520866715,98928.41833758364,5146.713565638194,34705.886237875005,142615.3609406592,462926.87179701024,229444.6505929752,143099.91791057718,393753.97479546745,398.86088112361944,1770.7551294855814,21854.11581649446,56253.318656306845,4956.014090363154,33937.81211294043,89682.12824714897,273177.4476207812,65090.04159040042,27054.418974668988,249087.23627263124,82.63091111495666,234.1601494884023,7277.11384542012,47105.587241327434,255.01688131039762,2721.309331987398,12188.260753112889,106379.00597171533,19066.551711985165,22038.759955135345,105994.12008855073,75.50413436594353,217.60222773636525,6195.004037359486,26356.38263836961,244.59263771435926,2637.707178134514,12119.584647461988,60135.66450436519,254682.52360017036,188506.10265910163,477233.16323961876,5226.820539904102,6209.771527856804,50903.186382534244,108307.97491921931,16572.56576434896,76641.55688696167,148977.7804210424,381471.06479829527,250422.67154314087,178552.02926019716,429290.50665407366,5002.8680706181,6017.529916646043,46680.21545048455,84528.76394000735,14746.36200562862,72225.77128023248,136779.7537237451,338667.4904744289,67770.42125685692,10198.136182423475,27555.54744218784,623.1218993619956,908.7183113298901,3369.9058453639527,2682.247154255636,1691.2256564514182,10944.596504897514,9289.425543303796,26102.47501832631,61201.33847195409,10194.805455089696,27544.718587805615,622.6451729415759,907.6637082975008,3355.8602665899652,2673.7542380597683,1686.2874550039792,10927.325426777004,9280.531908593868,26087.17073934024,206821.19329913604,3546.1897641123987,43295.19853259348,212.89005717546576,683.9839905014012,3318.647846444532,4129.896743620868,1723.5823130949625,17053.77911215748,3524.435568642272,43128.6314336983,206080.07285862454,3545.026780344036,43288.05908127642,212.88627752556917,683.962641538337,3317.448901130798,4129.101080346065,1723.5043503762024,17053.32530158853,3523.3037747789863,43121.666714975116
DZ_S_var_7_0.6,298379.87021849235,232810.80592203003,865844.2583113133,12869.815871190833,19693.939676746868,69522.03432657558,185792.22755544336,19902.596629726097,107442.67754133561,173732.8013760614,537641.3030440452,290376.88464512327,205453.41117871163,524281.8195848917,9248.870798942451,16514.06228034287,61662.97982638571,109328.78571382654,17561.62453641576,99902.20203509596,149140.54419378372,384099.9341578422,117748.80719949072,66568.41953702524,423011.7524953186,4265.16544849112,4925.477913275581,28664.184446122606,110437.80899615173,5931.8781288394175,25091.988822838586,44435.2237257807,227838.83469031338,116745.22543247798,54237.59245381479,207068.08717667835,3117.2087664773976,4066.627232288919,23863.755224849418,62442.86399398908,4713.5999448848215,22343.49119543418,43212.81598613898,140739.71276546433,266465.22369870753,190983.55095414823,739795.7223796592,410.9973864313625,1934.8776147430353,23296.540643649274,98924.3915602075,5146.713565638194,34705.886237875005,142602.4115881609,462749.2729166091,229444.6505929752,143099.91791057718,393753.97479546745,398.86088112361944,1770.7551294855814,21854.038665884447,56248.73276919979,4956.014090363154,33937.81211294043,89681.67601203591,273071.9172053297,65090.04159040042,27054.418974668988,249087.23627263124,82.63091111495666,234.1601494884023,7273.856147571573,47089.72500268841,255.01688131039762,2721.309331987398,12181.803654810781,106344.49232439748,19066.551711985165,22038.759955135345,105994.12008855073,75.50413436594353,217.60222773636525,6192.773587027332,26348.479763420608,244.59263771435926,2637.707178134514,12113.260383945275,60118.13303216947,254682.52360017036,188506.10265910163,477233.16323961876,5226.820539904102,6209.771527856804,50881.27854590039,108280.26234171815,16572.56576434896,76641.55688696167,148973.28405504784,381306.7093885867,250422.67154314087,178552.02926019716,429290.50665407366,5002.8680706181,6017.529916646043,46663.48767617971,84504.64967875065,14746.36200562862,72225.77128023248,136760.49025228014,338441.14107036596,67770.42125685692,10198.136182423475,27555.54744218784,623.1218993619956,908.7183113298901,3369.8992764368345,2682.2347685420973,1691.2256564514182,10944.596504897514,9289.376641436435,26102.348875170785,61201.33847195409,10194.805455089696,27544.718587805615,622.6451729415759,907.6637082975008,3355.85301830265,2673.7409474438196,1686.2874550039792,10927.325426777004,9280.480587485552,26087.03986431273,206821.19329913604,3546.1897641123987,43295.19853259348,212.89005717546576,683.9839905014012,3318.6438846879455,4129.823435202913,1723.5823130949625,17053.77911215748,3524.401083567445,43115.271773387394,206080.07285862454,3545.026780344036,43288.05908127642,212.88627752556917,683.962641538337,3317.444933252058,4129.027773609262,1723.5043503762024,17053.32530158853,3523.2692904142586,43108.309161345016
DZ_S_var_7_1.0,298379.87021849235,232810.80592203003,865844.2583113133,12869.815871190833,19693.939676746868,69423.7474047352,185624.67353463243,19902.596629726097,107442.67754133561,173732.79044797336,537234.4481676806,290376.88464512327,205453.41117871163,524281.8195848917,9248.870798942451,16514.06228034287,61609.74842409084,109217.33688453716,17561.62453641576,99902.20203509596,149096.65913614645,383393.85573388543,117748.80719949072,66568.41953702524,423011.7524953186,4265.16544849112,4925.477913275581,28589.87538220048,110282.42238279314,5931.8781288394175,25091.988822838586,44341.36420360346,227559.91512926115,116745.22543247798,54237.59245381479,207068.08717667835,3117.2087664773976,4066.627232288919,23807.459653605438,62352.2954482918,4713.5999448848215,22343.49119543418,43131.13171048547,140486.94350120143,266465.22369870753,190983.55095414823,739795.7223796592,410.9973864313625,1934.8776147430353,23296.537915938137,98911.87341822051,5146.713565638194,34705.886237875005,142562.16606967885,462198.4072209,229444.6505929752,143099.91791057718,393753.97479546745,398.86088112361944,1770.7551294855814,21853.798655089176,56234.473318527096,4956.014090363154,33937.81211294043,89680.26937589118,272744.44783371815,65090.04159040042,27054.418974668988,249087.23627263124,82.63091111495666,234.1601494884023,7263.687008592551,47040.221576401906,255.01688131039762,2721.309331987398,12161.656976376355,106236.78769909262,19066.551711985165,22038.759955135345,105994.12008855073,75.50413436594353,217.60222773636525,6185.807737253697,26323.80766162129,244.59263771435926,2637.707178134514,12093.524815604715,60063.405027436296,254682.52360017036,188506.10265910163,477233.16323961876,5226.820539904102,6209.771527856804,50816.34029221895,108198.1027252718,16572.56576434896,76641.55688696167,148959.98619020442,380821.81585947017,250422.67154314087,178552.02926019716,429290.50665407366,5002.8680706181,6017.529916646043,46613.86325311722,84433.13230371126,14746.36200562862,72225.77128023248,136703.40975841583,337772.71805648075,67770.42125685692,10198.136182423475,27555.54744218784,623.1218993619956,908.7183113298901,3369.878683776085,2682.195941875085,1691.2256564514182,10944.596504897514,9289.22334509677,26101.953448035118,61201.33847195409,10194.805455089696,27544.718587805615,622.6451729415759,907.6637082975008,3355.830295552549,2673.699283431177,1686.2874550039792,10927.325426777004,9280.319704849704,26086.629597535935,206821.19329913604,3546.1897641123987,43295.19853259348,212.89005717546576,683.9839905014012,3318.631375617347,4129.591991597214,1723.5823130949625,17053.77911215748,3524.2923735700574,43073.23648110783,206080.07285862454,3545.026780344036,43288.05908127642,212.88627752556917,683.962641538337,3317.4324048504936,4128.796335305664,1723.5043503762024,17053.32530158853,3523.1605826537893,43066.280497197055
DZ_S_var_7_1.8,298379.87021849235,232810.80592203003,865844.2583113133,12869.815871190833,19693.939676746868,69173.3130642534,185197.65319853986,19902.596629726097,107442.67754133561,173732.76288255706,536212.2714010756,290376.88464512327,205453.41117871163,524281.8195848917,9248.870798942451,16514.06228034287,61473.64849634987,108933.06200460848,17561.62453641576,99902.20203509596,148985.11078799533,381614.6649916193,117748.80719949072,66568.41953702524,423011.7524953186,4265.16544849112,4925.477913275581,28374.290750920354,109830.76127591253,5931.8781288394175,25091.988822838586,44072.634924190264,226760.48076369468,116745.22543247798,54237.59245381479,207068.08717667835,3117.2087664773976,4066.627232288919,23643.811480732402,62088.825727361305,4713.5999448848215,22343.49119543418,42895.64248679119,139760.49206168376,266465.22369870753,190983.55095414823,739795.7223796592,410.9973864313625,1934.8776147430353,23296.529727822595,98874.32463541994,5146.713565638194,34705.886237875005,142441.5424620553,460557.2246790587,229444.6505929752,143099.91791057718,393753.97479546745,398.86088112361944,1770.7551294855814,21853.07717703881,56191.672404372825,4956.014090363154,33937.81211294043,89676.0431755343,271767.5559357689,65090.04159040042,27054.418974668988,249087.23627263124,82.63091111495666,234.1601494884023,7232.7990924174655,46889.966845914976,255.01688131039762,2721.309331987398,12100.55232087191,105909.94128187031,19066.551711985165,22038.759955135345,105994.12008855073,75.50413436594353,217.60222773636525,6164.618493547536,26248.8427555021,244.59263771435926,2637.707178134514,12033.63604652643,59897.151755215,254682.52360017036,188506.10265910163,477233.16323961876,5226.820539904102,6209.771527856804,50646.34950127963,107982.92290230392,16572.56576434896,76641.55688696167,148925.3874743742,379568.4234853155,250422.67154314087,178552.02926019716,429290.50665407366,5002.8680706181,6017.529916646043,46483.67113451724,84245.64252467576,14746.36200562862,72225.77128023248,136554.1260356905,336040.53611988504,67770.42125685692,10198.136182423475,27555.54744218784,623.1218993619956,908.7183113298901,3369.81531312386,2682.0764665562806,1691.2256564514182,10944.596504897514,9288.751639081956,26100.7367156086,61201.33847195409,10194.805455089696,27544.718587805615,622.6451729415759,907.6637082975008,3355.760366161687,2673.571070879603,1686.2874550039792,10927.325426777004,9279.824631170864,26085.36714244263,206821.19329913604,3546.1897641123987,43295.19853259348,212.89005717546576,683.9839905014012,3318.592008512113,4128.863861422994,1723.5823130949625,17053.77911215748,3523.9519801207575,42942.389624782045,206080.07285862454,3545.026780344036,43288.05908127642,212.88627752556917,683.962641538337,3317.392976905071,4128.068221758078,1723.5043503762024,17053.32530158853,3522.8201962047983,42935.45426899518
DZ_S_var_7_3.2,298379.87021849235,232810.80592203003,865844.2583113133,12869.815871190833,19693.939676746868,68713.05239705328,184412.4923940537,19902.596629726097,107442.67754133561,173732.7132434661,534386.1818250893,290376.88464512327,205453.41117871163,524281.8195848917,9248.870798942451,16514.06228034287,61221.75517694551,108409.45748113518,17561.62453641576,99902.20203509596,148781.10901063305,378417.24688859814,117748.80719949072,66568.41953702524,423011.7524953186,4265.16544849112,4925.477913275581,27841.083651909823,108708.10814425566,5931.8781288394175,25091.988822838586,43429.991997825775,224843.4445443369,116745.22543247798,54237.59245381479,207068.08717667835,3117.2087664773976,4066.627232288919,23236.97707515329,61432.55253116721,4713.5999448848215,22343.49119543418,42322.57023407931,138006.40371702542,266465.22369870753,190983.55095414823,739795.7223796592,410.9973864313625,1934.8776147430353,23296.507537882677,98772.78120719733,5146.713565638194,34705.886237875005,142116.04996760405,456200.96136962203,229444.6505929752,143099.91791057718,393753.97479546745,398.86088112361944,1770.7551294855814,21851.114329467862,56075.7071632318,4956.014090363154,33937.81211294043,89664.56194529109,269165.292208365,65090.04159040042,27054.418974668988,249087.23627263124,82.63091111495666,234.1601494884023,7146.26213735214,46469.85165783153,255.01688131039762,2721.309331987398,11930.070397989242,104996.57649780608,19066.551711985165,22038.759955135345,105994.12008855073,75.50413436594353,217.60222773636525,6105.003810337925,26038.606917724464,244.59263771435926,2637.707178134514,11866.299483663019,59431.1827849499,254682.52360017036,188506.10265910163,477233.16323961876,5226.820539904102,6209.771527856804,50315.8525528152,107564.11660465559,16572.56576434896,76641.55688696167,148858.98378223024,377195.5237367787,250422.67154314087,178552.02926019716,429290.50665407366,5002.8680706181,6017.529916646043,46229.3483827814,83879.96966400724,14746.36200562862,72225.77128023248,136264.45644314916,332743.644468615,67770.42125685692,10198.136182423475,27555.54744218784,623.1218993619956,908.7183113298901,3369.630906557174,2681.728862462023,1691.2256564514182,10944.596504897514,9287.379326207847,26097.197196097117,61201.33847195409,10194.805455089696,27544.718587805615,622.6451729415759,907.6637082975008,3355.556841886738,2673.19799235157,1686.2874550039792,10927.325426777004,9278.384129963026,26081.694090632373,206821.19329913604,3546.1897641123987,43295.19853259348,212.89005717546576,683.9839905014012,3318.4693885752454,4126.598250198801,1723.5823130949625,17053.77911215748,3522.9082357946822,42548.33599970066,206080.07285862454,3545.026780344036,43288.05908127642,212.88627752556917,683.962641538337,3317.2701674246155,4125.802661744289,1723.5043503762024,17053.32530158853,3521.7764732978317,42541.46273163237
DZ_S_var_7_5.6,298379.87021849235,232810.80592203003,865844.2583113133,12869.815871190833,19693.939676746868,68218.4212552434,183568.15552992036,19902.596629726097,107442.67754133561,173732.66132343543,532496.0033847629,290376.88464512327,205453.41117871163,524281.8195848917,9248.870798942451,16514.06228034287,60948.47651310733,107845.06756521891,17561.62453641576,99902.20203509596,148563.31559741384,375081.5084533809,117748.80719949072,66568.41953702524,423011.7524953186,4265.16544849112,4925.477913275581,26917.487889300228,106744.11619596665,5931.8781288394175,25091.988822838586,42385.73108394463,221711.9985702089,116745.22543247798,54237.59245381479,207068.08717667835,3117.2087664773976,4066.627232288919,22525.180146522758,60279.644105673215,4713.5999448848215,22343.49119543418,41360.37047218557,135103.429771035,266465.22369870753,190983.55095414823,739795.7223796592,410.9973864313625,1934.8776147430353,23296.460986763235,98560.77052054461,5146.713565638194,34705.886237875005,141439.78890420333,447472.03780963906,229444.6505929752,143099.91791057718,393753.97479546745,398.86088112361944,1770.7551294855814,21846.959997285994,55832.55029857392,4956.014090363154,33937.81211294043,89640.34159600943,263910.11012625624,65090.04159040042,27054.418974668988,249087.23627263124,82.63091111495666,234.1601494884023,6950.072528137899,45521.76100776737,255.01688131039762,2721.309331987398,11547.408974178776,102938.11258159143,19066.551711985165,22038.759955135345,105994.12008855073,75.50413436594353,217.60222773636525,5968.470329426827,25560.73074283623,244.59263771435926,2637.707178134514,11489.368881943645,58373.56409374613,254682.52360017036,188506.10265910163,477233.16323961876,5226.820539904102,6209.771527856804,49931.90013354965,107076.80873660615,16572.56576434896,76641.55688696167,148783.2393234953,374539.9141426826,250422.67154314087,178552.02926019716,429290.50665407366,5002.8680706181,6017.529916646043,45931.87962008651,83453.21513536062,14746.36200562862,72225.77128023248,135928.8745612055,329026.15343946574,67770.42125685692,10198.136182423475,27555.54744218784,623.1218993619956,908.7183113298901,3369.171227543088,2680.862795766762,1691.2256564514182,10944.596504897514,9283.960675647768,26088.38140091255,61201.33847195409,10194.805455089696,27544.718587805615,622.6451729415759,907.6637082975008,3355.049299871601,2672.268104639356,1686.2874550039792,10927.325426777004,9274.794278498135,26072.542322124842,206821.19329913604,3546.1897641123987,43295.19853259348,212.89005717546576,683.9839905014012,3318.099405830969,4119.783720510545,1723.5823130949625,17053.77911215748,3519.9029161598796,41470.38786428025,206080.07285862454,3545.026780344036,43288.05908127642,212.88627752556917,683.962641538337,3316.899612403475,4118.988281302146,1723.5043503762024,17053.32530158853,3518.771214953606,41463.68416666203
DZ_S_var_7_10.0,298379.87021849235,232810.80592203003,865844.2583113133,12869.815871190833,19693.939676746868,67916.93745124589,183053.23435963085,19902.596629726097,107442.67754133561,173732.6303768633,531378.8709449947,290376.88464512327,205453.41117871163,524281.8195848917,9248.870798942451,16514.06228034287,60780.58487075412,107500.1958732134,17561.62453641576,99902.20203509596,148431.2944716194,373097.27640325,117748.80719949072,66568.41953702524,423011.7524953186,4265.16544849112,4925.477913275581,25998.668026633088,104764.63510455942,5931.8781288394175,25091.988822838586,41425.13037923528,218812.69057257328,116745.22543247798,54237.59245381479,207068.08717667835,3117.2087664773976,4066.627232288919,21807.98603141598,59111.364443632665,4713.5999448848215,22343.49119543418,40439.575406404525,132372.22256397145,266465.22369870753,190983.55095414823,739795.7223796592,410.9973864313625,1934.8776147430353,23296.4004117797,98286.92197817405,5146.713565638194,34705.886237875005,140572.88857326895,436871.1592450233,229444.6505929752,143099.91791057718,393753.97479546745,398.86088112361944,1770.7551294855814,21841.47872033874,55516.37538865326,4956.014090363154,33937.81211294043,89608.54911404704,257453.41355804203,65090.04159040042,27054.418974668988,249087.23627263124,82.63091111495666,234.1601494884023,6660.220431611007,44130.945981651275,255.01688131039762,2721.309331987398,10991.624213194114,99925.51172035707,19066.551711985165,22038.759955135345,105994.12008855073,75.50413436594353,217.60222773636525,5763.176768692797,24851.083518008058,244.59263771435926,2637.707178134514,10938.609008232555,56807.022162871515,254682.52360017036,188506.10265910163,477233.16323961876,5226.820539904102,6209.771527856804,49681.65421248671,106758.75057029595,16572.56576434896,76641.55688696167,148734.66190160974,372864.6268893563,250422.67154314087,178552.02926019716,429290.50665407366,5002.8680706181,6017.529916646043,45736.826249597805,83173.93742521227,14746.36200562862,72225.77128023248,135710.69635145157,326665.53569435864,67770.42125685692,10198.136182423475,27555.54744218784,623.1218993619956,908.7183113298901,3368.362698594446,2679.3409334062753,1691.2256564514182,10944.596504897514,9277.95515022211,26072.900653789573,61201.33847195409,10194.805455089696,27544.718587805615,622.6451729415759,907.6637082975008,3354.155865858168,2670.632881831914,1686.2874550039792,10927.325426777004,9268.483395679015,26056.459889437494,206821.19329913604,3546.1897641123987,43295.19853259348,212.89005717546576,683.9839905014012,3317.0821978093063,4101.213158552664,1723.5823130949625,17053.77911215748,3512.612299704808,39155.820117724936,206080.07285862454,3545.026780344036,43288.05908127642,212.88627752556917,683.962641538337,3315.8808281780985,4100.418089540702,1723.5043503762024,17053.32530158853,3511.480744820811,39149.47913252764
DZ_S_corr_all_0.1,298379.87021849235,232810.80592203003,865844.2583113133,12869.815871190833,19693.939676746868,65555.29818914793,177980.74640840554,19902.596629726097,107442.67754133561,173381.08751365292,530789.7302263078,290376.88464512327,205453.41117871163,524281.8195848917,9248.870798942451,16514.06228034287,59371.68744164292,107638.3772099259,17561.62453641576,99902.20203509596,146233.61256649657,380068.82162811473,117748.80719949072,66568.41953702524,423011.7524953186,4265.16544849112,4925.477913275581,27808.767340515253,107695.31910807687,5931.8781288394175,25091.988822838586,43824.174729256214,222690.31222359874,116745.22543247798,54237.59245381479,207068.08717667835,3117.2087664773976,4066.627232288919,23452.078989526428,62161.34254191125,4713.5999448848215,22343.49119543418,42699.34361620968,140185.219877847,266465.22369870753,190983.55095414823,739795.7223796592,410.9973864313625,1934.8776147430353,23130.35307966734,97767.1749097048,5146.713565638194,34705.886237875005,142437.11531714955,456706.571424691,229444.6505929752,143099.91791057718,393753.97479546745,398.86088112361944,1770.7551294855814,21737.023354892706,56114.39542929945,4956.014090363154,33937.81211294043,89779.43295732012,272573.60856131464,65090.04159040042,27054.418974668988,249087.23627263124,82.63091111495666,234.1601494884023,7219.08698115509,46556.814024899126,255.01688131039762,2721.309331987398,12133.575675931377,104812.81625548682,19066.551711985165,22038.759955135345,105994.12008855073,75.50413436594353,217.60222773636525,6162.453457671098,26271.449889209325,244.59263771435926,2637.707178134514,12069.794241030779,60017.319352149476,254682.52360017036,188506.10265910163,477233.16323961876,5226.820539904102,6209.771527856804,49353.51132915363,106632.39850644958,16572.56576434896,76641.55688696167,146862.75757424594,378323.2555840331,250422.67154314087,178552.02926019716,429290.50665407366,5002.8680706181,6017.529916646043,45636.25587287118,83362.74568261126,14746.36200562862,72225.77128023248,133879.0350165614,334363.233722044,67770.42125685692,10198.136182423475,27555.54744218784,623.1218993619956,908.7183113298901,3366.352199437267,2681.1272883354886,1691.2256564514182,10944.596504897514,9267.034428308874,26072.06639801776,61201.33847195409,10194.805455089696,27544.718587805615,622.6451729415759,907.6637082975008,3352.0828348456494,2672.3883877053618,1686.2874550039792,10927.325426777004,9257.335715221532,26055.70579007749,206821.19329913604,3546.1897641123987,43295.19853259348,212.89005717546576,683.9839905014012,3311.7867417999432,4123.244535548057,1723.5823130949625,17053.77911215748,3518.124364618437,43009.366523073724,206080.07285862454,3545.026780344036,43288.05908127642,212.88627752556917,683.962641538337,3310.594513562451,4122.453628087566,1723.5043503762024,17053.32530158853,3516.9991472429474,43002.44884783976
DZ_S_corr_all_0.2,298379.87021849235,232810.80592203003,865844.2583113133,12869.815871190833,19693.939676746868,62461.09683006612,172065.32723830943,19902.596629726097,107442.67754133561,173115.03302376557,526160.5782480871,290376.88464512327,205453.41117871163,524281.8195848917,9248.870798942451,16514.06228034287,57448.88638629502,106342.840214002,17561.62453641576,99902.20203509596,143735.5183647388,377204.7516707666,117748.80719949072,66568.41953702524,423011.7524953186,4265.16544849112,4925.477913275581,27117.304642276413,105511.83148360018,5931.8781288394175,25091.988822838586,43388.151676847585,218915.37632770458,116745.22543247798,54237.59245381479,207068.08717667835,3117.2087664773976,4066.627232288919,23128.52053623262,62023.65637474258,4713.5999448848215,22343.49119543418,42301.94653233896,139952.95475553157,266465.22369870753,190983.55095414823,739795.7223796592,410.9973864313625,1934.8776147430353,22969.431916560396,96684.82237782427,5146.713565638194,34705.886237875005,142324.00922723112,451673.64546866546,229444.6505929752,143099.91791057718,393753.97479546745,398.86088112361944,1770.7551294855814,21623.116995992317,56000.03967398913,4956.014090363154,33937.81211294043,89883.19699797883,272428.6857776564,65090.04159040042,27054.418974668988,249087.23627263124,82.63091111495666,234.1601494884023,7175.267329236395,46091.21010727617,255.01688131039762,2721.309331987398,12106.302773991983,103483.3724280279,19066.551711985165,22038.759955135345,105994.12008855073,75.50413436594353,217.60222773636525,6139.472085569616,26220.498161274405,244.59263771435926,2637.707178134514,12046.496541189037,59975.93554904859,254682.52360017036,188506.10265910163,477233.16323961876,5226.820539904102,6209.771527856804,48023.09007616219,105192.72850973185,16572.56576434896,76641.55688696167,144964.04670724532,376065.77211186505,250422.67154314087,178552.02926019716,429290.50665407366,5002.8680706181,6017.529916646043,44728.89198644204,82366.97582442917,14746.36200562862,72225.77128023248,131269.76039986472,331197.85247085604,67770.42125685692,10198.136182423475,27555.54744218784,623.1218993619956,908.7183113298901,3363.0701999997727,2680.2914751999815,1691.2256564514182,10944.596504897514,9246.444676986943,26044.46762727108,61201.33847195409,10194.805455089696,27544.718587805615,622.6451729415759,907.6637082975008,3348.5550993649813,2671.2850806111633,1686.2874550039792,10927.325426777004,9235.849990994851,26026.92896579214,206821.19329913604,3546.1897641123987,43295.19853259348,212.89005717546576,683.9839905014012,3304.97848665449,4116.937174077983,1723.5823130949625,17053.77911215748,3512.007681097359,42946.210082359605,206080.07285862454,3545.026780344036,43288.05908127642,212.88627752556917,683.962641538337,3303.792947608697,4116.150968329459,1723.5043503762024,17053.32530158853,3510.8889622997062,42939.33006336777
DZ_S_corr_all_0.3,298379.87021849235,232810.80592203003,865844.2583113133,12869.815871190833,19693.939676746868,59974.81985435415,167478.29305500546,19902.596629726097,107442.67754133561,172912.39289957477,522825.9733448599,290376.88464512327,205453.41117871163,524281.8195848917,9248.870798942451,16514.06228034287,55797.480156940735,105309.86038569677,17561.62453641576,99902.20203509596,141542.5323456797,374737.99487191543,117748.80719949072,66568.41953702524,423011.7524953186,4265.16544849112,4925.477913275581,26510.699387586832,103691.317849968,5931.8781288394175,25091.988822838586,43022.41838771523,216014.40050263403,116745.22543247798,54237.59245381479,207068.08717667835,3117.2087664773976,4066.627232288919,22837.383414635748,61943.508596466614,4713.5999448848215,22343.49119543418,41936.97221839928,139790.18130142134,266465.22369870753,190983.55095414823,739795.7223796592,410.9973864313625,1934.8776147430353,22813.58838607895,95660.21809327291,5146.713565638194,34705.886237875005,142222.47855592513,447050.2618339031,229444.6505929752,143099.91791057718,393753.97479546745,398.86088112361944,1770.7551294855814,21512.012610574908,55891.417867877244,4956.014090363154,33937.81211294043,89991.82860387444,272309.5581181982,65090.04159040042,27054.418974668988,249087.23627263124,82.63091111495666,234.1601494884023,7132.212549838935,45642.42594435312,255.01688131039762,2721.309331987398,12079.822525744823,102240.23854751265,19066.551711985165,22038.759955135345,105994.12008855073,75.50413436594353,217.60222773636525,6116.868452420835,26170.98873942106,244.59263771435926,2637.707178134514,12023.630440545943,59939.37739475638,254682.52360017036,188506.10265910163,477233.16323961876,5226.820539904102,6209.771527856804,46811.79086599829,103869.42341991774,16572.56576434896,76641.55688696167,143239.3968594241,374022.8438788852,250422.67154314087,178552.02926019716,429290.50665407366,5002.8680706181,6017.529916646043,43887.09328509258,81441.21722166958,14746.36200562862,72225.77128023248,128855.26132379737,328257.2281121044,67770.42125685692,10198.136182423475,27555.54744218784,623.1218993619956,908.7183113298901,3360.050768206581,2679.709591498281,1691.2256564514182,10944.596504897514,9227.573187315622,26019.340254579147,61201.33847195409,10194.805455089696,27544.718587805615,622.6451729415759,907.6637082975008,3345.2617610544735,2670.406729565092,1686.2874550039792,10927.325426777004,9215.965229403104,26000.459065250958,206821.19329913604,3546.1897641123987,43295.19853259348,212.89005717546576,683.9839905014012,3298.2063309465125,4110.669531553749,1723.5823130949625,17053.77911215748,3505.941710174367,42883.75682254806,206080.07285862454,3545.026780344036,43288.05908127642,212.88627752556917,683.962641538337,3297.027428309083,4109.887981017233,1723.5043503762024,17053.32530158853,3504.829416148682,42876.91381999651
DZ_S_corr_all_0.4,298379.87021849235,232810.80592203003,865844.2583113133,12869.815871190833,19693.939676746868,57987.007309788794,163972.722027974,19902.596629726097,107442.67754133561,172759.07026916178,520476.6682320173,290376.88464512327,205453.41117871163,524281.8195848917,9248.870798942451,16514.06228034287,54385.62899370891,104528.54105831082,17561.62453641576,99902.20203509596,139608.57216377303,372620.531292467,117748.80719949072,66568.41953702524,423011.7524953186,4265.16544849112,4925.477913275581,25986.920707158515,102209.52500983275,5931.8781288394175,25091.988822838586,42719.732871670836,213842.99380430207,116745.22543247798,54237.59245381479,207068.08717667835,3117.2087664773976,4066.627232288919,22580.041155645828,61926.82348915974,4713.5999448848215,22343.49119543418,41603.047374394926,139698.31968098145,266465.22369870753,190983.55095414823,739795.7223796592,410.9973864313625,1934.8776147430353,22662.64917941169,94689.2560609785,5146.713565638194,34705.886237875005,142132.22117531384,442794.3985669883,229444.6505929752,143099.91791057718,393753.97479546745,398.86088112361944,1770.7551294855814,21403.648126561526,55788.56155097086,4956.014090363154,33937.81211294043,90105.6262892143,272216.2124330086,65090.04159040042,27054.418974668988,249087.23627263124,82.63091111495666,234.1601494884023,7089.908041374371,45209.55613391515,255.01688131039762,2721.309331987398,12054.12167241403,101076.26411101945,19066.551711985165,22038.759955135345,105994.12008855073,75.50413436594353,217.60222773636525,6094.6488322336645,26122.964857966657,244.59263771435926,2637.707178134514,12001.195833418897,59907.79041915874,254682.52360017036,188506.10265910163,477233.16323961876,5226.820539904102,6209.771527856804,45708.58780648347,102654.62645390141,16572.56576434896,76641.55688696167,141668.758555035,372172.8489935005,250422.67154314087,178552.02926019716,429290.50665407366,5002.8680706181,6017.529916646043,43106.92959698342,80581.68114737883,14746.36200562862,72225.77128023248,126618.28231811832,325525.0327376139,67770.42125685692,10198.136182423475,27555.54744218784,623.1218993619956,908.7183113298901,3357.314878426653,2679.4063899719026,1691.2256564514182,10944.596504897514,9210.561318379141,25996.900453596336,61201.33847195409,10194.805455089696,27544.718587805615,622.6451729415759,907.6637082975008,3342.219645230552,2669.773564989672,1686.2874550039792,10927.325426777004,9197.802783140922,25976.483982960777,206821.19329913604,3546.1897641123987,43295.19853259348,212.89005717546576,683.9839905014012,3291.469998347913,4104.441237364384,1723.5823130949625,17053.77911215748,3499.9258488176706,42821.99661770145,206080.07285862454,3545.026780344036,43288.05908127642,212.88627752556917,683.962641538337,3290.297679882491,4103.664296148147,1723.5043503762024,17053.32530158853,3498.8199068918548,42815.19000409031
DZ_S_corr_all_0.5,298379.87021849235,232810.80592203003,865844.2583113133,12869.815871190833,19693.939676746868,56428.9120758689,161404.9562572864,19902.596629726097,107442.67754133561,172646.0950638155,518929.75781896635,290376.88464512327,205453.41117871163,524281.8195848917,9248.870798942451,16514.06228034287,53191.63990769373,103998.00149109121,17561.62453641576,99902.20203509596,137898.1466600713,370817.1307610621,117748.80719949072,66568.41953702524,423011.7524953186,4265.16544849112,4925.477913275581,25547.189080768225,101058.07589985366,5931.8781288394175,25091.988822838586,42476.16909410891,212311.640233355,116745.22543247798,54237.59245381479,207068.08717667835,3117.2087664773976,4066.627232288919,22358.89647668048,61981.78079695827,4713.5999448848215,22343.49119543418,41299.470990609414,139680.51736640825,266465.22369870753,190983.55095414823,739795.7223796592,410.9973864313625,1934.8776147430353,22516.453249674792,93768.2613638497,5146.713565638194,34705.886237875005,142053.00170871784,438870.10046442243,229444.6505929752,143099.91791057718,393753.97479546745,398.86088112361944,1770.7551294855814,21297.96650093939,55691.524216552985,4956.014090363154,33937.81211294043,90224.92458921701,272148.75081691996,65090.04159040042,27054.418974668988,249087.23627263124,82.63091111495666,234.1601494884023,7048.340152736377,44791.76665697775,255.01688131039762,2721.309331987398,12029.189651217193,99985.21354101229,19066.551711985165,22038.759955135345,105994.12008855073,75.50413436594353,217.60222773636525,6072.821201460838,26076.477910936577,244.59263771435926,2637.707178134514,11979.193964146982,59881.34499322692,254682.52360017036,188506.10265910163,477233.16323961876,5226.820539904102,6209.771527856804,44704.39750801856,101542.16092074195,16572.56576434896,76641.55688696167,140235.76755689425,370498.4779153548,250422.67154314087,178552.02926019716,429290.50665407366,5002.8680706181,6017.529916646043,42385.17745562038,79785.36022481725,14746.36200562862,72225.77128023248,124544.24521559302,322987.6910268883,67770.42125685692,10198.136182423475,27555.54744218784,623.1218993619956,908.7183113298901,3354.887126645876,2679.4112345438266,1691.2256564514182,10944.596504897514,9195.578157149848,25977.405664202324,61201.33847195409,10194.805455089696,27544.718587805615,622.6451729415759,907.6637082975008,3339.448218951153,2669.409388939213,1686.2874550039792,10927.325426777004,9181.507105820743,25955.22633339396,206821.19329913604,3546.1897641123987,43295.19853259348,212.89005717546576,683.9839905014012,3284.769215399602,4098.251925836328,1723.5823130949625,17053.77911215748,3493.9595036012456,42760.91954698779,206080.07285862454,3545.026780344036,43288.05908127642,212.88627752556917,683.962641538337,3283.6034294096016,4097.479548646375,1723.5043503762024,17053.32530158853,3492.8598422150103,42754.14870680247
DZ_S_corr_all_0.6,298379.87021849235,232810.80592203003,865844.2583113133,12869.815871190833,19693.939676746868,55265.162775465724,159713.0913542487,19902.596629726097,107442.67754133561,172568.07555874067,518088.3194804103,290376.88464512327,205453.41117871163,524281.8195848917,9248.870798942451,16514.06228034287,52203.322251183105,103728.75864569978,17561.62453641576,99902.20203509596,136384.35820878085,369303.8738004829,117748.80719949072,66568.41953702524,423011.7524953186,4265.16544849112,4925.477913275581,25197.04190507064,100246.49147719734,5931.8781288394175,25091.988822838586,42291.346231655276,211375.90584776696,116745.22543247798,54237.59245381479,207068.08717667835,3117.2087664773976,4066.627232288919,22177.794601459827,62119.75625243999,4713.5999448848215,22343.49119543418,41026.37846774307,139742.2267863771,266465.22369870753,190983.55095414823,739795.7223796592,410.9973864313625,1934.8776147430353,22374.85145040528,92893.93926380193,5146.713565638194,34705.886237875005,141984.6525418568,435246.4718747112,229444.6505929752,143099.91791057718,393753.97479546745,398.86088112361944,1770.7551294855814,21194.915937580645,55600.384106499405,4956.014090363154,33937.81211294043,90350.09961420864,272107.399948921,65090.04159040042,27054.418974668988,249087.23627263124,82.63091111495666,234.1601494884023,7007.4962522606065,44388.288733619396,255.01688131039762,2721.309331987398,12005.018879672294,98961.64341528655,19066.551711985165,22038.759955135345,105994.12008855073,75.50413436594353,217.60222773636525,6051.3955641094535,26031.588921079805,244.59263771435926,2637.707178134514,11957.627654615655,59860.24009380967,254682.52360017036,188506.10265910163,477233.16323961876,5226.820539904102,6209.771527856804,43791.85854564386,100527.50017961912,16572.56576434896,76641.55688696167,138927.2904423868,368986.5058648981,250422.67154314087,178552.02926019716,429290.50665407366,5002.8680706181,6017.529916646043,41719.309171059016,79050.03202870079,14746.36200562862,72225.77128023248,122620.97017120403,320634.2386623991,67770.42125685692,10198.136182423475,27555.54744218784,623.1218993619956,908.7183113298901,3352.796767637271,2679.759418548028,1691.2256564514182,10944.596504897514,9182.82787163806,25961.16574182003,61201.33847195409,10194.805455089696,27544.718587805615,622.6451729415759,907.6637082975008,3336.9702667425136,2669.3425579467303,1686.2874550039792,10927.325426777004,9167.251737010798,25936.952654257304,206821.19329913604,3546.1897641123987,43295.19853259348,212.89005717546576,683.9839905014012,3278.103711475717,4092.101236150885,1723.5823130949625,17053.77911215748,3488.04209051363,42700.51588946582,206080.07285862454,3545.026780344036,43288.05908127642,212.88627752556917,683.962641538337,3276.9444067967706,4091.3333782806167,1723.5043503762024,17053.32530158853,3486.948639197647,42693.78021887424
DZ_S_corr_all_0.7,298379.87021849235,232810.80592203003,865844.2583113133,12869.815871190833,19693.939676746868,54493.92040984883,158916.60061429566,19902.596629726097,107442.67754133561,172522.54634948183,517926.6536911477,290376.88464512327,205453.41117871163,524281.8195848917,9248.870798942451,16514.06228034287,51418.752243644405,103746.08744520815,17561.62453641576,99902.20203509596,135047.92620849135,368068.0798294093,117748.80719949072,66568.41953702524,423011.7524953186,4265.16544849112,4925.477913275581,24948.453111150127,99808.02744828883,5931.8781288394175,25091.988822838586,42169.459440073006,211036.228059895,116745.22543247798,54237.59245381479,207068.08717667835,3117.2087664773976,4066.627232288919,22042.71594947182,62356.848033653514,4713.5999448848215,22343.49119543418,40785.05719254018,139892.20053119646,266465.22369870753,190983.55095414823,739795.7223796592,410.9973864313625,1934.8776147430353,22237.70629012849,92063.33248769696,5146.713565638194,34705.886237875005,141927.07640035613,431896.8786295821,229444.6505929752,143099.91791057718,393753.97479546745,398.86088112361944,1770.7551294855814,21094.45021293964,55515.24772912557,4956.014090363154,33937.81211294043,90481.57578571163,272092.5232452795,65090.04159040042,27054.418974668988,249087.23627263124,82.63091111495666,234.1601494884023,6967.364822703283,43998.41354125658,255.01688131039762,2721.309331987398,11981.60513620364,98000.80376110403,19066.551711985165,22038.759955135345,105994.12008855073,75.50413436594353,217.60222773636525,6030.384362081789,25988.370373994167,244.59263771435926,2637.707178134514,11936.50159371647,59844.70792819183,254682.52360017036,188506.10265910163,477233.16323961876,5226.820539904102,6209.771527856804,42965.204446690084,99607.87397119614,16572.56576434896,76641.55688696167,137733.26442508906,367628.05872334586,250422.67154314087,178552.02926019716,429290.50665407366,5002.8680706181,6017.529916646043,41107.52215419893,78374.3153087739,14746.36200562862,72225.77128023248,120838.50762946536,318456.3252549239,67770.42125685692,10198.136182423475,27555.54744218784,623.1218993619956,908.7183113298901,3351.0792715440803,2680.494076244165,1691.2256564514182,10944.596504897514,9172.559861984999,25948.558578572603,61201.33847195409,10194.805455089696,27544.718587805615,622.6451729415759,907.6637082975008,3334.81287691436,2669.607410616588,1686.2874550039792,10927.325426777004,9155.247613864833,25921.986394319923,206821.19329913604,3546.1897641123987,43295.19853259348,212.89005717546576,683.9839905014012,3271.473218745689,4085.988812262204,1723.5823130949625,17053.77911215748,3482.1730347739776,42640.77611904884,206080.07285862454,3545.026780344036,43288.05908127642,212.88627752556917,683.962641538337,3270.320344739994,4085.225429583071,1723.5043503762024,17053.32530158853,3481.0857241276744,42634.07502559662
DZ_S_corr_all_0.8,298379.87021849235,232810.80592203003,865844.2583113133,12869.815871190833,19693.939676746868,54157.093711432964,159141.87475432944,19902.596629726097,107442.67754133561,172510.12310080504,518497.4768390393,290376.88464512327,205453.41117871163,524281.8195848917,9248.870798942451,16514.06228034287,50849.203817864036,104096.91138612227,17561.62453641576,99902.20203509596,133877.43524857808,367110.23729468917,117748.80719949072,66568.41953702524,423011.7524953186,4265.16544849112,4925.477913275581,24824.129834083717,99812.70147624567,5931.8781288394175,25091.988822838586,42121.84161768837,211349.84360836816,116745.22543247798,54237.59245381479,207068.08717667835,3117.2087664773976,4066.627232288919,21962.99388540876,62716.48352082461,4713.5999448848215,22343.49119543418,40578.55207425456,140144.28163116975,266465.22369870753,190983.55095414823,739795.7223796592,410.9973864313625,1934.8776147430353,22104.891815434035,91273.78548019794,5146.713565638194,34705.886237875005,141880.25078357218,428798.3135788817,229444.6505929752,143099.91791057718,393753.97479546745,398.86088112361944,1770.7551294855814,20996.529142579508,55436.25431097768,4956.014090363154,33937.81211294043,90619.83407214016,272104.6365041065,65090.04159040042,27054.418974668988,249087.23627263124,82.63091111495666,234.1601494884023,6927.9355908174875,43621.487736703995,255.01688131039762,2721.309331987398,11958.948067604297,97098.55946696547,19066.551711985165,22038.759955135345,105994.12008855073,75.50413436594353,217.60222773636525,6009.802998246145,25946.908530499677,244.59263771435926,2637.707178134514,11915.822708809847,59835.019663162944,254682.52360017036,188506.10265910163,477233.16323961876,5226.820539904102,6209.771527856804,42220.24649151781,98782.59997605221,16572.56576434896,76641.55688696167,136646.97667431599,366419.76945694,250422.67154314087,178552.02926019716,429290.50665407366,5002.8680706181,6017.529916646043,40548.8317205421,77757.80992170404,14746.36200562862,72225.77128023248,119189.0982165512,316448.4177194805,67770.42125685692,10198.136182423475,27555.54744218784,623.1218993619956,908.7183113298901,3349.7788405360484,2681.669118405211,1691.2256564514182,10944.596504897514,9165.083258747682,25940.052965460593,61201.33847195409,10194.805455089696,27544.718587805615,622.6451729415759,907.6637082975008,3333.008992897497,2670.2464819171714,1686.2874550039792,10927.325426777004,9145.75513059415,25910.727238025785,206821.19329913604,3546.1897641123987,43295.19853259348,212.89005717546576,683.9839905014012,3264.87747214058,4079.914302818483,1723.5823130949625,17053.77911215748,3476.3517706495445,42581.69089960415,206080.07285862454,3545.026780344036,43288.05908127642,212.88627752556917,683.962641538337,3263.7309786889323,4079.1553517694606,1723.5043503762024,17053.32530158853,3475.270532321502,42575.023801931304
DZ_S_corr_all_0.9,298379.87021849235,232810.80592203003,865844.2583113133,12869.815871190833,19693.939676746868,54371.37356903952,160699.60921548042,19902.596629726097,107442.67754133561,172535.96777811044,519973.6929667473,290376.88464512327,205453.41117871163,524281.8195848917,9248.870798942451,16514.06228034287,50526.37212835804,104864.02134758273,17561.62453641576,99902.20203509596,132871.77766486394,366449.8425779457,117748.80719949072,66568.41953702524,423011.7524953186,4265.16544849112,4925.477913275581,24866.87066476439,100396.4239771606,5931.8781288394175,25091.988822838586,42173.09374181276,212466.08905227872,116745.22543247798,54237.59245381479,207068.08717667835,3117.2087664773976,4066.627232288919,21953.600648238847,63234.17673667964,4713.5999448848215,22343.49119543418,40412.882259118225,140520.85570032444,266465.22369870753,190983.55095414823,739795.7223796592,410.9973864313625,1934.8776147430353,21976.293641199838,90522.91470141558,5146.713565638194,34705.886237875005,141844.23468185624,425930.89253682666,229444.6505929752,143099.91791057718,393753.97479546745,398.86088112361944,1770.7551294855814,20901.11923550551,55363.58147355016,4956.014090363154,33937.81211294043,90765.42214863903,272144.42795882566,65090.04159040042,27054.418974668988,249087.23627263124,82.63091111495666,234.1601494884023,6889.1997037008905,43256.90975397811,255.01688131039762,2721.309331987398,11937.051866459142,96251.32905312475,19066.551711985165,22038.759955135345,105994.12008855073,75.50413436594353,217.60222773636525,5989.670510543188,25907.306373515927,244.59263771435926,2637.707178134514,11895.600647209776,59831.4925908291,254682.52360017036,188506.10265910163,477233.16323961876,5226.820539904102,6209.771527856804,41554.52671842399,98053.87704066563,16572.56576434896,76641.55688696167,135666.24590531873,365366.9768292961,250422.67154314087,178552.02926019716,429290.50665407366,5002.8680706181,6017.529916646043,40043.28555912953,77201.39501418758,14746.36200562862,72225.77128023248,117667.31631521722,314608.3425380484,67770.42125685692,10198.136182423475,27555.54744218784,623.1218993619956,908.7183113298901,3348.9529206545394,2683.354135618794,1691.2256564514182,10944.596504897514,9160.788669569285,25936.244326432417,61201.33847195409,10194.805455089696,27544.718587805615,622.6451729415759,907.6637082975008,3331.6001269581875,2671.314288645628,1686.2874550039792,10927.325426777004,9139.10285070903,25903.682293831036,206821.19329913604,3546.1897641123987,43295.19853259348,212.89005717546576,683.9839905014012,3258.3162093167607,4073.8773610835,1723.5823130949625,17053.77911215748,3470.5777412794823,42523.25108021429,206080.07285862454,3545.026780344036,43288.05908127642,212.88627752556917,683.962641538337,3257.176046812364,4073.122798661991,1723.5043503762024,17053.32530158853,3469.502507947233,42516.61740777427
DZ_S_corr_all_-0.1,298379.87021849235,232810.80592203003,865844.2583113133,12869.815871190833,19693.939676746868,74319.76810563936,195652.64524915328,19902.596629726097,107442.67754133561,174206.3951163837,546410.9241283888,290376.88464512327,205453.41117871163,524281.8195848917,9248.870798942451,16514.06228034287,64222.24882259622,111111.64176206451,17561.62453641576,99902.20203509596,152403.0467134819,387263.6462873213,117748.80719949072,66568.41953702524,423011.7524953186,4265.16544849112,4925.477913275581,29468.03157441678,113332.92712334158,5931.8781288394175,25091.988822838586,44955.06668292562,233861.46758467582,116745.22543247798,54237.59245381479,207068.08717667835,3117.2087664773976,4066.627232288919,24194.678172631106,62593.49788492899,4713.5999448848215,22343.49119543418,43599.85169112986,140859.28448794025,266465.22369870753,190983.55095414823,739795.7223796592,410.9973864313625,1934.8776147430353,23468.185771564808,100124.07979236012,5146.713565638194,34705.886237875005,142699.59947070817,468207.50275763846,229444.6505929752,143099.91791057718,393753.97479546745,398.86088112361944,1770.7551294855814,21973.51469449888,56360.279473105,4956.014090363154,33937.81211294043,89585.46669982771,272941.4280760907,65090.04159040042,27054.418974668988,249087.23627263124,82.63091111495666,234.1601494884023,7309.083782332783,47542.503277097116,255.01688131039762,2721.309331987398,12190.564754625646,107764.76059569884,19066.551711985165,22038.759955135345,105994.12008855073,75.50413436594353,217.60222773636525,6209.5313259053755,26377.541222818105,244.59263771435926,2637.707178134514,12117.690566746644,60114.08800245263,254682.52360017036,188506.10265910163,477233.16323961876,5226.820539904102,6209.771527856804,52427.55236064757,109901.54905064043,16572.56576434896,76641.55688696167,151285.62077567904,383593.80210843164,250422.67154314087,178552.02926019716,429290.50665407366,5002.8680706181,6017.529916646043,47667.208988797516,85583.62720753775,14746.36200562862,72225.77128023248,139766.79754024924,341449.0586623633,67770.42125685692,10198.136182423475,27555.54744218784,623.1218993619956,908.7183113298901,3373.6339264998746,2683.4793079240626,1691.2256564514182,10944.596504897514,9312.910448115737,26133.972518552837,61201.33847195409,10194.805455089696,27544.718587805615,622.6451729415759,907.6637082975008,3359.784595878496,2675.2027348689517,1686.2874550039792,10927.325426777004,9304.714537858163,26119.563290188347,206821.19329913604,3546.1897641123987,43295.19853259348,212.89005717546576,683.9839905014012,3325.5126702851394,4135.97992296702,1723.5823130949625,17053.77911215748,3530.512330783278,43137.83050889607,206080.07285862454,3545.026780344036,43288.05908127642,212.88627752556917,683.962641538337,3324.3069030905367,4135.179470096177,1723.5043503762024,17053.32530158853,3529.373890184638,43130.83555091257
DZ_S_corr_all_-0.2,298379.87021849235,232810.80592203003,865844.2583113133,12869.815871190833,19693.939676746868,80639.82302046343,209192.78545156313,19902.596629726097,107442.67754133561,174864.4170742802,560061.7502588005,290376.88464512327,205453.41117871163,524281.8195848917,9248.870798942451,16514.06228034287,67288.89494812123,113366.58544826148,17561.62453641576,99902.20203509596,156256.91549229078,391788.98219836556,117748.80719949072,66568.41953702524,423011.7524953186,4265.16544849112,4925.477913275581,30453.366782431312,116931.14458841358,5931.8781288394175,25091.988822838586,45686.5751914854,242124.6910503365,116745.22543247798,54237.59245381479,207068.08717667835,3117.2087664773976,4066.627232288919,24614.265427509952,62882.91836769135,4713.5999448848215,22343.49119543418,44108.63417002919,141304.4950260938,266465.22369870753,190983.55095414823,739795.7223796592,410.9973864313625,1934.8776147430353,23645.50997517808,101409.6068454465,5146.713565638194,34705.886237875005,142849.92507942545,474803.3058598228,229444.6505929752,143099.91791057718,393753.97479546745,398.86088112361944,1770.7551294855814,22096.2480911011,56491.83655604524,4956.014090363154,33937.81211294043,89494.80968512714,273164.87343906664,65090.04159040042,27054.418974668988,249087.23627263124,82.63091111495666,234.1601494884023,7355.294519527511,48064.82564986745,255.01688131039762,2721.309331987398,12220.319319625156,109407.70050930485,19066.551711985165,22038.759955135345,105994.12008855073,75.50413436594353,217.60222773636525,6233.621688190957,26432.62552985909,244.59263771435926,2637.707178134514,12142.294707673023,60169.2807927854,254682.52360017036,188506.10265910163,477233.16323961876,5226.820539904102,6209.771527856804,54206.38327243656,111756.80964281024,16572.56576434896,76641.55688696167,153876.3905052238,386678.7083021202,250422.67154314087,178552.02926019716,429290.50665407366,5002.8680706181,6017.529916646043,48802.699875030696,86820.71053610014,14746.36200562862,72225.77128023248,143097.3723614866,345418.9398873079,67770.42125685692,10198.136182423475,27555.54744218784,623.1218993619956,908.7183113298901,3377.6041520174517,2684.961685835512,1691.2256564514182,10944.596504897514,9338.009675706795,26167.989446061132,61201.33847195409,10194.805455089696,27544.718587805615,622.6451729415759,907.6637082975008,3363.934352498518,2676.8856391054014,1686.2874550039792,10927.325426777004,9330.445448831539,26154.388668939122,206821.19329913604,3546.1897641123987,43295.19853259348,212.89005717546576,683.9839905014012,3332.4309109650376,4142.4087155964735,1723.5823130949625,17053.77911215748,3536.7848692943335,43203.159380627934,206080.07285862454,3545.026780344036,43288.05908127642,212.88627752556917,683.962641538337,3331.218292875064,4141.603417757121,1723.5043503762024,17053.32530158853,3535.6397016677756,43196.12476985691
DZ_S_corr_all_-0.3,298379.87021849235,232810.80592203003,865844.2583113133,12869.815871190833,19693.939676746868,89033.3642943943,228357.134726013,19902.596629726097,107442.67754133561,175823.7911172745,581931.6563568743,290376.88464512327,205453.41117871163,524281.8195848917,9248.870798942451,16514.06228034287,70918.03832619253,116044.74485420773,17561.62453641576,99902.20203509596,160799.21479879296,397118.06670595915,117748.80719949072,66568.41953702524,423011.7524953186,4265.16544849112,4925.477913275581,31559.076581020512,121195.0412217329,5931.8781288394175,25091.988822838586,46565.55223115904,253223.0137509968,116745.22543247798,54237.59245381479,207068.08717667835,3117.2087664773976,4066.627232288919,25067.20803710252,63219.32759581414,4713.5999448848215,22343.49119543418,44661.24898652073,141825.89166659547,266465.22369870753,190983.55095414823,739795.7223796592,410.9973864313625,1934.8776147430353,23828.738618672378,102775.02271014445,5146.713565638194,34705.886237875005,143013.7280599659,482069.1275935713,229444.6505929752,143099.91791057718,393753.97479546745,398.86088112361944,1770.7551294855814,22222.080319707777,56629.182642922104,4956.014090363154,33937.81211294043,89408.10465730999,273415.20573743485,65090.04159040042,27054.418974668988,249087.23627263124,82.63091111495666,234.1601494884023,7402.337272084569,48608.461990725715,255.01688131039762,2721.309331987398,12250.9431432154,111178.36006594387,19066.551711985165,22038.759955135345,105994.12008855073,75.50413436594353,217.60222773636525,6258.07721263368,26489.040097594858,244.59263771435926,2637.707178134514,12167.341270666077,60228.91123717121,254682.52360017036,188506.10265910163,477233.16323961876,5226.820539904102,6209.771527856804,56176.08285254057,113780.76428843151,16572.56576434896,76641.55688696167,156777.79844120864,390124.9870990151,250422.67154314087,178552.02926019716,429290.50665407366,5002.8680706181,6017.529916646043,50027.779417863356,88151.99005818939,14746.36200562862,72225.77128023248,146728.43480654235,349713.66149329714,67770.42125685692,10198.136182423475,27555.54744218784,623.1218993619956,908.7183113298901,3381.7772211304473,2686.6293883957233,1691.2256564514182,10944.596504897514,9364.447378731087,26203.88843819742,61201.33847195409,10194.805455089696,27544.718587805615,622.6451729415759,907.6637082975008,3368.269459510012,2678.7365072717303,1686.2874550039792,10927.325426777004,9357.448269010207,26191.003338450715,206821.19329913604,3546.1897641123987,43295.19853259348,212.89005717546576,683.9839905014012,3339.3863858401646,4148.878760711407,1723.5823130949625,17053.77911215748,3543.110632552603,43269.23409815105,206080.07285862454,3545.026780344036,43288.05908127642,212.88627752556917,683.962641538337,3338.166861811015,4148.068568862619,1723.5043503762024,17053.32530158853,3541.9586593251,43262.15914220372
DZ_S_corr_all_-0.4,298379.87021849235,232810.80592203003,865844.2583113133,12869.815871190833,19693.939676746868,100635.56093301732,257659.9787249173,19902.596629726097,107442.67754133561,177330.53223629363,621807.2875330463,290376.88464512327,205453.41117871163,524281.8195848917,9248.870798942451,16514.06228034287,75259.47988647009,119232.25153284361,17561.62453641576,99902.20203509596,166225.15226141512,403452.64369098586,117748.80719949072,66568.41953702524,423011.7524953186,4265.16544849112,4925.477913275581,32801.992426885394,126291.41572106467,5931.8781288394175,25091.988822838586,47633.99703610106,268704.1868139814,116745.22543247798,54237.59245381479,207068.08717667835,3117.2087664773976,4066.627232288919,25554.917083001925,63602.1730698265,4713.5999448848215,22343.49119543418,45262.1852892895,142427.88240674144,266465.22369870753,190983.55095414823,739795.7223796592,410.9973864313625,1934.8776147430353,24018.115445391802,104227.7770997033,5146.713565638194,34705.886237875005,143191.6744526032,490105.8035841475,229444.6505929752,143099.91791057718,393753.97479546745,398.86088112361944,1770.7551294855814,22351.097789210526,56772.37034774693,4956.014090363154,33937.81211294043,89325.17718476451,273692.94373503636,65090.04159040042,27054.418974668988,249087.23627263124,82.63091111495666,234.1601494884023,7450.230923079785,49174.80475126842,255.01688131039762,2721.309331987398,12282.460825072836,113091.65203352041,19066.551711985165,22038.759955135345,105994.12008855073,75.50413436594353,217.60222773636525,6282.897097405777,26546.768454645244,244.59263771435926,2637.707178134514,12192.835032785439,60292.921020057984,254682.52360017036,188506.10265910163,477233.16323961876,5226.820539904102,6209.771527856804,58364.914079756774,115993.69194948128,16572.56576434896,76641.55688696167,160046.7935530484,393992.53788217943,250422.67154314087,178552.02926019716,429290.50665407366,5002.8680706181,6017.529916646043,51351.08659592011,89586.38268759033,14746.36200562862,72225.77128023248,150699.526242126,354370.0211840021,67770.42125685692,10198.136182423475,27555.54744218784,623.1218993619956,908.7183113298901,3386.142382018024,2688.4704157498463,1691.2256564514182,10944.596504897514,9392.160334269476,26241.56912292444,61201.33847195409,10194.805455089696,27544.718587805615,622.6451729415759,907.6637082975008,3372.7809072252653,2680.745213596298,1686.2874550039792,10927.325426777004,9385.667784634967,26229.318243295136,206821.19329913604,3546.1897641123987,43295.19853259348,212.89005717546576,683.9839905014012,3346.379386155252,4155.390454917295,1723.5823130949625,17053.77911215748,3549.4902746352664,43336.065897076136,206080.07285862454,3545.026780344036,43288.05908127642,212.88627752556917,683.962641538337,3345.1529005589728,4154.5753193544315,1723.5043503762024,17053.32530158853,3548.33141598156,43328.94988951912
DZ_S_corr_all_-0.5,298379.87021849235,232810.80592203003,865844.2583113133,12869.815871190833,19693.939676746868,117618.13366838156,309145.6254203317,19902.596629726097,107442.67754133561,180004.29556170368,716509.7645112762,290376.88464512327,205453.41117871163,524281.8195848917,9248.870798942451,16514.06228034287,80525.23320332597,123048.84300438447,17561.62453641576,99902.20203509596,172812.7370872048,411073.7092333182,117748.80719949072,66568.41953702524,423011.7524953186,4265.16544849112,4925.477913275581,34203.43566853513,132461.68130258544,5931.8781288394175,25091.988822838586,48952.91200892443,291615.3696001823,116745.22543247798,54237.59245381479,207068.08717667835,3117.2087664773976,4066.627232288919,26079.21808714214,64031.49496713478,4713.5999448848215,22343.49119543418,45916.76412417369,143116.04417317017,266465.22369870753,190983.55095414823,739795.7223796592,410.9973864313625,1934.8776147430353,24213.900850950617,105776.35492421173,5146.713565638194,34705.886237875005,143384.51776645292,499036.6122529743,229444.6505929752,143099.91791057718,393753.97479546745,398.86088112361944,1770.7551294855814,22483.391955766725,56921.46615416987,4956.014090363154,33937.81211294043,89245.87009558622,273998.70361331804,65090.04159040042,27054.418974668988,249087.23627263124,82.63091111495666,234.1601494884023,7498.995189858775,49765.379809730446,255.01688131039762,2721.309331987398,12314.899084613213,115165.12483525035,19066.551711985165,22038.759955135345,105994.12008855073,75.50413436594353,217.60222773636525,6308.081255833507,26605.79768915546,244.59263771435926,2637.707178134514,12218.781456090135,60361.26443141413,254682.52360017036,188506.10265910163,477233.16323961876,5226.820539904102,6209.771527856804,60807.48822720342,118420.05704748502,16572.56576434896,76641.55688696167,163755.51644451704,398356.1459383331,250422.67154314087,178552.02926019716,429290.50665407366,5002.8680706181,6017.529916646043,52782.65547146896,91134.34802412298,14746.36200562862,72225.77128023248,155057.87056997168,359431.4506451414,67770.42125685692,10198.136182423475,27555.54744218784,623.1218993619956,908.7183113298901,3390.690069859513,2690.474194859799,1691.2256564514182,10944.596504897514,9421.094153096808,26280.944182534124,61201.33847195409,10194.805455089696,27544.718587805615,622.6451729415759,907.6637082975008,3377.4606340194377,2682.9027933120296,1686.2874550039792,10927.325426777004,9415.056413914084,26269.25568277833,206821.19329913604,3546.1897641123987,43295.19853259348,212.89005717546576,683.9839905014012,3353.4102062568286,4161.944200292922,1723.5823130949625,17053.77911215748,3555.9244604673663,43403.666253082985,206080.07285862454,3545.026780344036,43288.05908127642,212.88627752556917,683.962641538337,3352.1767028735576,4161.124070636053,1723.5043503762024,17053.32530158853,3554.7586352849335,43396.5084730581
DZ_S_corr_all_-0.6,298379.87021849235,232810.80592203003,865844.2583113133,12869.815871190833,19693.939676746868,144713.34435925737,433516.4225338145,19902.596629726097,107442.67754133561,185979.09568890385,1309790.1723184013,290376.88464512327,205453.41117871163,524281.8195848917,9248.870798942451,16514.06228034287,87024.51738306871,127664.3688602818,17561.62453641576,99902.20203509596,180971.57024233713,420384.1212039272,117748.80719949072,66568.41953702524,423011.7524953186,4265.16544849112,4925.477913275581,35790.44559161293,140067.6561380245,5931.8781288394175,25091.988822838586,50613.98912653478,329014.00392412284,116745.22543247798,54237.59245381479,207068.08717667835,3117.2087664773976,4066.627232288919,26642.358252448128,64507.87253304862,4713.5999448848215,22343.49119543418,46631.28868740266,143897.2508159912,266465.22369870753,190983.55095414823,739795.7223796592,410.9973864313625,1934.8776147430353,24416.373003856002,107430.464431792,5146.713565638194,34705.886237875005,143593.10701908075,509013.9898664,229444.6505929752,143099.91791057718,393753.97479546745,398.86088112361944,1770.7551294855814,22619.05946875796,57076.549921350095,4956.014090363154,33937.81211294043,89170.04178166899,274333.2005541933,65090.04159040042,27054.418974668988,249087.23627263124,82.63091111495666,234.1601494884023,7548.650632827209,50381.86296181343,255.01688131039762,2721.309331987398,12348.286776372588,117419.57484704454,19066.551711985165,22038.759955135345,105994.12008855073,75.50413436594353,217.60222773636525,6333.630237914037,26666.11806775697,244.59263771435926,2637.707178134514,12245.186639648355,60433.90732397099,254682.52360017036,188506.10265910163,477233.16323961876,5226.820539904102,6209.771527856804,63546.569707493174,121089.55947508768,16572.56576434896,76641.55688696167,167996.64586048483,403310.3039085433,250422.67154314087,178552.02926019716,429290.50665407366,5002.8680706181,6017.529916646043,54334.16523341273,92808.18763339327,14746.36200562862,72225.77128023248,159860.2549537151,364949.48349625664,67770.42125685692,10198.136182423475,27555.54744218784,623.1218993619956,908.7183113298901,3395.411743387284,2692.6313688012133,1691.2256564514182,10944.596504897514,9451.201990250189,26321.937436689874,61201.33847195409,10194.805455089696,27544.718587805615,622.6451729415759,907.6637082975008,3382.3014037454027,2685.2012779723455,1686.2874550039792,10927.325426777004,9445.573130281744,26310.747694599264,206821.19329913604,3546.1897641123987,43295.19853259348,212.89005717546576,683.9839905014012,3360.47914363397,4168.540404486619,1723.5823130949625,17053.77911215748,3562.4138660481517,43472.046888440316,206080.07285862454,3545.026780344036,43288.05908127642,212.88627752556917,683.962641538337,3359.238565644185,4167.71522966864,1723.5043503762024,17053.32530158853,3561.240991930001,43464.84660026134
DZ_S_corr_all_-0.7,298379.87021849235,232810.80592203003,865844.2583113133,12869.815871190833,19693.939676746868,194551.66286568786,,19902.596629726097,107442.67754133561,210780.4067553845,,290376.88464512327,205453.41117871163,524281.8195848917,9248.870798942451,16514.06228034287,95225.68540616997,133327.0087927574,17561.62453641576,99902.20203509596,191330.84114667273,431982.7074935518,117748.80719949072,66568.41953702524,423011.7524953186,4265.16544849112,4925.477913275581,37597.53227614861,149678.1998402217,5931.8781288394175,25091.988822838586,52761.282845026355,402641.79789117473,116745.22543247798,54237.59245381479,207068.08717667835,3117.2087664773976,4066.627232288919,27247.028938051073,65032.3941498094,4713.5999448848215,22343.49119543418,47413.24084369581,144779.85659613737,266465.22369870753,190983.55095414823,739795.7223796592,410.9973864313625,1934.8776147430353,24625.82909497318,109201.26932683868,5146.713565638194,34705.886237875005,143818.39639515599,520228.8686780325,229444.6505929752,143099.91791057718,393753.97479546745,398.86088112361944,1770.7551294855814,22758.202347399972,57237.71454068189,4956.014090363154,33937.81211294043,89097.56474470401,274697.2513992974,65090.04159040042,27054.418974668988,249087.23627263124,82.63091111495666,234.1601494884023,7599.218669178406,51026.099035623614,255.01688131039762,2721.309331987398,12382.65492633901,119879.843967506,19066.551711985165,22038.759955135345,105994.12008855073,75.50413436594353,217.60222773636525,6359.545164864861,26727.72271464783,244.59263771435926,2637.707178134514,12272.057281210891,60510.826236084285,254682.52360017036,188506.10265910163,477233.16323961876,5226.820539904102,6209.771527856804,66635.55045582159,124038.55068603427,16572.56576434896,76641.55688696167,172891.19606438413,408976.09744483005,250422.67154314087,178552.02926019716,429290.50665407366,5002.8680706181,6017.529916646043,56019.25373487156,94622.42940553966,14746.36200562862,72225.77128023248,165175.5084554086,370985.66639328183,67770.42125685692,10198.136182423475,27555.54744218784,623.1218993619956,908.7183113298901,3400.2997500193983,2694.933624563197,1691.2256564514182,10944.596504897514,9482.443491791846,26364.482274830116,61201.33847195409,10194.805455089696,27544.718587805615,622.6451729415759,907.6637082975008,3387.296703279162,2687.633559873666,1686.2874550039792,10927.325426777004,9477.182578479846,26353.734726638955,206821.19329913604,3546.1897641123987,43295.19853259348,212.89005717546576,683.9839905014012,3367.5864989603124,4175.179480814612,1723.5823130949625,17053.77911215748,3568.9591786808337,43541.21977872797,206080.07285862454,3545.026780344036,43288.05908127642,212.88627752556917,683.962641538337,3366.338788936826,4174.349209068842,1723.5043503762024,17053.32530158853,3567.779171889577,43533.97623147684
DZ_S_corr_all_-0.8,298379.87021849235,232810.80592203003,865844.2583113133,12869.815871190833,19693.939676746868,315908.81881546293,,19902.596629726097,107442.67754133561,98618.64756114055,164138.6059148909,290376.88464512327,205453.41117871163,524281.8195848917,9248.870798942451,16514.06228034287,105872.7152227269,140414.21516652545,17561.62453641576,99902.20203509596,204908.93373790142,446801.16776345397,117748.80719949072,66568.41953702524,423011.7524953186,4265.16544849112,4925.477913275581,39669.197052387586,162247.6272420318,5931.8781288394175,25091.988822838586,55634.41310454726,647752.8223019026,116745.22543247798,54237.59245381479,207068.08717667835,3117.2087664773976,4066.627232288919,27896.40274449163,65606.64683322338,4713.5999448848215,22343.49119543418,48271.53671874707,145773.94506484846,266465.22369870753,190983.55095414823,739795.7223796592,410.9973864313625,1934.8776147430353,24842.58672681415,111101.67745321819,5146.713565638194,34705.886237875005,144061.45674896758,532923.9357530603,229444.6505929752,143099.91791057718,393753.97479546745,398.86088112361944,1770.7551294855814,22900.9281867084,57405.06572492249,4956.014090363154,33937.81211294043,89028.32434730689,275091.77837529394,65090.04159040042,27054.418974668988,249087.23627263124,82.63091111495666,234.1601494884023,7650.721590996701,51700.12412592121,255.01688131039762,2721.309331987398,12418.03678745196,122575.87202733947,19066.551711985165,22038.759955135345,105994.12008855073,75.50413436594353,217.60222773636525,6385.827674354062,26790.607340384893,244.59263771435926,2637.707178134514,12299.400646879472,60592.00765464574,254682.52360017036,188506.10265910163,477233.16323961876,5226.820539904102,6209.771527856804,70141.89857128721,127311.96964531495,16572.56576434896,76641.55688696167,178600.177062761,415511.26122049714,250422.67154314087,178552.02926019716,429290.50665407366,5002.8680706181,6017.529916646043,57853.91223400452,96594.32419625085,14746.36200562862,72225.77128023248,171087.8084126278,377614.07251748425,67770.42125685692,10198.136182423475,27555.54744218784,623.1218993619956,908.7183113298901,3405.3472134755593,2697.3735510020915,1691.2256564514182,10944.596504897514,9514.783927685728,26408.520363581843,61201.33847195409,10194.805455089696,27544.718587805615,622.6451729415759,907.6637082975008,3392.4406561438177,2690.1932794336176,1686.2874550039792,10927.325426777004,9509.854343329916,26398.1645365689,206821.19329913604,3546.1897641123987,43295.19853259348,212.89005717546576,683.9839905014012,3374.7325761359493,4181.861848361428,1723.5823130949625,17053.77911215748,3575.5610972097643,43611.197159794516,206080.07285862454,3545.026780344036,43288.05908127642,212.88627752556917,683.962641538337,3373.477676035242,4181.02642720877,1723.5043503762024,17053.32530158853,3574.373872650387,43603.909586899885
DZ_S_corr_all_-0.9,298379.87021849235,232810.80592203003,865844.2583113133,12869.815871190833,19693.939676746868,1047812.9071021668,,19902.596629726097,107442.67754133561,151065.82346445377,314294.7194017469,290376.88464512327,205453.41117871163,524281.8195848917,9248.870798942451,16514.06228034287,120221.88843751192,149531.45301943854,17561.62453641576,99902.20203509596,223469.05023381594,466377.11363153567,117748.80719949072,66568.41953702524,423011.7524953186,4265.16544849112,4925.477913275581,42063.61448342086,179527.87342085486,5931.8781288394175,25091.988822838586,59663.140617282064,,116745.22543247798,54237.59245381479,207068.08717667835,3117.2087664773976,4066.627232288919,28594.185704124502,66232.72271531186,4713.5999448848215,22343.49119543418,49216.85980525882,146891.65899026897,266465.22369870753,190983.55095414823,739795.7223796592,410.9973864313625,1934.8776147430353,25066.98545569925,113146.70299462642,5146.713565638194,34705.886237875005,144323.4892370608,547412.910630112,229444.6505929752,143099.91791057718,393753.97479546745,398.86088112361944,1770.7551294855814,23047.350392198325,57578.72191551295,4956.014090363154,33937.81211294043,88962.21773929664,275517.81389999663,65090.04159040042,27054.418974668988,249087.23627263124,82.63091111495666,234.1601494884023,7703.182587320928,52406.19155673962,255.01688131039762,2721.309331987398,12454.467913080438,125544.10567273262,19066.551711985165,22038.759955135345,105994.12008855073,75.50413436594353,217.60222773636525,6412.479874541678,26854.770012051373,244.59263771435926,2637.707178134514,12327.224547450624,60677.4473973726,254682.52360017036,188506.10265910163,477233.16323961876,5226.820539904102,6209.771527856804,74152.05662096536,130966.03420628098,16572.56576434896,76641.55688696167,185342.54539007653,423125.2568142645,250422.67154314087,178552.02926019716,429290.50665407366,5002.8680706181,6017.529916646043,59856.98541714509,98744.49328342306,14746.36200562862,72225.77128023248,177701.15244291697,384924.64859382785,67770.42125685692,10198.136182423475,27555.54744218784,623.1218993619956,908.7183113298901,3410.5479393146097,2699.9445206894557,1691.2256564514182,10944.596504897514,9548.193472814704,26454.00057294711,61201.33847195409,10194.805455089696,27544.718587805615,622.6451729415759,907.6637082975008,3397.727949140345,2692.874730890509,1686.2874550039792,10927.325426777004,9543.562340640414,26443.991273508203,206821.19329913604,3546.1897641123987,43295.19853259348,212.89005717546576,683.9839905014012,3381.9176823306193,4188.587932082046,1723.5823130949625,17053.77911215748,3582.220332263674,43681.99153494965,206080.07285862454,3545.026780344036,43288.05908127642,212.88627752556917,683.962641538337,3380.6555334851355,4187.747308318757,1723.5043503762024,17053.32530158853,3581.025803455413,43674.65915374965
DZ_S_corr_pair_0.1,298379.87021849235,232810.80592203003,865844.2583113133,12869.815871190833,19693.939676746868,67695.57496787638,182302.65332727277,19902.596629726097,107442.67754133561,173422.34791607378,534770.2886148284,290376.88464512327,205453.41117871163,524281.8195848917,9248.870798942451,16514.06228034287,60571.538641216364,107725.63790488247,17561.62453641576,99902.20203509596,147559.8877325973,380817.59383994277,117748.80719949072,66568.41953702524,423011.7524953186,4265.16544849112,4925.477913275581,27761.4308483647,108266.49626917543,5931.8781288394175,25091.988822838586,43509.61753588839,224152.3888065247,116745.22543247798,54237.59245381479,207068.08717667835,3117.2087664773976,4066.627232288919,23415.28352142815,61510.24482037531,4713.5999448848215,22343.49119543418,42461.336802640435,138772.1306993659,266465.22369870753,190983.55095414823,739795.7223796592,410.9973864313625,1934.8776147430353,23193.503336046455,98426.21482503004,5146.713565638194,34705.886237875005,142452.91837615374,460269.09273851116,229444.6505929752,143099.91791057718,393753.97479546745,398.86088112361944,1770.7551294855814,21794.478477015193,56089.455327802454,4956.014090363154,33937.81211294043,89514.0178258936,272233.3175280795,65090.04159040042,27054.418974668988,249087.23627263124,82.63091111495666,234.1601494884023,7230.251988974191,46818.08054181161,255.01688131039762,2721.309331987398,12135.701280618898,105667.517878532,19066.551711985165,22038.759955135345,105994.12008855073,75.50413436594353,217.60222773636525,6169.136467705564,26269.318704375943,244.59263771435926,2637.707178134514,12071.109224093134,59934.82025590603,254682.52360017036,188506.10265910163,477233.16323961876,5226.820539904102,6209.771527856804,50075.05082657615,107376.24513304562,16572.56576434896,76641.55688696167,147981.00466313606,379394.31696727604,250422.67154314087,178552.02926019716,429290.50665407366,5002.8680706181,6017.529916646043,46165.956782444264,83745.59296139861,14746.36200562862,72225.77128023248,135214.33996404943,335349.46676938934,67770.42125685692,10198.136182423475,27555.54744218784,623.1218993619956,908.7183113298901,3367.1294615258294,2680.1788071911255,1691.2256564514182,10944.596504897514,9269.556578144227,26073.369382164252,61201.33847195409,10194.805455089696,27544.718587805615,622.6451729415759,907.6637082975008,3353.114470166994,2671.702447666222,1686.2874550039792,10927.325426777004,9260.762208578366,26058.17546285055,206821.19329913604,3546.1897641123987,43295.19853259348,212.89005717546576,683.9839905014012,3315.653323556052,4127.057283715477,1723.5823130949625,17053.77911215748,3521.6671831509125,43047.623613443335,206080.07285862454,3545.026780344036,43288.05908127642,212.88627752556917,683.962641538337,3314.45721985126,4126.263318592988,1723.5043503762024,17053.32530158853,3520.5381788828936,43040.68364372125
DZ_S_corr_pair_0.2,298379.87021849235,232810.80592203003,865844.2583113133,12869.815871190833,19693.939676746868,66143.29718224426,179286.9518455402,19902.596629726097,107442.67754133561,173159.52535871827,532541.6247370944,290376.88464512327,205453.41117871163,524281.8195848917,9248.870798942451,16514.06228034287,59601.54368869426,106371.82379000477,17561.62453641576,99902.20203509596,146156.70655454227,378478.82532640576,117748.80719949072,66568.41953702524,423011.7524953186,4265.16544849112,4925.477913275581,27022.447083510513,106432.4294216536,5931.8781288394175,25091.988822838586,42792.0206747037,221124.49567215683,116745.22543247798,54237.59245381479,207068.08717667835,3117.2087664773976,4066.627232288919,23048.27404625772,60737.97590166803,4713.5999448848215,22343.49119543418,41849.068870833406,137215.91020301703,266465.22369870753,190983.55095414823,739795.7223796592,410.9973864313625,1934.8776147430353,23093.61917212538,97953.1155982897,5146.713565638194,34705.886237875005,142345.8513790513,458388.42408166104,229444.6505929752,143099.91791057718,393753.97479546745,398.86088112361944,1770.7551294855814,21736.22862703956,55947.67944343177,4956.014090363154,33937.81211294043,89353.38359946624,271734.91293372796,65090.04159040042,27054.418974668988,249087.23627263124,82.63091111495666,234.1601494884023,7197.472920187037,46600.49874477253,255.01688131039762,2721.309331987398,12110.442586563237,105112.37536517023,19066.551711985165,22038.759955135345,105994.12008855073,75.50413436594353,217.60222773636525,6152.668268607413,26215.616576538767,244.59263771435926,2637.707178134514,12049.07870146205,59809.30583882509,254682.52360017036,188506.10265910163,477233.16323961876,5226.820539904102,6209.771527856804,49378.19858601895,106606.85574944176,16572.56576434896,76641.55688696167,147075.21536841404,378081.6563909961,250422.67154314087,178552.02926019716,429290.50665407366,5002.8680706181,6017.529916646043,45734.90018616715,83092.52364020256,14746.36200562862,72225.77128023248,133802.60296491903,333057.92234525713,67770.42125685692,10198.136182423475,27555.54744218784,623.1218993619956,908.7183113298901,3364.485141092435,2678.273590802037,1691.2256564514182,10944.596504897514,9250.469842922024,26045.646015565006,61201.33847195409,10194.805455089696,27544.718587805615,622.6451729415759,907.6637082975008,3350.484790869404,2669.799659060462,1686.2874550039792,10927.325426777004,9241.745002413894,26030.533149587813,206821.19329913604,3546.1897641123987,43295.19853259348,212.89005717546576,683.9839905014012,3312.6859735344083,4124.53054761105,1723.5823130949625,17053.77911215748,3519.052274783721,43022.095019428794,206080.07285862454,3545.026780344036,43288.05908127642,212.88627752556917,683.962641538337,3311.4927197680263,4123.738263432844,1723.5043503762024,17053.32530158853,3517.9260402337054,43015.17096999763
DZ_S_corr_pair_0.3,298379.87021849235,232810.80592203003,865844.2583113133,12869.815871190833,19693.939676746868,64736.92796773359,176530.7884734695,19902.596629726097,107442.67754133561,172934.69451130688,530512.2357557671,290376.88464512327,205453.41117871163,524281.8195848917,9248.870798942451,16514.06228034287,58692.499644275405,105140.67017949621,17561.62453641576,99902.20203509596,144870.34479504373,376346.7249107654,117748.80719949072,66568.41953702524,423011.7524953186,4265.16544849112,4925.477913275581,26357.737847498487,104752.86067917135,5931.8781288394175,25091.988822838586,42165.926658701064,218407.4062031973,116745.22543247798,54237.59245381479,207068.08717667835,3117.2087664773976,4066.627232288919,22703.80866646743,60028.32061479267,4713.5999448848215,22343.49119543418,41287.65971801777,135798.3301876483,266465.22369870753,190983.55095414823,739795.7223796592,410.9973864313625,1934.8776147430353,22996.723069944903,97492.02194540123,5146.713565638194,34705.886237875005,142240.91013807064,456554.40139168495,229444.6505929752,143099.91791057718,393753.97479546745,398.86088112361944,1770.7551294855814,21679.017242674912,55809.05922664404,4956.014090363154,33937.81211294043,89198.21757920962,271248.876792766,65090.04159040042,27054.418974668988,249087.23627263124,82.63091111495666,234.1601494884023,7165.327732933602,46387.34368462968,255.01688131039762,2721.309331987398,12085.853939490942,104570.7808626024,19066.551711985165,22038.759955135345,105994.12008855073,75.50413436594353,217.60222773636525,6136.399712143029,26162.689627984168,244.59263771435926,2637.707178134514,12027.424857687001,59686.83000165061,254682.52360017036,188506.10265910163,477233.16323961876,5226.820539904102,6209.771527856804,48721.37431952458,105887.69914415863,16572.56576434896,76641.55688696167,146236.98239644023,376879.72136333765,250422.67154314087,178552.02926019716,429290.50665407366,5002.8680706181,6017.529916646043,45319.76965845082,82471.11532462185,14746.36200562862,72225.77128023248,132461.6930092733,330886.9370067133,67770.42125685692,10198.136182423475,27555.54744218784,623.1218993619956,908.7183113298901,3361.962346301171,2676.494676462181,1691.2256564514182,10944.596504897514,9231.985032946619,26018.813956512447,61201.33847195409,10194.805455089696,27544.718587805615,622.6451729415759,907.6637082975008,3347.9522624168935,2668.0004443680587,1686.2874550039792,10927.325426777004,9223.28043646175,26003.72067083619,206821.19329913604,3546.1897641123987,43295.19853259348,212.89005717546576,683.9839905014012,3309.729278845359,4122.011751541025,1723.5823130949625,17053.77911215748,3516.447598745156,42996.650359945896,206080.07285862454,3545.026780344036,43288.05908127642,212.88627752556917,683.962641538337,3308.538857987094,4121.221138134152,1723.5043503762024,17053.32530158853,3515.3241170855895,42989.74213743278
DZ_S_corr_pair_0.4,298379.87021849235,232810.80592203003,865844.2583113133,12869.815871190833,19693.939676746868,63453.68522891684,173998.99370505047,19902.596629726097,107442.67754133561,172741.158930444,528656.697244516,290376.88464512327,205453.41117871163,524281.8195848917,9248.870798942451,16514.06228034287,57838.50629598293,104023.90774081527,17561.62453641576,99902.20203509596,143688.61453526551,374399.4938856703,117748.80719949072,66568.41953702524,423011.7524953186,4265.16544849112,4925.477913275581,25755.54774385836,103206.80698750784,5931.8781288394175,25091.988822838586,41614.439112153595,215949.52218735742,116745.22543247798,54237.59245381479,207068.08717667835,3117.2087664773976,4066.627232288919,22379.642981366444,59376.74363214321,4713.5999448848215,22343.49119543418,40771.996127239225,134504.53316168618,266465.22369870753,190983.55095414823,739795.7223796592,410.9973864313625,1934.8776147430353,22902.66503465748,97042.42435613097,5146.713565638194,34705.886237875005,142138.04392713204,454765.1725618118,229444.6505929752,143099.91791057718,393753.97479546745,398.86088112361944,1770.7551294855814,21622.814995179688,55673.52468359057,4956.014090363154,33937.81211294043,89048.40403772994,270774.9141139871,65090.04159040042,27054.418974668988,249087.23627263124,82.63091111495666,234.1601494884023,7133.795868333432,46178.49695939293,255.01688131039762,2721.309331987398,12061.910614889402,104042.19222550806,19066.551711985165,22038.759955135345,105994.12008855073,75.50413436594353,217.60222773636525,6120.327674012336,26110.52940450702,244.59263771435926,2637.707178134514,12006.13997675724,59567.381599638684,254682.52360017036,188506.10265910163,477233.16323961876,5226.820539904102,6209.771527856804,48100.9085351945,105219.38143162764,16572.56576434896,76641.55688696167,145463.7154514545,375792.4590047943,250422.67154314087,178552.02926019716,429290.50665407366,5002.8680706181,6017.529916646043,44919.838167748865,81879.05814856394,14746.36200562862,72225.77128023248,131186.05397402242,328827.21853108436,67770.42125685692,10198.136182423475,27555.54744218784,623.1218993619956,908.7183113298901,3359.5937331203777,2674.869918253771,1691.2256564514182,10944.596504897514,9214.161704597409,25992.958347109958,61201.33847195409,10194.805455089696,27544.718587805615,622.6451729415759,907.6637082975008,3345.538884822566,2666.323538281955,1686.2874550039792,10927.325426777004,9205.409317145512,25977.798342268707,206821.19329913604,3546.1897641123987,43295.19853259348,212.89005717546576,683.9839905014012,3306.7831931589144,4119.500864013484,1723.5823130949625,17053.77911215748,3513.8531057198375,42971.28929843072,206080.07285862454,3545.026780344036,43288.05908127642,212.88627752556917,683.962641538337,3305.595588270572,4118.711911255767,1723.5043503762024,17053.32530158853,3512.732360225422,42964.39680998622
DZ_S_corr_pair_0.5,298379.87021849235,232810.80592203003,865844.2583113133,12869.815871190833,19693.939676746868,62276.00100342371,171666.84645621467,19902.596629726097,107442.67754133561,172574.74717760095,526961.6225717663,290376.88464512327,205453.41117871163,524281.8195848917,9248.870798942451,16514.06228034287,57034.95998575281,103024.77428034143,17561.62453641576,99902.20203509596,142605.0683771152,372626.9928470494,117748.80719949072,66568.41953702524,423011.7524953186,4265.16544849112,4925.477913275581,25206.67456188997,101779.08459205278,5931.8781288394175,25091.988822838586,41124.72546298987,213712.469923244,116745.22543247798,54237.59245381479,207068.08717667835,3117.2087664773976,4066.627232288919,22073.866617841028,58782.90863999543,4713.5999448848215,22343.49119543418,40298.84696658766,133325.71355143815,266465.22369870753,190983.55095414823,739795.7223796592,410.9973864313625,1934.8776147430353,22811.30643468547,96603.8560058102,5146.713565638194,34705.886237875005,142037.206350574,453019.0287585479,229444.6505929752,143099.91791057718,393753.97479546745,398.86088112361944,1770.7551294855814,21567.59526110435,55541.025319214,4956.014090363154,33937.81211294043,88903.86699599103,270312.802288437,65090.04159040042,27054.418974668988,249087.23627263124,82.63091111495666,234.1601494884023,7102.858283158097,45973.85564212246,255.01688131039762,2721.309331987398,12038.590084265066,103526.1022767029,19066.551711985165,22038.759955135345,105994.12008855073,75.50413436594353,217.60222773636525,6104.4493901950555,26059.13142969394,244.59263771435926,2637.707178134514,11985.217080724286,59450.97528857985,254682.52360017036,188506.10265910163,477233.16323961876,5226.820539904102,6209.771527856804,47513.80708354558,104608.75003226411,16572.56576434896,76641.55688696167,144758.68821603467,374842.593667073,250422.67154314087,178552.02926019716,429290.50665407366,5002.8680706181,6017.529916646043,44534.69792191891,81314.63836424003,14746.36200562862,72225.77128023248,129971.1401808456,326871.5987172644,67770.42125685692,10198.136182423475,27555.54744218784,623.1218993619956,908.7183113298901,3357.451655018474,2673.4595325918644,1691.2256564514182,10944.596504897514,9197.151410975392,25968.296618212327,61201.33847195409,10194.805455089696,27544.718587805615,622.6451729415759,907.6637082975008,3343.293534453329,2664.8093473457534,1686.2874550039792,10927.325426777004,9188.240892233147,25952.927315001107,206821.19329913604,3546.1897641123987,43295.19853259348,212.89005717546576,683.9839905014012,3303.847670518157,4116.99785378482,1723.5823130949625,17053.77911215748,3511.268746798733,42946.01150086564,206080.07285862454,3545.026780344036,43288.05908127642,212.88627752556917,683.962641538337,3302.6628647532075,4116.210551604706,1723.5043503762024,17053.32530158853,3510.150720844661,42939.13465415412
DZ_S_corr_pair_0.6,298379.87021849235,232810.80592203003,865844.2583113133,12869.815871190833,19693.939676746868,61190.31391096378,169526.99005498257,19902.596629726097,107442.67754133561,172435.34001660222,525444.5661264061,290376.88464512327,205453.41117871163,524281.8195848917,9248.870798942451,16514.06228034287,56278.93076787156,102183.89476849047,17561.62453641576,99902.20203509596,141628.0191832839,371050.95211102307,117748.80719949072,66568.41953702524,423011.7524953186,4265.16544849112,4925.477913275581,24704.05826099861,100463.66495793394,5931.8781288394175,25091.988822838586,40686.98984506295,211671.6420441435,116745.22543247798,54237.59245381479,207068.08717667835,3117.2087664773976,4066.627232288919,21784.937683540633,58258.70136778229,4713.5999448848215,22343.49119543418,39869.103272232576,132266.2668621691,266465.22369870753,190983.55095414823,739795.7223796592,410.9973864313625,1934.8776147430353,,,5146.713565638194,34705.886237875005,,,229444.6505929752,143099.91791057718,393753.97479546745,398.86088112361944,1770.7551294855814,,,4956.014090363154,33937.81211294043,,,65090.04159040042,27054.418974668988,249087.23627263124,82.63091111495666,234.1601494884023,,,255.01688131039762,2721.309331987398,,,19066.551711985165,22038.759955135345,105994.12008855073,75.50413436594353,217.60222773636525,,,244.59263771435926,2637.707178134514,,,254682.52360017036,188506.10265910163,477233.16323961876,5226.820539904102,6209.771527856804,46957.8050496571,104084.61325185509,16572.56576434896,76641.55688696167,144144.6038370386,374122.31353054947,250422.67154314087,178552.02926019716,429290.50665407366,5002.8680706181,6017.529916646043,44164.82453960403,80777.32599115904,14746.36200562862,72225.77128023248,128814.11416688938,325017.02495783294,67770.42125685692,10198.136182423475,27555.54744218784,623.1218993619956,908.7183113298901,3355.7420763208274,2672.4300698888355,1691.2256564514182,10944.596504897514,9181.4152985377,25945.489489089745,61201.33847195409,10194.805455089696,27544.718587805615,622.6451729415759,907.6637082975008,3341.354269294926,2663.5680320153992,1686.2874550039792,10927.325426777004,9172.111491887223,25929.601315835564,206821.19329913604,3546.1897641123987,43295.19853259348,212.89005717546576,683.9839905014012,,,1723.5823130949625,17053.77911215748,,,206080.07285862454,3545.026780344036,43288.05908127642,212.88627752556917,683.962641538337,,,1723.5043503762024,17053.32530158853,,
DZ_S_corr_pair_0.7,298379.87021849235,232810.80592203003,865844.2583113133,12869.815871190833,19693.939676746868,,,19902.596629726097,107442.67754133561,,,290376.88464512327,205453.41117871163,524281.8195848917,9248.870798942451,16514.06228034287,,,17561.62453641576,99902.20203509596,,,117748.80719949072,66568.41953702524,423011.7524953186,4265.16544849112,4925.477913275581,,,5931.8781288394175,25091.988822838586,,,116745.22543247798,54237.59245381479,207068.08717667835,3117.2087664773976,4066.627232288919,,,4713.5999448848215,22343.49119543418,,,266465.22369870753,190983.55095414823,739795.7223796592,410.9973864313625,1934.8776147430353,,,5146.713565638194,34705.886237875005,,,229444.6505929752,143099.91791057718,393753.97479546745,398.86088112361944,1770.7551294855814,,,4956.014090363154,33937.81211294043,,,65090.04159040042,27054.418974668988,249087.23627263124,82.63091111495666,234.1601494884023,,,255.01688131039762,2721.309331987398,,,19066.551711985165,22038.759955135345,105994.12008855073,75.50413436594353,217.60222773636525,,,244.59263771435926,2637.707178134514,,,254682.52360017036,188506.10265910163,477233.16323961876,5226.820539904102,6209.771527856804,,,16572.56576434896,76641.55688696167,,,250422.67154314087,178552.02926019716,429290.50665407366,5002.8680706181,6017.529916646043,,,14746.36200562862,72225.77128023248,,,67770.42125685692,10198.136182423475,27555.54744218784,623.1218993619956,908.7183113298901,,,1691.2256564514182,10944.596504897514,,,61201.33847195409,10194.805455089696,27544.718587805615,622.6451729415759,907.6637082975008,,,1686.2874550039792,10927.325426777004,,,206821.19329913604,3546.1897641123987,43295.19853259348,212.89005717546576,683.9839905014012,,,1723.5823130949625,17053.77911215748,,,206080.07285862454,3545.026780344036,43288.05908127642,212.88627752556917,683.962641538337,,,1723.5043503762024,17053.32530158853,,
DZ_S_corr_pair_0.8,298379.87021849235,232810.80592203003,865844.2583113133,12869.815871190833,19693.939676746868,59258.55168901919,165463.00522651226,19902.596629726097,107442.67754133561,172166.802510663,522137.89162947756,290376.88464512327,205453.41117871163,524281.8195848917,9248.870798942451,16514.06228034287,54890.40992303532,99822.70230472607,17561.62453641576,99902.20203509596,139558.38239581508,367489.7862657896,117748.80719949072,66568.41953702524,423011.7524953186,4265.16544849112,4925.477913275581,23798.331182783073,97819.01271455117,5931.8781288394175,25091.988822838586,39932.66021902006,207834.5025675111,116745.22543247798,54237.59245381479,207068.08717667835,3117.2087664773976,4066.627232288919,21244.406709074396,56723.61991423206,4713.5999448848215,22343.49119543418,38936.43536263894,129858.9630824199,266465.22369870753,190983.55095414823,739795.7223796592,410.9973864313625,1934.8776147430353,,,5146.713565638194,34705.886237875005,,,229444.6505929752,143099.91791057718,393753.97479546745,398.86088112361944,1770.7551294855814,,,4956.014090363154,33937.81211294043,,,65090.04159040042,27054.418974668988,249087.23627263124,82.63091111495666,234.1601494884023,,,255.01688131039762,2721.309331987398,,,19066.551711985165,22038.759955135345,105994.12008855073,75.50413436594353,217.60222773636525,,,244.59263771435926,2637.707178134514,,,254682.52360017036,188506.10265910163,477233.16323961876,5226.820539904102,6209.771527856804,45929.4726081946,102075.47421919962,16572.56576434896,76641.55688696167,142109.9933050188,369313.47989557445,250422.67154314087,178552.02926019716,429290.50665407366,5002.8680706181,6017.529916646043,43409.68370257824,79716.83790220402,14746.36200562862,72225.77128023248,126576.42705221174,321359.1170805951,67770.42125685692,10198.136182423475,27555.54744218784,623.1218993619956,908.7183113298901,3314.8440782770786,2641.545676414871,1691.2256564514182,10944.596504897514,9064.145282514239,25777.22718476941,61201.33847195409,10194.805455089696,27544.718587805615,622.6451729415759,907.6637082975008,3303.8390207186676,2635.799406320545,1686.2874550039792,10927.325426777004,9054.948886853725,25759.011643235815,206821.19329913604,3546.1897641123987,43295.19853259348,212.89005717546576,683.9839905014012,,,1723.5823130949625,17053.77911215748,,,206080.07285862454,3545.026780344036,43288.05908127642,212.88627752556917,683.962641538337,,,1723.5043503762024,17053.32530158853,,
DZ_S_corr_pair_0.9,298379.87021849235,232810.80592203003,865844.2583113133,12869.815871190833,19693.939676746868,58410.73162740157,163886.73494659382,19902.596629726097,107442.67754133561,172126.9147649943,521139.0751888188,290376.88464512327,205453.41117871163,524281.8195848917,9248.870798942451,16514.06228034287,54289.73088022891,99725.86922113432,17561.62453641576,99902.20203509596,138961.4900264417,366592.1119160677,117748.80719949072,66568.41953702524,423011.7524953186,4265.16544849112,4925.477913275581,23405.847027117197,96858.24541179647,5931.8781288394175,25091.988822838586,39613.27720670534,206328.7016491276,116745.22543247798,54237.59245381479,207068.08717667835,3117.2087664773976,4066.627232288919,21000.3397930765,56651.699845524985,4713.5999448848215,22343.49119543418,38698.75677669436,129364.46041914762,266465.22369870753,190983.55095414823,739795.7223796592,410.9973864313625,1934.8776147430353,22470.447624706103,94952.05847788957,5146.713565638194,34705.886237875005,141653.38734985908,446436.2998653463,229444.6505929752,143099.91791057718,393753.97479546745,398.86088112361944,1770.7551294855814,21356.128416934636,55041.41882819162,4956.014090363154,33937.81211294043,88379.1153821364,268582.1843052809,65090.04159040042,27054.418974668988,249087.23627263124,82.63091111495666,234.1601494884023,6984.72847173658,45196.00736898837,255.01688131039762,2721.309331987398,11951.16739473171,101577.73620754507,19066.551711985165,22038.759955135345,105994.12008855073,75.50413436594353,217.60222773636525,6042.837510140099,25861.29860780577,244.59263771435926,2637.707178134514,11905.039559713357,59017.5393211325,254682.52360017036,188506.10265910163,477233.16323961876,5226.820539904102,6209.771527856804,45465.6992985735,102232.53721197713,16572.56576434896,76641.55688696167,142122.59340315894,370536.3901653888,250422.67154314087,178552.02926019716,429290.50665407366,5002.8680706181,6017.529916646043,43109.21913487639,79283.59345529511,14746.36200562862,72225.77128023248,125608.41302543343,319871.8699501261,67770.42125685692,10198.136182423475,27555.54744218784,623.1218993619956,908.7183113298901,3345.5068479578727,2665.7955456936647,1691.2256564514182,10944.596504897514,9123.566302549221,25862.14947871877,61201.33847195409,10194.805455089696,27544.718587805615,622.6451729415759,907.6637082975008,3332.1159394704237,2657.6175422275155,1686.2874550039792,10927.325426777004,9116.14529747493,25848.83714125732,206821.19329913604,3546.1897641123987,43295.19853259348,212.89005717546576,683.9839905014012,,,1723.5823130949625,17053.77911215748,,,206080.07285862454,3545.026780344036,43288.05908127642,212.88627752556917,683.962641538337,,,1723.5043503762024,17053.32530158853,,
DZ_S_corr_pair_-0.1,298379.87021849235,232810.80592203003,865844.2583113133,12869.815871190833,19693.939676746868,71368.1820583596,189315.30335214315,19902.596629726097,107442.67754133561,174104.62007485336,539984.0121412869,290376.88464512327,205453.41117871163,524281.8195848917,9248.870798942451,16514.06228034287,62725.040857465065,110868.65094623824,17561.62453641576,99902.20203509596,150788.8799612174,386248.44616138557,117748.80719949072,66568.41953702524,423011.7524953186,4265.16544849112,4925.477913275581,29527.765872790023,112515.88071941628,5931.8781288394175,25091.988822838586,45318.33379703823,231440.34286114897,116745.22543247798,54237.59245381479,207068.08717667835,3117.2087664773976,4066.627232288919,24227.876230174286,63273.72382651269,4713.5999448848215,22343.49119543418,43866.79840278349,142385.9490278612,266465.22369870753,190983.55095414823,739795.7223796592,410.9973864313625,1934.8776147430353,23402.898773006298,99410.69195935025,5146.713565638194,34705.886237875005,142673.65359529172,464178.5226759305,229444.6505929752,143099.91791057718,393753.97479546745,398.86088112361944,1770.7551294855814,21914.22347891682,56382.834391420714,4956.014090363154,33937.81211294043,89852.31676326114,273268.71723204775,65090.04159040042,27054.418974668988,249087.23627263124,82.63091111495666,234.1601494884023,7297.801589216628,47267.06770871636,255.01688131039762,2721.309331987398,12188.338944773532,106820.80391541461,19066.551711985165,22038.759955135345,105994.12008855073,75.50413436594353,217.60222773636525,6202.685770781419,26379.09776789763,244.59263771435926,2637.707178134514,12116.33450254126,60195.10906762382,254682.52360017036,188506.10265910163,477233.16323961876,5226.820539904102,6209.771527856804,51607.34592954475,109076.52223782522,16572.56576434896,76641.55688696167,150020.1578831438,382373.2728550438,250422.67154314087,178552.02926019716,429290.50665407366,5002.8680706181,6017.529916646043,47079.70926787377,85158.46843550226,14746.36200562862,72225.77128023248,138277.36096192358,340340.80673285725,67770.42125685692,10198.136182423475,27555.54744218784,623.1218993619956,908.7183113298901,3372.7240577843672,2684.317462626358,1691.2256564514182,10944.596504897514,9309.46741817516,26131.395645031924,61201.33847195409,10194.805455089696,27544.718587805615,622.6451729415759,907.6637082975008,3358.626739524553,2675.785429187252,1686.2874550039792,10927.325426777004,9300.419919642609,26115.899781187647,206821.19329913604,3546.1897641123987,43295.19853259348,212.89005717546576,683.9839905014012,3321.6201768037454,4132.134703250668,1723.5823130949625,17053.77911215748,3526.9278961768796,43098.933964120544,206080.07285862454,3545.026780344036,43288.05908127642,212.88627752556917,683.962641538337,3320.4183217574214,4131.337345513504,1723.5043503762024,17053.32530158853,3525.7933015785475,43091.96187159413
DZ_S_corr_pair_-0.2,298379.87021849235,232810.80592203003,865844.2583113133,12869.815871190833,19693.939676746868,73584.82752061686,193459.1879287093,19902.596629726097,107442.67754133561,174557.95241928202,543088.7036434643,290376.88464512327,205453.41117871163,524281.8195848917,9248.870798942451,16514.06228034287,63928.269766699326,112708.97050016318,17561.62453641576,99902.20203509596,152664.8594255993,389435.0229957419,117748.80719949072,66568.41953702524,423011.7524953186,4265.16544849112,4925.477913275581,30602.01536202867,115014.1116258683,5931.8781288394175,25091.988822838586,46484.39344825899,235923.2629513731,116745.22543247798,54237.59245381479,207068.08717667835,3117.2087664773976,4066.627232288919,24680.156301306535,64286.864498468814,4713.5999448848215,22343.49119543418,44678.697181358875,144501.7647730725,266465.22369870753,190983.55095414823,739795.7223796592,410.9973864313625,1934.8776147430353,23512.7765890934,99923.3211209325,5146.713565638194,34705.886237875005,142787.444337858,466211.7596635861,229444.6505929752,143099.91791057718,393753.97479546745,398.86088112361944,1770.7551294855814,21975.789708156888,56534.65292310385,4956.014090363154,33937.81211294043,90030.36549618578,273806.59178095544,65090.04159040042,27054.418974668988,249087.23627263124,82.63091111495666,234.1601494884023,7332.620939807654,47498.777868229314,255.01688131039762,2721.309331987398,12215.77890147409,107420.22849104821,19066.551711985165,22038.759955135345,105994.12008855073,75.50413436594353,217.60222773636525,6219.774502398527,26435.20565683531,244.59263771435926,2637.707178134514,12139.547928776614,60329.996068662724,254682.52360017036,188506.10265910163,477233.16323961876,5226.820539904102,6209.771527856804,52454.408156947866,110017.20430787715,16572.56576434896,76641.55688696167,151171.88260884935,384062.01111316483,250422.67154314087,178552.02926019716,429290.50665407366,5002.8680706181,6017.529916646043,47564.74872213047,85925.51473889561,14746.36200562862,72225.77128023248,139944.95357452056,343069.148839452,67770.42125685692,10198.136182423475,27555.54744218784,623.1218993619956,908.7183113298901,3375.6612954903962,2686.5398755988135,1691.2256564514182,10944.596504897514,9330.29764834331,26161.710576315894,61201.33847195409,10194.805455089696,27544.718587805615,622.6451729415759,907.6637082975008,3361.5014315913786,2677.959042118356,1686.2874550039792,10927.325426777004,9321.074438118838,26146.004234031698,206821.19329913604,3546.1897641123987,43295.19853259348,212.89005717546576,683.9839905014012,3324.6197745830495,4134.6854509244795,1723.5823130949625,17053.77911215748,3529.573801522645,43124.71640677621,206080.07285862454,3545.026780344036,43288.05908127642,212.88627752556917,683.962641538337,3323.4150179442136,4133.886381412208,1723.5043503762024,17053.32530158853,3528.436386102613,43117.7281106658
DZ_S_corr_pair_-0.3,298379.87021849235,232810.80592203003,865844.2583113133,12869.815871190833,19693.939676746868,76154.10591731615,198174.98944686307,19902.596629726097,107442.67754133561,175123.24209435203,546649.1642464556,290376.88464512327,205453.41117871163,524281.8195848917,9248.870798942451,16514.06228034287,65232.82385447434,114777.76897944591,17561.62453641576,99902.20203509596,154761.60996890513,393024.80734308565,117748.80719949072,66568.41953702524,423011.7524953186,4265.16544849112,4925.477913275581,31849.882587623997,117841.1567394544,5931.8781288394175,25091.988822838586,47903.64995269942,241194.6438380294,116745.22543247798,54237.59245381479,207068.08717667835,3117.2087664773976,4066.627232288919,25168.600053892336,65407.456177697546,4713.5999448848215,22343.49119543418,45579.736413314524,146876.2135254286,266465.22369870753,190983.55095414823,739795.7223796592,410.9973864313625,1934.8776147430353,23626.37836587718,100450.46572322142,5146.713565638194,34705.886237875005,142903.6060432222,468300.61666798015,229444.6505929752,143099.91791057718,393753.97479546745,398.86088112361944,1770.7551294855814,22038.536579879117,56690.05609573053,4956.014090363154,33937.81211294043,90214.64679033932,274358.5886799969,65090.04159040042,27054.418974668988,249087.23627263124,82.63091111495666,234.1601494884023,7368.171948739829,47735.52409656839,255.01688131039762,2721.309331987398,12244.0111731951,108035.76979891356,19066.551711985165,22038.759955135345,105994.12008855073,75.50413436594353,217.60222773636525,6237.078090362691,26492.150038262527,244.59263771435926,2637.707178134514,12163.17534946053,60468.14291968722,254682.52360017036,188506.10265910163,477233.16323961876,5226.820539904102,6209.771527856804,53365.19517791073,111027.52284412271,16572.56576434896,76641.55688696167,152428.2416747502,385905.6928166652,250422.67154314087,178552.02926019716,429290.50665407366,5002.8680706181,6017.529916646043,48070.411544083196,86738.87737861428,14746.36200562862,72225.77128023248,141716.39173213343,345975.8869790097,67770.42125685692,10198.136182423475,27555.54744218784,623.1218993619956,908.7183113298901,3378.6889511010586,2688.8623721449576,1691.2256564514182,10944.596504897514,9351.730969479262,26192.925037816254,61201.33847195409,10194.805455089696,27544.718587805615,622.6451729415759,907.6637082975008,3364.4540538733113,2680.220257170108,1686.2874550039792,10927.325426777004,9342.301425021435,26176.971405656772,206821.19329913604,3546.1897641123987,43295.19853259348,212.89005717546576,683.9839905014012,3327.6302168068746,4137.244267122331,1723.5823130949625,17053.77911215748,3532.23014057632,43150.58415597823,206080.07285862454,3545.026780344036,43288.05908127642,212.88627752556917,683.962641538337,3326.4225411662346,4136.443475452119,1723.5043503762024,17053.32530158853,3531.0898870894207,43143.57956077669
DZ_S_corr_pair_-0.4,298379.87021849235,232810.80592203003,865844.2583113133,12869.815871190833,19693.939676746868,79197.03172209687,203636.09790101124,19902.596629726097,107442.67754133561,175848.85231265356,550817.6542789751,290376.88464512327,205453.41117871163,524281.8195848917,9248.870798942451,16514.06228034287,66655.40203870488,117128.64531537214,17561.62453641576,99902.20203509596,157128.38372742824,397114.1619897958,117748.80719949072,66568.41953702524,423011.7524953186,4265.16544849112,4925.477913275581,33324.69746079377,121086.4768568151,5931.8781288394175,25091.988822838586,49673.84774298529,247532.35876373312,116745.22543247798,54237.59245381479,207068.08717667835,3117.2087664773976,4066.627232288919,25698.351856325793,66655.69753491611,4713.5999448848215,22343.49119543418,46586.14487834123,149563.62492096395,266465.22369870753,190983.55095414823,739795.7223796592,410.9973864313625,1934.8776147430353,23743.929134077327,100992.88955398313,5146.713565638194,34705.886237875005,143022.21097924237,470447.78497125936,229444.6505929752,143099.91791057718,393753.97479546745,398.86088112361944,1770.7551294855814,22102.505882154157,56849.18369785972,4956.014090363154,33937.81211294043,90405.4170979626,274925.2761584212,65090.04159040042,27054.418974668988,249087.23627263124,82.63091111495666,234.1601494884023,7404.48328459949,47977.49185178378,255.01688131039762,2721.309331987398,12273.072900206636,108668.18663640406,19066.551711985165,22038.759955135345,105994.12008855073,75.50413436594353,217.60222773636525,6254.600906783865,26549.951543717514,244.59263771435926,2637.707178134514,12187.22763480892,60609.63868218877,254682.52360017036,188506.10265910163,477233.16323961876,5226.820539904102,6209.771527856804,54349.06923881458,112116.79683886247,16572.56576434896,76641.55688696167,153805.67657994077,387927.0422807938,250422.67154314087,178552.02926019716,429290.50665407366,5002.8680706181,6017.529916646043,48598.32430439289,87604.00054443364,14746.36200562862,72225.77128023248,143603.62935237854,349082.4833635781,67770.42125685692,10198.136182423475,27555.54744218784,623.1218993619956,908.7183113298901,3381.8075876194507,2691.286128642808,1691.2256564514182,10944.596504897514,9373.79070282993,26225.0756387633,61201.33847195409,10194.805455089696,27544.718587805615,622.6451729415759,907.6637082975008,3367.4857740188236,2682.5707133742826,1686.2874550039792,10927.325426777004,9364.124391902196,26208.838206641696,206821.19329913604,3546.1897641123987,43295.19853259348,212.89005717546576,683.9839905014012,3330.651551714066,4139.811184605151,1723.5823130949625,17053.77911215748,3534.8969647295085,43176.53756126641,206080.07285862454,3545.026780344036,43288.05908127642,212.88627752556917,683.962641538337,3329.4409395652065,4139.008660340258,1723.5043503762024,17053.32530158853,3533.7538558225674,43169.516570913715
DZ_S_corr_pair_-0.5,298379.87021849235,232810.80592203003,865844.2583113133,12869.815871190833,19693.939676746868,82906.66445345989,210109.98294830887,19902.596629726097,107442.67754133561,176816.5460799595,555839.5884633884,290376.88464512327,205453.41117871163,524281.8195848917,9248.870798942451,16514.06228034287,68217.11657230298,119835.91706769772,17561.62453641576,99902.20203509596,159832.3002991547,401836.9096405199,117748.80719949072,66568.41953702524,423011.7524953186,4265.16544849112,4925.477913275581,35105.966708557105,124879.79583433045,5931.8781288394175,25091.988822838586,51952.1535829736,255373.3228130756,116745.22543247798,54237.59245381479,207068.08717667835,3117.2087664773976,4066.627232288919,26275.620582041687,68057.84386096342,4713.5999448848215,22343.49119543418,47718.5831034478,152635.83728820525,266465.22369870753,190983.55095414823,739795.7223796592,410.9973864313625,1934.8776147430353,23865.673902636434,101551.42099707543,5146.713565638194,34705.886237875005,143143.3361413246,472656.1659943148,229444.6505929752,143099.91791057718,393753.97479546745,398.86088112361944,1770.7551294855814,22167.74205947659,57012.1882296791,4956.014090363154,33937.81211294043,90602.95826318975,275507.2744791687,65090.04159040042,27054.418974668988,249087.23627263124,82.63091111495666,234.1601494884023,7441.585516052053,48224.880530368595,255.01688131039762,2721.309331987398,12303.004275475314,109318.29276636228,19066.551711985165,22038.759955135345,105994.12008855073,75.50413436594353,217.60222773636525,6272.347531772489,26608.632632681863,244.59263771435926,2637.707178134514,12211.716281615276,60754.583974736255,254682.52360017036,188506.10265910163,477233.16323961876,5226.820539904102,6209.771527856804,55417.59419037932,113296.75751830399,16572.56576434896,76641.55688696167,155324.96363181993,390155.12050667015,250422.67154314087,178552.02926019716,429290.50665407366,5002.8680706181,6017.529916646043,49150.33857928695,88527.359803868,14746.36200562862,72225.77128023248,145620.76839113527,352414.5050636105,67770.42125685692,10198.136182423475,27555.54744218784,623.1218993619956,908.7183113298901,3385.019331390091,2693.8139363305468,1691.2256564514182,10944.596504897514,9396.505757555911,26258.207730803344,61201.33847195409,10194.805455089696,27544.718587805615,622.6451729415759,907.6637082975008,3370.598945490271,2685.013307089299,1686.2874550039792,10927.325426777004,9386.571639948772,26241.649255751003,206821.19329913604,3546.1897641123987,43295.19853259348,212.89005717546576,683.9839905014012,3333.6838279330195,4142.386236392288,1723.5823130949625,17053.77911215748,3537.574325797943,43202.57697482377,206080.07285862454,3545.026780344036,43288.05908127642,212.88627752556917,683.962641538337,3332.4702616711747,4141.58196904164,1723.5043503762024,17053.32530158853,3536.4283440102886,43195.53949271195
DZ_S_corr_pair_-0.6,298379.87021849235,232810.80592203003,865844.2583113133,12869.815871190833,19693.939676746868,87615.58329289287,218040.07350763236,19902.596629726097,107442.67754133561,178176.6060262512,562146.0934786027,290376.88464512327,205453.41117871163,524281.8195848917,9248.870798942451,16514.06228034287,69945.08922767012,123005.64104189449,17561.62453641576,99902.20203509596,162967.63191702298,407385.1638947538,117748.80719949072,66568.41953702524,423011.7524953186,4265.16544849112,4925.477913275581,37318.394062951484,129418.23049190437,5931.8781288394175,25091.988822838586,55009.19494060155,265451.37024595495,116745.22543247798,54237.59245381479,207068.08717667835,3117.2087664773976,4066.627232288919,26907.974024834755,69648.63485486202,4713.5999448848215,22343.49119543418,49003.7641926837,156189.95957322125,266465.22369870753,190983.55095414823,739795.7223796592,410.9973864313625,1934.8776147430353,,,5146.713565638194,34705.886237875005,,,229444.6505929752,143099.91791057718,393753.97479546745,398.86088112361944,1770.7551294855814,,,4956.014090363154,33937.81211294043,,,65090.04159040042,27054.418974668988,249087.23627263124,82.63091111495666,234.1601494884023,,,255.01688131039762,2721.309331987398,,,19066.551711985165,22038.759955135345,105994.12008855073,75.50413436594353,217.60222773636525,,,244.59263771435926,2637.707178134514,,,254682.52360017036,188506.10265910163,477233.16323961876,5226.820539904102,6209.771527856804,56585.249896163776,114582.25605496313,16572.56576434896,76641.55688696167,157012.6447573177,392627.2820826071,250422.67154314087,178552.02926019716,429290.50665407366,5002.8680706181,6017.529916646043,49728.567574064,89516.71908298261,14746.36200562862,72225.77128023248,147784.58053234816,356002.66706173104,67770.42125685692,10198.136182423475,27555.54744218784,623.1218993619956,908.7183113298901,3388.327638658169,2696.4500171200725,1691.2256564514182,10944.596504897514,9419.910334000368,26292.375084904736,61201.33847195409,10194.805455089696,27544.718587805615,622.6451729415759,907.6637082975008,3373.796955544155,2687.5520753323917,1686.2874550039792,10927.325426777004,9409.676086341064,26275.456716607103,206821.19329913604,3546.1897641123987,43295.19853259348,212.89005717546576,683.9839905014012,,,1723.5823130949625,17053.77911215748,,,206080.07285862454,3545.026780344036,43288.05908127642,212.88627752556917,683.962641538337,,,1723.5043503762024,17053.32530158853,,
DZ_S_corr_pair_-0.7,298379.87021849235,232810.80592203003,865844.2583113133,12869.815871190833,19693.939676746868,,,19902.596629726097,107442.67754133561,,,290376.88464512327,205453.41117871163,524281.8195848917,9248.870798942451,16514.06228034287,,,17561.62453641576,99902.20203509596,,,117748.80719949072,66568.41953702524,423011.7524953186,4265.16544849112,4925.477913275581,,,5931.8781288394175,25091.988822838586,,,116745.22543247798,54237.59245381479,207068.08717667835,3117.2087664773976,4066.627232288919,,,4713.5999448848215,22343.49119543418,,,266465.22369870753,190983.55095414823,739795.7223796592,410.9973864313625,1934.8776147430353,,,5146.713565638194,34705.886237875005,,,229444.6505929752,143099.91791057718,393753.97479546745,398.86088112361944,1770.7551294855814,,,4956.014090363154,33937.81211294043,,,65090.04159040042,27054.418974668988,249087.23627263124,82.63091111495666,234.1601494884023,,,255.01688131039762,2721.309331987398,,,19066.551711985165,22038.759955135345,105994.12008855073,75.50413436594353,217.60222773636525,,,244.59263771435926,2637.707178134514,,,254682.52360017036,188506.10265910163,477233.16323961876,5226.820539904102,6209.771527856804,,,16572.56576434896,76641.55688696167,,,250422.67154314087,178552.02926019716,429290.50665407366,5002.8680706181,6017.529916646043,,,14746.36200562862,72225.77128023248,,,67770.42125685692,10198.136182423475,27555.54744218784,623.1218993619956,908.7183113298901,,,1691.2256564514182,10944.596504897514,,,61201.33847195409,10194.805455089696,27544.718587805615,622.6451729415759,907.6637082975008,,,1686.2874550039792,10927.325426777004,,,206821.19329913604,3546.1897641123987,43295.19853259348,212.89005717546576,683.9839905014012,,,1723.5823130949625,17053.77911215748,,,206080.07285862454,3545.026780344036,43288.05908127642,212.88627752556917,683.962641538337,,,1723.5043503762024,17053.32530158853,,
DZ_S_corr_pair_-0.8,298379.87021849235,232810.80592203003,865844.2583113133,12869.815871190833,19693.939676746868,103357.64873852169,242420.8547174366,19902.596629726097,107442.67754133561,183769.0383848969,583217.8715553151,290376.88464512327,205453.41117871163,524281.8195848917,9248.870798942451,16514.06228034287,74053.74683117459,131447.48683124868,17561.62453641576,99902.20203509596,171155.733219219,422275.2715927807,117748.80719949072,66568.41953702524,423011.7524953186,4265.16544849112,4925.477913275581,44043.45064683791,142239.37107486883,5931.8781288394175,25091.988822838586,66089.12928751447,299162.85153930716,116745.22543247798,54237.59245381479,207068.08717667835,3117.2087664773976,4066.627232288919,28377.550453923744,73602.55344366496,4713.5999448848215,22343.49119543418,52185.283847644154,165341.988324363,266465.22369870753,190983.55095414823,739795.7223796592,410.9973864313625,1934.8776147430353,,,5146.713565638194,34705.886237875005,,,229444.6505929752,143099.91791057718,393753.97479546745,398.86088112361944,1770.7551294855814,,,4956.014090363154,33937.81211294043,,,65090.04159040042,27054.418974668988,249087.23627263124,82.63091111495666,234.1601494884023,,,255.01688131039762,2721.309331987398,,,19066.551711985165,22038.759955135345,105994.12008855073,75.50413436594353,217.60222773636525,,,244.59263771435926,2637.707178134514,,,254682.52360017036,188506.10265910163,477233.16323961876,5226.820539904102,6209.771527856804,59297.09646721,117551.6663651214,16572.56576434896,76641.55688696167,161041.90058562186,398513.81748178223,250422.67154314087,178552.02926019716,429290.50665407366,5002.8680706181,6017.529916646043,50973.72107374068,91733.12462279166,14746.36200562862,72225.77128023248,152637.04094835522,364104.9194484851,67770.42125685692,10198.136182423475,27555.54744218784,623.1218993619956,908.7183113298901,3395.2538717767407,2702.0707193561066,1691.2256564514182,10944.596504897514,9468.95167570812,26364.07412758393,61201.33847195409,10194.805455089696,27544.718587805615,622.6451729415759,907.6637082975008,3380.465902464139,2692.939849779846,1686.2874550039792,10927.325426777004,9458.011948277344,26346.308939824474,206821.19329913604,3546.1897641123987,43295.19853259348,212.89005717546576,683.9839905014012,,,1723.5823130949625,17053.77911215748,,,206080.07285862454,3545.026780344036,43288.05908127642,212.88627752556917,683.962641538337,,,1723.5043503762024,17053.32530158853,,
DZ_S_corr_pair_-0.9,298379.87021849235,232810.80592203003,865844.2583113133,12869.815871190833,19693.939676746868,119833.628416953,265151.4026786489,19902.596629726097,107442.67754133561,191299.18723837085,606675.3291226649,290376.88464512327,205453.41117871163,524281.8195848917,9248.870798942451,16514.06228034287,76546.9498494118,137365.98667860773,17561.62453641576,99902.20203509596,176762.68719764816,432841.59911440336,117748.80719949072,66568.41953702524,423011.7524953186,4265.16544849112,4925.477913275581,49718.68659874892,152157.05108773598,5931.8781288394175,25091.988822838586,78088.00243327497,332700.1068991474,116745.22543247798,54237.59245381479,207068.08717667835,3117.2087664773976,4066.627232288919,29241.135139227885,76125.12337573728,4713.5999448848215,22343.49119543418,54194.48870075881,171422.6214049806,266465.22369870753,190983.55095414823,739795.7223796592,410.9973864313625,1934.8776147430353,24400.32640429789,103965.84520870345,5146.713565638194,34705.886237875005,143654.75950454464,482168.40820958826,229444.6505929752,143099.91791057718,393753.97479546745,398.86088112361944,1770.7551294855814,22442.345589027533,57706.49600363618,4956.014090363154,33937.81211294043,91467.4059471561,278002.7330649109,65090.04159040042,27054.418974668988,249087.23627263124,82.63091111495666,234.1601494884023,7598.589609059598,49273.165291262376,255.01688131039762,2721.309331987398,12432.353748122383,112114.11563102998,19066.551711985165,22038.759955135345,105994.12008855073,75.50413436594353,217.60222773636525,6345.670923858365,26852.664234166066,244.59263771435926,2637.707178134514,12314.287499443923,61371.26684598834,254682.52360017036,188506.10265910163,477233.16323961876,5226.820539904102,6209.771527856804,60896.784199205234,119293.17590443477,16572.56576434896,76641.55688696167,163490.33555802956,402079.1338785106,250422.67154314087,178552.02926019716,429290.50665407366,5002.8680706181,6017.529916646043,51646.66170063882,92985.91067662997,14746.36200562862,72225.77128023248,155380.08372240717,368721.54503635113,67770.42125685692,10198.136182423475,27555.54744218784,623.1218993619956,908.7183113298901,3398.88482119519,2705.07073403471,1691.2256564514182,10944.596504897514,9494.68462082087,26401.75875936355,61201.33847195409,10194.805455089696,27544.718587805615,622.6451729415759,907.6637082975008,3383.948526335079,2695.802631320605,1686.2874550039792,10927.325426777004,9483.333829603178,26383.499321953786,206821.19329913604,3546.1897641123987,43295.19853259348,212.89005717546576,683.9839905014012,,,1723.5823130949625,17053.77911215748,,,206080.07285862454,3545.026780344036,43288.05908127642,212.88627752556917,683.962641538337,,,1723.5043503762024,17053.32530158853,,
M_var_all_0.1,298379.87021849235,232810.80592203003,865844.2583113133,12869.815871190833,19693.939676746868,78072.6863029593,257225.14540474338,19902.596629726097,107442.67754133561,222811.023122286,806923.4586648768,290376.88464512327,205453.41117871163,524281.8195848917,9248.870798942451,16514.06228034287,64287.000596424354,137808.82387074898,17561.62453641576,99902.20203509596,188551.05514813357,479334.24299779726,117748.80719949072,66568.41953702524,423011.7524953186,4265.16544849112,4925.477913275581,32496.47604749035,140845.97636836534,5931.8781288394175,25091.988822838586,50874.88902321284,350877.24143244507,116745.22543247798,54237.59245381479,207068.08717667835,3117.2087664773976,4066.627232288919,24860.22769628342,74601.5408037872,4713.5999448848215,22343.49119543418,47880.295898254284,180918.77781232746,266465.22369870753,190983.55095414823,739795.7223796592,410.9973864313625,1934.8776147430353,31555.67398187461,142651.73587082818,5146.713565638194,34705.886237875005,188195.426317154,685239.1527241123,229444.6505929752,143099.91791057718,393753.97479546745,398.86088112361944,1770.7551294855814,26254.48882378297,75639.78013578782,4956.014090363154,33937.81211294043,130744.08763597354,360991.0378492634,65090.04159040042,27054.418974668988,249087.23627263124,82.63091111495666,234.1601494884023,10571.679589165315,64191.62439631362,255.01688131039762,2721.309331987398,17284.510456806744,179311.0264537212,19066.551711985165,22038.759955135345,105994.12008855073,75.50413436594353,217.60222773636525,8028.8170417306,34060.327687361445,244.59263771435926,2637.707178134514,16102.392140891128,85524.70539550592,254682.52360017036,188506.10265910163,477233.16323961876,5226.820539904102,6209.771527856804,54746.816319789905,124878.15175157393,16572.56576434896,76641.55688696167,175792.48231550556,439032.95832120226,250422.67154314087,178552.02926019716,429290.50665407366,5002.8680706181,6017.529916646043,49009.405898187244,95897.77104844898,14746.36200562862,72225.77128023248,163215.94935413596,388289.23199668975,67770.42125685692,10198.136182423475,27555.54744218784,623.1218993619956,908.7183113298901,3390.050150411482,2708.5092696775855,1691.2256564514182,10944.596504897514,9306.070242974198,26233.975437144418,61201.33847195409,10194.805455089696,27544.718587805615,622.6451729415759,907.6637082975008,3374.182067648684,2699.5770441453674,1686.2874550039792,10927.325426777004,9295.230033548989,26217.475279914845,206821.19329913604,3546.1897641123987,43295.19853259348,212.89005717546576,683.9839905014012,3318.631375617347,4129.591991597214,1723.5823130949625,17053.77911215748,3524.2923735700574,43073.23648110783,206080.07285862454,3545.026780344036,43288.05908127642,212.88627752556917,683.962641538337,3317.4324048504936,4128.796335305664,1723.5043503762024,17053.32530158853,3523.1605826537893,43066.280497197055
M_var_all_0.2,298379.87021849235,232810.80592203003,865844.2583113133,12869.815871190833,19693.939676746868,77575.81782576223,253530.49422940274,19902.596629726097,107442.67754133561,220668.28549051835,792393.0838368334,290376.88464512327,205453.41117871163,524281.8195848917,9248.870798942451,16514.06228034287,64167.55113747881,136336.58811729934,17561.62453641576,99902.20203509596,186617.33755748614,474279.3439039209,117748.80719949072,66568.41953702524,423011.7524953186,4265.16544849112,4925.477913275581,32272.731643958643,139536.7150794691,5931.8781288394175,25091.988822838586,50521.0689294952,344197.2123145669,116745.22543247798,54237.59245381479,207068.08717667835,3117.2087664773976,4066.627232288919,24806.714286286868,74061.32450684023,4713.5999448848215,22343.49119543418,47669.949413154034,178813.74462804166,266465.22369870753,190983.55095414823,739795.7223796592,410.9973864313625,1934.8776147430353,31098.959141730415,140507.2306760441,5146.713565638194,34705.886237875005,186344.6483016805,674403.7744578639,229444.6505929752,143099.91791057718,393753.97479546745,398.86088112361944,1770.7551294855814,26044.15481411609,74688.92942855306,4956.014090363154,33937.81211294043,128808.75971618113,356736.5781429992,65090.04159040042,27054.418974668988,249087.23627263124,82.63091111495666,234.1601494884023,10404.394957468861,63462.165230965555,255.01688131039762,2721.309331987398,16979.628602820518,175310.12105518673,19066.551711985165,22038.759955135345,105994.12008855073,75.50413436594353,217.60222773636525,7937.3524235048535,33720.926508866236,244.59263771435926,2637.707178134514,15893.286740163028,84228.95019681203,254682.52360017036,188506.10265910163,477233.16323961876,5226.820539904102,6209.771527856804,54594.951835451175,124308.38912882307,16572.56576434896,76641.55688696167,174883.24968628667,437018.741190838,250422.67154314087,178552.02926019716,429290.50665407366,5002.8680706181,6017.529916646043,48926.50664920741,95486.99627754916,14746.36200562862,72225.77128023248,162262.08571782906,386400.16937905917,67770.42125685692,10198.136182423475,27555.54744218784,623.1218993619956,908.7183113298901,3388.8839103500754,2706.8244568949585,1691.2256564514182,10944.596504897514,9305.496746275585,26226.842355712648,61201.33847195409,10194.805455089696,27544.718587805615,622.6451729415759,907.6637082975008,3373.11259053786,2697.898749475018,1686.2874550039792,10927.325426777004,9294.726982156562,26210.394317040827,206821.19329913604,3546.1897641123987,43295.19853259348,212.89005717546576,683.9839905014012,3318.631375617347,4129.591991597214,1723.5823130949625,17053.77911215748,3524.2923735700574,43073.23648110783,206080.07285862454,3545.026780344036,43288.05908127642,212.88627752556917,683.962641538337,3317.4324048504936,4128.796335305664,1723.5043503762024,17053.32530158853,3523.1605826537893,43066.280497197055
M_var_all_0.3,298379.87021849235,232810.80592203003,865844.2583113133,12869.815871190833,19693.939676746868,76281.91999856906,243600.08640977356,19902.596629726097,107442.67754133561,214742.68825705422,753468.0760484878,290376.88464512327,205453.41117871163,524281.8195848917,9248.870798942451,16514.06228034287,63845.19574785256,132390.5719177068,17561.62453641576,99902.20203509596,181399.1730546938,460834.7034328129,117748.80719949072,66568.41953702524,423011.7524953186,4265.16544849112,4925.477913275581,31681.078242342868,135864.27227636278,5931.8781288394175,25091.988822838586,49585.33176105514,326290.00132789917,116745.22543247798,54237.59245381479,207068.08717667835,3117.2087664773976,4066.627232288919,24662.827866335345,72559.93605782412,4713.5999448848215,22343.49119543418,47089.84824863869,173179.6509379171,266465.22369870753,190983.55095414823,739795.7223796592,410.9973864313625,1934.8776147430353,29863.422269958675,134587.1308304625,5146.713565638194,34705.886237875005,181062.94259617903,644350.4935881012,229444.6505929752,143099.91791057718,393753.97479546745,398.86088112361944,1770.7551294855814,25459.957445856213,72063.23629707607,4956.014090363154,33937.81211294043,123417.86459285491,344958.76024548704,65090.04159040042,27054.418974668988,249087.23627263124,82.63091111495666,234.1601494884023,9943.468368345051,61390.39889904571,255.01688131039762,2721.309331987398,16168.388219106782,164471.80638742165,19066.551711985165,22038.759955135345,105994.12008855073,75.50413436594353,217.60222773636525,7684.9672883320545,32763.54122142787,244.59263771435926,2637.707178134514,15323.336060936932,80677.20327980073,254682.52360017036,188506.10265910163,477233.16323961876,5226.820539904102,6209.771527856804,54160.30675703534,122638.58831851886,16572.56576434896,76641.55688696167,172220.19530822686,431132.4901086536,250422.67154314087,178552.02926019716,429290.50665407366,5002.8680706181,6017.529916646043,48685.18799788772,94295.72609170544,14746.36200562862,72225.77128023248,159497.5373467256,380964.04342506785,67770.42125685692,10198.136182423475,27555.54744218784,623.1218993619956,908.7183113298901,3385.7702026818074,2702.4298630694393,1691.2256564514182,10944.596504897514,9303.790387407587,26207.56906865979,61201.33847195409,10194.805455089696,27544.718587805615,622.6451729415759,907.6637082975008,3370.260516405941,2693.528008160764,1686.2874550039792,10927.325426777004,9293.227544655278,26191.266148596347,206821.19329913604,3546.1897641123987,43295.19853259348,212.89005717546576,683.9839905014012,3318.631375617347,4129.591991597214,1723.5823130949625,17053.77911215748,3524.2923735700574,43073.23648110783,206080.07285862454,3545.026780344036,43288.05908127642,212.88627752556917,683.962641538337,3317.4324048504936,4128.796335305664,1723.5043503762024,17053.32530158853,3523.1605826537893,43066.280497197055
M_var_all_0.6,298379.87021849235,232810.80592203003,865844.2583113133,12869.815871190833,19693.939676746868,73620.9637179264,221822.42181425644,19902.596629726097,107442.67754133561,200760.48533861924,669454.3648836947,290376.88464512327,205453.41117871163,524281.8195848917,9248.870798942451,16514.06228034287,63109.32933355923,123761.77942238138,17561.62453641576,99902.20203509596,169757.67460416455,431818.39102573076,117748.80719949072,66568.41953702524,423011.7524953186,4265.16544849112,4925.477913275581,30446.152228002775,127056.59574371234,5931.8781288394175,25091.988822838586,47599.47076163586,287705.35670646915,116745.22543247798,54237.59245381479,207068.08717667835,3117.2087664773976,4066.627232288919,24347.72231874541,69021.20468082064,4713.5999448848215,22343.49119543418,45735.75126377125,160916.53635934752,266465.22369870753,190983.55095414823,739795.7223796592,410.9973864313625,1934.8776147430353,27210.856125882085,121173.0566576481,5146.713565638194,34705.886237875005,168048.63008842792,575754.7106638602,229444.6505929752,143099.91791057718,393753.97479546745,398.86088112361944,1770.7551294855814,24119.93467843131,66112.61911016428,4956.014090363154,33937.81211294043,110959.35604829626,318074.81575338205,65090.04159040042,27054.418974668988,249087.23627263124,82.63091111495666,234.1601494884023,8909.830018330777,56372.41693310482,255.01688131039762,2721.309331987398,14491.293428981324,141103.57008759273,19066.551711985165,22038.759955135345,105994.12008855073,75.50413436594353,217.60222773636525,7115.606586046632,30480.32580952472,244.59263771435926,2637.707178134514,14070.897651438381,72769.72813893424,254682.52360017036,188506.10265910163,477233.16323961876,5226.820539904102,6209.771527856804,53073.82467236927,118219.2252237185,16572.56576434896,76641.55688696167,165162.77975515285,415641.2743052824,250422.67154314087,178552.02926019716,429290.50665407366,5002.8680706181,6017.529916646043,48054.44047225171,91214.49091699057,14746.36200562862,72225.77128023248,152356.99330726467,367156.4465408584,67770.42125685692,10198.136182423475,27555.54744218784,623.1218993619956,908.7183113298901,3379.2632089656904,2693.7369239048444,1691.2256564514182,10944.596504897514,9299.214186302901,26165.966230646838,61201.33847195409,10194.805455089696,27544.718587805615,622.6451729415759,907.6637082975008,3364.3208324320867,2684.927995542214,1686.2874550039792,10927.325426777004,9289.190293627506,26150.005811494295,206821.19329913604,3546.1897641123987,43295.19853259348,212.89005717546576,683.9839905014012,3318.631375617347,4129.591991597214,1723.5823130949625,17053.77911215748,3524.2923735700574,43073.23648110783,206080.07285862454,3545.026780344036,43288.05908127642,212.88627752556917,683.962641538337,3317.4324048504936,4128.796335305664,1723.5043503762024,17053.32530158853,3523.1605826537893,43066.280497197055
M_var_all_1.0,298379.87021849235,232810.80592203003,865844.2583113133,12869.815871190833,19693.939676746868,69423.7474047352,185624.67353463243,19902.596629726097,107442.67754133561,173732.79044797336,537234.4481676806,290376.88464512327,205453.41117871163,524281.8195848917,9248.870798942451,16514.06228034287,61609.74842409084,109217.33688453716,17561.62453641576,99902.20203509596,149096.65913614645,383393.85573388543,117748.80719949072,66568.41953702524,423011.7524953186,4265.16544849112,4925.477913275581,28589.87538220048,110282.42238279314,5931.8781288394175,25091.988822838586,44341.36420360346,227559.91512926115,116745.22543247798,54237.59245381479,207068.08717667835,3117.2087664773976,4066.627232288919,23807.459653605438,62352.2954482918,4713.5999448848215,22343.49119543418,43131.13171048547,140486.94350120143,266465.22369870753,190983.55095414823,739795.7223796592,410.9973864313625,1934.8776147430353,23296.537915938137,98911.87341822051,5146.713565638194,34705.886237875005,142562.16606967885,462198.4072209,229444.6505929752,143099.91791057718,393753.97479546745,398.86088112361944,1770.7551294855814,21853.798655089176,56234.473318527096,4956.014090363154,33937.81211294043,89680.26937589118,272744.44783371815,65090.04159040042,27054.418974668988,249087.23627263124,82.63091111495666,234.1601494884023,7263.687008592551,47040.221576401906,255.01688131039762,2721.309331987398,12161.656976376355,106236.78769909262,19066.551711985165,22038.759955135345,105994.12008855073,75.50413436594353,217.60222773636525,6185.807737253697,26323.80766162129,244.59263771435926,2637.707178134514,12093.524815604715,60063.405027436296,254682.52360017036,188506.10265910163,477233.16323961876,5226.820539904102,6209.771527856804,50816.34029221895,108198.1027252718,16572.56576434896,76641.55688696167,148959.98619020442,380821.81585947017,250422.67154314087,178552.02926019716,429290.50665407366,5002.8680706181,6017.529916646043,46613.86325311722,84433.13230371126,14746.36200562862,72225.77128023248,136703.40975841583,337772.71805648075,67770.42125685692,10198.136182423475,27555.54744218784,623.1218993619956,908.7183113298901,3369.878683776085,2682.195941875085,1691.2256564514182,10944.596504897514,9289.22334509677,26101.953448035118,61201.33847195409,10194.805455089696,27544.718587805615,622.6451729415759,907.6637082975008,3355.830295552549,2673.699283431177,1686.2874550039792,10927.325426777004,9280.319704849704,26086.629597535935,206821.19329913604,3546.1897641123987,43295.19853259348,212.89005717546576,683.9839905014012,3318.631375617347,4129.591991597214,1723.5823130949625,17053.77911215748,3524.2923735700574,43073.23648110783,206080.07285862454,3545.026780344036,43288.05908127642,212.88627752556917,683.962641538337,3317.4324048504936,4128.796335305664,1723.5043503762024,17053.32530158853,3523.1605826537893,43066.280497197055
M_var_all_1.8,298379.87021849235,232810.80592203003,865844.2583113133,12869.815871190833,19693.939676746868,63339.01151569068,140524.47349855257,19902.596629726097,107442.67754133561,131902.89652637168,389608.76972834475,290376.88464512327,205453.41117871163,524281.8195848917,9248.870798942451,16514.06228034287,58408.445630973205,89697.3794511997,17561.62453641576,99902.20203509596,118734.0800468538,318205.65960666427,117748.80719949072,66568.41953702524,423011.7524953186,4265.16544849112,4925.477913275581,26398.691478898072,86088.36979906194,5931.8781288394175,25091.988822838586,39569.34202460915,161532.10384230118,116745.22543247798,54237.59245381479,207068.08717667835,3117.2087664773976,4066.627232288919,22953.02347281851,52257.064751474456,4713.5999448848215,22343.49119543418,38658.57829759743,113713.10514755167,266465.22369870753,190983.55095414823,739795.7223796592,410.9973864313625,1934.8776147430353,19446.08729309917,72449.58242707055,5146.713565638194,34705.886237875005,104475.37327947009,331617.68147695105,229444.6505929752,143099.91791057718,393753.97479546745,398.86088112361944,1770.7551294855814,19060.491363600224,44399.88764337745,4956.014090363154,33937.81211294043,63877.74545169308,217257.55397732634,65090.04159040042,27054.418974668988,249087.23627263124,82.63091111495666,234.1601494884023,5515.492964405061,34517.77229808132,255.01688131039762,2721.309331987398,9994.71451520349,71214.57046742753,19066.551711985165,22038.759955135345,105994.12008855073,75.50413436594353,217.60222773636525,5114.04681331188,20751.29552234897,244.59263771435926,2637.707178134514,9826.197049806131,45517.25831308382,254682.52360017036,188506.10265910163,477233.16323961876,5226.820539904102,6209.771527856804,46740.72465297125,89950.42909314035,16572.56576434896,76641.55688696167,118522.63166211799,318413.15503730613,250422.67154314087,178552.02926019716,429290.50665407366,5002.8680706181,6017.529916646043,43623.345953659016,72125.22938879218,14746.36200562862,72225.77128023248,108792.88214385763,287132.68602016685,67770.42125685692,10198.136182423475,27555.54744218784,623.1218993619956,908.7183113298901,3360.213323578361,2670.4976531240477,1691.2256564514182,10944.596504897514,9272.900772748135,26031.518410909062,61201.33847195409,10194.805455089696,27544.718587805615,622.6451729415759,907.6637082975008,3347.231360575197,2662.716901420345,1686.2874550039792,10927.325426777004,9265.713225779218,26017.10013141052,206821.19329913604,3546.1897641123987,43295.19853259348,212.89005717546576,683.9839905014012,3318.631375617347,4129.591991597214,1723.5823130949625,17053.77911215748,3524.2923735700574,43073.23648110783,206080.07285862454,3545.026780344036,43288.05908127642,212.88627752556917,683.962641538337,3317.4324048504936,4128.796335305664,1723.5043503762024,17053.32530158853,3523.1605826537893,43066.280497197055
M_var_all_3.2,298379.87021849235,232810.80592203003,865844.2583113133,12869.815871190833,19693.939676746868,54064.62795527312,98583.71821465809,19902.596629726097,107442.67754133561,85724.1715864403,269171.4386577628,290376.88464512327,205453.41117871163,524281.8195848917,9248.870798942451,16514.06228034287,51838.572265888,68518.70296693755,17561.62453641576,99902.20203509596,83345.73315219131,247564.95989416412,117748.80719949072,66568.41953702524,423011.7524953186,4265.16544849112,4925.477913275581,23728.06221040027,60928.701653654316,5931.8781288394175,25091.988822838586,32622.11967293074,108173.04142074968,116745.22543247798,54237.59245381479,207068.08717667835,3117.2087664773976,4066.627232288919,21439.234246714557,40120.04550850383,4713.5999448848215,22343.49119543418,31720.92844824945,85688.93540674138,266465.22369870753,190983.55095414823,739795.7223796592,410.9973864313625,1934.8776147430353,16570.211550856595,48682.18143498162,5146.713565638194,34705.886237875005,63366.671828364924,220952.8437566664,229444.6505929752,143099.91791057718,393753.97479546745,398.86088112361944,1770.7551294855814,16299.08192367229,33334.38551078757,4956.014090363154,33937.81211294043,40882.78326298321,164646.70795887176,65090.04159040042,27054.418974668988,249087.23627263124,82.63091111495666,234.1601494884023,4249.180288599738,22528.833570943596,255.01688131039762,2721.309331987398,8364.542196632969,45010.694323467455,19066.551711985165,22038.759955135345,105994.12008855073,75.50413436594353,217.60222773636525,4185.406632997761,15095.39276762061,244.59263771435926,2637.707178134514,7727.764262312278,32676.56598166551,254682.52360017036,188506.10265910163,477233.16323961876,5226.820539904102,6209.771527856804,39937.96528155226,66158.05209627305,16572.56576434896,76641.55688696167,78296.37274055027,239322.6098512769,250422.67154314087,178552.02926019716,429290.50665407366,5002.8680706181,6017.529916646043,37953.613931461274,55206.046301778886,14746.36200562862,72225.77128023248,72881.18024967039,222097.4094213479,67770.42125685692,10198.136182423475,27555.54744218784,623.1218993619956,908.7183113298901,3352.0553713817458,2659.177209296268,1691.2256564514182,10944.596504897514,9253.526818426175,25971.940056806245,61201.33847195409,10194.805455089696,27544.718587805615,622.6451729415759,907.6637082975008,3340.109418898478,2652.4148629895053,1686.2874550039792,10927.325426777004,9248.21417276573,25958.53545759359,206821.19329913604,3546.1897641123987,43295.19853259348,212.89005717546576,683.9839905014012,3318.631375617347,4129.591991597214,1723.5823130949625,17053.77911215748,3524.2923735700574,43073.23648110783,206080.07285862454,3545.026780344036,43288.05908127642,212.88627752556917,683.962641538337,3317.4324048504936,4128.796335305664,1723.5043503762024,17053.32530158853,3523.1605826537893,43066.280497197055
M_var_all_5.6,298379.87021849235,232810.80592203003,865844.2583113133,12869.815871190833,19693.939676746868,42476.14377726848,69544.74058908224,19902.596629726097,107442.67754133561,53401.592876472154,194661.7496976731,290376.88464512327,205453.41117871163,524281.8195848917,9248.870798942451,16514.06228034287,42248.97392134839,51213.006810025436,17561.62453641576,99902.20203509596,55292.57165687789,191461.33722334867,117748.80719949072,66568.41953702524,423011.7524953186,4265.16544849112,4925.477913275581,20253.534095994266,42256.21199835203,5931.8781288394175,25091.988822838586,24594.227171986615,74634.27108877753,116745.22543247798,54237.59245381479,207068.08717667835,3117.2087664773976,4066.627232288919,18900.51443405927,29300.780940141925,4713.5999448848215,22343.49119543418,23726.000664266685,63467.22030525372,266465.22369870753,190983.55095414823,739795.7223796592,410.9973864313625,1934.8776147430353,14413.600999368671,31676.672065435,5146.713565638194,34705.886237875005,33618.87917689456,146284.05379179367,229444.6505929752,143099.91791057718,393753.97479546745,398.86088112361944,1770.7551294855814,13842.543900909988,24493.809156648,4956.014090363154,33937.81211294043,24862.723062788464,123142.57911529942,65090.04159040042,27054.418974668988,249087.23627263124,82.63091111495666,234.1601494884023,3579.826306742069,13875.60440932713,255.01688131039762,2721.309331987398,7013.330526435875,28639.293976777386,19066.551711985165,22038.759955135345,105994.12008855073,75.50413436594353,217.60222773636525,3554.5828834873623,10432.119170418153,244.59263771435926,2637.707178134514,6041.424012100861,23192.814658610754,254682.52360017036,188506.10265910163,477233.16323961876,5226.820539904102,6209.771527856804,30377.090700853463,45172.63201189229,16572.56576434896,76641.55688696167,45756.999746586705,172704.0233537629,250422.67154314087,178552.02926019716,429290.50665407366,5002.8680706181,6017.529916646043,29335.205894987066,38978.79356112511,14746.36200562862,72225.77128023248,43507.88828080515,164456.45589332664,67770.42125685692,10198.136182423475,27555.54744218784,623.1218993619956,908.7183113298901,3346.2159802965734,2649.8280726004473,1691.2256564514182,10944.596504897514,9236.42334726921,25929.98303001778,61201.33847195409,10194.805455089696,27544.718587805615,622.6451729415759,907.6637082975008,3335.0730386581195,2643.9790873959087,1686.2874550039792,10927.325426777004,9232.629125384985,25917.78973146474,206821.19329913604,3546.1897641123987,43295.19853259348,212.89005717546576,683.9839905014012,3318.631375617347,4129.591991597214,1723.5823130949625,17053.77911215748,3524.2923735700574,43073.23648110783,206080.07285862454,3545.026780344036,43288.05908127642,212.88627752556917,683.962641538337,3317.4324048504936,4128.796335305664,1723.5043503762024,17053.32530158853,3523.1605826537893,43066.280497197055
M_var_all_10.0,298379.87021849235,232810.80592203003,865844.2583113133,12869.815871190833,19693.939676746868,33407.3949205109,54154.838654704676,19902.596629726097,107442.67754133561,38184.62487253127,158676.4292158021,290376.88464512327,205453.41117871163,524281.8195848917,9248.870798942451,16514.06228034287,34045.00854569024,41049.79042240239,17561.62453641576,99902.20203509596,40519.954165152674,159858.75134634753,117748.80719949072,66568.41953702524,423011.7524953186,4265.16544849112,4925.477913275581,16890.823811482944,31876.80359226684,5931.8781288394175,25091.988822838586,18781.442055827167,57770.05338029195,116745.22543247798,54237.59245381479,207068.08717667835,3117.2087664773976,4066.627232288919,16064.950313432826,22472.014507957378,4713.5999448848215,22343.49119543418,18032.34612645284,50688.15258778418,266465.22369870753,190983.55095414823,739795.7223796592,410.9973864313625,1934.8776147430353,12450.005906443124,21668.927848005016,5146.713565638194,34705.886237875005,18849.352176638,104927.4940052882,229444.6505929752,143099.91791057718,393753.97479546745,398.86088112361944,1770.7551294855814,11706.917686009749,18320.113268171277,4956.014090363154,33937.81211294043,15824.26235468045,95703.12485435588,65090.04159040042,27054.418974668988,249087.23627263124,82.63091111495666,234.1601494884023,3287.1821439179644,8656.789850931109,255.01688131039762,2721.309331987398,5777.567043807603,19764.115573505314,19066.551711985165,22038.759955135345,105994.12008855073,75.50413436594353,217.60222773636525,3209.517864404566,7063.265056165957,244.59263771435926,2637.707178134514,4822.675381027874,17163.863571593025,254682.52360017036,188506.10265910163,477233.16323961876,5226.820539904102,6209.771527856804,21327.708098754276,31930.637954232734,16572.56576434896,76641.55688696167,29009.591408142485,133697.71664426057,250422.67154314087,178552.02926019716,429290.50665407366,5002.8680706181,6017.529916646043,20813.020763481487,28047.907247211206,14746.36200562862,72225.77128023248,27988.861522778603,129117.31117082546,67770.42125685692,10198.136182423475,27555.54744218784,623.1218993619956,908.7183113298901,3342.156271648775,2643.094824357702,1691.2256564514182,10944.596504897514,9221.398127645592,25897.300101322122,61201.33847195409,10194.805455089696,27544.718587805615,622.6451729415759,907.6637082975008,3331.6178857685577,2637.9671774759363,1686.2874550039792,10927.325426777004,9218.883842964493,25887.285877343642,206821.19329913604,3546.1897641123987,43295.19853259348,212.89005717546576,683.9839905014012,3318.631375617347,4129.591991597214,1723.5823130949625,17053.77911215748,3524.2923735700574,43073.23648110783,206080.07285862454,3545.026780344036,43288.05908127642,212.88627752556917,683.962641538337,3317.4324048504936,4128.796335305664,1723.5043503762024,17053.32530158853,3523.1605826537893,43066.280497197055
M_var_0_0.1,298379.87021849235,232810.80592203003,865844.2583113133,12869.815871190833,19693.939676746868,69423.74746982456,185632.26880890448,19902.596629726097,107442.67754133561,173735.33750944037,537243.4949245385,290376.88464512327,205453.41117871163,524281.8195848917,9248.870798942451,16514.06228034287,61612.488809611394,109220.55837053322,17561.62453641576,99902.20203509596,149097.421338045,383394.859073111,117748.80719949072,66568.41953702524,423011.7524953186,4265.16544849112,4925.477913275581,28589.899496425012,110287.03027150988,5931.8781288394175,25091.988822838586,44341.62832442246,227564.14777884225,116745.22543247798,54237.59245381479,207068.08717667835,3117.2087664773976,4066.627232288919,23807.47131025264,62352.36721660388,4713.5999448848215,22343.49119543418,43131.14133426558,140487.04155567853,266465.22369870753,190983.55095414823,739795.7223796592,410.9973864313625,1934.8776147430353,23296.661861880522,98913.20896082238,5146.713565638194,34705.886237875005,142563.84628103115,462203.694925034,229444.6505929752,143099.91791057718,393753.97479546745,398.86088112361944,1770.7551294855814,21853.84364795092,56234.72670397966,4956.014090363154,33937.81211294043,89680.3028508681,272744.4994700414,65090.04159040042,27054.418974668988,249087.23627263124,82.63091111495666,234.1601494884023,7264.1451741065175,47041.76862655026,255.01688131039762,2721.309331987398,12162.424424948285,106242.28438000024,19066.551711985165,22038.759955135345,105994.12008855073,75.50413436594353,217.60222773636525,6185.852830901236,26324.120874451888,244.59263771435926,2637.707178134514,12094.090464685192,60065.06008282233,254682.52360017036,188506.10265910163,477233.16323961876,5226.820539904102,6209.771527856804,50816.65002916122,108200.93325103266,16572.56576434896,76641.55688696167,148961.43613628275,380827.4670750502,250422.67154314087,178552.02926019716,429290.50665407366,5002.8680706181,6017.529916646043,46613.90217129274,84433.30268370874,14746.36200562862,72225.77128023248,136703.4825090805,337772.91928919946,67770.42125685692,10198.136182423475,27555.54744218784,623.1218993619956,908.7183113298901,3369.90079891874,2682.2240300754206,1691.2256564514182,10944.596504897514,9289.33647722668,26102.203702381437,61201.33847195409,10194.805455089696,27544.718587805615,622.6451729415759,907.6637082975008,3355.8458347374367,2673.7195665998624,1686.2874550039792,10927.325426777004,9280.410606459754,26086.838312314252,206821.19329913604,3546.1897641123987,43295.19853259348,212.89005717546576,683.9839905014012,3318.631375617347,4129.591991597214,1723.5823130949625,17053.77911215748,3524.2923735700574,43073.23648110783,206080.07285862454,3545.026780344036,43288.05908127642,212.88627752556917,683.962641538337,3317.4324048504936,4128.796335305664,1723.5043503762024,17053.32530158853,3523.1605826537893,43066.280497197055
M_var_0_0.2,298379.87021849235,232810.80592203003,865844.2583113133,12869.815871190833,19693.939676746868,69423.74746839228,185632.10166216124,19902.596629726097,107442.67754133561,173735.28145669325,537243.295832041,290376.88464512327,205453.41117871163,524281.8195848917,9248.870798942451,16514.06228034287,61612.42854879976,109220.48753038506,17561.62453641576,99902.20203509596,149097.4045768212,383394.8370091753,117748.80719949072,66568.41953702524,423011.7524953186,4265.16544849112,4925.477913275581,28589.898966044002,110286.92891704866,5931.8781288394175,25091.988822838586,44341.6225146396,227564.05467257783,116745.22543247798,54237.59245381479,207068.08717667835,3117.2087664773976,4066.627232288919,23807.471054330406,62352.36564092528,4713.5999448848215,22343.49119543418,43131.14112297299,140487.0394028654,266465.22369870753,190983.55095414823,739795.7223796592,410.9973864313625,1934.8776147430353,23296.659144326393,98913.17967819945,5146.713565638194,34705.886237875005,142563.80944100535,462203.57898713177,229444.6505929752,143099.91791057718,393753.97479546745,398.86088112361944,1770.7551294855814,21853.842662457868,56234.72115397155,4956.014090363154,33937.81211294043,89680.30211762052,272744.49833898136,65090.04159040042,27054.418974668988,249087.23627263124,82.63091111495666,234.1601494884023,7264.135129439608,47041.73470999802,255.01688131039762,2721.309331987398,12162.40759928968,106242.16386822611,19066.551711985165,22038.759955135345,105994.12008855073,75.50413436594353,217.60222773636525,6185.851843261008,26324.114014399504,244.59263771435926,2637.707178134514,12094.078075105892,60065.023831846986,254682.52360017036,188506.10265910163,477233.16323961876,5226.820539904102,6209.771527856804,50816.64324720583,108200.8712722401,16572.56576434896,76641.55688696167,148961.4043872684,380827.34333064035,250422.67154314087,178552.02926019716,429290.50665407366,5002.8680706181,6017.529916646043,46613.90131923375,84433.2989534692,14746.36200562862,72225.77128023248,136703.4809163023,337772.914883478,67770.42125685692,10198.136182423475,27555.54744218784,623.1218993619956,908.7183113298901,3369.900314817119,2682.2234152177957,1691.2256564514182,10944.596504897514,9289.334000726776,26102.198224218897,61201.33847195409,10194.805455089696,27544.718587805615,622.6451729415759,907.6637082975008,3355.8454946318666,2673.7191226599534,1686.2874550039792,10927.325426777004,9280.408616879375,26086.833744125423,206821.19329913604,3546.1897641123987,43295.19853259348,212.89005717546576,683.9839905014012,3318.631375617347,4129.591991597214,1723.5823130949625,17053.77911215748,3524.2923735700574,43073.23648110783,206080.07285862454,3545.026780344036,43288.05908127642,212.88627752556917,683.962641538337,3317.4324048504936,4128.796335305664,1723.5043503762024,17053.32530158853,3523.1605826537893,43066.280497197055
M_var_0_0.3,298379.87021849235,232810.80592203003,865844.2583113133,12869.815871190833,19693.939676746868,69423.74746386588,185631.57346975798,19902.596629726097,107442.67754133561,173735.10432721183,537242.6666904116,290376.88464512327,205453.41117871163,524281.8195848917,9248.870798942451,16514.06228034287,61612.23810791302,109220.26365585462,17561.62453641576,99902.20203509596,149097.3516068438,383394.7672811932,117748.80719949072,66568.41953702524,423011.7524953186,4265.16544849112,4925.477913275581,28589.89728992608,110286.60861693854,5931.8781288394175,25091.988822838586,44341.604154643275,227563.76044002586,116745.22543247798,54237.59245381479,207068.08717667835,3117.2087664773976,4066.627232288919,23807.470245425175,62352.360660605766,4713.5999448848215,22343.49119543418,43131.140455131426,140487.0325983763,266465.22369870753,190983.55095414823,739795.7223796592,410.9973864313625,1934.8776147430353,23296.650553741423,98913.08711168243,5146.713565638194,34705.886237875005,142563.6929845613,462203.21249147935,229444.6505929752,143099.91791057718,393753.97479546745,398.86088112361944,1770.7551294855814,21853.83954687915,56234.70360795229,4956.014090363154,33937.81211294043,89680.29979951025,272744.4947632152,65090.04159040042,27054.418974668988,249087.23627263124,82.63091111495666,234.1601494884023,7264.103376558493,47041.62749393946,255.01688131039762,2721.309331987398,12162.354410663878,106241.78291153985,19066.551711985165,22038.759955135345,105994.12008855073,75.50413436594353,217.60222773636525,6185.848720876139,26324.092326640453,244.59263771435926,2637.707178134514,12094.038906168336,60064.90922643093,254682.52360017036,188506.10265910163,477233.16323961876,5226.820539904102,6209.771527856804,50816.62180576781,108200.67532426512,16572.56576434896,76641.55688696167,148961.30401177608,380826.95210929896,250422.67154314087,178552.02926019716,429290.50665407366,5002.8680706181,6017.529916646043,46613.89862538748,84433.28716004887,14746.36200562862,72225.77128023248,136703.47588062042,337772.9009544746,67770.42125685692,10198.136182423475,27555.54744218784,623.1218993619956,908.7183113298901,3369.898784271867,2682.2214712732216,1691.2256564514182,10944.596504897514,9289.326170983913,26102.180904373476,61201.33847195409,10194.805455089696,27544.718587805615,622.6451729415759,907.6637082975008,3355.84441933303,2673.717719072996,1686.2874550039792,10927.325426777004,9280.402326505187,26086.819301073923,206821.19329913604,3546.1897641123987,43295.19853259348,212.89005717546576,683.9839905014012,3318.631375617347,4129.591991597214,1723.5823130949625,17053.77911215748,3524.2923735700574,43073.23648110783,206080.07285862454,3545.026780344036,43288.05908127642,212.88627752556917,683.962641538337,3317.4324048504936,4128.796335305664,1723.5043503762024,17053.32530158853,3523.1605826537893,43066.280497197055
M_var_0_0.6,298379.87021849235,232810.80592203003,865844.2583113133,12869.815871190833,19693.939676746868,69423.74744958438,185629.90688991977,19902.596629726097,107442.67754133561,173734.54544030977,537240.6816005349,290376.88464512327,205453.41117871163,524281.8195848917,9248.870798942451,16514.06228034287,61611.63708367735,109219.5571162558,17561.62453641576,99902.20203509596,149097.1844370071,383394.5472240983,117748.80719949072,66568.41953702524,423011.7524953186,4265.16544849112,4925.477913275581,28589.892000489323,110285.59784272565,5931.8781288394175,25091.988822838586,44341.54621646763,227562.83194369657,116745.22543247798,54237.59245381479,207068.08717667835,3117.2087664773976,4066.627232288919,23807.46769135523,62352.34493555043,4713.5999448848215,22343.49119543418,43131.13834646752,140487.0111136752,266465.22369870753,190983.55095414823,739795.7223796592,410.9973864313625,1934.8776147430353,23296.623418644544,98912.79472291224,5146.713565638194,34705.886237875005,142563.325135904,462202.05485073285,229444.6505929752,143099.91791057718,393753.97479546745,398.86088112361944,1770.7551294855814,21853.82970278395,56234.64816899103,4956.014090363154,33937.81211294043,89680.29247522804,272744.48346525483,65090.04159040042,27054.418974668988,249087.23627263124,82.63091111495666,234.1601494884023,7264.003076445892,47041.28882151016,255.01688131039762,2721.309331987398,12162.18640102032,106240.57956912307,19066.551711985165,22038.759955135345,105994.12008855073,75.50413436594353,217.60222773636525,6185.838855098832,26324.02380019062,244.59263771435926,2637.707178134514,12093.915146541873,60064.54711434378,254682.52360017036,188506.10265910163,477233.16323961876,5226.820539904102,6209.771527856804,50816.55405182819,108200.0561437506,16572.56576434896,76641.55688696167,148960.9868334623,380825.71588644764,250422.67154314087,178552.02926019716,429290.50665407366,5002.8680706181,6017.529916646043,46613.8901127013,84433.24989228544,14746.36200562862,72225.77128023248,136703.4599676309,337772.85693817795,67770.42125685692,10198.136182423475,27555.54744218784,623.1218993619956,908.7183113298901,3369.893947442742,2682.2153280359084,1691.2256564514182,10944.596504897514,9289.301427525661,26102.126170442847,61201.33847195409,10194.805455089696,27544.718587805615,622.6451729415759,907.6637082975008,3355.8410210329275,2673.7132832822094,1686.2874550039792,10927.325426777004,9280.382446899093,26086.773656414254,206821.19329913604,3546.1897641123987,43295.19853259348,212.89005717546576,683.9839905014012,3318.631375617347,4129.591991597214,1723.5823130949625,17053.77911215748,3524.2923735700574,43073.23648110783,206080.07285862454,3545.026780344036,43288.05908127642,212.88627752556917,683.962641538337,3317.4324048504936,4128.796335305664,1723.5043503762024,17053.32530158853,3523.1605826537893,43066.280497197055
M_var_0_1.0,298379.87021849235,232810.80592203003,865844.2583113133,12869.815871190833,19693.939676746868,69423.7474047352,185624.67353463243,19902.596629726097,107442.67754133561,173732.79044797336,537234.4481676806,290376.88464512327,205453.41117871163,524281.8195848917,9248.870798942451,16514.06228034287,61609.74842409084,109217.33688453716,17561.62453641576,99902.20203509596,149096.65913614645,383393.85573388543,117748.80719949072,66568.41953702524,423011.7524953186,4265.16544849112,4925.477913275581,28589.87538220048,110282.42238279314,5931.8781288394175,25091.988822838586,44341.36420360346,227559.91512926115,116745.22543247798,54237.59245381479,207068.08717667835,3117.2087664773976,4066.627232288919,23807.459653605438,62352.2954482918,4713.5999448848215,22343.49119543418,43131.13171048547,140486.94350120143,266465.22369870753,190983.55095414823,739795.7223796592,410.9973864313625,1934.8776147430353,23296.537915938137,98911.87341822051,5146.713565638194,34705.886237875005,142562.16606967885,462198.4072209,229444.6505929752,143099.91791057718,393753.97479546745,398.86088112361944,1770.7551294855814,21853.798655089176,56234.473318527096,4956.014090363154,33937.81211294043,89680.26937589118,272744.44783371815,65090.04159040042,27054.418974668988,249087.23627263124,82.63091111495666,234.1601494884023,7263.687008592551,47040.221576401906,255.01688131039762,2721.309331987398,12161.656976376355,106236.78769909262,19066.551711985165,22038.759955135345,105994.12008855073,75.50413436594353,217.60222773636525,6185.807737253697,26323.80766162129,244.59263771435926,2637.707178134514,12093.524815604715,60063.405027436296,254682.52360017036,188506.10265910163,477233.16323961876,5226.820539904102,6209.771527856804,50816.34029221895,108198.1027252718,16572.56576434896,76641.55688696167,148959.98619020442,380821.81585947017,250422.67154314087,178552.02926019716,429290.50665407366,5002.8680706181,6017.529916646043,46613.86325311722,84433.13230371126,14746.36200562862,72225.77128023248,136703.40975841583,337772.71805648075,67770.42125685692,10198.136182423475,27555.54744218784,623.1218993619956,908.7183113298901,3369.878683776085,2682.195941875085,1691.2256564514182,10944.596504897514,9289.22334509677,26101.953448035118,61201.33847195409,10194.805455089696,27544.718587805615,622.6451729415759,907.6637082975008,3355.830295552549,2673.699283431177,1686.2874550039792,10927.325426777004,9280.319704849704,26086.629597535935,206821.19329913604,3546.1897641123987,43295.19853259348,212.89005717546576,683.9839905014012,3318.631375617347,4129.591991597214,1723.5823130949625,17053.77911215748,3524.2923735700574,43073.23648110783,206080.07285862454,3545.026780344036,43288.05908127642,212.88627752556917,683.962641538337,3317.4324048504936,4128.796335305664,1723.5043503762024,17053.32530158853,3523.1605826537893,43066.280497197055
M_var_0_1.8,298379.87021849235,232810.80592203003,865844.2583113133,12869.815871190833,19693.939676746868,69423.74726596834,185608.4839268739,19902.596629726097,107442.67754133561,173727.36141316494,537215.1657402507,290376.88464512327,205453.41117871163,524281.8195848917,9248.870798942451,16514.06228034287,61603.89290058386,109210.453363664,17561.62453641576,99902.20203509596,149095.03064891443,383391.7120352102,117748.80719949072,66568.41953702524,423011.7524953186,4265.16544849112,4925.477913275581,28589.82389081643,110272.5850114749,5931.8781288394175,25091.988822838586,44340.80040082497,227550.8805689873,116745.22543247798,54237.59245381479,207068.08717667835,3117.2087664773976,4066.627232288919,23807.434618982505,62352.14131429356,4713.5999448848215,22343.49119543418,43131.11104242551,140486.73291964835,266465.22369870753,190983.55095414823,739795.7223796592,410.9973864313625,1934.8776147430353,23296.27055586299,98908.99269513578,5146.713565638194,34705.886237875005,142558.54200901015,462187.00232506637,229444.6505929752,143099.91791057718,393753.97479546745,398.86088112361944,1770.7551294855814,21853.701287013508,56233.92498072255,4956.014090363154,33937.81211294043,89680.19694452254,272744.33610576694,65090.04159040042,27054.418974668988,249087.23627263124,82.63091111495666,234.1601494884023,7262.698472975561,47036.88352389012,255.01688131039762,2721.309331987398,12160.001251920381,106224.92948139865,19066.551711985165,22038.759955135345,105994.12008855073,75.50413436594353,217.60222773636525,6185.71013178688,26323.129733246747,244.59263771435926,2637.707178134514,12092.30070255205,60059.8232841875,254682.52360017036,188506.10265910163,477233.16323961876,5226.820539904102,6209.771527856804,50815.66925755069,108191.9711299377,16572.56576434896,76641.55688696167,148956.84531646018,380809.57467959577,250422.67154314087,178552.02926019716,429290.50665407366,5002.8680706181,6017.529916646043,46613.778910076515,84432.76306062195,14746.36200562862,72225.77128023248,136703.2520952585,337772.28195119265,67770.42125685692,10198.136182423475,27555.54744218784,623.1218993619956,908.7183113298901,3369.830730896082,2682.13503921197,1691.2256564514182,10944.596504897514,9288.978047811224,26101.410841053737,61201.33847195409,10194.805455089696,27544.718587805615,622.6451729415759,907.6637082975008,3355.7965861095136,2673.6552837177046,1686.2874550039792,10927.325426777004,9280.12251678845,26086.17684675724,206821.19329913604,3546.1897641123987,43295.19853259348,212.89005717546576,683.9839905014012,3318.631375617347,4129.591991597214,1723.5823130949625,17053.77911215748,3524.2923735700574,43073.23648110783,206080.07285862454,3545.026780344036,43288.05908127642,212.88627752556917,683.962641538337,3317.4324048504936,4128.796335305664,1723.5043503762024,17053.32530158853,3523.1605826537893,43066.280497197055
M_var_0_3.2,298379.87021849235,232810.80592203003,865844.2583113133,12869.815871190833,19693.939676746868,69423.7468556016,185560.63220637757,19902.596629726097,107442.67754133561,173711.3157445259,537158.1810624863,290376.88464512327,205453.41117871163,524281.8195848917,9248.870798942451,16514.06228034287,61586.47112491839,109189.97297474317,17561.62453641576,99902.20203509596,149090.1866563989,383385.3354638911,117748.80719949072,66568.41953702524,423011.7524953186,4265.16544849112,4925.477913275581,28589.670969160372,110243.38480270437,5931.8781288394175,25091.988822838586,44339.1274151798,227524.07708011562,116745.22543247798,54237.59245381479,207068.08717667835,3117.2087664773976,4066.627232288919,23807.35909280902,62351.67631720198,4713.5999448848215,22343.49119543418,43131.04869486581,140486.09768089524,266465.22369870753,190983.55095414823,739795.7223796592,410.9973864313625,1934.8776147430353,23295.454201220855,98900.19787166458,5146.713565638194,34705.886237875005,142547.4786443585,462152.18762254086,229444.6505929752,143099.91791057718,393753.97479546745,398.86088112361944,1770.7551294855814,21853.401290896058,56232.23559348335,4956.014090363154,33937.81211294043,89679.97387513428,272743.99201306346,65090.04159040042,27054.418974668988,249087.23627263124,82.63091111495666,234.1601494884023,7259.678052485546,47026.68304662203,255.01688131039762,2721.309331987398,12154.94327485711,106188.70909034275,19066.551711985165,22038.759955135345,105994.12008855073,75.50413436594353,217.60222773636525,6185.409238321558,26321.040043033572,244.59263771435926,2637.707178134514,12088.529110697851,60048.78711155567,254682.52360017036,188506.10265910163,477233.16323961876,5226.820539904102,6209.771527856804,50813.595381718435,108173.02660412264,16572.56576434896,76641.55688696167,148947.14157863273,380771.759717286,250422.67154314087,178552.02926019716,429290.50665407366,5002.8680706181,6017.529916646043,46613.51799897707,84431.62084727344,14746.36200562862,72225.77128023248,136702.764383036,337770.93291568605,67770.42125685692,10198.136182423475,27555.54744218784,623.1218993619956,908.7183113298901,3369.682172392908,2681.946377481558,1691.2256564514182,10944.596504897514,9288.218203551682,26099.730069363726,61201.33847195409,10194.805455089696,27544.718587805615,622.6451729415759,907.6637082975008,3355.6920199743727,2673.518805528154,1686.2874550039792,10927.325426777004,9279.510899172245,26084.77257859172,206821.19329913604,3546.1897641123987,43295.19853259348,212.89005717546576,683.9839905014012,3318.631375617347,4129.591991597214,1723.5823130949625,17053.77911215748,3524.2923735700574,43073.23648110783,206080.07285862454,3545.026780344036,43288.05908127642,212.88627752556917,683.962641538337,3317.4324048504936,4128.796335305664,1723.5043503762024,17053.32530158853,3523.1605826537893,43066.280497197055
M_var_0_5.6,298379.87021849235,232810.80592203003,865844.2583113133,12869.815871190833,19693.939676746868,69423.74578812609,185436.32996665887,19902.596629726097,107442.67754133561,173669.64136664028,537010.2139707152,290376.88464512327,205453.41117871163,524281.8195848917,9248.870798942451,16514.06228034287,61540.39956907201,109135.81266863697,17561.62453641576,99902.20203509596,149077.38546023238,383368.4836659893,117748.80719949072,66568.41953702524,423011.7524953186,4265.16544849112,4925.477913275581,28589.268573958598,110166.65711780601,5931.8781288394175,25091.988822838586,44334.73530356671,227453.74495469517,116745.22543247798,54237.59245381479,207068.08717667835,3117.2087664773976,4066.627232288919,23807.151531826625,62350.39845087209,4713.5999448848215,22343.49119543418,43130.87739206999,140484.3523680312,266465.22369870753,190983.55095414823,739795.7223796592,410.9973864313625,1934.8776147430353,23293.132280899288,98875.1926088616,5146.713565638194,34705.886237875005,142516.0306077682,462053.23895297275,229444.6505929752,143099.91791057718,393753.97479546745,398.86088112361944,1770.7551294855814,21852.52519736063,56227.30259817738,4956.014090363154,33937.81211294043,89679.32325829443,272742.98841041484,65090.04159040042,27054.418974668988,249087.23627263124,82.63091111495666,234.1601494884023,7251.070407079486,46997.60340265867,255.01688131039762,2721.309331987398,12140.537269336797,106085.58493362408,19066.551711985165,22038.759955135345,105994.12008855073,75.50413436594353,217.60222773636525,6184.529087441424,26314.929128261247,244.59263771435926,2637.707178134514,12077.514435251107,60016.552135740436,254682.52360017036,188506.10265910163,477233.16323961876,5226.820539904102,6209.771527856804,50807.483218315334,108117.24181619108,16572.56576434896,76641.55688696167,148918.5718283744,380660.46167456935,250422.67154314087,178552.02926019716,429290.50665407366,5002.8680706181,6017.529916646043,46612.746890481016,84428.24529434527,14746.36200562862,72225.77128023248,136701.32307422877,337766.9462242905,67770.42125685692,10198.136182423475,27555.54744218784,623.1218993619956,908.7183113298901,3369.241175455979,2681.3864703277563,1691.2256564514182,10944.596504897514,9285.963394690374,26094.742736056345,61201.33847195409,10194.805455089696,27544.718587805615,622.6451729415759,907.6637082975008,3355.380416822467,2673.112179142071,1686.2874550039792,10927.325426777004,9277.688808259576,26080.589322387325,206821.19329913604,3546.1897641123987,43295.19853259348,212.89005717546576,683.9839905014012,3318.631375617347,4129.591991597214,1723.5823130949625,17053.77911215748,3524.2923735700574,43073.23648110783,206080.07285862454,3545.026780344036,43288.05908127642,212.88627752556917,683.962641538337,3317.4324048504936,4128.796335305664,1723.5043503762024,17053.32530158853,3523.1605826537893,43066.280497197055
M_var_0_10.0,298379.87021849235,232810.80592203003,865844.2583113133,12869.815871190833,19693.939676746868,69423.74374028697,185198.56683068033,19902.596629726097,107442.67754133561,173589.954484978,536727.4241700097,290376.88464512327,205453.41117871163,524281.8195848917,9248.870798942451,16514.06228034287,61448.84848811924,109028.18664744066,17561.62453641576,99902.20203509596,149051.98476341623,383335.0435978176,117748.80719949072,66568.41953702524,423011.7524953186,4265.16544849112,4925.477913275581,28588.477479028392,110016.27280327161,5931.8781288394175,25091.988822838586,44326.143219901285,227316.30566716427,116745.22543247798,54237.59245381479,207068.08717667835,3117.2087664773976,4066.627232288919,23806.701911979373,62347.63052216127,4713.5999448848215,22343.49119543418,43130.50651961473,140480.57392165728,266465.22369870753,190983.55095414823,739795.7223796592,410.9973864313625,1934.8776147430353,23287.670419385777,98816.42772262078,5146.713565638194,34705.886237875005,142442.16587534634,461820.90783704986,229444.6505929752,143099.91791057718,393753.97479546745,398.86088112361944,1770.7551294855814,21850.32092945337,56214.89508045287,4956.014090363154,33937.81211294043,89677.69170275201,272740.4716550358,65090.04159040042,27054.418974668988,249087.23627263124,82.63091111495666,234.1601494884023,7230.724061731112,46928.80642687317,255.01688131039762,2721.309331987398,12106.533827055571,105842.3955684885,19066.551711985165,22038.759955135345,105994.12008855073,75.50413436594353,217.60222773636525,6182.305098422603,26299.499112354653,244.59263771435926,2637.707178134514,12049.799268654962,59935.41202705502,254682.52360017036,188506.10265910163,477233.16323961876,5226.820539904102,6209.771527856804,50791.72782662835,107973.78014710979,16572.56576434896,76641.55688696167,148845.12826019223,380374.6022309451,250422.67154314087,178552.02926019716,429290.50665407366,5002.8680706181,6017.529916646043,46610.744292180396,84419.48022329851,14746.36200562862,72225.77128023248,136697.58062404938,337756.5947925912,67770.42125685692,10198.136182423475,27555.54744218784,623.1218993619956,908.7183113298901,3368.082168152119,2679.9159213880585,1691.2256564514182,10944.596504897514,9280.043070238813,26081.64985744889,61201.33847195409,10194.805455089696,27544.718587805615,622.6451729415759,907.6637082975008,3354.5528337603155,2672.032758889639,1686.2874550039792,10927.325426777004,9272.853218749084,26069.48930282457,206821.19329913604,3546.1897641123987,43295.19853259348,212.89005717546576,683.9839905014012,3318.631375617347,4129.591991597214,1723.5823130949625,17053.77911215748,3524.2923735700574,43073.23648110783,206080.07285862454,3545.026780344036,43288.05908127642,212.88627752556917,683.962641538337,3317.4324048504936,4128.796335305664,1723.5043503762024,17053.32530158853,3523.1605826537893,43066.280497197055
M_var_1_0.1,298379.87021849235,232810.80592203003,865844.2583113133,12869.815871190833,19693.939676746868,69425.02545474969,186030.26226955178,19902.596629726097,107442.67754133561,173995.01321570354,538966.6743080994,290376.88464512327,205453.41117871163,524281.8195848917,9248.870798942451,16514.06228034287,61711.07112492373,109308.60314834162,17561.62453641576,99902.20203509596,149203.74774848984,383618.02948949725,117748.80719949072,66568.41953702524,423011.7524953186,4265.16544849112,4925.477913275581,28606.181635346195,110642.13839984889,5931.8781288394175,25091.988822838586,44341.42162694378,228151.34564627366,116745.22543247798,54237.59245381479,207068.08717667835,3117.2087664773976,4066.627232288919,23807.89571953179,62353.15145004668,4713.5999448848215,22343.49119543418,43131.21004855635,140487.5272034036,266465.22369870753,190983.55095414823,739795.7223796592,410.9973864313625,1934.8776147430353,23375.086242076228,99212.87682337181,5146.713565638194,34705.886237875005,142576.6837580765,462585.5886688399,229444.6505929752,143099.91791057718,393753.97479546745,398.86088112361944,1770.7551294855814,21868.143168880182,56315.762112993245,4956.014090363154,33937.81211294043,89848.92629720728,273054.20328847977,65090.04159040042,27054.418974668988,249087.23627263124,82.63091111495666,234.1601494884023,7299.679496725473,47233.93378805833,255.01688131039762,2721.309331987398,12182.288482777974,106427.69387066877,19066.551711985165,22038.759955135345,105994.12008855073,75.50413436594353,217.60222773636525,6189.951191241704,26350.467586180224,244.59263771435926,2637.707178134514,12108.003033922787,60149.91216831279,254682.52360017036,188506.10265910163,477233.16323961876,5226.820539904102,6209.771527856804,50820.421891031045,108521.00702040216,16572.56576434896,76641.55688696167,149256.57439209317,381714.7686419916,250422.67154314087,178552.02926019716,429290.50665407366,5002.8680706181,6017.529916646043,46614.5948300063,84531.38977865975,14746.36200562862,72225.77128023248,136825.59262519353,338043.3601368237,67770.42125685692,10198.136182423475,27555.54744218784,623.1218993619956,908.7183113298901,3370.5199097489926,2683.817949193757,1691.2256564514182,10944.596504897514,9291.270832624885,26105.28008464898,61201.33847195409,10194.805455089696,27544.718587805615,622.6451729415759,907.6637082975008,3356.3317452874867,2675.120473363163,1686.2874550039792,10927.325426777004,9282.074526849517,26089.62024690985,206821.19329913604,3546.1897641123987,43295.19853259348,212.89005717546576,683.9839905014012,3318.631375617347,4129.591991597214,1723.5823130949625,17053.77911215748,3524.2923735700574,43073.23648110783,206080.07285862454,3545.026780344036,43288.05908127642,212.88627752556917,683.962641538337,3317.4324048504936,4128.796335305664,1723.5043503762024,17053.32530158853,3523.1605826537893,43066.280497197055
M_var_1_0.2,298379.87021849235,232810.80592203003,865844.2583113133,12869.815871190833,19693.939676746868,69424.99280638348,186019.86839671258,19902.596629726097,107442.67754133561,173988.29943445264,538922.1797395383,290376.88464512327,205453.41117871163,524281.8195848917,9248.870798942451,16514.06228034287,61708.49840387363,109306.2866550539,17561.62453641576,99902.20203509596,149201.02237470637,383612.3234498519,117748.80719949072,66568.41953702524,423011.7524953186,4265.16544849112,4925.477913275581,28605.769439723328,110633.00703269974,5931.8781288394175,25091.988822838586,44341.4201727184,228136.31094541322,116745.22543247798,54237.59245381479,207068.08717667835,3117.2087664773976,4066.627232288919,23807.88489535791,62353.130202038396,4713.5999448848215,22343.49119543418,43131.20810384839,140487.51271319218,266465.22369870753,190983.55095414823,739795.7223796592,410.9973864313625,1934.8776147430353,23373.206328048855,99205.66445134862,5146.713565638194,34705.886237875005,142576.33577586073,462576.29764895554,229444.6505929752,143099.91791057718,393753.97479546745,398.86088112361944,1770.7551294855814,21867.80622617955,56313.849876434426,4956.014090363154,33937.81211294043,89844.9571635171,273046.9148276733,65090.04159040042,27054.418974668988,249087.23627263124,82.63091111495666,234.1601494884023,7298.821560438097,47229.310841920065,255.01688131039762,2721.309331987398,12181.79460047419,106423.11945391646,19066.551711985165,22038.759955135345,105994.12008855073,75.50413436594353,217.60222773636525,6189.854031735451,26349.841921386313,244.59263771435926,2637.707178134514,12107.66298476594,60147.87846884385,254682.52360017036,188506.10265910163,477233.16323961876,5226.820539904102,6209.771527856804,50820.324738841075,108513.28808423622,16572.56576434896,76641.55688696167,149249.4855034213,381693.3939879463,250422.67154314087,178552.02926019716,429290.50665407366,5002.8680706181,6017.529916646043,46614.57744075172,84529.05029702105,14746.36200562862,72225.77128023248,136822.68360932358,338036.9145610085,67770.42125685692,10198.136182423475,27555.54744218784,623.1218993619956,908.7183113298901,3370.5046834704945,2683.7794067460577,1691.2256564514182,10944.596504897514,9291.222149298967,26105.20098911799,61201.33847195409,10194.805455089696,27544.718587805615,622.6451729415759,907.6637082975008,3356.3198543871404,2675.0867513034655,1686.2874550039792,10927.325426777004,9282.032864901306,26089.54924586398,206821.19329913604,3546.1897641123987,43295.19853259348,212.89005717546576,683.9839905014012,3318.631375617347,4129.591991597214,1723.5823130949625,17053.77911215748,3524.2923735700574,43073.23648110783,206080.07285862454,3545.026780344036,43288.05908127642,212.88627752556917,683.962641538337,3317.4324048504936,4128.796335305664,1723.5043503762024,17053.32530158853,3523.1605826537893,43066.280497197055
M_var_1_0.3,298379.87021849235,232810.80592203003,865844.2583113133,12869.815871190833,19693.939676746868,69424.89117129227,185987.52312632138,19902.596629726097,107442.67754133561,173967.404390338,538783.7495276746,290376.88464512327,205453.41117871163,524281.8195848917,9248.870798942451,16514.06228034287,61700.48425428411,109299.07037319358,17561.62453641576,99902.20203509596,149192.53479565098,383594.5535362788,117748.80719949072,66568.41953702524,423011.7524953186,4265.16544849112,4925.477913275581,28604.48481782842,110604.56162096706,5931.8781288394175,25091.988822838586,44341.41564146008,228089.4829804584,116745.22543247798,54237.59245381479,207068.08717667835,3117.2087664773976,4066.627232288919,23807.851096379414,62353.06385417548,4713.5999448848215,22343.49119543418,43131.20203146587,140487.4674672895,266465.22369870753,190983.55095414823,739795.7223796592,410.9973864313625,1934.8776147430353,23367.314083273264,99183.06127186609,5146.713565638194,34705.886237875005,142575.24525736485,462547.1844671697,229444.6505929752,143099.91791057718,393753.97479546745,398.86088112361944,1770.7551294855814,21866.748152708944,56307.845920218926,4956.014090363154,33937.81211294043,89832.4955686067,273024.0313953928,65090.04159040042,27054.418974668988,249087.23627263124,82.63091111495666,234.1601494884023,7296.131415428742,47214.81688664556,255.01688131039762,2721.309331987398,12180.24665027993,106408.78351037976,19066.551711985165,22038.759955135345,105994.12008855073,75.50413436594353,217.60222773636525,6189.548877467042,26347.87702321761,244.59263771435926,2637.707178134514,12106.595145660722,60141.492743962895,254682.52360017036,188506.10265910163,477233.16323961876,5226.820539904102,6209.771527856804,50820.020064481614,108489.09158263482,16572.56576434896,76641.55688696167,149227.2636959817,381626.40016175795,250422.67154314087,178552.02926019716,429290.50665407366,5002.8680706181,6017.529916646043,46614.52289952801,84521.71378472375,14746.36200562862,72225.77128023248,136813.56102356853,338016.7020438719,67770.42125685692,10198.136182423475,27555.54744218784,623.1218993619956,908.7183113298901,3370.456921548109,2683.658514974016,1691.2256564514182,10944.596504897514,9291.069459419385,26104.952913999947,61201.33847195409,10194.805455089696,27544.718587805615,622.6451729415759,907.6637082975008,3356.2825497645863,2674.9809637956632,1686.2874550039792,10927.325426777004,9281.902177032855,26089.326524859847,206821.19329913604,3546.1897641123987,43295.19853259348,212.89005717546576,683.9839905014012,3318.631375617347,4129.591991597214,1723.5823130949625,17053.77911215748,3524.2923735700574,43073.23648110783,206080.07285862454,3545.026780344036,43288.05908127642,212.88627752556917,683.962641538337,3317.4324048504936,4128.796335305664,1723.5043503762024,17053.32530158853,3523.1605826537893,43066.280497197055
M_var_1_0.6,298379.87021849235,232810.80592203003,865844.2583113133,12869.815871190833,19693.939676746868,69424.58503247409,185890.19602879506,19902.596629726097,107442.67754133561,173904.51232628644,538367.530619724,290376.88464512327,205453.41117871163,524281.8195848917,9248.870798942451,16514.06228034287,61676.29676595194,109277.28822762043,17561.62453641576,99902.20203509596,149166.93763189137,383540.96506552235,117748.80719949072,66568.41953702524,423011.7524953186,4265.16544849112,4925.477913275581,28600.602069348584,110518.70353756969,5931.8781288394175,25091.988822838586,44341.40195395073,227948.2052517187,116745.22543247798,54237.59245381479,207068.08717667835,3117.2087664773976,4066.627232288919,23807.748336806264,62352.86213585327,4713.5999448848215,22343.49119543418,43131.18357003564,140487.32990959883,266465.22369870753,190983.55095414823,739795.7223796592,410.9973864313625,1934.8776147430353,23349.19133700338,99113.56617937515,5146.713565638194,34705.886237875005,142571.892748866,462457.7153738518,229444.6505929752,143099.91791057718,393753.97479546745,398.86088112361944,1770.7551294855814,21863.47482447164,56289.28014932148,4956.014090363154,33937.81211294043,89793.96608202285,272953.2752998054,65090.04159040042,27054.418974668988,249087.23627263124,82.63091111495666,234.1601494884023,7287.846868123456,47170.198114998675,255.01688131039762,2721.309331987398,12175.48594212353,106364.7069026229,19066.551711985165,22038.759955135345,105994.12008855073,75.50413436594353,217.60222773636525,6188.604329176893,26341.796604039817,244.59263771435926,2637.707178134514,12103.29150314819,60121.742560993924,254682.52360017036,188506.10265910163,477233.16323961876,5226.820539904102,6209.771527856804,50819.081373070694,108414.64279173601,16572.56576434896,76641.55688696167,149158.88777484425,381420.3579879476,250422.67154314087,178552.02926019716,429290.50665407366,5002.8680706181,6017.529916646043,46614.35478727747,84499.1123795749,14746.36200562862,72225.77128023248,136785.45693725164,337954.4388874449,67770.42125685692,10198.136182423475,27555.54744218784,623.1218993619956,908.7183113298901,3370.30965880358,2683.28585465603,1691.2256564514182,10944.596504897514,9290.598870482705,26104.18834175075,61201.33847195409,10194.805455089696,27544.718587805615,622.6451729415759,907.6637082975008,3356.1674805587595,2674.6547176788936,1686.2874550039792,10927.325426777004,9281.49920947137,26088.639775522617,206821.19329913604,3546.1897641123987,43295.19853259348,212.89005717546576,683.9839905014012,3318.631375617347,4129.591991597214,1723.5823130949625,17053.77911215748,3524.2923735700574,43073.23648110783,206080.07285862454,3545.026780344036,43288.05908127642,212.88627752556917,683.962641538337,3317.4324048504936,4128.796335305664,1723.5043503762024,17053.32530158853,3523.1605826537893,43066.280497197055
M_var_1_1.0,298379.87021849235,232810.80592203003,865844.2583113133,12869.815871190833,19693.939676746868,69423.7474047352,185624.67353463243,19902.596629726097,107442.67754133561,173732.79044797336,537234.4481676806,290376.88464512327,205453.41117871163,524281.8195848917,9248.870798942451,16514.06228034287,61609.74842409084,109217.33688453716,17561.62453641576,99902.20203509596,149096.65913614645,383393.85573388543,117748.80719949072,66568.41953702524,423011.7524953186,4265.16544849112,4925.477913275581,28589.87538220048,110282.42238279314,5931.8781288394175,25091.988822838586,44341.36420360346,227559.91512926115,116745.22543247798,54237.59245381479,207068.08717667835,3117.2087664773976,4066.627232288919,23807.459653605438,62352.2954482918,4713.5999448848215,22343.49119543418,43131.13171048547,140486.94350120143,266465.22369870753,190983.55095414823,739795.7223796592,410.9973864313625,1934.8776147430353,23296.537915938137,98911.87341822051,5146.713565638194,34705.886237875005,142562.16606967885,462198.4072209,229444.6505929752,143099.91791057718,393753.97479546745,398.86088112361944,1770.7551294855814,21853.798655089176,56234.473318527096,4956.014090363154,33937.81211294043,89680.26937589118,272744.44783371815,65090.04159040042,27054.418974668988,249087.23627263124,82.63091111495666,234.1601494884023,7263.687008592551,47040.221576401906,255.01688131039762,2721.309331987398,12161.656976376355,106236.78769909262,19066.551711985165,22038.759955135345,105994.12008855073,75.50413436594353,217.60222773636525,6185.807737253697,26323.80766162129,244.59263771435926,2637.707178134514,12093.524815604715,60063.405027436296,254682.52360017036,188506.10265910163,477233.16323961876,5226.820539904102,6209.771527856804,50816.34029221895,108198.1027252718,16572.56576434896,76641.55688696167,148959.98619020442,380821.81585947017,250422.67154314087,178552.02926019716,429290.50665407366,5002.8680706181,6017.529916646043,46613.86325311722,84433.13230371126,14746.36200562862,72225.77128023248,136703.40975841583,337772.71805648075,67770.42125685692,10198.136182423475,27555.54744218784,623.1218993619956,908.7183113298901,3369.878683776085,2682.195941875085,1691.2256564514182,10944.596504897514,9289.22334509677,26101.953448035118,61201.33847195409,10194.805455089696,27544.718587805615,622.6451729415759,907.6637082975008,3355.830295552549,2673.699283431177,1686.2874550039792,10927.325426777004,9280.319704849704,26086.629597535935,206821.19329913604,3546.1897641123987,43295.19853259348,212.89005717546576,683.9839905014012,3318.631375617347,4129.591991597214,1723.5823130949625,17053.77911215748,3524.2923735700574,43073.23648110783,206080.07285862454,3545.026780344036,43288.05908127642,212.88627752556917,683.962641538337,3317.4324048504936,4128.796335305664,1723.5043503762024,17053.32530158853,3523.1605826537893,43066.280497197055
M_var_1_1.8,298379.87021849235,232810.80592203003,865844.2583113133,12869.815871190833,19693.939676746868,69421.95134034504,185059.12577973388,19902.596629726097,107442.67754133561,173366.33476924163,534832.7892875178,290376.88464512327,205453.41117871163,524281.8195848917,9248.870798942451,16514.06228034287,61465.20615831399,109087.0171584998,17561.62453641576,99902.20203509596,148944.76060726258,383076.0011860794,117748.80719949072,66568.41953702524,423011.7524953186,4265.16544849112,4925.477913275581,28566.353076555093,109768.93672831685,5931.8781288394175,25091.988822838586,44341.281746713306,226718.63718521083,116745.22543247798,54237.59245381479,207068.08717667835,3117.2087664773976,4066.627232288919,23806.800844541638,62351.002206932004,4713.5999448848215,22343.49119543418,43131.01338450589,140486.06185619277,266465.22369870753,190983.55095414823,739795.7223796592,410.9973864313625,1934.8776147430353,23165.82286037257,98412.542679221,5146.713565638194,34705.886237875005,142538.10632496452,461558.7050661889,229444.6505929752,143099.91791057718,393753.97479546745,398.86088112361944,1770.7551294855814,21828.655117923074,56092.57767281871,4956.014090363154,33937.81211294043,89386.21125327567,272204.1180208167,65090.04159040042,27054.418974668988,249087.23627263124,82.63091111495666,234.1601494884023,7203.1229396146155,46715.321889525316,255.01688131039762,2721.309331987398,12127.343083619682,105920.11718499716,19066.551711985165,22038.759955135345,105994.12008855073,75.50413436594353,217.60222773636525,6178.509577654424,26276.959418144022,244.59263771435926,2637.707178134514,12068.139726432255,59912.130037312316,254682.52360017036,188506.10265910163,477233.16323961876,5226.820539904102,6209.771527856804,50809.44517132543,107658.98571328906,16572.56576434896,76641.55688696167,148464.62888064684,379336.4563851519,250422.67154314087,178552.02926019716,429290.50665407366,5002.8680706181,6017.529916646043,46612.62265819611,84267.28236052989,14746.36200562862,72225.77128023248,136497.15248550568,337316.22392833885,67770.42125685692,10198.136182423475,27555.54744218784,623.1218993619956,908.7183113298901,3368.78826682847,2679.4430151680476,1691.2256564514182,10944.596504897514,9285.754296745556,26096.316699419986,61201.33847195409,10194.805455089696,27544.718587805615,622.6451729415759,907.6637082975008,3354.9743274134294,2671.2775771073184,1686.2874550039792,10927.325426777004,9277.33414868926,26081.541238296635,206821.19329913604,3546.1897641123987,43295.19853259348,212.89005717546576,683.9839905014012,3318.631375617347,4129.591991597214,1723.5823130949625,17053.77911215748,3524.2923735700574,43073.23648110783,206080.07285862454,3545.026780344036,43288.05908127642,212.88627752556917,683.962641538337,3317.4324048504936,4128.796335305664,1723.5043503762024,17053.32530158853,3523.1605826537893,43066.280497197055
M_var_1_3.2,298379.87021849235,232810.80592203003,865844.2583113133,12869.815871190833,19693.939676746868,69419.53207622499,184305.40551534828,19902.596629726097,107442.67754133561,172876.47536415377,531656.5924929994,290376.88464512327,205453.41117871163,524281.8195848917,9248.870798942451,16514.06228034287,61266.42739905979,108907.55960175072,17561.62453641576,99902.20203509596,148737.51721254562,382642.56505871785,117748.80719949072,66568.41953702524,423011.7524953186,4265.16544849112,4925.477913275581,28533.493916942123,109062.11074546298,5931.8781288394175,25091.988822838586,44341.167301315516,225566.2993407117,116745.22543247798,54237.59245381479,207068.08717667835,3117.2087664773976,4066.627232288919,23805.816369447897,62349.06970014179,4713.5999448848215,22343.49119543418,43130.83662818874,140484.7448695667,266465.22369870753,190983.55095414823,739795.7223796592,410.9973864313625,1934.8776147430353,22937.74973319477,97545.94855513088,5146.713565638194,34705.886237875005,142496.42217050144,460456.15664049675,229444.6505929752,143099.91791057718,393753.97479546745,398.86088112361944,1770.7551294855814,21780.528074925653,55823.04844385757,4956.014090363154,33937.81211294043,88828.8652765579,271179.0723175102,65090.04159040042,27054.418974668988,249087.23627263124,82.63091111495666,234.1601494884023,7095.405528383742,46140.655304822176,255.01688131039762,2721.309331987398,12067.530758792067,105370.61609952542,19066.551711985165,22038.759955135345,105994.12008855073,75.50413436594353,217.60222773636525,6164.413218133866,26186.865939983352,244.59263771435926,2637.707178134514,12019.52477739174,59623.834519198135,254682.52360017036,188506.10265910163,477233.16323961876,5226.820539904102,6209.771527856804,50797.097105509565,106712.97065478675,16572.56576434896,76641.55688696167,147594.91493123182,376746.5909011928,250422.67154314087,178552.02926019716,429290.50665407366,5002.8680706181,6017.529916646043,46610.38598359939,83970.70199836801,14746.36200562862,72225.77128023248,136128.24405210817,336500.9230116079,67770.42125685692,10198.136182423475,27555.54744218784,623.1218993619956,908.7183113298901,3366.8126354569376,2674.4722351139676,1691.2256564514182,10944.596504897514,9279.509591376565,26086.168463227095,61201.33847195409,10194.805455089696,27544.718587805615,622.6451729415759,907.6637082975008,3353.4129836795837,2666.87395399957,1686.2874550039792,10927.325426777004,9271.920229802432,26072.313401487114,206821.19329913604,3546.1897641123987,43295.19853259348,212.89005717546576,683.9839905014012,3318.631375617347,4129.591991597214,1723.5823130949625,17053.77911215748,3524.2923735700574,43073.23648110783,206080.07285862454,3545.026780344036,43288.05908127642,212.88627752556917,683.962641538337,3317.4324048504936,4128.796335305664,1723.5043503762024,17053.32530158853,3523.1605826537893,43066.280497197055
M_var_1_5.6,298379.87021849235,232810.80592203003,865844.2583113133,12869.815871190833,19693.939676746868,69417.7189127299,183746.4805090081,19902.596629726097,107442.67754133561,172512.13177635416,529319.1418831459,290376.88464512327,205453.41117871163,524281.8195848917,9248.870798942451,16514.06228034287,61114.283305316865,108770.0168380889,17561.62453641576,99902.20203509596,148580.17199954917,382313.66446238325,117748.80719949072,66568.41953702524,423011.7524953186,4265.16544849112,4925.477913275581,28507.935085781428,108520.56408836729,5931.8781288394175,25091.988822838586,44341.07887439287,224687.86930144185,116745.22543247798,54237.59245381479,207068.08717667835,3117.2087664773976,4066.627232288919,23804.993496449555,62347.454430576094,4713.5999448848215,22343.49119543418,43130.688942739805,140483.64450604332,266465.22369870753,190983.55095414823,739795.7223796592,410.9973864313625,1934.8776147430353,22708.749068983092,96681.63145123223,5146.713565638194,34705.886237875005,142454.9422132882,459366.1815930381,229444.6505929752,143099.91791057718,393753.97479546745,398.86088112361944,1770.7551294855814,21725.838519744935,55520.01716763361,4956.014090363154,33937.81211294043,88204.15513673646,270028.6667826427,65090.04159040042,27054.418974668988,249087.23627263124,82.63091111495666,234.1601494884023,6984.550922586216,45553.35919903867,255.01688131039762,2721.309331987398,12007.550467420006,104822.70131237915,19066.551711985165,22038.759955135345,105994.12008855073,75.50413436594353,217.60222773636525,6148.1889380427965,26083.80788063236,244.59263771435926,2637.707178134514,11964.24000179949,59298.20881643582,254682.52360017036,188506.10265910163,477233.16323961876,5226.820539904102,6209.771527856804,50784.27500976164,105756.09428703028,16572.56576434896,76641.55688696167,146714.6742333187,374148.34366750135,250422.67154314087,178552.02926019716,429290.50665407366,5002.8680706181,6017.529916646043,46608.042888700336,83663.31450140687,14746.36200562862,72225.77128023248,135745.8046044592,335657.30181242473,67770.42125685692,10198.136182423475,27555.54744218784,623.1218993619956,908.7183113298901,3364.729491160141,2669.2545276912083,1691.2256564514182,10944.596504897514,9272.981056768198,26075.557038202223,61201.33847195409,10194.805455089696,27544.718587805615,622.6451729415759,907.6637082975008,3351.7518635165247,2662.2082787505356,1686.2874550039792,10927.325426777004,9266.205187996407,26062.571250188063,206821.19329913604,3546.1897641123987,43295.19853259348,212.89005717546576,683.9839905014012,3318.631375617347,4129.591991597214,1723.5823130949625,17053.77911215748,3524.2923735700574,43073.23648110783,206080.07285862454,3545.026780344036,43288.05908127642,212.88627752556917,683.962641538337,3317.4324048504936,4128.796335305664,1723.5043503762024,17053.32530158853,3523.1605826537893,43066.280497197055
M_var_1_10.0,298379.87021849235,232810.80592203003,865844.2583113133,12869.815871190833,19693.939676746868,69416.86827116947,183485.9986314566,19902.596629726097,107442.67754133561,172342.01735543876,528234.9357186801,290376.88464512327,205453.41117871163,524281.8195848917,9248.870798942451,16514.06228034287,61041.946586431746,108704.5652273826,17561.62453641576,99902.20203509596,148505.74723253679,382158.1464591069,117748.80719949072,66568.41953702524,423011.7524953186,4265.16544849112,4925.477913275581,28495.65644978912,108262.91354708635,5931.8781288394175,25091.988822838586,44341.036576259256,224271.29257805512,116745.22543247798,54237.59245381479,207068.08717667835,3117.2087664773976,4066.627232288919,23804.57877955272,62346.640361749836,4713.5999448848215,22343.49119543418,43130.61453066013,140483.09008911386,266465.22369870753,190983.55095414823,739795.7223796592,410.9973864313625,1934.8776147430353,22576.660782980613,96185.67178846955,5146.713565638194,34705.886237875005,142431.18478664447,458745.09599676164,229444.6505929752,143099.91791057718,393753.97479546745,398.86088112361944,1770.7551294855814,21690.88001466727,55328.09446398861,4956.014090363154,33937.81211294043,87809.55455624455,269301.1948901187,65090.04159040042,27054.418974668988,249087.23627263124,82.63091111495666,234.1601494884023,6919.339869715725,45209.74946404828,255.01688131039762,2721.309331987398,11972.98789937436,104508.37936875742,19066.551711985165,22038.759955135345,105994.12008855073,75.50413436594353,217.60222773636525,6137.701432019867,26017.548176931978,244.59263771435926,2637.707178134514,11928.878267993678,59091.15217541474,254682.52360017036,188506.10265910163,477233.16323961876,5226.820539904102,6209.771527856804,50776.6774706825,105200.89283354003,16572.56576434896,76641.55688696167,146203.73069823586,372650.5730797164,250422.67154314087,178552.02926019716,429290.50665407366,5002.8680706181,6017.529916646043,46606.64452746305,83481.45150433134,14746.36200562862,72225.77128023248,135519.4985676826,335158.8487539984,67770.42125685692,10198.136182423475,27555.54744218784,623.1218993619956,908.7183113298901,3363.4796240574337,2666.135489664222,1691.2256564514182,10944.596504897514,9269.0912846061,26069.233691555306,61201.33847195409,10194.805455089696,27544.718587805615,622.6451729415759,907.6637082975008,3350.747824488966,2659.397797601695,1686.2874550039792,10927.325426777004,9262.773008988757,26056.720058476,206821.19329913604,3546.1897641123987,43295.19853259348,212.89005717546576,683.9839905014012,3318.631375617347,4129.591991597214,1723.5823130949625,17053.77911215748,3524.2923735700574,43073.23648110783,206080.07285862454,3545.026780344036,43288.05908127642,212.88627752556917,683.962641538337,3317.4324048504936,4128.796335305664,1723.5043503762024,17053.32530158853,3523.1605826537893,43066.280497197055
M_var_2_0.1,298379.87021849235,232810.80592203003,865844.2583113133,12869.815871190833,19693.939676746868,69430.5455077601,187478.1233250425,19902.596629726097,107442.67754133561,174913.47384404566,545153.4148421609,290376.88464512327,205453.41117871163,524281.8195848917,9248.870798942451,16514.06228034287,61769.71496913417,109441.25877918574,17561.62453641576,99902.20203509596,149609.31914793517,384594.6560760435,117748.80719949072,66568.41953702524,423011.7524953186,4265.16544849112,4925.477913275581,28631.930277133564,111589.5289435068,5931.8781288394175,25091.988822838586,44341.51615582551,230532.66525680857,116745.22543247798,54237.59245381479,207068.08717667835,3117.2087664773976,4066.627232288919,23807.461356343774,62383.66666573514,4713.5999448848215,22343.49119543418,43136.916669058126,140570.73540714572,266465.22369870753,190983.55095414823,739795.7223796592,410.9973864313625,1934.8776147430353,23525.451279180405,100037.62438592824,5146.713565638194,34705.886237875005,142778.92240407807,464965.513953782,229444.6505929752,143099.91791057718,393753.97479546745,398.86088112361944,1770.7551294855814,21946.85790689878,56398.85699568856,4956.014090363154,33937.81211294043,89945.65867200325,273185.41855185415,65090.04159040042,27054.418974668988,249087.23627263124,82.63091111495666,234.1601494884023,7397.596092882958,47804.7545755043,255.01688131039762,2721.309331987398,12255.811103448486,107405.34550732405,19066.551711985165,22038.759955135345,105994.12008855073,75.50413436594353,217.60222773636525,6237.841747617102,26438.911154789388,244.59263771435926,2637.707178134514,12170.277405333778,60293.008122760366,254682.52360017036,188506.10265910163,477233.16323961876,5226.820539904102,6209.771527856804,50818.55770124701,109162.23891997826,16572.56576434896,76641.55688696167,149932.18810316644,383575.0347466564,250422.67154314087,178552.02926019716,429290.50665407366,5002.8680706181,6017.529916646043,46618.28941357542,84703.54151350993,14746.36200562862,72225.77128023248,137181.25600153764,338718.26313673705,67770.42125685692,10198.136182423475,27555.54744218784,623.1218993619956,908.7183113298901,3370.54709706278,2682.7820138021198,1691.2256564514182,10944.596504897514,9291.618322240094,26109.381535337114,61201.33847195409,10194.805455089696,27544.718587805615,622.6451729415759,907.6637082975008,3356.407855152234,2674.2055121565345,1686.2874550039792,10927.325426777004,9282.517575852691,26093.91537762798,206821.19329913604,3546.1897641123987,43295.19853259348,212.89005717546576,683.9839905014012,3318.631375617347,4129.591991597214,1723.5823130949625,17053.77911215748,3524.2923735700574,43073.23648110783,206080.07285862454,3545.026780344036,43288.05908127642,212.88627752556917,683.962641538337,3317.4324048504936,4128.796335305664,1723.5043503762024,17053.32530158853,3523.1605826537893,43066.280497197055
M_var_2_0.2,298379.87021849235,232810.80592203003,865844.2583113133,12869.815871190833,19693.939676746868,69430.33902752739,187421.01366770949,19902.596629726097,107442.67754133561,174877.26096821818,544906.9268004439,290376.88464512327,205453.41117871163,524281.8195848917,9248.870798942451,16514.06228034287,61764.920371185595,109434.54415603819,17561.62453641576,99902.20203509596,149593.91358018568,384558.5276091202,117748.80719949072,66568.41953702524,423011.7524953186,4265.16544849112,4925.477913275581,28630.672424772045,111549.81379554656,5931.8781288394175,25091.988822838586,44341.51158826029,230441.60235421147,116745.22543247798,54237.59245381479,207068.08717667835,3117.2087664773976,4066.627232288919,23807.461306120178,62382.74066992105,4713.5999448848215,22343.49119543418,43136.74598870392,140568.26137232783,266465.22369870753,190983.55095414823,739795.7223796592,410.9973864313625,1934.8776147430353,23519.273096851663,100007.02734143316,5146.713565638194,34705.886237875005,142773.02833179172,464889.7239601275,229444.6505929752,143099.91791057718,393753.97479546745,398.86088112361944,1770.7551294855814,21944.40537786741,56394.52419879578,4956.014090363154,33937.81211294043,89938.65264783826,273173.78336674144,65090.04159040042,27054.418974668988,249087.23627263124,82.63091111495666,234.1601494884023,7394.023289865934,47784.237822387535,255.01688131039762,2721.309331987398,12253.2652628626,107373.47987069312,19066.551711985165,22038.759955135345,105994.12008855073,75.50413436594353,217.60222773636525,6236.477343551895,26435.898354410358,244.59263771435926,2637.707178134514,12168.256062563152,60286.96487746899,254682.52360017036,188506.10265910163,477233.16323961876,5226.820539904102,6209.771527856804,50818.49695723879,109135.48414145883,16572.56576434896,76641.55688696167,149905.26330605434,383498.46539295686,250422.67154314087,178552.02926019716,429290.50665407366,5002.8680706181,6017.529916646043,46618.168955683584,84696.14859080827,14746.36200562862,72225.77128023248,137168.19298795846,338692.39678889274,67770.42125685692,10198.136182423475,27555.54744218784,623.1218993619956,908.7183113298901,3370.5290378362074,2682.7661772851516,1691.2256564514182,10944.596504897514,9291.553586584298,26109.180722902212,61201.33847195409,10194.805455089696,27544.718587805615,622.6451729415759,907.6637082975008,3356.3922599240173,2674.191841511832,1686.2874550039792,10927.325426777004,9282.458205954472,26093.718535928612,206821.19329913604,3546.1897641123987,43295.19853259348,212.89005717546576,683.9839905014012,3318.631375617347,4129.591991597214,1723.5823130949625,17053.77911215748,3524.2923735700574,43073.23648110783,206080.07285862454,3545.026780344036,43288.05908127642,212.88627752556917,683.962641538337,3317.4324048504936,4128.796335305664,1723.5043503762024,17053.32530158853,3523.1605826537893,43066.280497197055
M_var_2_0.3,298379.87021849235,232810.80592203003,865844.2583113133,12869.815871190833,19693.939676746868,69429.70914904817,187247.11756511932,19902.596629726097,107442.67754133561,174766.92909002848,544157.3667483289,290376.88464512327,205453.41117871163,524281.8195848917,9248.870798942451,16514.06228034287,61750.26969149157,109414.02772346226,17561.62453641576,99902.20203509596,149546.85464379078,384448.18401035096,117748.80719949072,66568.41953702524,423011.7524953186,4265.16544849112,4925.477913275581,28626.82784248084,111428.66663067165,5931.8781288394175,25091.988822838586,44341.49763637498,230164.11228678457,116745.22543247798,54237.59245381479,207068.08717667835,3117.2087664773976,4066.627232288919,23807.461152347514,62379.90574592093,4713.5999448848215,22343.49119543418,43136.22342415806,140560.68741898364,266465.22369870753,190983.55095414823,739795.7223796592,410.9973864313625,1934.8776147430353,23500.15693894763,99912.4317792361,5146.713565638194,34705.886237875005,142754.8068161764,464655.6139811447,229444.6505929752,143099.91791057718,393753.97479546745,398.86088112361944,1770.7551294855814,21936.79660450551,56381.08223809927,4956.014090363154,33937.81211294043,89916.92110338542,273137.69084599527,65090.04159040042,27054.418974668988,249087.23627263124,82.63091111495666,234.1601494884023,7382.954181426807,47720.71550422249,255.01688131039762,2721.309331987398,12245.389730742825,107274.999507014,19066.551711985165,22038.759955135345,105994.12008855073,75.50413436594353,217.60222773636525,6232.242015182827,26426.54430429969,244.59263771435926,2637.707178134514,12161.98451658467,60268.2135100739,254682.52360017036,188506.10265910163,477233.16323961876,5226.820539904102,6209.771527856804,50818.309326654504,109052.96566342017,16572.56576434896,76641.55688696167,149822.200974307,383262.36641126056,250422.67154314087,178552.02926019716,429290.50665407366,5002.8680706181,6017.529916646043,46617.79659604422,84673.30756892664,14746.36200562862,72225.77128023248,137127.83333795465,338612.4861106568,67770.42125685692,10198.136182423475,27555.54744218784,623.1218993619956,908.7183113298901,3370.4731668598056,2682.717183548056,1691.2256564514182,10944.596504897514,9291.353319637632,26108.559498935163,61201.33847195409,10194.805455089696,27544.718587805615,622.6451729415759,907.6637082975008,3356.3440087037675,2674.1495454250776,1686.2874550039792,10927.325426777004,9282.274525205205,26093.109552187867,206821.19329913604,3546.1897641123987,43295.19853259348,212.89005717546576,683.9839905014012,3318.631375617347,4129.591991597214,1723.5823130949625,17053.77911215748,3524.2923735700574,43073.23648110783,206080.07285862454,3545.026780344036,43288.05908127642,212.88627752556917,683.962641538337,3317.4324048504936,4128.796335305664,1723.5043503762024,17053.32530158853,3523.1605826537893,43066.280497197055
M_var_2_0.6,298379.87021849235,232810.80592203003,865844.2583113133,12869.815871190833,19693.939676746868,69427.92242893788,186756.44658544534,19902.596629726097,107442.67754133561,174455.08182690968,542050.3291395007,290376.88464512327,205453.41117871163,524281.8195848917,9248.870798942451,16514.06228034287,61708.509432443214,109355.55764005418,17561.62453641576,99902.20203509596,149412.84436383998,384134.0971789309,117748.80719949072,66568.41953702524,423011.7524953186,4265.16544849112,4925.477913275581,28615.860910765863,111085.0661569462,5931.8781288394175,25091.988822838586,44341.45790974134,229379.44292843275,116745.22543247798,54237.59245381479,207068.08717667835,3117.2087664773976,4066.627232288919,23807.46071148496,62371.78023031516,4713.5999448848215,22343.49119543418,43134.72539792915,140538.98107229546,266465.22369870753,190983.55095414823,739795.7223796592,410.9973864313625,1934.8776147430353,23443.622597316375,99633.34287835733,5146.713565638194,34705.886237875005,142701.0556039948,463966.7271126565,229444.6505929752,143099.91791057718,393753.97479546745,398.86088112361944,1770.7551294855814,21914.113156410756,56341.010472291266,4956.014090363154,33937.81211294043,89852.17112806092,273030.13318018295,65090.04159040042,27054.418974668988,249087.23627263124,82.63091111495666,234.1601494884023,7350.090746633237,47532.49241493176,255.01688131039762,2721.309331987398,12222.11316066897,106984.77683312412,19066.551711985165,22038.759955135345,105994.12008855073,75.50413436594353,217.60222773636525,6219.594202600409,26398.594076081255,244.59263771435926,2637.707178134514,12143.28321330267,60212.28735806786,254682.52360017036,188506.10265910163,477233.16323961876,5226.820539904102,6209.771527856804,50817.757239416955,108811.2398440169,16572.56576434896,76641.55688696167,149578.71320230054,382571.2723339704,250422.67154314087,178552.02926019716,429290.50665407366,5002.8680706181,6017.529916646043,46616.69849592756,84606.05402063584,14746.36200562862,72225.77128023248,137008.99384675035,338377.2434528688,67770.42125685692,10198.136182423475,27555.54744218784,623.1218993619956,908.7183113298901,3370.307993436412,2682.5723477586207,1691.2256564514182,10944.596504897514,9290.761350256658,26106.723324720537,61201.33847195409,10194.805455089696,27544.718587805615,622.6451729415759,907.6637082975008,3356.2013329181455,2674.024483216372,1686.2874550039792,10927.325426777004,9281.731464812305,26091.3091727929,206821.19329913604,3546.1897641123987,43295.19853259348,212.89005717546576,683.9839905014012,3318.631375617347,4129.591991597214,1723.5823130949625,17053.77911215748,3524.2923735700574,43073.23648110783,206080.07285862454,3545.026780344036,43288.05908127642,212.88627752556917,683.962641538337,3317.4324048504936,4128.796335305664,1723.5043503762024,17053.32530158853,3523.1605826537893,43066.280497197055
M_var_2_1.0,298379.87021849235,232810.80592203003,865844.2583113133,12869.815871190833,19693.939676746868,69423.7474047352,185624.67353463243,19902.596629726097,107442.67754133561,173732.79044797336,537234.4481676806,290376.88464512327,205453.41117871163,524281.8195848917,9248.870798942451,16514.06228034287,61609.74842409084,109217.33688453716,17561.62453641576,99902.20203509596,149096.65913614645,383393.85573388543,117748.80719949072,66568.41953702524,423011.7524953186,4265.16544849112,4925.477913275581,28589.87538220048,110282.42238279314,5931.8781288394175,25091.988822838586,44341.36420360346,227559.91512926115,116745.22543247798,54237.59245381479,207068.08717667835,3117.2087664773976,4066.627232288919,23807.459653605438,62352.2954482918,4713.5999448848215,22343.49119543418,43131.13171048547,140486.94350120143,266465.22369870753,190983.55095414823,739795.7223796592,410.9973864313625,1934.8776147430353,23296.537915938137,98911.87341822051,5146.713565638194,34705.886237875005,142562.16606967885,462198.4072209,229444.6505929752,143099.91791057718,393753.97479546745,398.86088112361944,1770.7551294855814,21853.798655089176,56234.473318527096,4956.014090363154,33937.81211294043,89680.26937589118,272744.44783371815,65090.04159040042,27054.418974668988,249087.23627263124,82.63091111495666,234.1601494884023,7263.687008592551,47040.221576401906,255.01688131039762,2721.309331987398,12161.656976376355,106236.78769909262,19066.551711985165,22038.759955135345,105994.12008855073,75.50413436594353,217.60222773636525,6185.807737253697,26323.80766162129,244.59263771435926,2637.707178134514,12093.524815604715,60063.405027436296,254682.52360017036,188506.10265910163,477233.16323961876,5226.820539904102,6209.771527856804,50816.34029221895,108198.1027252718,16572.56576434896,76641.55688696167,148959.98619020442,380821.81585947017,250422.67154314087,178552.02926019716,429290.50665407366,5002.8680706181,6017.529916646043,46613.86325311722,84433.13230371126,14746.36200562862,72225.77128023248,136703.40975841583,337772.71805648075,67770.42125685692,10198.136182423475,27555.54744218784,623.1218993619956,908.7183113298901,3369.878683776085,2682.195941875085,1691.2256564514182,10944.596504897514,9289.22334509677,26101.953448035118,61201.33847195409,10194.805455089696,27544.718587805615,622.6451729415759,907.6637082975008,3355.830295552549,2673.699283431177,1686.2874550039792,10927.325426777004,9280.319704849704,26086.629597535935,206821.19329913604,3546.1897641123987,43295.19853259348,212.89005717546576,683.9839905014012,3318.631375617347,4129.591991597214,1723.5823130949625,17053.77911215748,3524.2923735700574,43073.23648110783,206080.07285862454,3545.026780344036,43288.05908127642,212.88627752556917,683.962641538337,3317.4324048504936,4128.796335305664,1723.5043503762024,17053.32530158853,3523.1605826537893,43066.280497197055
M_var_2_1.8,298379.87021849235,232810.80592203003,865844.2583113133,12869.815871190833,19693.939676746868,69417.24318398884,183901.51876869684,19902.596629726097,107442.67754133561,172625.0799695009,530017.7277804053,290376.88464512327,205453.41117871163,524281.8195848917,9248.870798942451,16514.06228034287,61452.512723465385,108997.44592355241,17561.62453641576,99902.20203509596,148595.4094027045,382222.6892955299,117748.80719949072,66568.41953702524,423011.7524953186,4265.16544849112,4925.477913275581,28548.3608155751,109032.55480669017,5931.8781288394175,25091.988822838586,44341.21572363222,224763.4283027191,116745.22543247798,54237.59245381479,207068.08717667835,3117.2087664773976,4066.627232288919,23807.457923715876,62320.47240625546,4713.5999448848215,22343.49119543418,43125.25798022096,140401.99597132148,266465.22369870753,190983.55095414823,739795.7223796592,410.9973864313625,1934.8776147430353,23014.276655574304,97545.63575319096,5146.713565638194,34705.886237875005,142299.43089856976,458898.6915028017,229444.6505929752,143099.91791057718,393753.97479546745,398.86088112361944,1770.7551294855814,21732.510498883574,56020.286770167884,4956.014090363154,33937.81211294043,89335.75398966299,272171.2995573973,65090.04159040042,27054.418974668988,249087.23627263124,82.63091111495666,234.1601494884023,7094.125953986595,46084.73566980237,255.01688131039762,2721.309331987398,12046.050970909437,104829.2173579094,19066.551711985165,22038.759955135345,105994.12008855073,75.50413436594353,217.60222773636525,6117.16961072985,26171.32416085469,244.59263771435926,2637.707178134514,11993.321965908694,59763.22911443867,254682.52360017036,188506.10265910163,477233.16323961876,5226.820539904102,6209.771527856804,50813.69717486885,107081.46626658298,16572.56576434896,76641.55688696167,147829.1047138609,377648.65764603735,250422.67154314087,178552.02926019716,429290.50665407366,5002.8680706181,6017.529916646043,46608.50842835639,84109.35635723926,14746.36200562862,72225.77128023248,136131.1474031115,336642.0867157611,67770.42125685692,10198.136182423475,27555.54744218784,623.1218993619956,908.7183113298901,3369.0565170650734,2681.4752652277784,1691.2256564514182,10944.596504897514,9286.28037956026,26092.82919648249,61201.33847195409,10194.805455089696,27544.718587805615,622.6451729415759,907.6637082975008,3355.1189087862763,2673.0759113608574,1686.2874550039792,10927.325426777004,9277.614979029599,26077.667270768816,206821.19329913604,3546.1897641123987,43295.19853259348,212.89005717546576,683.9839905014012,3318.631375617347,4129.591991597214,1723.5823130949625,17053.77911215748,3524.2923735700574,43073.23648110783,206080.07285862454,3545.026780344036,43288.05908127642,212.88627752556917,683.962641538337,3317.4324048504936,4128.796335305664,1723.5043503762024,17053.32530158853,3523.1605826537893,43066.280497197055
M_var_2_3.2,298379.87021849235,232810.80592203003,865844.2583113133,12869.815871190833,19693.939676746868,69411.54676174554,182430.8910269135,19902.596629726097,107442.67754133561,171672.07555281685,523965.68588536134,290376.88464512327,205453.41117871163,524281.8195848917,9248.870798942451,16514.06228034287,61311.310965571516,108800.1527405231,17561.62453641576,99902.20203509596,148147.50314532907,381178.569661555,117748.80719949072,66568.41953702524,423011.7524953186,4265.16544849112,4925.477913275581,28510.928659997357,107938.30940357174,5931.8781288394175,25091.988822838586,44341.08312046943,222351.1962763759,116745.22543247798,54237.59245381479,207068.08717667835,3117.2087664773976,4066.627232288919,23807.45632038922,62291.02107913281,4713.5999448848215,22343.49119543418,43119.817110064185,140323.42531436382,266465.22369870753,190983.55095414823,739795.7223796592,410.9973864313625,1934.8776147430353,22692.361234862394,96015.72430647729,5146.713565638194,34705.886237875005,142005.731716889,455278.49718025926,229444.6505929752,143099.91791057718,393753.97479546745,398.86088112361944,1770.7551294855814,21584.51511461344,55759.02550340389,4956.014090363154,33937.81211294043,88917.47568394968,271474.3638288942,65090.04159040042,27054.418974668988,249087.23627263124,82.63091111495666,234.1601494884023,6894.48497581732,44976.65702743043,255.01688131039762,2721.309331987398,11914.860542792749,103266.71314132445,19066.551711985165,22038.759955135345,105994.12008855073,75.50413436594353,217.60222773636525,6032.134787063726,25981.370096256112,244.59263771435926,2637.707178134514,11870.796731200984,59395.51592958748,254682.52360017036,188506.10265910163,477233.16323961876,5226.820539904102,6209.771527856804,50810.79894904107,105895.79939604363,16572.56576434896,76641.55688696167,146622.7081992216,374297.64933684247,250422.67154314087,178552.02926019716,429290.50665407366,5002.8680706181,6017.529916646043,46602.53574436353,83752.49338212654,14746.36200562862,72225.77128023248,135500.27968902225,335397.8394261275,67770.42125685692,10198.136182423475,27555.54744218784,623.1218993619956,908.7183113298901,3368.121557308359,2680.655997469428,1691.2256564514182,10944.596504897514,9282.937579573278,26082.469906393173,61201.33847195409,10194.805455089696,27544.718587805615,622.6451729415759,907.6637082975008,3354.3086201741917,2672.366082992208,1686.2874550039792,10927.325426777004,9274.537469189698,26067.474573308195,206821.19329913604,3546.1897641123987,43295.19853259348,212.89005717546576,683.9839905014012,3318.631375617347,4129.591991597214,1723.5823130949625,17053.77911215748,3524.2923735700574,43073.23648110783,206080.07285862454,3545.026780344036,43288.05908127642,212.88627752556917,683.962641538337,3317.4324048504936,4128.796335305664,1723.5043503762024,17053.32530158853,3523.1605826537893,43066.280497197055
M_var_2_5.6,298379.87021849235,232810.80592203003,865844.2583113133,12869.815871190833,19693.939676746868,69408.5808286963,181678.9261559222,19902.596629726097,107442.67754133561,171182.0736215153,520908.21779009077,290376.88464512327,205453.41117871163,524281.8195848917,9248.870798942451,16514.06228034287,61236.4593632026,108695.6334522698,17561.62453641576,99902.20203509596,147910.91644538144,380627.9708485729,117748.80719949072,66568.41953702524,423011.7524953186,4265.16544849112,4925.477913275581,28491.027488431075,107368.66003172174,5931.8781288394175,25091.988822838586,44341.013107416366,221108.4843899603,116745.22543247798,54237.59245381479,207068.08717667835,3117.2087664773976,4066.627232288919,23807.45545055855,62275.06071473019,4713.5999448848215,22343.49119543418,43116.866606016316,140280.86444497202,266465.22369870753,190983.55095414823,739795.7223796592,410.9973864313625,1934.8776147430353,22485.934572465478,95049.89494403117,5146.713565638194,34705.886237875005,141820.64519203355,453033.11933925055,229444.6505929752,143099.91791057718,393753.97479546745,398.86088112361944,1770.7551294855814,21483.67174991117,55581.05485100043,4956.014090363154,33937.81211294043,88633.77488453526,271000.98697435745,65090.04159040042,27054.418974668988,249087.23627263124,82.63091111495666,234.1601494884023,6762.802462161512,44255.13595169937,255.01688131039762,2721.309331987398,11831.101164095904,102287.69461097638,19066.551711985165,22038.759955135345,105994.12008855073,75.50413436594353,217.60222773636525,5973.367607531413,25849.40573016703,244.59263771435926,2637.707178134514,11787.14564044316,59144.036446166385,254682.52360017036,188506.10265910163,477233.16323961876,5226.820539904102,6209.771527856804,50809.00231824749,105180.21105376279,16572.56576434896,76641.55688696167,145891.89111294624,372284.3612617602,250422.67154314087,178552.02926019716,429290.50665407366,5002.8680706181,6017.529916646043,46598.77896155371,83530.29603213014,14746.36200562862,72225.77128023248,135107.41681892294,334624.1414775469,67770.42125685692,10198.136182423475,27555.54744218784,623.1218993619956,908.7183113298901,3367.5235333637634,2680.1321283560687,1691.2256564514182,10944.596504897514,9280.801619057456,26075.85314972608,61201.33847195409,10194.805455089696,27544.718587805615,622.6451729415759,907.6637082975008,3353.78960828976,2671.9115355716467,1686.2874550039792,10927.325426777004,9272.568053888901,26060.954602040587,206821.19329913604,3546.1897641123987,43295.19853259348,212.89005717546576,683.9839905014012,3318.631375617347,4129.591991597214,1723.5823130949625,17053.77911215748,3524.2923735700574,43073.23648110783,206080.07285862454,3545.026780344036,43288.05908127642,212.88627752556917,683.962641538337,3317.4324048504936,4128.796335305664,1723.5043503762024,17053.32530158853,3523.1605826537893,43066.280497197055
M_var_2_10.0,298379.87021849235,232810.80592203003,865844.2583113133,12869.815871190833,19693.939676746868,69407.44126925009,181392.45497882745,19902.596629726097,107442.67754133561,170994.9191419028,519749.9211690428,290376.88464512327,205453.41117871163,524281.8195848917,9248.870798942451,16514.06228034287,61207.452503637876,108655.14198048975,17561.62453641576,99902.20203509596,147819.39093752395,380415.135341114,117748.80719949072,66568.41953702524,423011.7524953186,4265.16544849112,4925.477913275581,28483.304403524595,107149.80037850524,5931.8781288394175,25091.988822838586,44340.986027613755,220633.38227279196,116745.22543247798,54237.59245381479,207068.08717667835,3117.2087664773976,4066.627232288919,23807.455109671388,62268.80918438957,4713.5999448848215,22343.49119543418,43115.71054284341,140264.1972625331,266465.22369870753,190983.55095414823,739795.7223796592,410.9973864313625,1934.8776147430353,22397.643266266008,94640.31828249719,5146.713565638194,34705.886237875005,141742.24038846168,452090.17324327613,229444.6505929752,143099.91791057718,393753.97479546745,398.86088112361944,1770.7551294855814,21439.017378781708,55502.260306226766,4956.014090363154,33937.81211294043,88508.48743061583,270791.76065488614,65090.04159040042,27054.418974668988,249087.23627263124,82.63091111495666,234.1601494884023,6705.576729642062,43943.78166991523,255.01688131039762,2721.309331987398,11795.3630528156,101874.24099393762,19066.551711985165,22038.759955135345,105994.12008855073,75.50413436594353,217.60222773636525,5947.12779976134,25790.29873909322,244.59263771435926,2637.707178134514,11750.06187503688,59032.43730356216,254682.52360017036,188506.10265910163,477233.16323961876,5226.820539904102,6209.771527856804,50808.24806119488,104884.0732281086,16572.56576434896,76641.55688696167,145588.8650396554,371453.2060577216,250422.67154314087,178552.02926019716,429290.50665407366,5002.8680706181,6017.529916646043,46597.18920733566,83436.78934421811,14746.36200562862,72225.77128023248,134942.07713711352,334298.78279660165,67770.42125685692,10198.136182423475,27555.54744218784,623.1218993619956,908.7183113298901,3367.268111161444,2679.908415353143,1691.2256564514182,10944.596504897514,9279.889845782369,26073.02927400354,61201.33847195409,10194.805455089696,27544.718587805615,622.6451729415759,907.6637082975008,3353.5677589062825,2671.717269090024,1686.2874550039792,10927.325426777004,9271.72666738807,26058.169744509796,206821.19329913604,3546.1897641123987,43295.19853259348,212.89005717546576,683.9839905014012,3318.631375617347,4129.591991597214,1723.5823130949625,17053.77911215748,3524.2923735700574,43073.23648110783,206080.07285862454,3545.026780344036,43288.05908127642,212.88627752556917,683.962641538337,3317.4324048504936,4128.796335305664,1723.5043503762024,17053.32530158853,3523.1605826537893,43066.280497197055
M_var_3_0.1,298379.87021849235,232810.80592203003,865844.2583113133,12869.815871190833,19693.939676746868,69461.15395424835,190139.54399321915,19902.596629726097,107442.67754133561,176698.56125129375,555851.9062873906,290376.88464512327,205453.41117871163,524281.8195848917,9248.870798942451,16514.06228034287,61762.27220664621,109918.23994483764,17561.62453641576,99902.20203509596,150394.68519500075,386567.710795294,117748.80719949072,66568.41953702524,423011.7524953186,4265.16544849112,4925.477913275581,28609.805034893026,112827.97334331604,5931.8781288394175,25091.988822838586,44354.12729223347,235165.67672724026,116745.22543247798,54237.59245381479,207068.08717667835,3117.2087664773976,4066.627232288919,23807.585124094407,62598.97229794539,4713.5999448848215,22343.49119543418,43169.27557880987,141084.4979408798,266465.22369870753,190983.55095414823,739795.7223796592,410.9973864313625,1934.8776147430353,23545.199744642523,101100.42337915328,5146.713565638194,34705.886237875005,143713.41147652434,471635.44827412994,229444.6505929752,143099.91791057718,393753.97479546745,398.86088112361944,1770.7551294855814,22007.178832954676,56439.77529126588,4956.014090363154,33937.81211294043,89708.07692970728,272822.30821967963,65090.04159040042,27054.418974668988,249087.23627263124,82.63091111495666,234.1601494884023,7439.442754669686,48363.167239181945,255.01688131039762,2721.309331987398,12291.704456314263,109369.4109790098,19066.551711985165,22038.759955135345,105994.12008855073,75.50413436594353,217.60222773636525,6297.535990713489,26582.094967755856,244.59263771435926,2637.707178134514,12208.113105879509,60364.0289187248,254682.52360017036,188506.10265910163,477233.16323961876,5226.820539904102,6209.771527856804,50827.6304095875,109571.98437631743,16572.56576434896,76641.55688696167,150666.47267220114,385070.1697121677,250422.67154314087,178552.02926019716,429290.50665407366,5002.8680706181,6017.529916646043,46657.19813663838,84939.381473289,14746.36200562862,72225.77128023248,137773.2183274996,339754.4186940665,67770.42125685692,10198.136182423475,27555.54744218784,623.1218993619956,908.7183113298901,3370.4930038437356,2682.4440774604236,1691.2256564514182,10944.596504897514,9290.294093111652,26109.78633031668,61201.33847195409,10194.805455089696,27544.718587805615,622.6451729415759,907.6637082975008,3356.3817466852447,2673.926762553227,1686.2874550039792,10927.325426777004,9281.297063674087,26094.44762124234,206821.19329913604,3546.1897641123987,43295.19853259348,212.89005717546576,683.9839905014012,3318.631375617347,4129.591991597214,1723.5823130949625,17053.77911215748,3524.2923735700574,43073.23648110783,206080.07285862454,3545.026780344036,43288.05908127642,212.88627752556917,683.962641538337,3317.4324048504936,4128.796335305664,1723.5043503762024,17053.32530158853,3523.1605826537893,43066.280497197055
M_var_3_0.2,298379.87021849235,232810.80592203003,865844.2583113133,12869.815871190833,19693.939676746868,69459.80781117322,189971.4030650457,19902.596629726097,107442.67754133561,176589.47173842884,555144.109594705,290376.88464512327,205453.41117871163,524281.8195848917,9248.870798942451,16514.06228034287,61756.81713092836,109892.99900128457,17561.62453641576,99902.20203509596,150347.96678765412,386453.0689511522,117748.80719949072,66568.41953702524,423011.7524953186,4265.16544849112,4925.477913275581,28609.098989951366,112734.82429589822,5931.8781288394175,25091.988822838586,44353.67144719642,234880.85703410316,116745.22543247798,54237.59245381479,207068.08717667835,3117.2087664773976,4066.627232288919,23807.58070615477,62590.2368246562,4713.5999448848215,22343.49119543418,43167.929717110055,141063.30208735482,266465.22369870753,190983.55095414823,739795.7223796592,410.9973864313625,1934.8776147430353,23537.462217400804,101030.83839198182,5146.713565638194,34705.886237875005,143676.845793829,471329.1637333031,229444.6505929752,143099.91791057718,393753.97479546745,398.86088112361944,1770.7551294855814,22002.47339998741,56433.48629984359,4956.014090363154,33937.81211294043,89707.22217679198,272819.9146609856,65090.04159040042,27054.418974668988,249087.23627263124,82.63091111495666,234.1601494884023,7434.041340576688,48321.80305382122,255.01688131039762,2721.309331987398,12287.639729458997,109268.31435671874,19066.551711985165,22038.759955135345,105994.12008855073,75.50413436594353,217.60222773636525,6294.130467915472,26574.24698429034,244.59263771435926,2637.707178134514,12204.595000697256,60354.81645207599,254682.52360017036,188506.10265910163,477233.16323961876,5226.820539904102,6209.771527856804,50827.2733693416,109527.74184384797,16572.56576434896,76641.55688696167,150611.70746700026,384933.1335053791,250422.67154314087,178552.02926019716,429290.50665407366,5002.8680706181,6017.529916646043,46655.83357301377,84923.315663367,14746.36200562862,72225.77128023248,137739.23987953772,339691.41746180604,67770.42125685692,10198.136182423475,27555.54744218784,623.1218993619956,908.7183113298901,3370.4739109022835,2682.436365782604,1691.2256564514182,10944.596504897514,9290.260810173128,26109.542775416867,61201.33847195409,10194.805455089696,27544.718587805615,622.6451729415759,907.6637082975008,3356.3646130339575,2673.9196950015576,1686.2874550039792,10927.325426777004,9281.266693322179,26094.204603714927,206821.19329913604,3546.1897641123987,43295.19853259348,212.89005717546576,683.9839905014012,3318.631375617347,4129.591991597214,1723.5823130949625,17053.77911215748,3524.2923735700574,43073.23648110783,206080.07285862454,3545.026780344036,43288.05908127642,212.88627752556917,683.962641538337,3317.4324048504936,4128.796335305664,1723.5043503762024,17053.32530158853,3523.1605826537893,43066.280497197055
M_var_3_0.3,298379.87021849235,232810.80592203003,865844.2583113133,12869.815871190833,19693.939676746868,69455.79596082194,189472.89512792748,19902.596629726097,107442.67754133561,176265.4230319383,553052.3501763259,290376.88464512327,205453.41117871163,524281.8195848917,9248.870798942451,16514.06228034287,61740.54473855208,109817.78246122025,17561.62453641576,99902.20203509596,150208.73690364242,386111.59643252316,117748.80719949072,66568.41953702524,423011.7524953186,4265.16544849112,4925.477913275581,28606.98992219899,112457.91412833917,5931.8781288394175,25091.988822838586,44352.31139147359,234037.1475428542,116745.22543247798,54237.59245381479,207068.08717667835,3117.2087664773976,4066.627232288919,23807.567497287408,62564.141062840776,4713.5999448848215,22343.49119543418,43163.907037712226,140999.99831151566,266465.22369870753,190983.55095414823,739795.7223796592,410.9973864313625,1934.8776147430353,23513.931631632924,100819.82381613554,5146.713565638194,34705.886237875005,143565.94456733204,470402.91257710854,229444.6505929752,143099.91791057718,393753.97479546745,398.86088112361944,1770.7551294855814,21988.13750935785,56414.322211630315,4956.014090363154,33937.81211294043,89704.61868001932,272812.6242140523,65090.04159040042,27054.418974668988,249087.23627263124,82.63091111495666,234.1601494884023,7417.588754471084,48196.09180704326,255.01688131039762,2721.309331987398,12275.285658772587,108962.3531372878,19066.551711985165,22038.759955135345,105994.12008855073,75.50413436594353,217.60222773636525,6283.74639746653,26550.30752105574,244.59263771435926,2637.707178134514,12193.877572710135,60326.745192477596,254682.52360017036,188506.10265910163,477233.16323961876,5226.820539904102,6209.771527856804,50826.189869182774,109393.80384168487,16572.56576434896,76641.55688696167,150445.83676293565,384518.36811573483,250422.67154314087,178552.02926019716,429290.50665407366,5002.8680706181,6017.529916646043,46651.69023355067,84874.58375135169,14746.36200562862,72225.77128023248,137636.18529898726,339500.3627904714,67770.42125685692,10198.136182423475,27555.54744218784,623.1218993619956,908.7183113298901,3370.4158384475513,2682.412910071998,1691.2256564514182,10944.596504897514,9290.159579596775,26108.802030554278,61201.33847195409,10194.805455089696,27544.718587805615,622.6451729415759,907.6637082975008,3356.312497787874,2673.8981976052796,1686.2874550039792,10927.325426777004,9281.17431760113,26093.465463491008,206821.19329913604,3546.1897641123987,43295.19853259348,212.89005717546576,683.9839905014012,3318.631375617347,4129.591991597214,1723.5823130949625,17053.77911215748,3524.2923735700574,43073.23648110783,206080.07285862454,3545.026780344036,43288.05908127642,212.88627752556917,683.962641538337,3317.4324048504936,4128.796335305664,1723.5043503762024,17053.32530158853,3523.1605826537893,43066.280497197055
M_var_3_0.6,298379.87021849235,232810.80592203003,865844.2583113133,12869.815871190833,19693.939676746868,69445.13806612276,188167.11060492916,19902.596629726097,107442.67754133561,175412.23171496793,547620.3589435709,290376.88464512327,205453.41117871163,524281.8195848917,9248.870798942451,16514.06228034287,61697.20697363928,109618.01921490654,17561.62453641576,99902.20203509596,149838.87949153286,385205.8127017679,117748.80719949072,66568.41953702524,423011.7524953186,4265.16544849112,4925.477913275581,28601.35127238662,111727.29517507306,5931.8781288394175,25091.988822838586,44348.68716261765,231832.26291581546,116745.22543247798,54237.59245381479,207068.08717667835,3117.2087664773976,4066.627232288919,23807.532096082916,62494.36208001604,4713.5999448848215,22343.49119543418,43153.13476719833,140830.83903078997,266465.22369870753,190983.55095414823,739795.7223796592,410.9973864313625,1934.8776147430353,23447.77816379711,100231.36888652477,5146.713565638194,34705.886237875005,143256.5468801635,467839.96407215035,229444.6505929752,143099.91791057718,393753.97479546745,398.86088112361944,1770.7551294855814,21947.621336031505,56360.131035715,4956.014090363154,33937.81211294043,89697.26596160771,272792.0356208305,65090.04159040042,27054.418974668988,249087.23627263124,82.63091111495666,234.1601494884023,7371.1206922463,47843.31452954836,255.01688131039762,2721.309331987398,12240.611323804178,108113.93863888184,19066.551711985165,22038.759955135345,105994.12008855073,75.50413436594353,217.60222773636525,6254.328893819042,26482.41028023316,244.59263771435926,2637.707178134514,12163.596622470703,60247.37792434804,254682.52360017036,188506.10265910163,477233.16323961876,5226.820539904102,6209.771527856804,50823.16211744975,109022.08446316636,16572.56576434896,76641.55688696167,149984.89119502477,383367.99401332595,250422.67154314087,178552.02926019716,429290.50665407366,5002.8680706181,6017.529916646043,46640.093351107214,84738.58590977268,14746.36200562862,72225.77128023248,137348.67649557235,338967.53742034663,67770.42125685692,10198.136182423475,27555.54744218784,623.1218993619956,908.7183113298901,3370.2525025403443,2682.3469369721315,1691.2256564514182,10944.596504897514,9289.874869889307,26106.71894649356,61201.33847195409,10194.805455089696,27544.718587805615,622.6451729415759,907.6637082975008,3356.165900280787,2673.837725735469,1686.2874550039792,10927.325426777004,9280.914481219867,26091.38665212576,206821.19329913604,3546.1897641123987,43295.19853259348,212.89005717546576,683.9839905014012,3318.631375617347,4129.591991597214,1723.5823130949625,17053.77911215748,3524.2923735700574,43073.23648110783,206080.07285862454,3545.026780344036,43288.05908127642,212.88627752556917,683.962641538337,3317.4324048504936,4128.796335305664,1723.5043503762024,17053.32530158853,3523.1605826537893,43066.280497197055
M_var_3_1.0,298379.87021849235,232810.80592203003,865844.2583113133,12869.815871190833,19693.939676746868,69423.7474047352,185624.67353463243,19902.596629726097,107442.67754133561,173732.79044797336,537234.4481676806,290376.88464512327,205453.41117871163,524281.8195848917,9248.870798942451,16514.06228034287,61609.74842409084,109217.33688453716,17561.62453641576,99902.20203509596,149096.65913614645,383393.85573388543,117748.80719949072,66568.41953702524,423011.7524953186,4265.16544849112,4925.477913275581,28589.87538220048,110282.42238279314,5931.8781288394175,25091.988822838586,44341.36420360346,227559.91512926115,116745.22543247798,54237.59245381479,207068.08717667835,3117.2087664773976,4066.627232288919,23807.459653605438,62352.2954482918,4713.5999448848215,22343.49119543418,43131.13171048547,140486.94350120143,266465.22369870753,190983.55095414823,739795.7223796592,410.9973864313625,1934.8776147430353,23296.537915938137,98911.87341822051,5146.713565638194,34705.886237875005,142562.16606967885,462198.4072209,229444.6505929752,143099.91791057718,393753.97479546745,398.86088112361944,1770.7551294855814,21853.798655089176,56234.473318527096,4956.014090363154,33937.81211294043,89680.26937589118,272744.44783371815,65090.04159040042,27054.418974668988,249087.23627263124,82.63091111495666,234.1601494884023,7263.687008592551,47040.221576401906,255.01688131039762,2721.309331987398,12161.656976376355,106236.78769909262,19066.551711985165,22038.759955135345,105994.12008855073,75.50413436594353,217.60222773636525,6185.807737253697,26323.80766162129,244.59263771435926,2637.707178134514,12093.524815604715,60063.405027436296,254682.52360017036,188506.10265910163,477233.16323961876,5226.820539904102,6209.771527856804,50816.34029221895,108198.1027252718,16572.56576434896,76641.55688696167,148959.98619020442,380821.81585947017,250422.67154314087,178552.02926019716,429290.50665407366,5002.8680706181,6017.529916646043,46613.86325311722,84433.13230371126,14746.36200562862,72225.77128023248,136703.40975841583,337772.71805648075,67770.42125685692,10198.136182423475,27555.54744218784,623.1218993619956,908.7183113298901,3369.878683776085,2682.195941875085,1691.2256564514182,10944.596504897514,9289.22334509677,26101.953448035118,61201.33847195409,10194.805455089696,27544.718587805615,622.6451729415759,907.6637082975008,3355.830295552549,2673.699283431177,1686.2874550039792,10927.325426777004,9280.319704849704,26086.629597535935,206821.19329913604,3546.1897641123987,43295.19853259348,212.89005717546576,683.9839905014012,3318.631375617347,4129.591991597214,1723.5823130949625,17053.77911215748,3524.2923735700574,43073.23648110783,206080.07285862454,3545.026780344036,43288.05908127642,212.88627752556917,683.962641538337,3317.4324048504936,4128.796335305664,1723.5043503762024,17053.32530158853,3523.1605826537893,43066.280497197055
M_var_3_1.8,298379.87021849235,232810.80592203003,865844.2583113133,12869.815871190833,19693.939676746868,69397.72160492724,182664.0260897381,19902.596629726097,107442.67754133561,171746.68377263506,525444.3417439312,290376.88464512327,205453.41117871163,524281.8195848917,9248.870798942451,16514.06228034287,61502.468387055786,108730.26598096867,17561.62453641576,99902.20203509596,148193.77407190896,381199.88235460996,117748.80719949072,66568.41953702524,423011.7524953186,4265.16544849112,4925.477913275581,28575.619233989284,108561.71035976776,5931.8781288394175,25091.988822838586,44332.36507001655,222617.80736662468,116745.22543247798,54237.59245381479,207068.08717667835,3117.2087664773976,4066.627232288919,23807.36891863177,62175.71352770006,4713.5999448848215,22343.49119543418,43103.6492228507,140060.43837263607,266465.22369870753,190983.55095414823,739795.7223796592,410.9973864313625,1934.8776147430353,23069.832831727967,96998.11423798658,5146.713565638194,34705.886237875005,141553.85352503197,454266.0835753332,229444.6505929752,143099.91791057718,393753.97479546745,398.86088112361944,1770.7551294855814,21709.964996668445,56041.37654469606,4956.014090363154,33937.81211294043,89654.29402086014,272671.7341624872,65090.04159040042,27054.418974668988,249087.23627263124,82.63091111495666,234.1601494884023,7099.451289696197,45844.631983562766,255.01688131039762,2721.309331987398,12044.129025747417,103574.05465012229,19066.551711985165,22038.759955135345,105994.12008855073,75.50413436594353,217.60222773636525,6079.665560025979,26076.852384611553,244.59263771435926,2637.707178134514,11986.235708296046,59780.864520401294,254682.52360017036,188506.10265910163,477233.16323961876,5226.820539904102,6209.771527856804,50806.368146379195,107026.1529850159,16572.56576434896,76641.55688696167,147494.9161210687,377209.5332366375,250422.67154314087,178552.02926019716,429290.50665407366,5002.8680706181,6017.529916646043,46575.26595556886,83988.99498628979,14746.36200562862,72225.77128023248,135766.38852445094,336040.1375273158,67770.42125685692,10198.136182423475,27555.54744218784,623.1218993619956,908.7183113298901,3369.3172954370775,2681.9691675353765,1691.2256564514182,10944.596504897514,9288.245106313103,26094.801884130924,61201.33847195409,10194.805455089696,27544.718587805615,622.6451729415759,907.6637082975008,3355.326049029957,2673.4912620689784,1686.2874550039792,10927.325426777004,9279.426223676965,26079.48722808505,206821.19329913604,3546.1897641123987,43295.19853259348,212.89005717546576,683.9839905014012,3318.631375617347,4129.591991597214,1723.5823130949625,17053.77911215748,3524.2923735700574,43073.23648110783,206080.07285862454,3545.026780344036,43288.05908127642,212.88627752556917,683.962641538337,3317.4324048504936,4128.796335305664,1723.5043503762024,17053.32530158853,3523.1605826537893,43066.280497197055
M_var_3_3.2,298379.87021849235,232810.80592203003,865844.2583113133,12869.815871190833,19693.939676746868,69380.03479115243,180729.81098298376,19902.596629726097,107442.67754133561,170431.4532807154,517910.76683063165,290376.88464512327,205453.41117871163,524281.8195848917,9248.870798942451,16514.06228034287,61429.010926144765,108399.5239671207,17561.62453641576,99902.20203509596,147580.28900096638,379715.4409318151,117748.80719949072,66568.41953702524,423011.7524953186,4265.16544849112,4925.477913275581,28565.741670446256,107414.70344195416,5931.8781288394175,25091.988822838586,44326.19260872128,219407.3541093737,116745.22543247798,54237.59245381479,207068.08717667835,3117.2087664773976,4066.627232288919,23807.305564067727,62053.30233190024,4713.5999448848215,22343.49119543418,43084.51021369918,139765.38328713828,266465.22369870753,190983.55095414823,739795.7223796592,410.9973864313625,1934.8776147430353,22879.692265014233,95448.82708785422,5146.713565638194,34705.886237875005,140736.88139273587,448052.17236038554,229444.6505929752,143099.91791057718,393753.97479546745,398.86088112361944,1770.7551294855814,21586.27124930502,55874.86952709205,4956.014090363154,33937.81211294043,89632.03387783049,272609.43336203217,65090.04159040042,27054.418974668988,249087.23627263124,82.63091111495666,234.1601494884023,6958.659594809513,44848.6468723902,255.01688131039762,2721.309331987398,11946.309698810495,101468.0291476605,19066.551711985165,22038.759955135345,105994.12008855073,75.50413436594353,217.60222773636525,5987.307025730147,25860.67511628033,244.59263771435926,2637.707178134514,11894.098530500112,59537.39116420156,254682.52360017036,188506.10265910163,477233.16323961876,5226.820539904102,6209.771527856804,50798.23031728458,106097.16046253436,16572.56576434896,76641.55688696167,146327.5497240676,374353.80756536545,250422.67154314087,178552.02926019716,429290.50665407366,5002.8680706181,6017.529916646043,46543.542554543834,83628.61613978398,14746.36200562862,72225.77128023248,135007.15545984294,334638.392729126,67770.42125685692,10198.136182423475,27555.54744218784,623.1218993619956,908.7183113298901,3368.8454831149493,2681.778563716256,1691.2256564514182,10944.596504897514,9287.423141628055,26088.79616493856,61201.33847195409,10194.805455089696,27544.718587805615,622.6451729415759,907.6637082975008,3354.9020316316405,2673.316327541707,1686.2874550039792,10927.325426777004,9278.675060508764,26073.486003831,206821.19329913604,3546.1897641123987,43295.19853259348,212.89005717546576,683.9839905014012,3318.631375617347,4129.591991597214,1723.5823130949625,17053.77911215748,3524.2923735700574,43073.23648110783,206080.07285862454,3545.026780344036,43288.05908127642,212.88627752556917,683.962641538337,3317.4324048504936,4128.796335305664,1723.5043503762024,17053.32530158853,3523.1605826537893,43066.280497197055
M_var_3_5.6,298379.87021849235,232810.80592203003,865844.2583113133,12869.815871190833,19693.939676746868,69372.21504949297,179893.71400751604,19902.596629726097,107442.67754133561,169858.59418838887,514694.21207196213,290376.88464512327,205453.41117871163,524281.8195848917,9248.870798942451,16514.06228034287,61396.390230442135,108253.36239599252,17561.62453641576,99902.20203509596,147309.0802920523,379060.8077858204,117748.80719949072,66568.41953702524,423011.7524953186,4265.16544849112,4925.477913275581,28561.32462152546,106913.16707267154,5931.8781288394175,25091.988822838586,44323.44881987278,218023.87839149492,116745.22543247798,54237.59245381479,207068.08717667835,3117.2087664773976,4066.627232288919,23807.277102831296,61998.545296985605,4713.5999448848215,22343.49119543418,43075.92567730346,139633.5601601978,266465.22369870753,190983.55095414823,739795.7223796592,410.9973864313625,1934.8776147430353,22783.638981338998,94684.50796375406,5146.713565638194,34705.886237875005,140333.71755320448,445052.6062164426,229444.6505929752,143099.91791057718,393753.97479546745,398.86088112361944,1770.7551294855814,21522.6907988158,55789.119872621566,4956.014090363154,33937.81211294043,89620.61980376556,272577.492669763,65090.04159040042,27054.418974668988,249087.23627263124,82.63091111495666,234.1601494884023,6886.450884030964,44347.590744636174,255.01688131039762,2721.309331987398,11897.153014178213,100444.76973393117,19066.551711985165,22038.759955135345,105994.12008855073,75.50413436594353,217.60222773636525,5939.439544814725,25748.150684471562,244.59263771435926,2637.707178134514,11846.78499342241,59412.06158816041,254682.52360017036,188506.10265910163,477233.16323961876,5226.820539904102,6209.771527856804,50794.195107181724,105645.28649145391,16572.56576434896,76641.55688696167,145757.83487755415,372967.2229562687,250422.67154314087,178552.02926019716,429290.50665407366,5002.8680706181,6017.529916646043,46527.73630665502,83450.5984658303,14746.36200562862,72225.77128023248,134632.4771605425,333947.31685374206,67770.42125685692,10198.136182423475,27555.54744218784,623.1218993619956,908.7183113298901,3368.6068010029144,2681.6821355164707,1691.2256564514182,10944.596504897514,9287.007387437703,26085.759613777525,61201.33847195409,10194.805455089696,27544.718587805615,622.6451729415759,907.6637082975008,3354.687448382214,2673.227794346263,1686.2874550039792,10927.325426777004,9278.294973331727,26070.450603527846,206821.19329913604,3546.1897641123987,43295.19853259348,212.89005717546576,683.9839905014012,3318.631375617347,4129.591991597214,1723.5823130949625,17053.77911215748,3524.2923735700574,43073.23648110783,206080.07285862454,3545.026780344036,43288.05908127642,212.88627752556917,683.962641538337,3317.4324048504936,4128.796335305664,1723.5043503762024,17053.32530158853,3523.1605826537893,43066.280497197055
M_var_3_10.0,298379.87021849235,232810.80592203003,865844.2583113133,12869.815871190833,19693.939676746868,69369.42120470676,179597.74882347076,19902.596629726097,107442.67754133561,169655.18506017228,513561.2795872039,290376.88464512327,205453.41117871163,524281.8195848917,9248.870798942451,16514.06228034287,61384.71404058563,108201.15148571304,17561.62453641576,99902.20203509596,147212.1865925801,378827.16685970814,117748.80719949072,66568.41953702524,423011.7524953186,4265.16544849112,4925.477913275581,28559.738973081046,106734.79253876716,5931.8781288394175,25091.988822838586,44322.466302266934,217534.75793955012,116745.22543247798,54237.59245381479,207068.08717667835,3117.2087664773976,4066.627232288919,23807.26686596292,61978.8858036819,4713.5999448848215,22343.49119543418,43072.84004319885,139586.25577087904,266465.22369870753,190983.55095414823,739795.7223796592,410.9973864313625,1934.8776147430353,22747.252296832103,94398.07824546372,5146.713565638194,34705.886237875005,140182.62187042626,443939.49751422025,229444.6505929752,143099.91791057718,393753.97479546745,398.86088112361944,1770.7551294855814,21498.409806368272,55756.34332128024,4956.014090363154,33937.81211294043,89616.26583579561,272565.30951314385,65090.04159040042,27054.418974668988,249087.23627263124,82.63091111495666,234.1601494884023,6858.903467298493,44158.11821895294,255.01688131039762,2721.309331987398,11878.576673601225,100063.91454028663,19066.551711985165,22038.759955135345,105994.12008855073,75.50413436594353,217.60222773636525,5921.088022051832,25704.9218131333,244.59263771435926,2637.707178134514,11828.724534857536,59364.166320393066,254682.52360017036,188506.10265910163,477233.16323961876,5226.820539904102,6209.771527856804,50792.67950654353,105477.03246131889,16572.56576434896,76641.55688696167,145545.38997849906,372451.34807788156,250422.67154314087,178552.02926019716,429290.50665407366,5002.8680706181,6017.529916646043,46521.78649896816,83383.85156778884,14746.36200562862,72225.77128023248,134492.0558067779,333688.4307270237,67770.42125685692,10198.136182423475,27555.54744218784,623.1218993619956,908.7183113298901,3368.5163248662216,2681.6455820670108,1691.2256564514182,10944.596504897514,9286.84980068046,26084.60885066593,61201.33847195409,10194.805455089696,27544.718587805615,622.6451729415759,907.6637082975008,3354.6060932705154,2673.1942280267226,1686.2874550039792,10927.325426777004,9278.150880307321,26069.300079600864,206821.19329913604,3546.1897641123987,43295.19853259348,212.89005717546576,683.9839905014012,3318.631375617347,4129.591991597214,1723.5823130949625,17053.77911215748,3524.2923735700574,43073.23648110783,206080.07285862454,3545.026780344036,43288.05908127642,212.88627752556917,683.962641538337,3317.4324048504936,4128.796335305664,1723.5043503762024,17053.32530158853,3523.1605826537893,43066.280497197055
M_var_4_0.1,298379.87021849235,232810.80592203003,865844.2583113133,12869.815871190833,19693.939676746868,69667.93481902649,194868.24623319565,19902.596629726097,107442.67754133561,180294.91317052365,574114.6154630743,290376.88464512327,205453.41117871163,524281.8195848917,9248.870798942451,16514.06228034287,61787.23512523006,111540.12490109258,17561.62453641576,99902.20203509596,152498.86520494203,391795.2682350239,117748.80719949072,66568.41953702524,423011.7524953186,4265.16544849112,4925.477913275581,28597.64437993213,114767.05938362298,5931.8781288394175,25091.988822838586,44506.79403734511,243067.7381977221,116745.22543247798,54237.59245381479,207068.08717667835,3117.2087664773976,4066.627232288919,23812.83595146452,63385.17011679437,4713.5999448848215,22343.49119543418,43334.93065163258,143028.43730585033,266465.22369870753,190983.55095414823,739795.7223796592,410.9973864313625,1934.8776147430353,23345.79038903866,102434.14067962587,5146.713565638194,34705.886237875005,146519.39232927194,485884.9735781526,229444.6505929752,143099.91791057718,393753.97479546745,398.86088112361944,1770.7551294855814,21907.366975100016,56726.10157931994,4956.014090363154,33937.81211294043,90212.0985329288,274423.0216065698,65090.04159040042,27054.418974668988,249087.23627263124,82.63091111495666,234.1601494884023,7344.1246473127985,48633.246502436785,255.01688131039762,2721.309331987398,12208.777742694163,112423.87029568375,19066.551711985165,22038.759955135345,105994.12008855073,75.50413436594353,217.60222773636525,6274.560340617437,26760.852515374158,244.59263771435926,2637.707178134514,12139.263705474892,60720.93587642118,254682.52360017036,188506.10265910163,477233.16323961876,5226.820539904102,6209.771527856804,50956.91707134569,110357.54299110774,16572.56576434896,76641.55688696167,152210.38939378053,388188.84289057774,250422.67154314087,178552.02926019716,429290.50665407366,5002.8680706181,6017.529916646043,46762.796274634784,85569.39318368862,14746.36200562862,72225.77128023248,139235.6609060225,342450.59178528446,67770.42125685692,10198.136182423475,27555.54744218784,623.1218993619956,908.7183113298901,3370.3049661134714,2683.3847636849623,1691.2256564514182,10944.596504897514,9289.378681660688,26107.87333318881,61201.33847195409,10194.805455089696,27544.718587805615,622.6451729415759,907.6637082975008,3356.2521268447713,2674.890746024724,1686.2874550039792,10927.325426777004,9280.472595427933,26092.549703991564,206821.19329913604,3546.1897641123987,43295.19853259348,212.89005717546576,683.9839905014012,3318.631375617347,4129.591991597214,1723.5823130949625,17053.77911215748,3524.2923735700574,43073.23648110783,206080.07285862454,3545.026780344036,43288.05908127642,212.88627752556917,683.962641538337,3317.4324048504936,4128.796335305664,1723.5043503762024,17053.32530158853,3523.1605826537893,43066.280497197055
M_var_4_0.2,298379.87021849235,232810.80592203003,865844.2583113133,12869.815871190833,19693.939676746868,69657.60124127795,194450.13330935652,19902.596629726097,107442.67754133561,180006.3246508256,572392.1318690713,290376.88464512327,205453.41117871163,524281.8195848917,9248.870798942451,16514.06228034287,61779.74022099578,111439.30241417466,17561.62453641576,99902.20203509596,152351.92267186026,391428.9181580207,117748.80719949072,66568.41953702524,423011.7524953186,4265.16544849112,4925.477913275581,28597.321861793138,114569.93697514958,5931.8781288394175,25091.988822838586,44499.85518217646,242354.97546883815,116745.22543247798,54237.59245381479,207068.08717667835,3117.2087664773976,4066.627232288919,23812.613489193973,63341.4184805494,4713.5999448848215,22343.49119543418,43326.42569576921,142920.09436946816,266465.22369870753,190983.55095414823,739795.7223796592,410.9973864313625,1934.8776147430353,23344.013864366447,102300.75986095029,5146.713565638194,34705.886237875005,146370.85438936332,484953.9904257034,229444.6505929752,143099.91791057718,393753.97479546745,398.86088112361944,1770.7551294855814,21905.442023165524,56708.25343015525,4956.014090363154,33937.81211294043,90192.72226225966,274361.6712327227,65090.04159040042,27054.418974668988,249087.23627263124,82.63091111495666,234.1601494884023,7341.247333407599,48574.076622025146,255.01688131039762,2721.309331987398,12207.073379088091,112181.84422239472,19066.551711985165,22038.759955135345,105994.12008855073,75.50413436594353,217.60222773636525,6271.394723003023,26745.105662899565,244.59263771435926,2637.707178134514,12137.617593024233,60696.983333510514,254682.52360017036,188506.10265910163,477233.16323961876,5226.820539904102,6209.771527856804,50951.77502309744,110276.47976864198,16572.56576434896,76641.55688696167,152088.92449739072,387911.6294922777,250422.67154314087,178552.02926019716,429290.50665407366,5002.8680706181,6017.529916646043,46757.35319807958,85527.18532874176,14746.36200562862,72225.77128023248,139141.47055191628,342276.20668564877,67770.42125685692,10198.136182423475,27555.54744218784,623.1218993619956,908.7183113298901,3370.2896608253877,2683.3420579410113,1691.2256564514182,10944.596504897514,9289.373100848341,26107.660581783002,61201.33847195409,10194.805455089696,27544.718587805615,622.6451729415759,907.6637082975008,3356.236981527224,2674.8479456871264,1686.2874550039792,10927.325426777004,9280.467102524502,26092.33694576065,206821.19329913604,3546.1897641123987,43295.19853259348,212.89005717546576,683.9839905014012,3318.631375617347,4129.591991597214,1723.5823130949625,17053.77911215748,3524.2923735700574,43073.23648110783,206080.07285862454,3545.026780344036,43288.05908127642,212.88627752556917,683.962641538337,3317.4324048504936,4128.796335305664,1723.5043503762024,17053.32530158853,3523.1605826537893,43066.280497197055
M_var_4_0.3,298379.87021849235,232810.80592203003,865844.2583113133,12869.815871190833,19693.939676746868,69627.59414983589,193250.39788874742,19902.596629726097,107442.67754133561,179173.94999541072,567479.3537781809,290376.88464512327,205453.41117871163,524281.8195848917,9248.870798942451,16514.06228034287,61757.96818410589,111147.8278956146,17561.62453641576,99902.20203509596,151926.73754827576,390370.6740176757,117748.80719949072,66568.41953702524,423011.7524953186,4265.16544849112,4925.477913275581,28596.382239866787,114001.35626085088,5931.8781288394175,25091.988822838586,44479.67509431352,240315.94177239336,116745.22543247798,54237.59245381479,207068.08717667835,3117.2087664773976,4066.627232288919,23811.965011522174,63214.39292011581,4713.5999448848215,22343.49119543418,43301.66952254391,142605.88591280824,266465.22369870753,190983.55095414823,739795.7223796592,410.9973864313625,1934.8776147430353,23338.721179216507,101906.33553862528,5146.713565638194,34705.886237875005,145930.99115664617,482217.2598226842,229444.6505929752,143099.91791057718,393753.97479546745,398.86088112361944,1770.7551294855814,21899.70393533467,56655.13113234846,4956.014090363154,33937.81211294043,90135.08231840856,274179.2553913384,65090.04159040042,27054.418974668988,249087.23627263124,82.63091111495666,234.1601494884023,7332.664546939906,48398.58015220644,255.01688131039762,2721.309331987398,12201.997781793503,111469.85289927846,19066.551711985165,22038.759955135345,105994.12008855073,75.50413436594353,217.60222773636525,6261.947937535353,26698.184826737222,244.59263771435926,2637.707178134514,12132.711808152411,60625.728751380324,254682.52360017036,188506.10265910163,477233.16323961876,5226.820539904102,6209.771527856804,50936.48775606478,110036.43446184158,16572.56576434896,76641.55688696167,151728.98537036387,387091.04532528063,250422.67154314087,178552.02926019716,429290.50665407366,5002.8680706181,6017.529916646043,46741.16890242283,85401.99586039779,14746.36200562862,72225.77128023248,138862.15578920773,341759.25869243074,67770.42125685692,10198.136182423475,27555.54744218784,623.1218993619956,908.7183113298901,3370.2440315731546,2683.214750230272,1691.2256564514182,10944.596504897514,9289.356464507493,26107.026401519448,61201.33847195409,10194.805455089696,27544.718587805615,622.6451729415759,907.6637082975008,3356.1918291205952,2674.72035586905,1686.2874550039792,10927.325426777004,9280.450728225787,26091.702744654456,206821.19329913604,3546.1897641123987,43295.19853259348,212.89005717546576,683.9839905014012,3318.631375617347,4129.591991597214,1723.5823130949625,17053.77911215748,3524.2923735700574,43073.23648110783,206080.07285862454,3545.026780344036,43288.05908127642,212.88627752556917,683.962641538337,3317.4324048504936,4128.796335305664,1723.5043503762024,17053.32530158853,3523.1605826537893,43066.280497197055
M_var_4_0.6,298379.87021849235,232810.80592203003,865844.2583113133,12869.815871190833,19693.939676746868,69553.20168789774,190365.03721717757,19902.596629726097,107442.67754133561,177145.86703432896,555840.3424707362,290376.88464512327,205453.41117871163,524281.8195848917,9248.870798942451,16514.06228034287,61703.94032464022,110433.42399432868,17561.62453641576,99902.20203509596,150882.2443848218,387782.3189267457,117748.80719949072,66568.41953702524,423011.7524953186,4265.16544849112,4925.477913275581,28594.032818730735,112615.76289612018,5931.8781288394175,25091.988822838586,44429.4472943593,235448.7222167888,116745.22543247798,54237.59245381479,207068.08717667835,3117.2087664773976,4066.627232288919,23810.341229726004,62899.61491917916,4713.5999448848215,22343.49119543418,43239.91307990052,141829.47235128752,266465.22369870753,190983.55095414823,739795.7223796592,410.9973864313625,1934.8776147430353,23324.673783301267,100880.3755981929,5146.713565638194,34705.886237875005,144782.5593070619,475210.35656620364,229444.6505929752,143099.91791057718,393753.97479546745,398.86088112361944,1770.7551294855814,21884.451093508895,56514.511143815056,4956.014090363154,33937.81211294043,89982.72475397155,273697.7104531768,65090.04159040042,27054.418974668988,249087.23627263124,82.63091111495666,234.1601494884023,7309.807654866257,47938.3921592383,255.01688131039762,2721.309331987398,12188.541813821814,109643.27249201328,19066.551711985165,22038.759955135345,105994.12008855073,75.50413436594353,217.60222773636525,6236.7607648100475,26573.597407207097,244.59263771435926,2637.707178134514,12119.679454100553,60437.37392551214,254682.52360017036,188506.10265910163,477233.16323961876,5226.820539904102,6209.771527856804,50896.145255762036,109409.73588910472,16572.56576434896,76641.55688696167,150787.4824660471,384950.8405930285,250422.67154314087,178552.02926019716,429290.50665407366,5002.8680706181,6017.529916646043,46698.44426957506,85073.72220508054,14746.36200562862,72225.77128023248,138130.13567499645,340405.71091879904,67770.42125685692,10198.136182423475,27555.54744218784,623.1218993619956,908.7183113298901,3370.1226992980414,2682.8762989759207,1691.2256564514182,10944.596504897514,9289.312238554467,26105.340713996215,61201.33847195409,10194.805455089696,27544.718587805615,622.6451729415759,907.6637082975008,3356.071764306349,2674.381153752815,1686.2874550039792,10927.325426777004,9280.407198782,26090.01699809526,206821.19329913604,3546.1897641123987,43295.19853259348,212.89005717546576,683.9839905014012,3318.631375617347,4129.591991597214,1723.5823130949625,17053.77911215748,3524.2923735700574,43073.23648110783,206080.07285862454,3545.026780344036,43288.05908127642,212.88627752556917,683.962641538337,3317.4324048504936,4128.796335305664,1723.5043503762024,17053.32530158853,3523.1605826537893,43066.280497197055
M_var_4_1.0,298379.87021849235,232810.80592203003,865844.2583113133,12869.815871190833,19693.939676746868,69423.7474047352,185624.67353463243,19902.596629726097,107442.67754133561,173732.79044797336,537234.4481676806,290376.88464512327,205453.41117871163,524281.8195848917,9248.870798942451,16514.06228034287,61609.74842409084,109217.33688453716,17561.62453641576,99902.20203509596,149096.65913614645,383393.85573388543,117748.80719949072,66568.41953702524,423011.7524953186,4265.16544849112,4925.477913275581,28589.87538220048,110282.42238279314,5931.8781288394175,25091.988822838586,44341.36420360346,227559.91512926115,116745.22543247798,54237.59245381479,207068.08717667835,3117.2087664773976,4066.627232288919,23807.459653605438,62352.2954482918,4713.5999448848215,22343.49119543418,43131.13171048547,140486.94350120143,266465.22369870753,190983.55095414823,739795.7223796592,410.9973864313625,1934.8776147430353,23296.537915938137,98911.87341822051,5146.713565638194,34705.886237875005,142562.16606967885,462198.4072209,229444.6505929752,143099.91791057718,393753.97479546745,398.86088112361944,1770.7551294855814,21853.798655089176,56234.473318527096,4956.014090363154,33937.81211294043,89680.26937589118,272744.44783371815,65090.04159040042,27054.418974668988,249087.23627263124,82.63091111495666,234.1601494884023,7263.687008592551,47040.221576401906,255.01688131039762,2721.309331987398,12161.656976376355,106236.78769909262,19066.551711985165,22038.759955135345,105994.12008855073,75.50413436594353,217.60222773636525,6185.807737253697,26323.80766162129,244.59263771435926,2637.707178134514,12093.524815604715,60063.405027436296,254682.52360017036,188506.10265910163,477233.16323961876,5226.820539904102,6209.771527856804,50816.34029221895,108198.1027252718,16572.56576434896,76641.55688696167,148959.98619020442,380821.81585947017,250422.67154314087,178552.02926019716,429290.50665407366,5002.8680706181,6017.529916646043,46613.86325311722,84433.13230371126,14746.36200562862,72225.77128023248,136703.40975841583,337772.71805648075,67770.42125685692,10198.136182423475,27555.54744218784,623.1218993619956,908.7183113298901,3369.878683776085,2682.195941875085,1691.2256564514182,10944.596504897514,9289.22334509677,26101.953448035118,61201.33847195409,10194.805455089696,27544.718587805615,622.6451729415759,907.6637082975008,3355.830295552549,2673.699283431177,1686.2874550039792,10927.325426777004,9280.319704849704,26086.629597535935,206821.19329913604,3546.1897641123987,43295.19853259348,212.89005717546576,683.9839905014012,3318.631375617347,4129.591991597214,1723.5823130949625,17053.77911215748,3524.2923735700574,43073.23648110783,206080.07285862454,3545.026780344036,43288.05908127642,212.88627752556917,683.962641538337,3317.4324048504936,4128.796335305664,1723.5043503762024,17053.32530158853,3523.1605826537893,43066.280497197055
M_var_4_1.8,298379.87021849235,232810.80592203003,865844.2583113133,12869.815871190833,19693.939676746868,69294.20797826882,181202.99033018714,19902.596629726097,107442.67754133561,170457.29416345767,520422.64503163967,290376.88464512327,205453.41117871163,524281.8195848917,9248.870798942451,16514.06228034287,61515.27121824644,108033.49108315872,17561.62453641576,99902.20203509596,147349.41624889895,379142.7945452212,117748.80719949072,66568.41953702524,423011.7524953186,4265.16544849112,4925.477913275581,28585.624926865326,108040.11401922838,5931.8781288394175,25091.988822838586,44252.34887014846,220314.79804443425,116745.22543247798,54237.59245381479,207068.08717667835,3117.2087664773976,4066.627232288919,23804.502720433116,61805.1239231847,4713.5999448848215,22343.49119543418,43020.572305991845,139154.13472203724,266465.22369870753,190983.55095414823,739795.7223796592,410.9973864313625,1934.8776147430353,23262.40861012365,96666.14138912015,5146.713565638194,34705.886237875005,140002.99335467574,448002.22961291985,229444.6505929752,143099.91791057718,393753.97479546745,398.86088112361944,1770.7551294855814,21816.432687935776,55897.628933931934,4956.014090363154,33937.81211294043,89318.15224765688,271607.7996754913,65090.04159040042,27054.418974668988,249087.23627263124,82.63091111495666,234.1601494884023,7207.124801964379,45990.43377142408,255.01688131039762,2721.309331987398,12129.163631046693,102497.444633562,19066.551711985165,22038.759955135345,105994.12008855073,75.50413436594353,217.60222773636525,6123.080044050688,26020.317937703414,244.59263771435926,2637.707178134514,12061.705653264853,59615.549526765295,254682.52360017036,188506.10265910163,477233.16323961876,5226.820539904102,6209.771527856804,50721.28283768081,106801.40901294719,16572.56576434896,76641.55688696167,146841.8308894383,376076.4643893313,250422.67154314087,178552.02926019716,429290.50665407366,5002.8680706181,6017.529916646043,46513.006269327154,83684.9322791389,14746.36200562862,72225.77128023248,135040.04359909668,334711.23532301426,67770.42125685692,10198.136182423475,27555.54744218784,623.1218993619956,908.7183113298901,3369.5808916857936,2681.3662140048973,1691.2256564514182,10944.596504897514,9289.114953133321,26097.82489160064,61201.33847195409,10194.805455089696,27544.718587805615,622.6451729415759,907.6637082975008,3355.535607390132,2672.8677031866373,1686.2874550039792,10927.325426777004,9280.213018585524,26082.50084820872,206821.19329913604,3546.1897641123987,43295.19853259348,212.89005717546576,683.9839905014012,3318.631375617347,4129.591991597214,1723.5823130949625,17053.77911215748,3524.2923735700574,43073.23648110783,206080.07285862454,3545.026780344036,43288.05908127642,212.88627752556917,683.962641538337,3317.4324048504936,4128.796335305664,1723.5043503762024,17053.32530158853,3523.1605826537893,43066.280497197055
M_var_4_3.2,298379.87021849235,232810.80592203003,865844.2583113133,12869.815871190833,19693.939676746868,69219.68946183464,178791.32969532558,19902.596629726097,107442.67754133561,168633.11251292063,511461.6439730257,290376.88464512327,205453.41117871163,524281.8195848917,9248.870798942451,16514.06228034287,61460.82096256315,107366.85100885628,17561.62453641576,99902.20203509596,146361.70545258833,376758.0329314068,117748.80719949072,66568.41953702524,423011.7524953186,4265.16544849112,4925.477913275581,28583.137749783087,106789.51531805766,5931.8781288394175,25091.988822838586,44200.74079218698,216406.5758343795,116745.22543247798,54237.59245381479,207068.08717667835,3117.2087664773976,4066.627232288919,23802.76732657756,61490.564647273364,4713.5999448848215,22343.49119543418,42956.183057431896,138392.11354117363,266465.22369870753,190983.55095414823,739795.7223796592,410.9973864313625,1934.8776147430353,23239.279213962767,95224.91197893879,5146.713565638194,34705.886237875005,138346.66981279562,439230.5977912571,229444.6505929752,143099.91791057718,393753.97479546745,398.86088112361944,1770.7551294855814,21790.994349522658,55671.09489171929,4956.014090363154,33937.81211294043,89075.66374619157,270849.45861091744,65090.04159040042,27054.418974668988,249087.23627263124,82.63091111495666,234.1601494884023,7168.402263100961,45302.15663227522,255.01688131039762,2721.309331987398,12107.216368669695,100174.21376842092,19066.551711985165,22038.759955135345,105994.12008855073,75.50413436594353,217.60222773636525,6079.983930269247,25814.307936286586,244.59263771435926,2637.707178134514,12040.08357058229,59315.55747157986,254682.52360017036,188506.10265910163,477233.16323961876,5226.820539904102,6209.771527856804,50657.92469951926,105897.18550646892,16572.56576434896,76641.55688696167,145464.1365178494,373012.49513540335,250422.67154314087,178552.02926019716,429290.50665407366,5002.8680706181,6017.529916646043,46445.71567722094,83194.91233093462,14746.36200562862,72225.77128023248,133952.50645567515,332714.1839765627,67770.42125685692,10198.136182423475,27555.54744218784,623.1218993619956,908.7183113298901,3369.3779490746842,2680.8011190300235,1691.2256564514182,10944.596504897514,9289.041142863289,26095.01458790039,61201.33847195409,10194.805455089696,27544.718587805615,622.6451729415759,907.6637082975008,3355.3347774955037,2672.3013422731965,1686.2874550039792,10927.325426777004,9280.14036931535,26079.690395083002,206821.19329913604,3546.1897641123987,43295.19853259348,212.89005717546576,683.9839905014012,3318.631375617347,4129.591991597214,1723.5823130949625,17053.77911215748,3524.2923735700574,43073.23648110783,206080.07285862454,3545.026780344036,43288.05908127642,212.88627752556917,683.962641538337,3317.4324048504936,4128.796335305664,1723.5043503762024,17053.32530158853,3523.1605826537893,43066.280497197055
M_var_4_5.6,298379.87021849235,232810.80592203003,865844.2583113133,12869.815871190833,19693.939676746868,69189.61557314055,177843.5336554937,19902.596629726097,107442.67754133561,167908.89040256536,507978.67259543505,290376.88464512327,205453.41117871163,524281.8195848917,9248.870798942451,16514.06228034287,61438.82509354697,107100.70174811286,17561.62453641576,99902.20203509596,145966.6177679581,375807.7569476355,117748.80719949072,66568.41953702524,423011.7524953186,4265.16544849112,4925.477913275581,28582.125109688277,106292.57687958365,5931.8781288394175,25091.988822838586,44179.8292386049,214878.66063176107,116745.22543247798,54237.59245381479,207068.08717667835,3117.2087664773976,4066.627232288919,23802.059682498228,61363.65484163021,4713.5999448848215,22343.49119543418,42930.031532641064,138085.53260615165,266465.22369870753,190983.55095414823,739795.7223796592,410.9973864313625,1934.8776147430353,23229.06975833568,94608.05452280167,5146.713565638194,34705.886237875005,137634.55715509134,435553.09895798314,229444.6505929752,143099.91791057718,393753.97479546745,398.86088112361944,1770.7551294855814,21779.7358790095,55571.54412788466,4956.014090363154,33937.81211294043,88969.36729574652,270517.7383309084,65090.04159040042,27054.418974668988,249087.23627263124,82.63091111495666,234.1601494884023,7151.2083604462405,45004.001691438294,255.01688131039762,2721.309331987398,12097.547515910408,99197.14972452605,19066.551711985165,22038.759955135345,105994.12008855073,75.50413436594353,217.60222773636525,6060.808086263418,25723.281508737113,244.59263771435926,2637.707178134514,12030.524429075602,59184.0277653457,254682.52360017036,188506.10265910163,477233.16323961876,5226.820539904102,6209.771527856804,50630.22574018418,105508.33285744622,16572.56576434896,76641.55688696167,144870.16391023534,371696.84381014184,250422.67154314087,178552.02926019716,429290.50665407366,5002.8680706181,6017.529916646043,46416.28068742645,82982.81255347426,14746.36200562862,72225.77128023248,133482.24920012456,331851.73784616456,67770.42125685692,10198.136182423475,27555.54744218784,623.1218993619956,908.7183113298901,3369.2880768442956,2680.5509616219647,1691.2256564514182,10944.596504897514,9289.008471286841,26093.77090309396,61201.33847195409,10194.805455089696,27544.718587805615,622.6451729415759,907.6637082975008,3355.2458402032944,2672.050623328673,1686.2874550039792,10927.325426777004,9280.108211515695,26078.44663946339,206821.19329913604,3546.1897641123987,43295.19853259348,212.89005717546576,683.9839905014012,3318.631375617347,4129.591991597214,1723.5823130949625,17053.77911215748,3524.2923735700574,43073.23648110783,206080.07285862454,3545.026780344036,43288.05908127642,212.88627752556917,683.962641538337,3317.4324048504936,4128.796335305664,1723.5043503762024,17053.32530158853,3523.1605826537893,43066.280497197055
M_var_4_10.0,298379.87021849235,232810.80592203003,865844.2583113133,12869.815871190833,19693.939676746868,69179.25686846087,177520.35815619997,19902.596629726097,107442.67754133561,167661.00392350127,506795.9738748336,290376.88464512327,205453.41117871163,524281.8195848917,9248.870798942451,16514.06228034287,61431.24599082461,107009.40845316861,17561.62453641576,99902.20203509596,145830.99834139715,375482.0357317888,117748.80719949072,66568.41953702524,423011.7524953186,4265.16544849112,4925.477913275581,28581.775120885948,106122.42326386504,5931.8781288394175,25091.988822838586,44172.61522187074,214358.69466752617,116745.22543247798,54237.59245381479,207068.08717667835,3117.2087664773976,4066.627232288919,23801.81495976684,61319.946721756896,4713.5999448848215,22343.49119543418,42921.001654189015,137980.05905196237,266465.22369870753,190983.55095414823,739795.7223796592,410.9973864313625,1934.8776147430353,23225.42457404028,94390.56929747082,5146.713565638194,34705.886237875005,137383.04232351878,434267.2112011025,229444.6505929752,143099.91791057718,393753.97479546745,398.86088112361944,1770.7551294855814,21775.71171476601,55536.065749364105,4956.014090363154,33937.81211294043,88931.52408333328,270399.7437355406,65090.04159040042,27054.418974668988,249087.23627263124,82.63091111495666,234.1601494884023,7145.054283728521,44898.364505887665,255.01688131039762,2721.309331987398,12094.09813220131,98855.06831508192,19066.551711985165,22038.759955135345,105994.12008855073,75.50413436594353,217.60222773636525,6053.938644599867,25690.76721398184,244.59263771435926,2637.707178134514,12027.109199988367,59137.19697795973,254682.52360017036,188506.10265910163,477233.16323961876,5226.820539904102,6209.771527856804,50620.37540275308,105370.97602416991,16572.56576434896,76641.55688696167,144660.13737461856,371232.3927706612,250422.67154314087,178552.02926019716,429290.50665407366,5002.8680706181,6017.529916646043,46405.810510032876,82907.69333427415,14746.36200562862,72225.77128023248,133315.7680908025,331546.56849705847,67770.42125685692,10198.136182423475,27555.54744218784,623.1218993619956,908.7183113298901,3369.255945358785,2680.4615380827554,1691.2256564514182,10944.596504897514,9288.996792641146,26093.326381719362,61201.33847195409,10194.805455089696,27544.718587805615,622.6451729415759,907.6637082975008,3355.214042881298,2671.960998889669,1686.2874550039792,10927.325426777004,9280.096716502921,26078.002092081046,206821.19329913604,3546.1897641123987,43295.19853259348,212.89005717546576,683.9839905014012,3318.631375617347,4129.591991597214,1723.5823130949625,17053.77911215748,3524.2923735700574,43073.23648110783,206080.07285862454,3545.026780344036,43288.05908127642,212.88627752556917,683.962641538337,3317.4324048504936,4128.796335305664,1723.5043503762024,17053.32530158853,3523.1605826537893,43066.280497197055
M_var_5_0.1,298379.87021849235,232810.80592203003,865844.2583113133,12869.815871190833,19693.939676746868,70433.71079502231,202020.70677930187,19902.596629726097,107442.67754133561,186434.99533904897,600723.8012396605,290376.88464512327,205453.41117871163,524281.8195848917,9248.870798942451,16514.06228034287,61986.67433084332,114871.12976362304,17561.62453641576,99902.20203509596,157032.96931781835,402398.9636710829,117748.80719949072,66568.41953702524,423011.7524953186,4265.16544849112,4925.477913275581,28854.69333113097,117609.60302550145,5931.8781288394175,25091.988822838586,45150.114033966755,254901.72182645134,116745.22543247798,54237.59245381479,207068.08717667835,3117.2087664773976,4066.627232288919,23884.619822621138,64995.87288586954,4713.5999448848215,22343.49119543418,43881.01110697264,147594.34465104953,266465.22369870753,190983.55095414823,739795.7223796592,410.9973864313625,1934.8776147430353,23409.54744375255,104891.7024025937,5146.713565638194,34705.886237875005,152152.27588305486,508716.1450833864,229444.6505929752,143099.91791057718,393753.97479546745,398.86088112361944,1770.7551294855814,21892.627469665782,57997.38889687958,4956.014090363154,33937.81211294043,93663.57598886568,282195.88105974015,65090.04159040042,27054.418974668988,249087.23627263124,82.63091111495666,234.1601494884023,7267.410114173221,48893.21294280175,255.01688131039762,2721.309331987398,12181.446393610267,117050.19123522114,19066.551711985165,22038.759955135345,105994.12008855073,75.50413436594353,217.60222773636525,6188.899639327768,27039.393723386853,244.59263771435926,2637.707178134514,12108.830077752864,62253.8620565825,254682.52360017036,188506.10265910163,477233.16323961876,5226.820539904102,6209.771527856804,51436.44123467967,111702.7501217526,16572.56576434896,76641.55688696167,154999.74403348463,393587.0982869825,250422.67154314087,178552.02926019716,429290.50665407366,5002.8680706181,6017.529916646043,47071.266246340805,86765.94906138779,14746.36200562862,72225.77128023248,142121.72203680608,347713.1782674293,67770.42125685692,10198.136182423475,27555.54744218784,623.1218993619956,908.7183113298901,3370.013239874626,2685.113463103653,1691.2256564514182,10944.596504897514,9290.314808573095,26104.3001260108,61201.33847195409,10194.805455089696,27544.718587805615,622.6451729415759,907.6637082975008,3355.9895676060128,2676.542773726116,1686.2874550039792,10927.325426777004,9281.328919645353,26088.82457016783,206821.19329913604,3546.1897641123987,43295.19853259348,212.89005717546576,683.9839905014012,3318.631375617347,4129.591991597214,1723.5823130949625,17053.77911215748,3524.2923735700574,43073.23648110783,206080.07285862454,3545.026780344036,43288.05908127642,212.88627752556917,683.962641538337,3317.4324048504936,4128.796335305664,1723.5043503762024,17053.32530158853,3523.1605826537893,43066.280497197055
M_var_5_0.2,298379.87021849235,232810.80592203003,865844.2583113133,12869.815871190833,19693.939676746868,70383.92765368483,201120.85731140338,19902.596629726097,107442.67754133561,185771.58032659526,597084.711766457,290376.88464512327,205453.41117871163,524281.8195848917,9248.870798942451,16514.06228034287,61968.34334401782,114577.29869732368,17561.62453641576,99902.20203509596,156625.1173738424,401402.6636849773,117748.80719949072,66568.41953702524,423011.7524953186,4265.16544849112,4925.477913275581,28841.96905482041,117226.94075366564,5931.8781288394175,25091.988822838586,45110.848442759576,253366.29417039984,116745.22543247798,54237.59245381479,207068.08717667835,3117.2087664773976,4066.627232288919,23880.97935686528,64863.914749118936,4713.5999448848215,22343.49119543418,43844.95422733967,147233.54436476927,266465.22369870753,190983.55095414823,739795.7223796592,410.9973864313625,1934.8776147430353,23404.830856603465,104621.34893844198,5146.713565638194,34705.886237875005,151727.48390078268,506492.6997503515,229444.6505929752,143099.91791057718,393753.97479546745,398.86088112361944,1770.7551294855814,21891.027656959202,57921.58079792898,4956.014090363154,33937.81211294043,93491.98233018469,281785.69101915194,65090.04159040042,27054.418974668988,249087.23627263124,82.63091111495666,234.1601494884023,7267.255763390382,48812.03635582634,255.01688131039762,2721.309331987398,12180.624539940789,116534.4580736498,19066.551711985165,22038.759955135345,105994.12008855073,75.50413436594353,217.60222773636525,6188.773230706475,27009.00003811905,244.59263771435926,2637.707178134514,12108.19971407367,62158.98331302496,254682.52360017036,188506.10265910163,477233.16323961876,5226.820539904102,6209.771527856804,51410.403898406665,111550.46288096289,16572.56576434896,76641.55688696167,154738.70914322042,393030.1753172113,250422.67154314087,178552.02926019716,429290.50665407366,5002.8680706181,6017.529916646043,47052.12667357213,86665.37429613991,14746.36200562862,72225.77128023248,141888.09389727845,347282.617648556,67770.42125685692,10198.136182423475,27555.54744218784,623.1218993619956,908.7183113298901,3370.0077597608083,2684.9944587110936,1691.2256564514182,10944.596504897514,9290.270267219455,26104.20435922018,61201.33847195409,10194.805455089696,27544.718587805615,622.6451729415759,907.6637082975008,3355.9830819537437,2676.426813157049,1686.2874550039792,10927.325426777004,9281.287743785984,26088.735014010985,206821.19329913604,3546.1897641123987,43295.19853259348,212.89005717546576,683.9839905014012,3318.631375617347,4129.591991597214,1723.5823130949625,17053.77911215748,3524.2923735700574,43073.23648110783,206080.07285862454,3545.026780344036,43288.05908127642,212.88627752556917,683.962641538337,3317.4324048504936,4128.796335305664,1723.5043503762024,17053.32530158853,3523.1605826537893,43066.280497197055
M_var_5_0.3,298379.87021849235,232810.80592203003,865844.2583113133,12869.815871190833,19693.939676746868,70243.38967621776,198637.4556751676,19902.596629726097,107442.67754133561,183920.67977505183,587140.3990222614,290376.88464512327,205453.41117871163,524281.8195848917,9248.870798942451,16514.06228034287,61916.45747098406,113756.75776198597,17561.62453641576,99902.20203509596,155483.40607965516,398625.4414222524,117748.80719949072,66568.41953702524,423011.7524953186,4265.16544849112,4925.477913275581,28805.868186921558,116159.48576803287,5931.8781288394175,25091.988822838586,44999.670500266606,249151.19895042464,116745.22543247798,54237.59245381479,207068.08717667835,3117.2087664773976,4066.627232288919,23870.61450329572,64492.354504955896,4713.5999448848215,22343.49119543418,43742.669114338074,146221.10097662927,266465.22369870753,190983.55095414823,739795.7223796592,410.9973864313625,1934.8776147430353,23391.102073435126,103845.55571752905,5146.713565638194,34705.886237875005,150503.8340966139,500180.11768690293,229444.6505929752,143099.91791057718,393753.97479546745,398.86088112361944,1770.7551294855814,21886.36083562153,57702.065064580274,4956.014090363154,33937.81211294043,92995.24129700265,280599.84525389894,65090.04159040042,27054.418974668988,249087.23627263124,82.63091111495666,234.1601494884023,7266.805976244452,48577.74988277218,255.01688131039762,2721.309331987398,12178.230318699914,115069.6362408755,19066.551711985165,22038.759955135345,105994.12008855073,75.50413436594353,217.60222773636525,6188.404004108972,26920.79966448713,244.59263771435926,2637.707178134514,12106.360759858902,61884.59809517284,254682.52360017036,188506.10265910163,477233.16323961876,5226.820539904102,6209.771527856804,51334.693940406614,111110.29856321675,16572.56576434896,76641.55688696167,153983.48173952848,391421.61894738855,250422.67154314087,178552.02926019716,429290.50665407366,5002.8680706181,6017.529916646043,46996.44075934575,86374.27233311447,14746.36200562862,72225.77128023248,141211.88146273332,346037.432857924,67770.42125685692,10198.136182423475,27555.54744218784,623.1218993619956,908.7183113298901,3369.991742670655,2684.646725197301,1691.2256564514182,10944.596504897514,9290.140126635893,26103.9245493277,61201.33847195409,10194.805455089696,27544.718587805615,622.6451729415759,907.6637082975008,3355.9641253861937,2676.0879620040464,1686.2874550039792,10927.325426777004,9281.167432081034,26088.473340691322,206821.19329913604,3546.1897641123987,43295.19853259348,212.89005717546576,683.9839905014012,3318.631375617347,4129.591991597214,1723.5823130949625,17053.77911215748,3524.2923735700574,43073.23648110783,206080.07285862454,3545.026780344036,43288.05908127642,212.88627752556917,683.962641538337,3317.4324048504936,4128.796335305664,1723.5043503762024,17053.32530158853,3523.1605826537893,43066.280497197055
M_var_5_0.6,298379.87021849235,232810.80592203003,865844.2583113133,12869.815871190833,19693.939676746868,69918.84935000035,193202.43761043684,19902.596629726097,107442.67754133561,179766.31606373575,565862.8611302419,290376.88464512327,205453.41117871163,524281.8195848917,9248.870798942451,16514.06228034287,61795.857761186715,111910.6566804456,17561.62453641576,99902.20203509596,152900.15611530552,392403.96943481185,117748.80719949072,66568.41953702524,423011.7524953186,4265.16544849112,4925.477913275581,28721.470732610378,113763.82348515568,5931.8781288394175,25091.988822838586,44741.047188582925,240036.07328020534,116745.22543247798,54237.59245381479,207068.08717667835,3117.2087664773976,4066.627232288919,23846.172126164405,63639.60472213606,4713.5999448848215,22343.49119543418,43503.62644532851,143916.6203019462,266465.22369870753,190983.55095414823,739795.7223796592,410.9973864313625,1934.8776147430353,23356.855911569335,101979.43158655969,5146.713565638194,34705.886237875005,147532.17113510674,485390.2793750754,229444.6505929752,143099.91791057718,393753.97479546745,398.86088112361944,1770.7551294855814,21874.653123918193,57161.76467254969,4956.014090363154,33937.81211294043,91773.53414378867,277693.2348457098,65090.04159040042,27054.418974668988,249087.23627263124,82.63091111495666,234.1601494884023,7265.680663195347,48005.93775629183,255.01688131039762,2721.309331987398,12172.244881512788,111634.15043942815,19066.551711985165,22038.759955135345,105994.12008855073,75.50413436594353,217.60222773636525,6187.474566522621,26702.50106166157,244.59263771435926,2637.707178134514,12101.7465839174,61211.4613431702,254682.52360017036,188506.10265910163,477233.16323961876,5226.820539904102,6209.771527856804,51146.342206669906,110032.00981069556,16572.56576434896,76641.55688696167,152128.7830365277,387488.2576179331,250422.67154314087,178552.02926019716,429290.50665407366,5002.8680706181,6017.529916646043,46857.69219685938,85658.60440184016,14746.36200562862,72225.77128023248,139549.4711660582,342982.6057197662,67770.42125685692,10198.136182423475,27555.54744218784,623.1218993619956,908.7183113298901,3369.95135589991,2683.7705069426975,1691.2256564514182,10944.596504897514,9289.81226640266,26103.219635719593,61201.33847195409,10194.805455089696,27544.718587805615,622.6451729415759,907.6637082975008,3355.916323313411,2675.234047790805,1686.2874550039792,10927.325426777004,9280.864304471068,26087.81405465828,206821.19329913604,3546.1897641123987,43295.19853259348,212.89005717546576,683.9839905014012,3318.631375617347,4129.591991597214,1723.5823130949625,17053.77911215748,3524.2923735700574,43073.23648110783,206080.07285862454,3545.026780344036,43288.05908127642,212.88627752556917,683.962641538337,3317.4324048504936,4128.796335305664,1723.5043503762024,17053.32530158853,3523.1605826537893,43066.280497197055
M_var_5_1.0,298379.87021849235,232810.80592203003,865844.2583113133,12869.815871190833,19693.939676746868,69423.7474047352,185624.67353463243,19902.596629726097,107442.67754133561,173732.79044797336,537234.4481676806,290376.88464512327,205453.41117871163,524281.8195848917,9248.870798942451,16514.06228034287,61609.74842409084,109217.33688453716,17561.62453641576,99902.20203509596,149096.65913614645,383393.85573388543,117748.80719949072,66568.41953702524,423011.7524953186,4265.16544849112,4925.477913275581,28589.87538220048,110282.42238279314,5931.8781288394175,25091.988822838586,44341.36420360346,227559.91512926115,116745.22543247798,54237.59245381479,207068.08717667835,3117.2087664773976,4066.627232288919,23807.459653605438,62352.2954482918,4713.5999448848215,22343.49119543418,43131.13171048547,140486.94350120143,266465.22369870753,190983.55095414823,739795.7223796592,410.9973864313625,1934.8776147430353,23296.537915938137,98911.87341822051,5146.713565638194,34705.886237875005,142562.16606967885,462198.4072209,229444.6505929752,143099.91791057718,393753.97479546745,398.86088112361944,1770.7551294855814,21853.798655089176,56234.473318527096,4956.014090363154,33937.81211294043,89680.26937589118,272744.44783371815,65090.04159040042,27054.418974668988,249087.23627263124,82.63091111495666,234.1601494884023,7263.687008592551,47040.221576401906,255.01688131039762,2721.309331987398,12161.656976376355,106236.78769909262,19066.551711985165,22038.759955135345,105994.12008855073,75.50413436594353,217.60222773636525,6185.807737253697,26323.80766162129,244.59263771435926,2637.707178134514,12093.524815604715,60063.405027436296,254682.52360017036,188506.10265910163,477233.16323961876,5226.820539904102,6209.771527856804,50816.34029221895,108198.1027252718,16572.56576434896,76641.55688696167,148959.98619020442,380821.81585947017,250422.67154314087,178552.02926019716,429290.50665407366,5002.8680706181,6017.529916646043,46613.86325311722,84433.13230371126,14746.36200562862,72225.77128023248,136703.40975841583,337772.71805648075,67770.42125685692,10198.136182423475,27555.54744218784,623.1218993619956,908.7183113298901,3369.878683776085,2682.195941875085,1691.2256564514182,10944.596504897514,9289.22334509677,26101.953448035118,61201.33847195409,10194.805455089696,27544.718587805615,622.6451729415759,907.6637082975008,3355.830295552549,2673.699283431177,1686.2874550039792,10927.325426777004,9280.319704849704,26086.629597535935,206821.19329913604,3546.1897641123987,43295.19853259348,212.89005717546576,683.9839905014012,3318.631375617347,4129.591991597214,1723.5823130949625,17053.77911215748,3524.2923735700574,43073.23648110783,206080.07285862454,3545.026780344036,43288.05908127642,212.88627752556917,683.962641538337,3317.4324048504936,4128.796335305664,1723.5043503762024,17053.32530158853,3523.1605826537893,43066.280497197055
M_var_5_1.8,298379.87021849235,232810.80592203003,865844.2583113133,12869.815871190833,19693.939676746868,69000.30614591096,179731.73996653216,19902.596629726097,107442.67754133561,168843.36977437418,515739.21929869574,290376.88464512327,205453.41117871163,524281.8195848917,9248.870798942451,16514.06228034287,61448.500169356426,107022.61801519865,17561.62453641576,99902.20203509596,145968.50851810927,376109.937636726,117748.80719949072,66568.41953702524,423011.7524953186,4265.16544849112,4925.477913275581,28474.5098822341,107456.26038124406,5931.8781288394175,25091.988822838586,43994.505928783794,218026.89452103645,116745.22543247798,54237.59245381479,207068.08717667835,3117.2087664773976,4066.627232288919,23772.904430430557,61263.61440734996,4713.5999448848215,22343.49119543418,42804.80626753328,137631.10228654096,266465.22369870753,190983.55095414823,739795.7223796592,410.9973864313625,1934.8776147430353,23235.240783551428,96047.57821080735,5146.713565638194,34705.886237875005,137828.74401708372,441675.5553370169,229444.6505929752,143099.91791057718,393753.97479546745,398.86088112361944,1770.7551294855814,21832.294618323824,55322.313525687336,4956.014090363154,33937.81211294043,87626.15726200923,267924.38023024326,65090.04159040042,27054.418974668988,249087.23627263124,82.63091111495666,234.1601494884023,7261.645639748993,46108.90400417705,255.01688131039762,2721.309331987398,12150.8370248357,101449.81899254635,19066.551711985165,22038.759955135345,105994.12008855073,75.50413436594353,217.60222773636525,6184.073714947844,25946.258072733628,244.59263771435926,2637.707178134514,12085.043301052447,58942.76017807506,254682.52360017036,188506.10265910163,477233.16323961876,5226.820539904102,6209.771527856804,50483.24015310631,106414.38824853812,16572.56576434896,76641.55688696167,145861.49575455152,374365.61306090985,250422.67154314087,178552.02926019716,429290.50665407366,5002.8680706181,6017.529916646043,46366.792192569614,83231.18173848442,14746.36200562862,72225.77128023248,133913.4028239451,332688.29254791426,67770.42125685692,10198.136182423475,27555.54744218784,623.1218993619956,908.7183113298901,3369.8027483680485,2680.5535571020478,1691.2256564514182,10944.596504897514,9288.609391686055,26100.633466281768,61201.33847195409,10194.805455089696,27544.718587805615,622.6451729415759,907.6637082975008,3355.740387593577,2672.0980306568536,1686.2874550039792,10927.325426777004,9279.751814076628,26085.394507945843,206821.19329913604,3546.1897641123987,43295.19853259348,212.89005717546576,683.9839905014012,3318.631375617347,4129.591991597214,1723.5823130949625,17053.77911215748,3524.2923735700574,43073.23648110783,206080.07285862454,3545.026780344036,43288.05908127642,212.88627752556917,683.962641538337,3317.4324048504936,4128.796335305664,1723.5043503762024,17053.32530158853,3523.1605826537893,43066.280497197055
M_var_5_3.2,298379.87021849235,232810.80592203003,865844.2583113133,12869.815871190833,19693.939676746868,68783.4855845692,176898.150785556,19902.596629726097,107442.67754133561,166430.2364418321,505626.14321183175,290376.88464512327,205453.41117871163,524281.8195848917,9248.870798942451,16514.06228034287,61365.180937548976,105934.9538945719,17561.62453641576,99902.20203509596,144409.21750281806,372519.49220512557,117748.80719949072,66568.41953702524,423011.7524953186,4265.16544849112,4925.477913275581,28414.400886121377,106058.85448530664,5931.8781288394175,25091.988822838586,43815.07298473562,213490.95595310707,116745.22543247798,54237.59245381479,207068.08717667835,3117.2087664773976,4066.627232288919,23754.666398806763,60710.319684014445,4713.5999448848215,22343.49119543418,42634.86530209777,136194.91369822202,266465.22369870753,190983.55095414823,739795.7223796592,410.9973864313625,1934.8776147430353,23199.544778893294,94483.6959096861,5146.713565638194,34705.886237875005,135207.85888769044,430888.6583073051,229444.6505929752,143099.91791057718,393753.97479546745,398.86088112361944,1770.7551294855814,21819.624661513226,54804.42659314474,4956.014090363154,33937.81211294043,86462.42833829614,265208.5087419977,65090.04159040042,27054.418974668988,249087.23627263124,82.63091111495666,234.1601494884023,7260.449661367674,45588.09193983839,255.01688131039762,2721.309331987398,12144.507943339693,98929.55232857101,19066.551711985165,22038.759955135345,105994.12008855073,75.50413436594353,217.60222773636525,6183.044701807972,25729.652510014806,244.59263771435926,2637.707178134514,12080.044340602435,58310.240669553794,254682.52360017036,188506.10265910163,477233.16323961876,5226.820539904102,6209.771527856804,50290.30125660511,105410.47594408842,16572.56576434896,76641.55688696167,144110.91802996284,370743.8495862279,250422.67154314087,178552.02926019716,429290.50665407366,5002.8680706181,6017.529916646043,46223.243164344065,82550.35557658602,14746.36200562862,72225.77128023248,132334.00141092506,329819.34386953484,67770.42125685692,10198.136182423475,27555.54744218784,623.1218993619956,908.7183113298901,3369.7575245275025,2679.5768210480915,1691.2256564514182,10944.596504897514,9288.244431626794,26099.848825113793,61201.33847195409,10194.805455089696,27544.718587805615,622.6451729415759,907.6637082975008,3355.6868339580296,2671.1455705597627,1686.2874550039792,10927.325426777004,9279.414166438955,26084.660179146988,206821.19329913604,3546.1897641123987,43295.19853259348,212.89005717546576,683.9839905014012,3318.631375617347,4129.591991597214,1723.5823130949625,17053.77911215748,3524.2923735700574,43073.23648110783,206080.07285862454,3545.026780344036,43288.05908127642,212.88627752556917,683.962641538337,3317.4324048504936,4128.796335305664,1723.5043503762024,17053.32530158853,3523.1605826537893,43066.280497197055
M_var_5_5.6,298379.87021849235,232810.80592203003,865844.2583113133,12869.815871190833,19693.939676746868,68700.83200560974,175848.2007885969,19902.596629726097,107442.67754133561,165525.8077596605,501914.1105310168,290376.88464512327,205453.41117871163,524281.8195848917,9248.870798942451,16514.06228034287,61333.283386024625,105526.4881023098,17561.62453641576,99902.20203509596,143822.1493547827,371174.4304767526,117748.80719949072,66568.41953702524,423011.7524953186,4265.16544849112,4925.477913275581,28391.298363525217,105534.57119855208,5931.8781288394175,25091.988822838586,43746.34242509938,211817.6692282538,116745.22543247798,54237.59245381479,207068.08717667835,3117.2087664773976,4066.627232288919,23747.613504645295,60500.11499714684,4713.5999448848215,22343.49119543418,42569.56496515493,135651.92436265803,266465.22369870753,190983.55095414823,739795.7223796592,410.9973864313625,1934.8776147430353,23185.0476001844,93868.7016862954,5146.713565638194,34705.886237875005,134170.33968775408,426722.6556911487,229444.6505929752,143099.91791057718,393753.97479546745,398.86088112361944,1770.7551294855814,21814.447667371318,54596.79335472979,4956.014090363154,33937.81211294043,85996.41661322722,264123.8194139739,65090.04159040042,27054.418974668988,249087.23627263124,82.63091111495666,234.1601494884023,7259.962416259618,45380.86618776025,255.01688131039762,2721.309331987398,12141.931573888261,97955.39958767053,19066.551711985165,22038.759955135345,105994.12008855073,75.50413436594353,217.60222773636525,6182.6226626530415,25642.34911208311,244.59263771435926,2637.707178134514,12078.001374380578,58057.39561620035,254682.52360017036,188506.10265910163,477233.16323961876,5226.820539904102,6209.771527856804,50212.160405981536,105009.75644760727,16572.56576434896,76641.55688696167,143410.88085759385,369300.57586398884,250422.67154314087,178552.02926019716,429290.50665407366,5002.8680706181,6017.529916646043,46165.01319547272,82277.72534287395,14746.36200562862,72225.77128023248,131701.78587326218,328672.72144277004,67770.42125685692,10198.136182423475,27555.54744218784,623.1218993619956,908.7183113298901,3369.7389414332924,2679.1757686559185,1691.2256564514182,10944.596504897514,9288.094612252311,26099.52672551956,61201.33847195409,10194.805455089696,27544.718587805615,622.6451729415759,907.6637082975008,3355.6648262302956,2670.7544459171622,1686.2874550039792,10927.325426777004,9279.275544122116,26084.358700595392,206821.19329913604,3546.1897641123987,43295.19853259348,212.89005717546576,683.9839905014012,3318.631375617347,4129.591991597214,1723.5823130949625,17053.77911215748,3524.2923735700574,43073.23648110783,206080.07285862454,3545.026780344036,43288.05908127642,212.88627752556917,683.962641538337,3317.4324048504936,4128.796335305664,1723.5043503762024,17053.32530158853,3523.1605826537893,43066.280497197055
M_var_5_10.0,298379.87021849235,232810.80592203003,865844.2583113133,12869.815871190833,19693.939676746868,68672.96932093566,175497.89050532194,19902.596629726097,107442.67754133561,165222.81288726494,500679.77460088686,290376.88464512327,205453.41117871163,524281.8195848917,9248.870798942451,16514.06228034287,61322.51370409634,105389.54461633641,17561.62453641576,99902.20203509596,143625.14892493264,370723.8853742512,117748.80719949072,66568.41953702524,423011.7524953186,4265.16544849112,4925.477913275581,28383.486792271826,105358.85769820753,5931.8781288394175,25091.988822838586,43723.132022206686,211260.25774788432,116745.22543247798,54237.59245381479,207068.08717667835,3117.2087664773976,4066.627232288919,23745.223269681388,60429.34211210798,4713.5999448848215,22343.49119543418,42547.48713906153,135469.43205402396,266465.22369870753,190983.55095414823,739795.7223796592,410.9973864313625,1934.8776147430353,23180.041947685906,93658.95063250356,5146.713565638194,34705.886237875005,133815.60894509192,425311.30574855534,229444.6505929752,143099.91791057718,393753.97479546745,398.86088112361944,1770.7551294855814,21812.655895678912,54525.45603395231,4956.014090363154,33937.81211294043,85836.38342161367,263751.69589214056,65090.04159040042,27054.418974668988,249087.23627263124,82.63091111495666,234.1601494884023,7259.793972895804,45309.87531154272,255.01688131039762,2721.309331987398,12141.041193360938,97625.27520793502,19066.551711985165,22038.759955135345,105994.12008855073,75.50413436594353,217.60222773636525,6182.476379301115,25612.29280740201,244.59263771435926,2637.707178134514,12077.294248044514,57970.622585072124,254682.52360017036,188506.10265910163,477233.16323961876,5226.820539904102,6209.771527856804,50185.20862634313,104872.31282581398,16572.56576434896,76641.55688696167,143170.6095381429,368805.85633379844,250422.67154314087,178552.02926019716,429290.50665407366,5002.8680706181,6017.529916646043,46144.916587990156,82184.10061510508,14746.36200562862,72225.77128023248,131484.70968661795,328279.2482185577,67770.42125685692,10198.136182423475,27555.54744218784,623.1218993619956,908.7183113298901,3369.732495569566,2679.036697810395,1691.2256564514182,10944.596504897514,9288.042664918505,26099.415043291956,61201.33847195409,10194.805455089696,27544.718587805615,622.6451729415759,907.6637082975008,3355.6571922280923,2670.618812217789,1686.2874550039792,10927.325426777004,9279.227477148715,26084.254163930127,206821.19329913604,3546.1897641123987,43295.19853259348,212.89005717546576,683.9839905014012,3318.631375617347,4129.591991597214,1723.5823130949625,17053.77911215748,3524.2923735700574,43073.23648110783,206080.07285862454,3545.026780344036,43288.05908127642,212.88627752556917,683.962641538337,3317.4324048504936,4128.796335305664,1723.5043503762024,17053.32530158853,3523.1605826537893,43066.280497197055
M_var_6_0.1,298379.87021849235,232810.80592203003,865844.2583113133,12869.815871190833,19693.939676746868,72548.0274435775,214270.45377532428,19902.596629726097,107442.67754133561,196733.85037064052,641438.0608866946,290376.88464512327,205453.41117871163,524281.8195848917,9248.870798942451,16514.06228034287,62585.2210108112,121336.50861644444,17561.62453641576,99902.20203509596,166161.05498327868,423167.7637118348,117748.80719949072,66568.41953702524,423011.7524953186,4265.16544849112,4925.477913275581,29881.931583015015,122894.70271015877,5931.8781288394175,25091.988822838586,46991.689701223986,274206.0021196152,116745.22543247798,54237.59245381479,207068.08717667835,3117.2087664773976,4066.627232288919,24205.058034968773,68166.59893965961,4713.5999448848215,22343.49119543418,45346.29445513639,157374.0104964049,266465.22369870753,190983.55095414823,739795.7223796592,410.9973864313625,1934.8776147430353,24802.56028463254,111618.13663369087,5146.713565638194,34705.886237875005,162296.90946898196,544324.3827928917,229444.6505929752,143099.91791057718,393753.97479546745,398.86088112361944,1770.7551294855814,22696.346276091004,62137.70723317848,4956.014090363154,33937.81211294043,103753.46168123928,303380.55805914145,65090.04159040042,27054.418974668988,249087.23627263124,82.63091111495666,234.1601494884023,7665.095035998102,50768.94205903109,255.01688131039762,2721.309331987398,12775.300650443203,126172.60718791264,19066.551711985165,22038.759955135345,105994.12008855073,75.50413436594353,217.60222773636525,6341.852311945791,28216.810304188464,244.59263771435926,2637.707178134514,12626.416460849528,67151.3577901887,254682.52360017036,188506.10265910163,477233.16323961876,5226.820539904102,6209.771527856804,52499.4946911219,114390.63887295565,16572.56576434896,76641.55688696167,160042.94592154076,403378.51268125407,250422.67154314087,178552.02926019716,429290.50665407366,5002.8680706181,6017.529916646043,47706.9942980473,89089.13472492815,14746.36200562862,72225.77128023248,147640.3399795412,357878.7728897005,67770.42125685692,10198.136182423475,27555.54744218784,623.1218993619956,908.7183113298901,3370.5031749619657,2684.9899234237214,1691.2256564514182,10944.596504897514,9295.637815289772,26113.668423842824,61201.33847195409,10194.805455089696,27544.718587805615,622.6451729415759,907.6637082975008,3356.3200877332833,2676.2343214887615,1686.2874550039792,10927.325426777004,9286.20133812371,26097.776364812267,206821.19329913604,3546.1897641123987,43295.19853259348,212.89005717546576,683.9839905014012,3318.631375617347,4129.591991597214,1723.5823130949625,17053.77911215748,3524.2923735700574,43073.23648110783,206080.07285862454,3545.026780344036,43288.05908127642,212.88627752556917,683.962641538337,3317.4324048504936,4128.796335305664,1723.5043503762024,17053.32530158853,3523.1605826537893,43066.280497197055
M_var_6_0.2,298379.87021849235,232810.80592203003,865844.2583113133,12869.815871190833,19693.939676746868,72369.39953325554,212343.23997408012,19902.596629726097,107442.67754133561,195306.04934586273,634032.0172001516,290376.88464512327,205453.41117871163,524281.8195848917,9248.870798942451,16514.06228034287,62532.02603498256,120580.11077826061,17561.62453641576,99902.20203509596,165119.20484515096,420644.77560301026,117748.80719949072,66568.41953702524,423011.7524953186,4265.16544849112,4925.477913275581,29810.681224721215,122116.35268746596,5931.8781288394175,25091.988822838586,46843.443198056084,270982.659140439,116745.22543247798,54237.59245381479,207068.08717667835,3117.2087664773976,4066.627232288919,24184.34445128226,67827.94866473443,4713.5999448848215,22343.49119543418,45226.59812436484,156350.67314514265,266465.22369870753,190983.55095414823,739795.7223796592,410.9973864313625,1934.8776147430353,24729.493756096806,110927.17226055397,5146.713565638194,34705.886237875005,161263.10548619778,539511.982769908,229444.6505929752,143099.91791057718,393753.97479546745,398.86088112361944,1770.7551294855814,22657.75386106927,61836.60668621254,4956.014090363154,33937.81211294043,103036.83021247227,301797.87088598905,65090.04159040042,27054.418974668988,249087.23627263124,82.63091111495666,234.1601494884023,7646.302772762721,50583.89255957918,255.01688131039762,2721.309331987398,12746.060049186779,125011.34125682797,19066.551711985165,22038.759955135345,105994.12008855073,75.50413436594353,217.60222773636525,6334.875081944588,28125.47642771908,244.59263771435926,2637.707178134514,12602.078745869027,66786.54963795074,254682.52360017036,188506.10265910163,477233.16323961876,5226.820539904102,6209.771527856804,52419.90660716179,114083.19166662417,16572.56576434896,76641.55688696167,159495.74893305395,402248.91742255096,250422.67154314087,178552.02926019716,429290.50665407366,5002.8680706181,6017.529916646043,47656.03812834974,88859.84745838985,14746.36200562862,72225.77128023248,147102.53508523945,356880.51257443463,67770.42125685692,10198.136182423475,27555.54744218784,623.1218993619956,908.7183113298901,3370.4751768819474,2684.8644948547903,1691.2256564514182,10944.596504897514,9295.349592217948,26113.142040405768,61201.33847195409,10194.805455089696,27544.718587805615,622.6451729415759,907.6637082975008,3356.2981578864787,2676.1206798623157,1686.2874550039792,10927.325426777004,9285.937450467505,26097.276246130583,206821.19329913604,3546.1897641123987,43295.19853259348,212.89005717546576,683.9839905014012,3318.631375617347,4129.591991597214,1723.5823130949625,17053.77911215748,3524.2923735700574,43073.23648110783,206080.07285862454,3545.026780344036,43288.05908127642,212.88627752556917,683.962641538337,3317.4324048504936,4128.796335305664,1723.5043503762024,17053.32530158853,3523.1605826537893,43066.280497197055
M_var_6_0.3,298379.87021849235,232810.80592203003,865844.2583113133,12869.815871190833,19693.939676746868,71880.74983514726,207280.80740096958,19902.596629726097,107442.67754133561,191474.9819827431,614871.5481967949,290376.88464512327,205453.41117871163,524281.8195848917,9248.870798942451,16514.06228034287,62384.972495708826,118554.19388712353,17561.62453641576,99902.20203509596,162312.47293125253,413913.89042333805,117748.80719949072,66568.41953702524,423011.7524953186,4265.16544849112,4925.477913275581,29614.194348851972,120025.95367015961,5931.8781288394175,25091.988822838586,46435.90623226613,262580.5496595646,116745.22543247798,54237.59245381479,207068.08717667835,3117.2087664773976,4066.627232288919,24126.523986386528,66905.76341575678,4713.5999448848215,22343.49119543418,44895.05014654341,153590.35463830992,266465.22369870753,190983.55095414823,739795.7223796592,410.9973864313625,1934.8776147430353,24522.581732484847,109016.97599904523,5146.713565638194,34705.886237875005,158380.64073265402,526435.285163645,229444.6505929752,143099.91791057718,393753.97479546745,398.86088112361944,1770.7551294855814,22547.263446957648,60992.744061014455,4956.014090363154,33937.81211294043,101026.97125223815,297374.09834139317,65090.04159040042,27054.418974668988,249087.23627263124,82.63091111495666,234.1601494884023,7592.720001955665,50062.31574397091,255.01688131039762,2721.309331987398,12662.966275493176,121851.83575454555,19066.551711985165,22038.759955135345,105994.12008855073,75.50413436594353,217.60222773636525,6314.810662055949,27866.600723709318,244.59263771435926,2637.707178134514,12532.362015664325,65766.1297976058,254682.52360017036,188506.10265910163,477233.16323961876,5226.820539904102,6209.771527856804,52193.405072430185,113216.60926001509,16572.56576434896,76641.55688696167,157951.51173127297,399070.5195402281,250422.67154314087,178552.02926019716,429290.50665407366,5002.8680706181,6017.529916646043,47510.6276826916,88212.51747080008,14746.36200562862,72225.77128023248,145583.58491714485,354066.82304736314,67770.42125685692,10198.136182423475,27555.54744218784,623.1218993619956,908.7183113298901,3370.394702110378,2684.5040622620936,1691.2256564514182,10944.596504897514,9294.521489141824,26111.62966652857,61201.33847195409,10194.805455089696,27544.718587805615,622.6451729415759,907.6637082975008,3356.235109760336,2675.7940334911427,1686.2874550039792,10927.325426777004,9285.179060612974,26095.838950961683,206821.19329913604,3546.1897641123987,43295.19853259348,212.89005717546576,683.9839905014012,3318.631375617347,4129.591991597214,1723.5823130949625,17053.77911215748,3524.2923735700574,43073.23648110783,206080.07285862454,3545.026780344036,43288.05908127642,212.88627752556917,683.962641538337,3317.4324048504936,4128.796335305664,1723.5043503762024,17053.32530158853,3523.1605826537893,43066.280497197055
M_var_6_0.6,298379.87021849235,232810.80592203003,865844.2583113133,12869.815871190833,19693.939676746868,70833.4420487389,197350.70507357628,19902.596629726097,107442.67754133561,183615.30598282587,578448.46136568,290376.88464512327,205453.41117871163,524281.8195848917,9248.870798942451,16514.06228034287,62062.01671598197,114411.31106045455,17561.62453641576,99902.20203509596,156502.4791212413,400270.1639507118,117748.80719949072,66568.41953702524,423011.7524953186,4265.16544849112,4925.477913275581,29185.129772628043,115725.114784491,5931.8781288394175,25091.988822838586,45552.46297654972,246351.59032696937,116745.22543247798,54237.59245381479,207068.08717667835,3117.2087664773976,4066.627232288919,23996.58210459891,64948.82596683135,4713.5999448848215,22343.49119543418,44163.51051091242,147855.4525203964,266465.22369870753,190983.55095414823,739795.7223796592,410.9973864313625,1934.8776147430353,24041.095200878404,104817.78561397683,5146.713565638194,34705.886237875005,151920.5858387859,498788.9839539395,229444.6505929752,143099.91791057718,393753.97479546745,398.86088112361944,1770.7551294855814,22283.056551786347,59076.957769160785,4956.014090363154,33937.81211294043,96458.81742835189,287394.5561828881,65090.04159040042,27054.418974668988,249087.23627263124,82.63091111495666,234.1601494884023,7465.8970009554,48862.060019409604,255.01688131039762,2721.309331987398,12467.934815697483,115151.74953256987,19066.551711985165,22038.759955135345,105994.12008855073,75.50413436594353,217.60222773636525,6266.293439250054,27262.694019595863,244.59263771435926,2637.707178134514,12365.427391986359,63460.01051730394,254682.52360017036,188506.10265910163,477233.16323961876,5226.820539904102,6209.771527856804,51659.82880737235,111222.62496042208,16572.56576434896,76641.55688696167,154388.277957959,391787.81941445,250422.67154314087,178552.02926019716,429290.50665407366,5002.8680706181,6017.529916646043,47165.76320269994,86717.12345878214,14746.36200562862,72225.77128023248,142071.8196130697,347592.7575736455,67770.42125685692,10198.136182423475,27555.54744218784,623.1218993619956,908.7183113298901,3370.2003489877216,2683.6341155846535,1691.2256564514182,10944.596504897514,9292.523602608637,26107.98087647458,61201.33847195409,10194.805455089696,27544.718587805615,622.6451729415759,907.6637082975008,3356.0827500109144,2675.0051149578244,1686.2874550039792,10927.325426777004,9283.348107646794,26092.368952765526,206821.19329913604,3546.1897641123987,43295.19853259348,212.89005717546576,683.9839905014012,3318.631375617347,4129.591991597214,1723.5823130949625,17053.77911215748,3524.2923735700574,43073.23648110783,206080.07285862454,3545.026780344036,43288.05908127642,212.88627752556917,683.962641538337,3317.4324048504936,4128.796335305664,1723.5043503762024,17053.32530158853,3523.1605826537893,43066.280497197055
M_var_6_1.0,298379.87021849235,232810.80592203003,865844.2583113133,12869.815871190833,19693.939676746868,69423.7474047352,185624.67353463243,19902.596629726097,107442.67754133561,173732.79044797336,537234.4481676806,290376.88464512327,205453.41117871163,524281.8195848917,9248.870798942451,16514.06228034287,61609.74842409084,109217.33688453716,17561.62453641576,99902.20203509596,149096.65913614645,383393.85573388543,117748.80719949072,66568.41953702524,423011.7524953186,4265.16544849112,4925.477913275581,28589.87538220048,110282.42238279314,5931.8781288394175,25091.988822838586,44341.36420360346,227559.91512926115,116745.22543247798,54237.59245381479,207068.08717667835,3117.2087664773976,4066.627232288919,23807.459653605438,62352.2954482918,4713.5999448848215,22343.49119543418,43131.13171048547,140486.94350120143,266465.22369870753,190983.55095414823,739795.7223796592,410.9973864313625,1934.8776147430353,23296.537915938137,98911.87341822051,5146.713565638194,34705.886237875005,142562.16606967885,462198.4072209,229444.6505929752,143099.91791057718,393753.97479546745,398.86088112361944,1770.7551294855814,21853.798655089176,56234.473318527096,4956.014090363154,33937.81211294043,89680.26937589118,272744.44783371815,65090.04159040042,27054.418974668988,249087.23627263124,82.63091111495666,234.1601494884023,7263.687008592551,47040.221576401906,255.01688131039762,2721.309331987398,12161.656976376355,106236.78769909262,19066.551711985165,22038.759955135345,105994.12008855073,75.50413436594353,217.60222773636525,6185.807737253697,26323.80766162129,244.59263771435926,2637.707178134514,12093.524815604715,60063.405027436296,254682.52360017036,188506.10265910163,477233.16323961876,5226.820539904102,6209.771527856804,50816.34029221895,108198.1027252718,16572.56576434896,76641.55688696167,148959.98619020442,380821.81585947017,250422.67154314087,178552.02926019716,429290.50665407366,5002.8680706181,6017.529916646043,46613.86325311722,84433.13230371126,14746.36200562862,72225.77128023248,136703.40975841583,337772.71805648075,67770.42125685692,10198.136182423475,27555.54744218784,623.1218993619956,908.7183113298901,3369.878683776085,2682.195941875085,1691.2256564514182,10944.596504897514,9289.22334509677,26101.953448035118,61201.33847195409,10194.805455089696,27544.718587805615,622.6451729415759,907.6637082975008,3355.830295552549,2673.699283431177,1686.2874550039792,10927.325426777004,9280.319704849704,26086.629597535935,206821.19329913604,3546.1897641123987,43295.19853259348,212.89005717546576,683.9839905014012,3318.631375617347,4129.591991597214,1723.5823130949625,17053.77911215748,3524.2923735700574,43073.23648110783,206080.07285862454,3545.026780344036,43288.05908127642,212.88627752556917,683.962641538337,3317.4324048504936,4128.796335305664,1723.5043503762024,17053.32530158853,3523.1605826537893,43066.280497197055
M_var_6_1.8,298379.87021849235,232810.80592203003,865844.2583113133,12869.815871190833,19693.939676746868,68367.98327531044,177839.52475523934,19902.596629726097,107442.67754133561,166807.13230079517,510839.4797981281,290376.88464512327,205453.41117871163,524281.8195848917,9248.870798942451,16514.06228034287,61257.055064119566,105579.11530827248,17561.62453641576,99902.20203509596,143838.65309389794,371725.14325863816,117748.80719949072,66568.41953702524,423011.7524953186,4265.16544849112,4925.477913275581,28130.15730148647,106435.29272747738,5931.8781288394175,25091.988822838586,43417.38549587896,215268.33831064723,116745.22543247798,54237.59245381479,207068.08717667835,3117.2087664773976,4066.627232288919,23653.84789209902,60431.85197030058,4713.5999448848215,22343.49119543418,42319.55698770149,135200.4844109555,266465.22369870753,190983.55095414823,739795.7223796592,410.9973864313625,1934.8776147430353,22649.937120506514,94268.16933593639,5146.713565638194,34705.886237875005,134998.88275177695,435080.3204889977,229444.6505929752,143099.91791057718,393753.97479546745,398.86088112361944,1770.7551294855814,21459.00082935833,53870.456886898064,4956.014090363154,33937.81211294043,84057.8699178712,260696.52279242128,65090.04159040042,27054.418974668988,249087.23627263124,82.63091111495666,234.1601494884023,7081.785232127085,45488.22235967615,255.01688131039762,2721.309331987398,11890.94538607262,99589.7121187612,19066.551711985165,22038.759955135345,105994.12008855073,75.50413436594353,217.60222773636525,6109.90882539952,25502.259955858815,244.59263771435926,2637.707178134514,11842.70036214108,57259.150986438544,254682.52360017036,188506.10265910163,477233.16323961876,5226.820539904102,6209.771527856804,50065.087773208055,105625.60235257227,16572.56576434896,76641.55688696167,144324.6439641202,371569.8083506394,250422.67154314087,178552.02926019716,429290.50665407366,5002.8680706181,6017.529916646043,46115.23796110299,82475.50610063829,14746.36200562862,72225.77128023248,132101.4028848783,329419.6862073631,67770.42125685692,10198.136182423475,27555.54744218784,623.1218993619956,908.7183113298901,3369.576203111132,2680.8454001466707,1691.2256564514182,10944.596504897514,9286.12712631618,26096.298568423714,61201.33847195409,10194.805455089696,27544.718587805615,622.6451729415759,907.6637082975008,3355.5925666701373,2672.471188006116,1686.2874550039792,10927.325426777004,9277.474108557459,26081.236731354264,206821.19329913604,3546.1897641123987,43295.19853259348,212.89005717546576,683.9839905014012,3318.631375617347,4129.591991597214,1723.5823130949625,17053.77911215748,3524.2923735700574,43073.23648110783,206080.07285862454,3545.026780344036,43288.05908127642,212.88627752556917,683.962641538337,3317.4324048504936,4128.796335305664,1723.5043503762024,17053.32530158853,3523.1605826537893,43066.280497197055
M_var_6_3.2,298379.87021849235,232810.80592203003,865844.2583113133,12869.815871190833,19693.939676746868,67872.89763693708,174437.19439392164,19902.596629726097,107442.67754133561,163689.062158836,499528.17094270466,290376.88464512327,205453.41117871163,524281.8195848917,9248.870798942451,16514.06228034287,61087.336102567286,103939.64351983921,17561.62453641576,99902.20203509596,141452.81066731157,366508.4038396541,117748.80719949072,66568.41953702524,423011.7524953186,4265.16544849112,4925.477913275581,27910.32007799381,104692.04687793944,5931.8781288394175,25091.988822838586,42978.986564946994,209935.16915486412,116745.22543247798,54237.59245381479,207068.08717667835,3117.2087664773976,4066.627232288919,23577.917739181034,59537.421944614965,4713.5999448848215,22343.49119543418,41926.97307248105,132782.86733730088,266465.22369870753,190983.55095414823,739795.7223796592,410.9973864313625,1934.8776147430353,22315.28073365515,92016.34225739873,5146.713565638194,34705.886237875005,131272.8446573827,422400.29984032986,229444.6505929752,143099.91791057718,393753.97479546745,398.86088112361944,1770.7551294855814,21246.034253025227,52680.90020820334,4956.014090363154,33937.81211294043,81239.10895794108,254679.00227069118,65090.04159040042,27054.418974668988,249087.23627263124,82.63091111495666,234.1601494884023,6985.238424324545,44694.81836233942,255.01688131039762,2721.309331987398,11749.070674683975,96468.27969533925,19066.551711985165,22038.759955135345,105994.12008855073,75.50413436594353,217.60222773636525,6068.196856218436,25074.347323087168,244.59263771435926,2637.707178134514,11707.098221199316,55854.46207331902,254682.52360017036,188506.10265910163,477233.16323961876,5226.820539904102,6209.771527856804,49669.20926372967,104312.65728770192,16572.56576434896,76641.55688696167,141953.73186730515,366874.0127274981,250422.67154314087,178552.02926019716,429290.50665407366,5002.8680706181,6017.529916646043,45849.75286513994,81471.04979560149,14746.36200562862,72225.77128023248,129741.17273328619,325156.06592170754,67770.42125685692,10198.136182423475,27555.54744218784,623.1218993619956,908.7183113298901,3369.4103193836186,2680.1055110377,1691.2256564514182,10944.596504897514,9284.432083011725,26093.202730966656,61201.33847195409,10194.805455089696,27544.718587805615,622.6451729415759,907.6637082975008,3355.4620570146785,2671.797626941318,1686.2874550039792,10927.325426777004,9275.914451970233,26078.280945079347,206821.19329913604,3546.1897641123987,43295.19853259348,212.89005717546576,683.9839905014012,3318.631375617347,4129.591991597214,1723.5823130949625,17053.77911215748,3524.2923735700574,43073.23648110783,206080.07285862454,3545.026780344036,43288.05908127642,212.88627752556917,683.962641538337,3317.4324048504936,4128.796335305664,1723.5043503762024,17053.32530158853,3523.1605826537893,43066.280497197055
M_var_6_5.6,298379.87021849235,232810.80592203003,865844.2583113133,12869.815871190833,19693.939676746868,67691.51930638979,173226.88006141785,19902.596629726097,107442.67754133561,162566.5280269415,495535.9023674376,290376.88464512327,205453.41117871163,524281.8195848917,9248.870798942451,16514.06228034287,61024.4463249056,103349.02105150091,17561.62453641576,99902.20203509596,140591.03603433922,364635.4207247592,117748.80719949072,66568.41953702524,423011.7524953186,4265.16544849112,4925.477913275581,27829.085428743187,104062.54367562526,5931.8781288394175,25091.988822838586,42817.548117565944,208043.02623339315,116745.22543247798,54237.59245381479,207068.08717667835,3117.2087664773976,4066.627232288919,23549.439706632034,59210.627724586484,4713.5999448848215,22343.49119543418,41781.16034195848,131906.35592366624,266465.22369870753,190983.55095414823,739795.7223796592,410.9973864313625,1934.8776147430353,22187.063277005305,91178.48812446753,5146.713565638194,34705.886237875005,129877.49508458446,417755.97421253833,229444.6505929752,143099.91791057718,393753.97479546745,398.86088112361944,1770.7551294855814,21162.804639416205,52230.83506528443,4956.014090363154,33937.81211294043,80175.05028268494,252409.9414736836,65090.04159040042,27054.418974668988,249087.23627263124,82.63091111495666,234.1601494884023,6947.801752778535,44392.48982491596,255.01688131039762,2721.309331987398,11694.390533234644,95322.66852346074,19066.551711985165,22038.759955135345,105994.12008855073,75.50413436594353,217.60222773636525,6051.745638381783,24909.853917177246,244.59263771435926,2637.707178134514,11654.046286088485,55324.04087533751,254682.52360017036,188506.10265910163,477233.16323961876,5226.820539904102,6209.771527856804,49516.23378840213,103812.82560875773,16572.56576434896,76641.55688696167,141050.38361938877,365090.9621930997,250422.67154314087,178552.02926019716,429290.50665407366,5002.8680706181,6017.529916646043,45746.65325767431,81087.7089932331,14746.36200562862,72225.77128023248,128840.75698230242,323532.82691822154,67770.42125685692,10198.136182423475,27555.54744218784,623.1218993619956,908.7183113298901,3369.344963144599,2679.814151613431,1691.2256564514182,10944.596504897514,9283.764829955178,26091.984048095474,61201.33847195409,10194.805455089696,27544.718587805615,622.6451729415759,907.6637082975008,3355.410611156938,2671.5322401043927,1686.2874550039792,10927.325426777004,9275.3001405089,26077.116734538224,206821.19329913604,3546.1897641123987,43295.19853259348,212.89005717546576,683.9839905014012,3318.631375617347,4129.591991597214,1723.5823130949625,17053.77911215748,3524.2923735700574,43073.23648110783,206080.07285862454,3545.026780344036,43288.05908127642,212.88627752556917,683.962641538337,3317.4324048504936,4128.796335305664,1723.5043503762024,17053.32530158853,3523.1605826537893,43066.280497197055
M_var_6_10.0,298379.87021849235,232810.80592203003,865844.2583113133,12869.815871190833,19693.939676746868,67631.25210693642,172828.85462058103,19902.596629726097,107442.67754133561,162195.84495331152,494226.55422111653,290376.88464512327,205453.41117871163,524281.8195848917,9248.870798942451,16514.06228034287,61003.46416184916,103153.93093858045,17561.62453641576,99902.20203509596,140306.1284257396,364017.49270613096,117748.80719949072,66568.41953702524,423011.7524953186,4265.16544849112,4925.477913275581,27802.009968112347,103854.43513538982,5931.8781288394175,25091.988822838586,42763.80761455006,207421.32067042976,116745.22543247798,54237.59245381479,207068.08717667835,3117.2087664773976,4066.627232288919,23539.8967899305,59102.1432273449,4713.5999448848215,22343.49119543418,41732.47128777569,131616.17701751064,266465.22369870753,190983.55095414823,739795.7223796592,410.9973864313625,1934.8776147430353,22143.760361669578,90898.50550600764,5146.713565638194,34705.886237875005,129410.17549147387,416212.66623023024,229444.6505929752,143099.91791057718,393753.97479546745,398.86088112361944,1770.7551294855814,21134.486322305558,52079.52236960173,4956.014090363154,33937.81211294043,79817.64306709853,251648.01244036062,65090.04159040042,27054.418974668988,249087.23627263124,82.63091111495666,234.1601494884023,6935.101634727105,44290.58338584322,255.01688131039762,2721.309331987398,11675.882652362456,94941.69599902585,19066.551711985165,22038.759955135345,105994.12008855073,75.50413436594353,217.60222773636525,6046.12884232659,24854.227717243575,244.59263771435926,2637.707178134514,11635.988387293915,55145.83603542413,254682.52360017036,188506.10265910163,477233.16323961876,5226.820539904102,6209.771527856804,49464.40488234915,103644.40978774615,16572.56576434896,76641.55688696167,140745.9204253309,364490.74322625983,250422.67154314087,178552.02926019716,429290.50665407366,5002.8680706181,6017.529916646043,45711.657632937364,80958.4261183414,14746.36200562862,72225.77128023248,128537.14053991652,322985.87070768,67770.42125685692,10198.136182423475,27555.54744218784,623.1218993619956,908.7183113298901,3369.3226579795783,2679.7147339013763,1691.2256564514182,10944.596504897514,9283.53718007909,26091.568263295332,61201.33847195409,10194.805455089696,27544.718587805615,622.6451729415759,907.6637082975008,3355.3930499677394,2671.441665796592,1686.2874550039792,10927.325426777004,9275.090507271809,26076.71944912424,206821.19329913604,3546.1897641123987,43295.19853259348,212.89005717546576,683.9839905014012,3318.631375617347,4129.591991597214,1723.5823130949625,17053.77911215748,3524.2923735700574,43073.23648110783,206080.07285862454,3545.026780344036,43288.05908127642,212.88627752556917,683.962641538337,3317.4324048504936,4128.796335305664,1723.5043503762024,17053.32530158853,3523.1605826537893,43066.280497197055
M_var_7_0.1,298379.87021849235,232810.80592203003,865844.2583113133,12869.815871190833,19693.939676746868,77346.13690165442,235047.54375336616,19902.596629726097,107442.67754133561,212596.36990005747,701913.7156889772,290376.88464512327,205453.41117871163,524281.8195848917,9248.870798942451,16514.06228034287,64050.46804741636,133174.08073301133,17561.62453641576,99902.20203509596,183374.28744510424,464142.9848803026,117748.80719949072,66568.41953702524,423011.7524953186,4265.16544849112,4925.477913275581,31750.41746433131,129878.82313166653,5931.8781288394175,25091.988822838586,50150.70815452185,303532.75509339717,116745.22543247798,54237.59245381479,207068.08717667835,3117.2087664773976,4066.627232288919,24763.05819778851,72590.74202245066,4713.5999448848215,22343.49119543418,47486.456616909796,175680.8876659172,266465.22369870753,190983.55095414823,739795.7223796592,410.9973864313625,1934.8776147430353,29560.555351698105,127728.39317029026,5146.713565638194,34705.886237875005,177705.76174458553,592638.6967246567,229444.6505929752,143099.91791057718,393753.97479546745,398.86088112361944,1770.7551294855814,25481.840243199476,72255.01762657172,4956.014090363154,33937.81211294043,125224.73838771008,347940.15752295614,65090.04159040042,27054.418974668988,249087.23627263124,82.63091111495666,234.1601494884023,9745.68640248861,58160.42083612038,255.01688131039762,2721.309331987398,16188.831945290369,148364.47817846853,19066.551711985165,22038.759955135345,105994.12008855073,75.50413436594353,217.60222773636525,7547.6877562565005,32309.694663926817,244.59263771435926,2637.707178134514,15452.538996838559,80584.69697450768,254682.52360017036,188506.10265910163,477233.16323961876,5226.820539904102,6209.771527856804,54300.83723412075,119735.00214675636,16572.56576434896,76641.55688696167,169444.8720376901,422897.7048727168,250422.67154314087,178552.02926019716,429290.50665407366,5002.8680706181,6017.529916646043,48735.0005631902,93661.73964114071,14746.36200562862,72225.77128023248,158472.59182524114,379188.97125453723,67770.42125685692,10198.136182423475,27555.54744218784,623.1218993619956,908.7183113298901,3383.738230342083,2691.9177510853438,1691.2256564514182,10944.596504897514,9295.95726857446,26180.14939191426,61201.33847195409,10194.805455089696,27544.718587805615,622.6451729415759,907.6637082975008,3368.3869894235527,2683.374464435259,1686.2874550039792,10927.325426777004,9286.0479523778,26164.699045797734,206821.19329913604,3546.1897641123987,43295.19853259348,212.89005717546576,683.9839905014012,3318.631375617347,4129.591991597214,1723.5823130949625,17053.77911215748,3524.2923735700574,43073.23648110783,206080.07285862454,3545.026780344036,43288.05908127642,212.88627752556917,683.962641538337,3317.4324048504936,4128.796335305664,1723.5043503762024,17053.32530158853,3523.1605826537893,43066.280497197055
M_var_7_0.2,298379.87021849235,232810.80592203003,865844.2583113133,12869.815871190833,19693.939676746868,76832.51795339992,231000.4503130131,19902.596629726097,107442.67754133561,209763.9593633905,687398.7397539669,290376.88464512327,205453.41117871163,524281.8195848917,9248.870798942451,16514.06228034287,63909.01947146884,131399.19954000047,17561.62453641576,99902.20203509596,180932.959603335,457928.53760214197,117748.80719949072,66568.41953702524,423011.7524953186,4265.16544849112,4925.477913275581,31559.367410423856,128524.23086834316,5931.8781288394175,25091.988822838586,49784.72244638202,297107.36303555605,116745.22543247798,54237.59245381479,207068.08717667835,3117.2087664773976,4066.627232288919,24711.549572954253,71930.0671974206,4713.5999448848215,22343.49119543418,47237.232064668875,173149.15843764922,266465.22369870753,190983.55095414823,739795.7223796592,410.9973864313625,1934.8776147430353,29212.42664408281,125879.80066247433,5146.713565638194,34705.886237875005,175561.66249127605,583403.8622297336,229444.6505929752,143099.91791057718,393753.97479546745,398.86088112361944,1770.7551294855814,25309.18952184058,71307.65718420019,4956.014090363154,33937.81211294043,123139.69486042415,343368.81636816537,65090.04159040042,27054.418974668988,249087.23627263124,82.63091111495666,234.1601494884023,9622.636129017068,57593.46780358268,255.01688131039762,2721.309331987398,15967.78017440146,145502.21927002133,19066.551711985165,22038.759955135345,105994.12008855073,75.50413436594353,217.60222773636525,7486.786920236875,32011.5539203274,244.59263771435926,2637.707178134514,15288.602012101639,79368.31272889358,254682.52360017036,188506.10265910163,477233.16323961876,5226.820539904102,6209.771527856804,54122.54910984227,119094.1494588486,16572.56576434896,76641.55688696167,168306.6213923207,420493.5823864625,250422.67154314087,178552.02926019716,429290.50665407366,5002.8680706181,6017.529916646043,48630.227643704144,93154.69609078298,14746.36200562862,72225.77128023248,157276.86892819632,376854.8586146868,67770.42125685692,10198.136182423475,27555.54744218784,623.1218993619956,908.7183113298901,3383.095126805088,2691.4660747372855,1691.2256564514182,10944.596504897514,9295.643868806863,26176.497037541718,61201.33847195409,10194.805455089696,27544.718587805615,622.6451729415759,907.6637082975008,3367.807361772892,2682.9271315573583,1686.2874550039792,10927.325426777004,9285.782688421988,26161.0704483639,206821.19329913604,3546.1897641123987,43295.19853259348,212.89005717546576,683.9839905014012,3318.631375617347,4129.591991597214,1723.5823130949625,17053.77911215748,3524.2923735700574,43073.23648110783,206080.07285862454,3545.026780344036,43288.05908127642,212.88627752556917,683.962641538337,3317.4324048504936,4128.796335305664,1723.5043503762024,17053.32530158853,3523.1605826537893,43066.280497197055
M_var_7_0.3,298379.87021849235,232810.80592203003,865844.2583113133,12869.815871190833,19693.939676746868,75469.17643859779,220967.16311980557,19902.596629726097,107442.67754133561,202476.8646555109,652283.2914248491,290376.88464512327,205453.41117871163,524281.8195848917,9248.870798942451,16514.06228034287,63523.268968396806,126862.10597509822,17561.62453641576,99902.20203509596,174611.6922336051,442215.4150992686,117748.80719949072,66568.41953702524,423011.7524953186,4265.16544849112,4925.477913275581,31043.452592633632,124992.39480946738,5931.8781288394175,25091.988822838586,48806.2657531046,281359.33738288126,116745.22543247798,54237.59245381479,207068.08717667835,3117.2087664773976,4066.627232288919,24568.79967096984,70176.03796340158,4713.5999448848215,22343.49119543418,46555.59203116168,166626.27982318724,266465.22369870753,190983.55095414823,739795.7223796592,410.9973864313625,1934.8776147430353,28254.036823496543,120972.95277211703,5146.713565638194,34705.886237875005,169784.47639395244,559517.0799349762,229444.6505929752,143099.91791057718,393753.97479546745,398.86088112361944,1770.7551294855814,24818.43893204757,68742.37369695806,4956.014090363154,33937.81211294043,117469.3447286061,331069.97755384055,65090.04159040042,27054.418974668988,249087.23627263124,82.63091111495666,234.1601494884023,9275.662626081308,56006.36209377327,255.01688131039762,2721.309331987398,15357.568004125085,138030.4085865164,19066.551711985165,22038.759955135345,105994.12008855073,75.50413436594353,217.60222773636525,7311.658050600352,31172.892526630192,244.59263771435926,2637.707178134514,14824.899845128552,76079.21670773682,254682.52360017036,188506.10265910163,477233.16323961876,5226.820539904102,6209.771527856804,53623.01310009853,117330.42132983128,16572.56576434896,76641.55688696167,165172.9137033467,413918.8975277985,250422.67154314087,178552.02926019716,429290.50665407366,5002.8680706181,6017.529916646043,48334.5754040824,91755.89089965649,14746.36200562862,72225.77128023248,153976.57227882868,370452.4261449562,67770.42125685692,10198.136182423475,27555.54744218784,623.1218993619956,908.7183113298901,3381.258358379447,2690.1763480297604,1691.2256564514182,10944.596504897514,9294.74927027957,26166.078455214603,61201.33847195409,10194.805455089696,27544.718587805615,622.6451729415759,907.6637082975008,3366.1502748182534,2681.6486443667827,1686.2874550039792,10927.325426777004,9285.024781530077,26150.710064094445,206821.19329913604,3546.1897641123987,43295.19853259348,212.89005717546576,683.9839905014012,3318.631375617347,4129.591991597214,1723.5823130949625,17053.77911215748,3524.2923735700574,43073.23648110783,206080.07285862454,3545.026780344036,43288.05908127642,212.88627752556917,683.962641538337,3317.4324048504936,4128.796335305664,1723.5043503762024,17053.32530158853,3523.1605826537893,43066.280497197055
M_var_7_0.6,298379.87021849235,232810.80592203003,865844.2583113133,12869.815871190833,19693.939676746868,72737.90530190417,203431.15943385684,19902.596629726097,107442.67754133561,188815.59159030666,593634.2565494427,290376.88464512327,205453.41117871163,524281.8195848917,9248.870798942451,16514.06228034287,62702.338163179156,118443.41397143631,17561.62453641576,99902.20203509596,162602.17064450402,413702.82721850165,117748.80719949072,66568.41953702524,423011.7524953186,4265.16544849112,4925.477913275581,29969.771458147414,118170.57285445818,5931.8781288394175,25091.988822838586,46814.963603252,254381.83337675862,116745.22543247798,54237.59245381479,207068.08717667835,3117.2087664773976,4066.627232288919,24253.437080611046,66655.00142877965,4713.5999448848215,22343.49119543418,45095.30460072657,154317.16443856264,266465.22369870753,190983.55095414823,739795.7223796592,410.9973864313625,1934.8776147430353,26169.567805593302,111101.81531188064,5146.713565638194,34705.886237875005,157820.90582504607,514038.0643903045,229444.6505929752,143099.91791057718,393753.97479546745,398.86088112361944,1770.7551294855814,23665.861665686996,63350.58388410267,4956.014090363154,33937.81211294043,105478.7641425935,305594.16469411604,65090.04159040042,27054.418974668988,249087.23627263124,82.63091111495666,234.1601494884023,8476.6447317271,52406.717750333184,255.01688131039762,2721.309331987398,14021.89590024001,123486.37177720034,19066.551711985165,22038.759955135345,105994.12008855073,75.50413436594353,217.60222773636525,6888.206188410053,29248.734626160436,244.59263771435926,2637.707178134514,13748.937379390254,69179.44354923628,254682.52360017036,188506.10265910163,477233.16323961876,5226.820539904102,6209.771527856804,52490.30824076869,113494.5863634284,16572.56576434896,76641.55688696167,158356.52764690504,399827.49713418196,250422.67154314087,178552.02926019716,429290.50665407366,5002.8680706181,6017.529916646043,47652.52222671395,88696.6182945861,14746.36200562862,72225.77128023248,146755.17632233273,356632.9039357011,67770.42125685692,10198.136182423475,27555.54744218784,623.1218993619956,908.7183113298901,3376.8927623337104,2687.112768270051,1691.2256564514182,10944.596504897514,9292.625989601906,26141.392234181752,61201.33847195409,10194.805455089696,27544.718587805615,622.6451729415759,907.6637082975008,3362.2021335834047,2678.6048396524407,1686.2874550039792,10927.325426777004,9283.22169901648,26126.10502269329,206821.19329913604,3546.1897641123987,43295.19853259348,212.89005717546576,683.9839905014012,3318.631375617347,4129.591991597214,1723.5823130949625,17053.77911215748,3524.2923735700574,43073.23648110783,206080.07285862454,3545.026780344036,43288.05908127642,212.88627752556917,683.962641538337,3317.4324048504936,4128.796335305664,1723.5043503762024,17053.32530158853,3523.1605826537893,43066.280497197055
M_var_7_1.0,298379.87021849235,232810.80592203003,865844.2583113133,12869.815871190833,19693.939676746868,69423.7474047352,185624.67353463243,19902.596629726097,107442.67754133561,173732.79044797336,537234.4481676806,290376.88464512327,205453.41117871163,524281.8195848917,9248.870798942451,16514.06228034287,61609.74842409084,109217.33688453716,17561.62453641576,99902.20203509596,149096.65913614645,383393.85573388543,117748.80719949072,66568.41953702524,423011.7524953186,4265.16544849112,4925.477913275581,28589.87538220048,110282.42238279314,5931.8781288394175,25091.988822838586,44341.36420360346,227559.91512926115,116745.22543247798,54237.59245381479,207068.08717667835,3117.2087664773976,4066.627232288919,23807.459653605438,62352.2954482918,4713.5999448848215,22343.49119543418,43131.13171048547,140486.94350120143,266465.22369870753,190983.55095414823,739795.7223796592,410.9973864313625,1934.8776147430353,23296.537915938137,98911.87341822051,5146.713565638194,34705.886237875005,142562.16606967885,462198.4072209,229444.6505929752,143099.91791057718,393753.97479546745,398.86088112361944,1770.7551294855814,21853.798655089176,56234.473318527096,4956.014090363154,33937.81211294043,89680.26937589118,272744.44783371815,65090.04159040042,27054.418974668988,249087.23627263124,82.63091111495666,234.1601494884023,7263.687008592551,47040.221576401906,255.01688131039762,2721.309331987398,12161.656976376355,106236.78769909262,19066.551711985165,22038.759955135345,105994.12008855073,75.50413436594353,217.60222773636525,6185.807737253697,26323.80766162129,244.59263771435926,2637.707178134514,12093.524815604715,60063.405027436296,254682.52360017036,188506.10265910163,477233.16323961876,5226.820539904102,6209.771527856804,50816.34029221895,108198.1027252718,16572.56576434896,76641.55688696167,148959.98619020442,380821.81585947017,250422.67154314087,178552.02926019716,429290.50665407366,5002.8680706181,6017.529916646043,46613.86325311722,84433.13230371126,14746.36200562862,72225.77128023248,136703.40975841583,337772.71805648075,67770.42125685692,10198.136182423475,27555.54744218784,623.1218993619956,908.7183113298901,3369.878683776085,2682.195941875085,1691.2256564514182,10944.596504897514,9289.22334509677,26101.953448035118,61201.33847195409,10194.805455089696,27544.718587805615,622.6451729415759,907.6637082975008,3355.830295552549,2673.699283431177,1686.2874550039792,10927.325426777004,9280.319704849704,26086.629597535935,206821.19329913604,3546.1897641123987,43295.19853259348,212.89005717546576,683.9839905014012,3318.631375617347,4129.591991597214,1723.5823130949625,17053.77911215748,3524.2923735700574,43073.23648110783,206080.07285862454,3545.026780344036,43288.05908127642,212.88627752556917,683.962641538337,3317.4324048504936,4128.796335305664,1723.5043503762024,17053.32530158853,3523.1605826537893,43066.280497197055
M_var_7_1.8,298379.87021849235,232810.80592203003,865844.2583113133,12869.815871190833,19693.939676746868,67177.07407035535,175174.18264525742,19902.596629726097,107442.67754133561,164328.28101029154,505461.99755278806,290376.88464512327,205453.41117871163,524281.8195848917,9248.870798942451,16514.06228034287,60800.642125335195,103462.32836290673,17561.62453641576,99902.20203509596,140541.53374767274,364979.3300752233,117748.80719949072,66568.41953702524,423011.7524953186,4265.16544849112,4925.477913275581,27602.390479437665,105137.22664048676,5931.8781288394175,25091.988822838586,42627.58506981231,212016.8177422231,116745.22543247798,54237.59245381479,207068.08717667835,3117.2087664773976,4066.627232288919,23456.105122134202,59402.6768515441,4713.5999448848215,22343.49119543418,41661.15232834999,131653.36242562722,266465.22369870753,190983.55095414823,739795.7223796592,410.9973864313625,1934.8776147430353,21092.509069034684,90391.66180251291,5146.713565638194,34705.886237875005,131722.49379687285,428583.7591123717,229444.6505929752,143099.91791057718,393753.97479546745,398.86088112361944,1770.7551294855814,20250.067601463845,50926.55562866874,4956.014090363154,33937.81211294043,78096.9049075796,248829.86836059368,65090.04159040042,27054.418974668988,249087.23627263124,82.63091111495666,234.1601494884023,6231.983456605192,42504.51148568569,255.01688131039762,2721.309331987398,10719.209155351846,94508.89730390742,19066.551711985165,22038.759955135345,105994.12008855073,75.50413436594353,217.60222773636525,5523.51824543534,23799.152515472248,244.59263771435926,2637.707178134514,10664.14247717346,53212.687885102896,254682.52360017036,188506.10265910163,477233.16323961876,5226.820539904102,6209.771527856804,49434.02840132338,104117.12760770296,16572.56576434896,76641.55688696167,141750.30614101072,366521.8994104975,250422.67154314087,178552.02926019716,429290.50665407366,5002.8680706181,6017.529916646043,45727.30365699338,81116.06455106844,14746.36200562862,72225.77128023248,128913.75997106219,323402.72048818966,67770.42125685692,10198.136182423475,27555.54744218784,623.1218993619956,908.7183113298901,3363.512229947469,2677.7387677255592,1691.2256564514182,10944.596504897514,9286.144196323416,26066.392852416353,61201.33847195409,10194.805455089696,27544.718587805615,622.6451729415759,907.6637082975008,3350.016182324796,2669.2303891880874,1686.2874550039792,10927.325426777004,9277.680271905134,26050.85940016237,206821.19329913604,3546.1897641123987,43295.19853259348,212.89005717546576,683.9839905014012,3318.631375617347,4129.591991597214,1723.5823130949625,17053.77911215748,3524.2923735700574,43073.23648110783,206080.07285862454,3545.026780344036,43288.05908127642,212.88627752556917,683.962641538337,3317.4324048504936,4128.796335305664,1723.5043503762024,17053.32530158853,3523.1605826537893,43066.280497197055
M_var_7_3.2,298379.87021849235,232810.80592203003,865844.2583113133,12869.815871190833,19693.939676746868,66185.20610960518,170897.596548111,19902.596629726097,107442.67754133561,160367.57053048888,492724.62397726416,290376.88464512327,205453.41117871163,524281.8195848917,9248.870798942451,16514.06228034287,60423.89124592921,101030.65013355087,17561.62453641576,99902.20203509596,136907.14584443116,357312.4481686697,117748.80719949072,66568.41953702524,423011.7524953186,4265.16544849112,4925.477913275581,27152.163463788584,102910.13735215784,5931.8781288394175,25091.988822838586,41861.24045394165,205686.98616365902,116745.22543247798,54237.59245381479,207068.08717667835,3117.2087664773976,4066.627232288919,23285.90258262031,58088.765126619364,4713.5999448848215,22343.49119543418,40972.13598847725,127866.9866681509,266465.22369870753,190983.55095414823,739795.7223796592,410.9973864313625,1934.8776147430353,20043.07268432177,86530.36368527907,5146.713565638194,34705.886237875005,126802.24013428496,414031.534236172,229444.6505929752,143099.91791057718,393753.97479546745,398.86088112361944,1770.7551294855814,19408.797788608263,48419.42579484591,4956.014090363154,33937.81211294043,72736.54401416554,237718.42698246776,65090.04159040042,27054.418974668988,249087.23627263124,82.63091111495666,234.1601494884023,5705.723482455075,40177.52614979353,255.01688131039762,2721.309331987398,10027.642792095321,89250.91947990001,19066.551711985165,22038.759955135345,105994.12008855073,75.50413436594353,217.60222773636525,5159.575111204241,22484.952184030735,244.59263771435926,2637.707178134514,9927.333877381538,49946.21268515488,254682.52360017036,188506.10265910163,477233.16323961876,5226.820539904102,6209.771527856804,48743.098860515005,102165.61927953032,16572.56576434896,76641.55688696167,138317.09727365922,359786.59737655596,250422.67154314087,178552.02926019716,429290.50665407366,5002.8680706181,6017.529916646043,45273.974409569506,79519.68913400892,14746.36200562862,72225.77128023248,125180.51570720744,316577.31419179897,67770.42125685692,10198.136182423475,27555.54744218784,623.1218993619956,908.7183113298901,3360.111044835823,2675.359788971885,1691.2256564514182,10944.596504897514,9284.502827831837,26047.486641868847,61201.33847195409,10194.805455089696,27544.718587805615,622.6451729415759,907.6637082975008,3346.898064064419,2666.83656335391,1686.2874550039792,10927.325426777004,9276.26808747557,26031.773154447965,206821.19329913604,3546.1897641123987,43295.19853259348,212.89005717546576,683.9839905014012,3318.631375617347,4129.591991597214,1723.5823130949625,17053.77911215748,3524.2923735700574,43073.23648110783,206080.07285862454,3545.026780344036,43288.05908127642,212.88627752556917,683.962641538337,3317.4324048504936,4128.796335305664,1723.5043503762024,17053.32530158853,3523.1605826537893,43066.280497197055
M_var_7_5.6,298379.87021849235,232810.80592203003,865844.2583113133,12869.815871190833,19693.939676746868,65831.04391304648,169415.45616381805,19902.596629726097,107442.67754133561,158980.2716957755,488345.0253637242,290376.88464512327,205453.41117871163,524281.8195848917,9248.870798942451,16514.06228034287,60286.288753810804,100177.20706423241,17561.62453641576,99902.20203509596,135629.70377349984,354637.7484879874,117748.80719949072,66568.41953702524,423011.7524953186,4265.16544849112,4925.477913275581,26989.207937249605,102120.93064795322,5931.8781288394175,25091.988822838586,41586.13873832185,203496.5667223443,116745.22543247798,54237.59245381479,207068.08717667835,3117.2087664773976,4066.627232288919,23222.646138893506,57617.5750699105,4713.5999448848215,22343.49119543418,40719.7591551165,126529.9235211128,266465.22369870753,190983.55095414823,739795.7223796592,410.9973864313625,1934.8776147430353,19656.021169556756,85133.27445420713,5146.713565638194,34705.886237875005,125024.76528770098,408869.87181689445,229444.6505929752,143099.91791057718,393753.97479546745,398.86088112361944,1770.7551294855814,19084.418397784328,47495.32293528672,4956.014090363154,33937.81211294043,70783.99276615522,233654.1691530352,65090.04159040042,27054.418974668988,249087.23627263124,82.63091111495666,234.1601494884023,5505.467549430084,39286.54451868028,255.01688131039762,2721.309331987398,9771.800415739273,87354.14979603878,19066.551711985165,22038.759955135345,105994.12008855073,75.50413436594353,217.60222773636525,5016.042241227754,21978.27750520883,244.59263771435926,2637.707178134514,9645.576413663168,48735.26550721374,254682.52360017036,188506.10265910163,477233.16323961876,5226.820539904102,6209.771527856804,48482.63962390522,101444.19558440338,16572.56576434896,76641.55688696167,137050.8080193974,357313.3236095371,250422.67154314087,178552.02926019716,429290.50665407366,5002.8680706181,6017.529916646043,45101.27384624373,78927.84774812397,14746.36200562862,72225.77128023248,123799.6493115195,314061.36918255594,67770.42125685692,10198.136182423475,27555.54744218784,623.1218993619956,908.7183113298901,3358.788057656366,2674.4348307927303,1691.2256564514182,10944.596504897514,9283.865050795781,26040.14965548007,61201.33847195409,10194.805455089696,27544.718587805615,622.6451729415759,907.6637082975008,3345.682913780757,2665.9042114902213,1686.2874550039792,10927.325426777004,9275.718381533994,26024.353422175,206821.19329913604,3546.1897641123987,43295.19853259348,212.89005717546576,683.9839905014012,3318.631375617347,4129.591991597214,1723.5823130949625,17053.77911215748,3524.2923735700574,43073.23648110783,206080.07285862454,3545.026780344036,43288.05908127642,212.88627752556917,683.962641538337,3317.4324048504936,4128.796335305664,1723.5043503762024,17053.32530158853,3523.1605826537893,43066.280497197055
M_var_7_10.0,298379.87021849235,232810.80592203003,865844.2583113133,12869.815871190833,19693.939676746868,65714.42897233198,168932.38552984974,19902.596629726097,107442.67754133561,158526.51388698127,486921.4225797431,290376.88464512327,205453.41117871163,524281.8195848917,9248.870798942451,16514.06228034287,60240.61714393259,99897.84220408615,17561.62453641576,99902.20203509596,135211.37579600955,353764.0438207585,117748.80719949072,66568.41953702524,423011.7524953186,4265.16544849112,4925.477913275581,26935.295075316648,101861.7342334862,5931.8781288394175,25091.988822838586,41495.38619554873,202782.97854032804,116745.22543247798,54237.59245381479,207068.08717667835,3117.2087664773976,4066.627232288919,23201.519017491057,57462.17671080461,4713.5999448848215,22343.49119543418,40635.90690940023,126091.3007602968,266465.22369870753,190983.55095414823,739795.7223796592,410.9973864313625,1934.8776147430353,19527.105448127095,84670.94741297812,5146.713565638194,34705.886237875005,124437.09137659895,407173.8675457424,229444.6505929752,143099.91791057718,393753.97479546745,398.86088112361944,1770.7551294855814,18974.60576275018,47187.448660715694,4956.014090363154,33937.81211294043,70136.53968770755,232303.9619810724,65090.04159040042,27054.418974668988,249087.23627263124,82.63091111495666,234.1601494884023,5438.005353705728,38985.50811347622,255.01688131039762,2721.309331987398,9686.493064447892,86726.96536596512,19066.551711985165,22038.759955135345,105994.12008855073,75.50413436594353,217.60222773636525,4967.037899035336,21806.645191288837,244.59263771435926,2637.707178134514,9550.485485535684,48330.86841612116,254682.52360017036,188506.10265910163,477233.16323961876,5226.820539904102,6209.771527856804,48395.19814652931,101203.69352673947,16572.56576434896,76641.55688696167,136629.03651739695,356490.78432992153,250422.67154314087,178552.02926019716,429290.50665407366,5002.8680706181,6017.529916646043,45043.07005004226,78730.33852428317,14746.36200562862,72225.77128023248,123339.24516889926,313223.47534616,67770.42125685692,10198.136182423475,27555.54744218784,623.1218993619956,908.7183113298901,3358.3387146357854,2674.120727980741,1691.2256564514182,10944.596504897514,9283.648520945699,26037.65987667208,61201.33847195409,10194.805455089696,27544.718587805615,622.6451729415759,907.6637082975008,3345.2699069469795,2665.58739104306,1686.2874550039792,10927.325426777004,9275.531627281985,26021.833924211584,206821.19329913604,3546.1897641123987,43295.19853259348,212.89005717546576,683.9839905014012,3318.631375617347,4129.591991597214,1723.5823130949625,17053.77911215748,3524.2923735700574,43073.23648110783,206080.07285862454,3545.026780344036,43288.05908127642,212.88627752556917,683.962641538337,3317.4324048504936,4128.796335305664,1723.5043503762024,17053.32530158853,3523.1605826537893,43066.280497197055
M_corr_all_0.1,298379.87021849235,232810.80592203003,865844.2583113133,12869.815871190833,19693.939676746868,68335.35393094446,170771.47392452508,19902.596629726097,107442.67754133561,161141.172833827,483911.51771133277,290376.88464512327,205453.41117871163,524281.8195848917,9248.870798942451,16514.06228034287,60749.426339116486,104319.37889587446,17561.62453641576,99902.20203509596,140819.0308522775,364826.25559233304,117748.80719949072,66568.41953702524,423011.7524953186,4265.16544849112,4925.477913275581,28469.096485695056,103003.08835238346,5931.8781288394175,25091.988822838586,43553.0610660987,205011.88930030423,116745.22543247798,54237.59245381479,207068.08717667835,3117.2087664773976,4066.627232288919,23701.785988115273,60147.290396890116,4713.5999448848215,22343.49119543418,42345.86145500351,134331.96630008463,266465.22369870753,190983.55095414823,739795.7223796592,410.9973864313625,1934.8776147430353,23498.20401245048,92959.28501230755,5146.713565638194,34705.886237875005,133009.32184530323,420775.75311051216,229444.6505929752,143099.91791057718,393753.97479546745,398.86088112361944,1770.7551294855814,21956.46266765254,55175.427770830516,4956.014090363154,33937.81211294043,87069.01218889387,266206.58639759384,65090.04159040042,27054.418974668988,249087.23627263124,82.63091111495666,234.1601494884023,7412.116659859457,45175.613187206916,255.01688131039762,2721.309331987398,12284.304617488257,97351.70059436637,19066.551711985165,22038.759955135345,105994.12008855073,75.50413436594353,217.60222773636525,6274.843393462728,25970.375947503846,244.59263771435926,2637.707178134514,12200.233094863655,58840.3872168303,254682.52360017036,188506.10265910163,477233.16323961876,5226.820539904102,6209.771527856804,50251.866705135566,102957.27106695231,16572.56576434896,76641.55688696167,140288.1382010948,361911.0118348372,250422.67154314087,178552.02926019716,429290.50665407366,5002.8680706181,6017.529916646043,46098.54278238294,81226.17983647053,14746.36200562862,72225.77128023248,129500.4721749142,324436.5712609404,67770.42125685692,10198.136182423475,27555.54744218784,623.1218993619956,908.7183113298901,3370.788650719596,2683.2806890405245,1691.2256564514182,10944.596504897514,9290.41368012857,26108.383161810358,61201.33847195409,10194.805455089696,27544.718587805615,622.6451729415759,907.6637082975008,3356.648376975248,2674.740552824994,1686.2874550039792,10927.325426777004,9281.379786784897,26092.988224431734,206821.19329913604,3546.1897641123987,43295.19853259348,212.89005717546576,683.9839905014012,3318.631375617347,4129.591991597214,1723.5823130949625,17053.77911215748,3524.2923735700574,43073.23648110783,206080.07285862454,3545.026780344036,43288.05908127642,212.88627752556917,683.962641538337,3317.4324048504936,4128.796335305664,1723.5043503762024,17053.32530158853,3523.1605826537893,43066.280497197055
M_corr_all_0.2,298379.87021849235,232810.80592203003,865844.2583113133,12869.815871190833,19693.939676746868,67326.21957393124,159287.79868361042,19902.596629726097,107442.67754133561,150612.80755103764,445071.1764941547,290376.88464512327,205453.41117871163,524281.8195848917,9248.870798942451,16514.06228034287,59935.28351054248,100151.41033761838,17561.62453641576,99902.20203509596,133659.70378865555,349243.43820624944,117748.80719949072,66568.41953702524,423011.7524953186,4265.16544849112,4925.477913275581,28367.924084893264,97160.46844236573,5931.8781288394175,25091.988822838586,42833.211807294065,188534.21210717785,116745.22543247798,54237.59245381479,207068.08717667835,3117.2087664773976,4066.627232288919,23603.193521497244,58215.90891442784,4713.5999448848215,22343.49119543418,41619.83323951612,129102.92309239619,266465.22369870753,190983.55095414823,739795.7223796592,410.9973864313625,1934.8776147430353,23729.948107851604,88175.49962299858,5146.713565638194,34705.886237875005,124802.67255725375,389289.81644156313,229444.6505929752,143099.91791057718,393753.97479546745,398.86088112361944,1770.7551294855814,22074.693496488697,54221.83580606462,4956.014090363154,33937.81211294043,84701.58618251882,260318.58802032986,65090.04159040042,27054.418974668988,249087.23627263124,82.63091111495666,234.1601494884023,7575.318101267803,43633.02673579513,255.01688131039762,2721.309331987398,12428.185404437052,90704.2525763904,19066.551711985165,22038.759955135345,105994.12008855073,75.50413436594353,217.60222773636525,6372.409357909662,25659.191729984264,244.59263771435926,2637.707178134514,12321.917194933092,57770.87491291746,254682.52360017036,188506.10265910163,477233.16323961876,5226.820539904102,6209.771527856804,49715.85701385916,98475.57253894271,16572.56576434896,76641.55688696167,132726.19689929325,345882.6861691518,250422.67154314087,178552.02926019716,429290.50665407366,5002.8680706181,6017.529916646043,45604.32898685376,78396.74637996795,14746.36200562862,72225.77128023248,123160.10991475002,312822.4966411154,67770.42125685692,10198.136182423475,27555.54744218784,623.1218993619956,908.7183113298901,3371.8019019796952,2684.49378428177,1691.2256564514182,10944.596504897514,9291.676984979544,26115.487781292002,61201.33847195409,10194.805455089696,27544.718587805615,622.6451729415759,907.6637082975008,3357.560801472116,2675.9091558552254,1686.2874550039792,10927.325426777004,9282.503993386666,26100.016290265816,206821.19329913604,3546.1897641123987,43295.19853259348,212.89005717546576,683.9839905014012,3318.631375617347,4129.591991597214,1723.5823130949625,17053.77911215748,3524.2923735700574,43073.23648110783,206080.07285862454,3545.026780344036,43288.05908127642,212.88627752556917,683.962641538337,3317.4324048504936,4128.796335305664,1723.5043503762024,17053.32530158853,3523.1605826537893,43066.280497197055
M_corr_all_0.3,298379.87021849235,232810.80592203003,865844.2583113133,12869.815871190833,19693.939676746868,66394.55215587503,150096.06970796484,19902.596629726097,107442.67754133561,141686.8686165853,415253.8768985014,290376.88464512327,205453.41117871163,524281.8195848917,9248.870798942451,16514.06228034287,59164.90041776214,96560.29434450774,17561.62453641576,99902.20203509596,127413.56724086839,335956.9931231446,117748.80719949072,66568.41953702524,423011.7524953186,4265.16544849112,4925.477913275581,28288.83388707189,92358.74125585207,5931.8781288394175,25091.988822838586,42180.064940140495,175873.0843499672,116745.22543247798,54237.59245381479,207068.08717667835,3117.2087664773976,4066.627232288919,23512.29214472089,56512.410617470516,4713.5999448848215,22343.49119543418,40950.14305795806,124609.80960672285,266465.22369870753,190983.55095414823,739795.7223796592,410.9973864313625,1934.8776147430353,23997.826020397773,84263.87391823494,5146.713565638194,34705.886237875005,117685.33768779895,364364.85602577846,229444.6505929752,143099.91791057718,393753.97479546745,398.86088112361944,1770.7551294855814,22211.32218153896,53366.45605010793,4956.014090363154,33937.81211294043,82558.27197108607,255007.80881526496,65090.04159040042,27054.418974668988,249087.23627263124,82.63091111495666,234.1601494884023,7756.09105398947,42354.35379012534,255.01688131039762,2721.309331987398,12597.872136769529,85559.22443787393,19066.551711985165,22038.759955135345,105994.12008855073,75.50413436594353,217.60222773636525,6480.149381357429,25389.61240939159,244.59263771435926,2637.707178134514,12461.52503884078,56843.42038236467,254682.52360017036,188506.10265910163,477233.16323961876,5226.820539904102,6209.771527856804,49208.52807605471,94592.35611645835,16572.56576434896,76641.55688696167,126078.09067008171,332091.95518569497,250422.67154314087,178552.02926019716,429290.50665407366,5002.8680706181,6017.529916646043,45130.983006694165,75879.64965339191,14746.36200562862,72225.77128023248,117541.6890775562,302608.0460811751,67770.42125685692,10198.136182423475,27555.54744218784,623.1218993619956,908.7183113298901,3372.941678895021,2685.867074843447,1691.2256564514182,10944.596504897514,9293.022962040355,26123.4086454446,61201.33847195409,10194.805455089696,27544.718587805615,622.6451729415759,907.6637082975008,3358.5889441862837,2677.237016818055,1686.2874550039792,10927.325426777004,9283.700752444656,26107.854202189046,206821.19329913604,3546.1897641123987,43295.19853259348,212.89005717546576,683.9839905014012,3318.631375617347,4129.591991597214,1723.5823130949625,17053.77911215748,3524.2923735700574,43073.23648110783,206080.07285862454,3545.026780344036,43288.05908127642,212.88627752556917,683.962641538337,3317.4324048504936,4128.796335305664,1723.5043503762024,17053.32530158853,3523.1605826537893,43066.280497197055
M_corr_all_0.4,298379.87021849235,232810.80592203003,865844.2583113133,12869.815871190833,19693.939676746868,65540.45951841798,142550.60680415542,19902.596629726097,107442.67754133561,134032.6347707538,391505.2237170514,290376.88464512327,205453.41117871163,524281.8195848917,9248.870798942451,16514.06228034287,58436.455632836325,93436.48238576137,17561.62453641576,99902.20203509596,121925.11697175395,324485.6578264512,117748.80719949072,66568.41953702524,423011.7524953186,4265.16544849112,4925.477913275581,28235.33004065525,88344.05281658952,5931.8781288394175,25091.988822838586,41593.62261581334,165802.9590092136,116745.22543247798,54237.59245381479,207068.08717667835,3117.2087664773976,4066.627232288919,23429.96516893983,55002.45552703446,4713.5999448848215,22343.49119543418,40334.97256297175,120717.23800999782,266465.22369870753,190983.55095414823,739795.7223796592,410.9973864313625,1934.8776147430353,24309.87218111211,81032.67733954614,5146.713565638194,34705.886237875005,111464.00366471139,344044.5608290145,229444.6505929752,143099.91791057718,393753.97479546745,398.86088112361944,1770.7551294855814,22370.063262089392,52604.52839327203,4956.014090363154,33937.81211294043,80624.1826302622,250218.14160055103,65090.04159040042,27054.418974668988,249087.23627263124,82.63091111495666,234.1601494884023,7958.096776532093,41300.02635032939,255.01688131039762,2721.309331987398,12799.541247638354,81496.04100599467,19066.551711985165,22038.759955135345,105994.12008855073,75.50413436594353,217.60222773636525,6600.225213207725,25162.10875031184,244.59263771435926,2637.707178134514,12622.985236656164,56051.21518558972,254682.52360017036,188506.10265910163,477233.16323961876,5226.820539904102,6209.771527856804,48730.58006331551,91191.97723558944,16572.56576434896,76641.55688696167,120192.50133163079,320081.0561187663,250422.67154314087,178552.02926019716,429290.50665407366,5002.8680706181,6017.529916646043,44678.51453954248,73625.13487119589,14746.36200562862,72225.77128023248,112535.05270567002,293552.21418405045,67770.42125685692,10198.136182423475,27555.54744218784,623.1218993619956,908.7183113298901,3374.23955879878,2687.4448261613343,1691.2256564514182,10944.596504897514,9294.463508994024,26132.335407186456,61201.33847195409,10194.805455089696,27544.718587805615,622.6451729415759,907.6637082975008,3359.7618709794474,2678.768541647261,1686.2874550039792,10927.325426777004,9284.980374400711,26116.69040405503,206821.19329913604,3546.1897641123987,43295.19853259348,212.89005717546576,683.9839905014012,3318.631375617347,4129.591991597214,1723.5823130949625,17053.77911215748,3524.2923735700574,43073.23648110783,206080.07285862454,3545.026780344036,43288.05908127642,212.88627752556917,683.962641538337,3317.4324048504936,4128.796335305664,1723.5043503762024,17053.32530158853,3523.1605826537893,43066.280497197055
M_corr_all_0.5,298379.87021849235,232810.80592203003,865844.2583113133,12869.815871190833,19693.939676746868,64766.64662067392,136240.2248803512,19902.596629726097,107442.67754133561,127407.70801429515,372072.2354233892,290376.88464512327,205453.41117871163,524281.8195848917,9248.870798942451,16514.06228034287,57748.86913161099,90700.30426989675,17561.62453641576,99902.20203509596,117075.47503793138,314483.96444946015,117748.80719949072,66568.41953702524,423011.7524953186,4265.16544849112,4925.477913275581,28212.47224040642,84947.17735203302,5931.8781288394175,25091.988822838586,41076.20495720689,157596.85573920727,116745.22543247798,54237.59245381479,207068.08717667835,3117.2087664773976,4066.627232288919,23357.50768315169,53660.32182764139,4713.5999448848215,22343.49119543418,39773.810976233755,117327.76895421668,266465.22369870753,190983.55095414823,739795.7223796592,410.9973864313625,1934.8776147430353,24677.043191946537,78355.49230164225,5146.713565638194,34705.886237875005,105991.21211856129,327109.1859618362,229444.6505929752,143099.91791057718,393753.97479546745,398.86088112361944,1770.7551294855814,22555.922510383385,51933.9035814852,4956.014090363154,33937.81211294043,78889.29946546585,245908.02938628386,65090.04159040042,27054.418974668988,249087.23627263124,82.63091111495666,234.1601494884023,8186.254364496898,40444.11834609279,255.01688131039762,2721.309331987398,13041.784800591355,78260.91144010636,19066.551711985165,22038.759955135345,105994.12008855073,75.50413436594353,217.60222773636525,6735.559819652979,24978.53538232065,244.59263771435926,2637.707178134514,12811.686123411557,55392.28430192878,254682.52360017036,188506.10265910163,477233.16323961876,5226.820539904102,6209.771527856804,48283.38370134577,88189.26030462541,16572.56576434896,76641.55688696167,114951.26486282861,309515.8824814479,250422.67154314087,178552.02926019716,429290.50665407366,5002.8680706181,6017.529916646043,44247.26948051916,71594.78899948904,14746.36200562862,72225.77128023248,108053.31970998965,285472.1289631284,67770.42125685692,10198.136182423475,27555.54744218784,623.1218993619956,908.7183113298901,3375.739813987752,2689.290653348702,1691.2256564514182,10944.596504897514,9296.013467172499,26142.530594823347,61201.33847195409,10194.805455089696,27544.718587805615,622.6451729415759,907.6637082975008,3361.1203660035394,2680.567587453303,1686.2874550039792,10927.325426777004,9286.355684382703,26126.785807655688,206821.19329913604,3546.1897641123987,43295.19853259348,212.89005717546576,683.9839905014012,3318.631375617347,4129.591991597214,1723.5823130949625,17053.77911215748,3524.2923735700574,43073.23648110783,206080.07285862454,3545.026780344036,43288.05908127642,212.88627752556917,683.962641538337,3317.4324048504936,4128.796335305664,1723.5043503762024,17053.32530158853,3523.1605826537893,43066.280497197055
M_corr_all_0.6,298379.87021849235,232810.80592203003,865844.2583113133,12869.815871190833,19693.939676746868,64079.743405662965,130892.40360953487,19902.596629726097,107442.67754133561,121632.10145470045,355844.5778851064,290376.88464512327,205453.41117871163,524281.8195848917,9248.870798942451,16514.06228034287,57102.09809119347,88293.83198842155,17561.62453641576,99902.20203509596,112774.08032893046,305700.3426026038,117748.80719949072,66568.41953702524,423011.7524953186,4265.16544849112,4925.477913275581,28227.80001940394,82053.37504818803,5931.8781288394175,25091.988822838586,40633.53198734397,150798.3336712985,116745.22543247798,54237.59245381479,207068.08717667835,3117.2087664773976,4066.627232288919,23296.86882016135,52467.27632018537,4713.5999448848215,22343.49119543418,39267.90750014381,114372.2672176498,266465.22369870753,190983.55095414823,739795.7223796592,410.9973864313625,1934.8776147430353,25114.796084417372,76150.43552157734,5146.713565638194,34705.886237875005,101153.69359709986,312756.67406114814,229444.6505929752,143099.91791057718,393753.97479546745,398.86088112361944,1770.7551294855814,22775.8723144578,51355.512089909695,4956.014090363154,33937.81211294043,77349.0326844568,242049.92529947756,65090.04159040042,27054.418974668988,249087.23627263124,82.63091111495666,234.1601494884023,8447.39753249793,39771.93210635172,255.01688131039762,2721.309331987398,13336.998528631017,75699.39498786384,19066.551711985165,22038.759955135345,105994.12008855073,75.50413436594353,217.60222773636525,6890.242968413556,24842.63491557531,244.59263771435926,2637.707178134514,13035.285400685752,54870.390633339186,254682.52360017036,188506.10265910163,477233.16323961876,5226.820539904102,6209.771527856804,47869.29863819847,85520.5802480034,16572.56576434896,76641.55688696167,110261.48993356458,300147.5363283767,250422.67154314087,178552.02926019716,429290.50665407366,5002.8680706181,6017.529916646043,43838.08022949472,69758.88860785068,14746.36200562862,72225.77128023248,104028.00904795302,278228.19473826926,67770.42125685692,10198.136182423475,27555.54744218784,623.1218993619956,908.7183113298901,3377.506958830715,2691.499789819944,1691.2256564514182,10944.596504897514,9297.691730954972,26154.37188809612,61201.33847195409,10194.805455089696,27544.718587805615,622.6451729415759,907.6637082975008,3362.7239067742053,2682.7297961034137,1686.2874550039792,10927.325426777004,9287.842953293924,26138.515846340088,206821.19329913604,3546.1897641123987,43295.19853259348,212.89005717546576,683.9839905014012,3318.631375617347,4129.591991597214,1723.5823130949625,17053.77911215748,3524.2923735700574,43073.23648110783,206080.07285862454,3545.026780344036,43288.05908127642,212.88627752556917,683.962641538337,3317.4324048504936,4128.796335305664,1723.5043503762024,17053.32530158853,3523.1605826537893,43066.280497197055
M_corr_all_0.7,298379.87021849235,232810.80592203003,865844.2583113133,12869.815871190833,19693.939676746868,63492.97077078769,126323.92496535814,19902.596629726097,107442.67754133561,116572.31218676598,342086.4055666641,290376.88464512327,205453.41117871163,524281.8195848917,9248.870798942451,16514.06228034287,56497.75705559964,86176.46072625142,17561.62453641576,99902.20203509596,108954.03976749525,297952.87188364996,117748.80719949072,66568.41953702524,423011.7524953186,4265.16544849112,4925.477913275581,28293.076786163343,79586.51006394486,5931.8781288394175,25091.988822838586,40276.87983279678,145113.20712269796,116745.22543247798,54237.59245381479,207068.08717667835,3117.2087664773976,4066.627232288919,23251.1081018415,51410.94074615238,4713.5999448848215,22343.49119543418,38821.18440000416,111805.20963202919,266465.22369870753,190983.55095414823,739795.7223796592,410.9973864313625,1934.8776147430353,25645.893482338433,74370.05685540162,5146.713565638194,34705.886237875005,96864.81858593787,300439.54043501185,229444.6505929752,143099.91791057718,393753.97479546745,398.86088112361944,1770.7551294855814,23040.039419589295,50874.40604443833,4956.014090363154,33937.81211294043,76005.64917662773,238631.5969795613,65090.04159040042,27054.418974668988,249087.23627263124,82.63091111495666,234.1601494884023,8751.431102103463,39279.61979387043,255.01688131039762,2721.309331987398,13703.909293497378,73725.17254007176,19066.551711985165,22038.759955135345,105994.12008855073,75.50413436594353,217.60222773636525,7070.249904879804,24760.97629250633,244.59263771435926,2637.707178134514,13305.166171527311,54497.126516233555,254682.52360017036,188506.10265910163,477233.16323961876,5226.820539904102,6209.771527856804,47492.24728914591,83138.38577031154,16572.56576434896,76641.55688696167,106050.32864719273,291788.497354054,250422.67154314087,178552.02926019716,429290.50665407366,5002.8680706181,6017.529916646043,43452.538062313615,68094.78889463142,14746.36200562862,72225.77128023248,100405.99954957151,271714.9873013323,67770.42125685692,10198.136182423475,27555.54744218784,623.1218993619956,908.7183113298901,3379.639689727156,2694.2222839101073,1691.2256564514182,10944.596504897514,9299.522957089981,26168.42984430136,61201.33847195409,10194.805455089696,27544.718587805615,622.6451729415759,907.6637082975008,3364.6635495383593,2685.4059062550446,1686.2874550039792,10927.325426777004,9289.463320708604,26152.44779013689,206821.19329913604,3546.1897641123987,43295.19853259348,212.89005717546576,683.9839905014012,3318.631375617347,4129.591991597214,1723.5823130949625,17053.77911215748,3524.2923735700574,43073.23648110783,206080.07285862454,3545.026780344036,43288.05908127642,212.88627752556917,683.962641538337,3317.4324048504936,4128.796335305664,1723.5043503762024,17053.32530158853,3523.1605826537893,43066.280497197055
M_corr_all_0.8,298379.87021849235,232810.80592203003,865844.2583113133,12869.815871190833,19693.939676746868,63032.01365533875,122416.60191913236,19902.596629726097,107442.67754133561,112132.87032105248,330298.7544359086,290376.88464512327,205453.41117871163,524281.8195848917,9248.870798942451,16514.06228034287,55940.52113270364,84323.85481975638,17561.62453641576,99902.20203509596,105571.47117602319,291118.16251860675,117748.80719949072,66568.41953702524,423011.7524953186,4265.16544849112,4925.477913275581,28427.92135438703,77502.4941392184,5931.8781288394175,25091.988822838586,40027.759214839476,140357.67671480338,116745.22543247798,54237.59245381479,207068.08717667835,3117.2087664773976,4066.627232288919,23225.34349515731,50485.91775001209,4713.5999448848215,22343.49119543418,38442.19590536145,109604.99323249015,266465.22369870753,190983.55095414823,739795.7223796592,410.9973864313625,1934.8776147430353,26305.79390429292,72999.23437701796,5146.713565638194,34705.886237875005,93060.28350846028,289776.55201768025,229444.6505929752,143099.91791057718,393753.97479546745,398.86088112361944,1770.7551294855814,23363.960303697782,50501.92755316333,4956.014090363154,33937.81211294043,74871.38136080053,235660.51286231965,65090.04159040042,27054.418974668988,249087.23627263124,82.63091111495666,234.1601494884023,9113.531734071363,38976.261912102884,255.01688131039762,2721.309331987398,14172.565135526569,72309.76807983301,19066.551711985165,22038.759955135345,105994.12008855073,75.50413436594353,217.60222773636525,7284.817433682835,24744.78724965701,244.59263771435926,2637.707178134514,13639.271429753744,54296.356975730225,254682.52360017036,188506.10265910163,477233.16323961876,5226.820539904102,6209.771527856804,47158.83523421978,81008.15904783974,16572.56576434896,76641.55688696167,102261.9664631786,284298.2577845056,250422.67154314087,178552.02926019716,429290.50665407366,5002.8680706181,6017.529916646043,43093.52657121221,66586.26901399707,14746.36200562862,72225.77128023248,97148.33036743858,265856.9537773927,67770.42125685692,10198.136182423475,27555.54744218784,623.1218993619956,908.7183113298901,3382.298845815379,2697.710695172251,1691.2256564514182,10944.596504897514,9301.540327250601,26185.623367167293,61201.33847195409,10194.805455089696,27544.718587805615,622.6451729415759,907.6637082975008,3367.087774937927,2688.8496640926205,1686.2874550039792,10927.325426777004,9291.245068883443,26169.4953717721,206821.19329913604,3546.1897641123987,43295.19853259348,212.89005717546576,683.9839905014012,3318.631375617347,4129.591991597214,1723.5823130949625,17053.77911215748,3524.2923735700574,43073.23648110783,206080.07285862454,3545.026780344036,43288.05908127642,212.88627752556917,683.962641538337,3317.4324048504936,4128.796335305664,1723.5043503762024,17053.32530158853,3523.1605826537893,43066.280497197055
M_corr_all_0.9,298379.87021849235,232810.80592203003,865844.2583113133,12869.815871190833,19693.939676746868,62749.96372727787,119112.76491352271,19902.596629726097,107442.67754133561,108256.49594875993,320151.7432292801,290376.88464512327,205453.41117871163,524281.8195848917,9248.870798942451,16514.06228034287,55441.76123273056,82732.18176614864,17561.62453641576,99902.20203509596,102612.1614242475,285136.2773615299,117748.80719949072,66568.41953702524,423011.7524953186,4265.16544849112,4925.477913275581,28668.50529845696,75792.7399173068,5931.8781288394175,25091.988822838586,39929.572703433136,136442.93163610477,116745.22543247798,54237.59245381479,207068.08717667835,3117.2087664773976,4066.627232288919,23229.014037015688,49696.94167502843,4713.5999448848215,22343.49119543418,38148.87853927281,107782.99610070726,266465.22369870753,190983.55095414823,739795.7223796592,410.9973864313625,1934.8776147430353,27154.146672273728,72062.85551435623,5146.713565638194,34705.886237875005,89697.25251905249,280505.34520079475,229444.6505929752,143099.91791057718,393753.97479546745,398.86088112361944,1770.7551294855814,23773.324127954547,50260.433943392316,4956.014090363154,33937.81211294043,73975.32899409499,233174.7319466347,65090.04159040042,27054.418974668988,249087.23627263124,82.63091111495666,234.1601494884023,9558.790195319501,38890.40392455172,255.01688131039762,2721.309331987398,14795.306963502777,71492.19918768441,19066.551711985165,22038.759955135345,105994.12008855073,75.50413436594353,217.60222773636525,7549.363138160861,24813.859246835458,244.59263771435926,2637.707178134514,14068.232676387619,54314.08472444389,254682.52360017036,188506.10265910163,477233.16323961876,5226.820539904102,6209.771527856804,46880.79498220186,79107.7635979822,16572.56576434896,76641.55688696167,98857.22852154031,277576.693339278,250422.67154314087,178552.02926019716,429290.50665407366,5002.8680706181,6017.529916646043,42766.386676106056,65224.212250739154,14746.36200562862,72225.77128023248,94231.75747171928,260610.1258963727,67770.42125685692,10198.136182423475,27555.54744218784,623.1218993619956,908.7183113298901,3385.769951588119,2702.4296345039274,1691.2256564514182,10944.596504897514,9303.790294773713,26207.567437415557,61201.33847195409,10194.805455089696,27544.718587805615,622.6451729415759,907.6637082975008,3370.2602869165958,2693.527778918679,1686.2874550039792,10927.325426777004,9293.227466398124,26191.264523263337,206821.19329913604,3546.1897641123987,43295.19853259348,212.89005717546576,683.9839905014012,3318.631375617347,4129.591991597214,1723.5823130949625,17053.77911215748,3524.2923735700574,43073.23648110783,206080.07285862454,3545.026780344036,43288.05908127642,212.88627752556917,683.962641538337,3317.4324048504936,4128.796335305664,1723.5043503762024,17053.32530158853,3523.1605826537893,43066.280497197055
M_corr_all_-0.1,298379.87021849235,232810.80592203003,865844.2583113133,12869.815871190833,19693.939676746868,70594.72365675318,205809.06503671137,19902.596629726097,107442.67754133561,189047.73622026527,616599.6885752708,290376.88464512327,205453.41117871163,524281.8195848917,9248.870798942451,16514.06228034287,62519.20402971546,115065.33496353887,17561.62453641576,99902.20203509596,158767.22514543837,405967.7860953548,117748.80719949072,66568.41953702524,423011.7524953186,4265.16544849112,4925.477913275581,28728.495426485173,119652.59451148687,5931.8781288394175,25091.988822838586,45201.33905065731,260903.9518116732,116745.22543247798,54237.59245381479,207068.08717667835,3117.2087664773976,4066.627232288919,23919.794445942818,64892.50434403365,4713.5999448848215,22343.49119543418,43979.54144481116,147840.98578993772,266465.22369870753,190983.55095414823,739795.7223796592,410.9973864313625,1934.8776147430353,23120.280367017367,106513.02541561062,5146.713565638194,34705.886237875005,153808.89695948595,520017.0988442595,229444.6505929752,143099.91791057718,393753.97479546745,398.86088112361944,1770.7551294855814,21764.49564927588,57408.80632089856,4956.014090363154,33937.81211294043,92560.25567507466,280024.80880407756,65090.04159040042,27054.418974668988,249087.23627263124,82.63091111495666,234.1601494884023,7127.839914850713,49312.292433834715,255.01688131039762,2721.309331987398,12056.77356469453,118770.51006746844,19066.551711985165,22038.759955135345,105994.12008855073,75.50413436594353,217.60222773636525,6104.023481890238,26721.111609598036,244.59263771435926,2637.707178134514,11999.527167867982,61456.34804771139,254682.52360017036,188506.10265910163,477233.16323961876,5226.820539904102,6209.771527856804,51409.429468137176,114428.21160462973,16572.56576434896,76641.55688696167,158999.77569670483,403556.5198641163,250422.67154314087,178552.02926019716,429290.50665407366,5002.8680706181,6017.529916646043,47150.72484211434,88104.50783587301,14746.36200562862,72225.77128023248,144950.53722802596,353271.84479782893,67770.42125685692,10198.136182423475,27555.54744218784,623.1218993619956,908.7183113298901,3369.0544434435747,2681.215982951788,1691.2256564514182,10944.596504897514,9288.097951584587,26096.090568510663,61201.33847195409,10194.805455089696,27544.718587805615,622.6451729415759,907.6637082975008,3355.090422848626,2672.7617511696076,1686.2874550039792,10927.325426777004,9279.31676005292,26080.833073663238,206821.19329913604,3546.1897641123987,43295.19853259348,212.89005717546576,683.9839905014012,3318.631375617347,4129.591991597214,1723.5823130949625,17053.77911215748,3524.2923735700574,43073.23648110783,206080.07285862454,3545.026780344036,43288.05908127642,212.88627752556917,683.962641538337,3317.4324048504936,4128.796335305664,1723.5043503762024,17053.32530158853,3523.1605826537893,43066.280497197055
M_corr_all_-0.2,298379.87021849235,232810.80592203003,865844.2583113133,12869.815871190833,19693.939676746868,71852.95699535863,235382.92989320526,19902.596629726097,107442.67754133561,208064.64602588429,752587.1500749347,290376.88464512327,205453.41117871163,524281.8195848917,9248.870798942451,16514.06228034287,63481.265548032155,122191.7578994651,17561.62453641576,99902.20203509596,170205.91815314797,434139.00710234186,117748.80719949072,66568.41953702524,423011.7524953186,4265.16544849112,4925.477913275581,28883.700935846522,132287.6336315312,5931.8781288394175,25091.988822838586,46137.547017999204,317322.0162387075,116745.22543247798,54237.59245381479,207068.08717667835,3117.2087664773976,4066.627232288919,24038.507295347503,67852.43846773583,4713.5999448848215,22343.49119543418,44895.971958717106,156800.89320569974,266465.22369870753,190983.55095414823,739795.7223796592,410.9973864313625,1934.8776147430353,22965.76139352663,116593.4721077928,5146.713565638194,34705.886237875005,167231.0525649237,608682.2066680118,229444.6505929752,143099.91791057718,393753.97479546745,398.86088112361944,1770.7551294855814,21686.802893362492,58711.17439760562,4956.014090363154,33937.81211294043,95739.73090766979,288165.5560322114,65090.04159040042,27054.418974668988,249087.23627263124,82.63091111495666,234.1601494884023,7002.831120762978,52120.41022603077,255.01688131039762,2721.309331987398,11966.968668224968,138097.82118382724,19066.551711985165,22038.759955135345,105994.12008855073,75.50413436594353,217.60222773636525,6028.476165879047,27164.856921343206,244.59263771435926,2637.707178134514,11916.464595115029,63041.43808735914,254682.52360017036,188506.10265910163,477233.16323961876,5226.820539904102,6209.771527856804,52031.58230529618,121990.60690825785,16572.56576434896,76641.55688696167,170753.577524746,431553.1610702806,250422.67154314087,178552.02926019716,429290.50665407366,5002.8680706181,6017.529916646043,47709.72501525931,92358.85965584323,14746.36200562862,72225.77128023248,154479.93168923695,371554.0560334524,67770.42125685692,10198.136182423475,27555.54744218784,623.1218993619956,908.7183113298901,3368.302370863309,2680.3229671518857,1691.2256564514182,10944.596504897514,9287.030772473636,26090.710091429708,61201.33847195409,10194.805455089696,27544.718587805615,622.6451729415759,907.6637082975008,3354.4163096618354,2671.9101002425205,1686.2874550039792,10927.325426777004,9278.365087310693,26075.514813119826,206821.19329913604,3546.1897641123987,43295.19853259348,212.89005717546576,683.9839905014012,3318.631375617347,4129.591991597214,1723.5823130949625,17053.77911215748,3524.2923735700574,43073.23648110783,206080.07285862454,3545.026780344036,43288.05908127642,212.88627752556917,683.962641538337,3317.4324048504936,4128.796335305664,1723.5043503762024,17053.32530158853,3523.1605826537893,43066.280497197055
M_corr_all_-0.3,298379.87021849235,232810.80592203003,865844.2583113133,12869.815871190833,19693.939676746868,73204.40970211971,284659.9993354572,19902.596629726097,107442.67754133561,232298.04885564352,1072474.1044959996,290376.88464512327,205453.41117871163,524281.8195848917,9248.870798942451,16514.06228034287,64499.93765886797,131111.70682190335,17561.62453641576,99902.20203509596,183938.22936527026,470548.90542281815,117748.80719949072,66568.41953702524,423011.7524953186,4265.16544849112,4925.477913275581,29054.614699847305,150564.58310895352,5931.8781288394175,25091.988822838586,47155.88012415629,445779.63115899265,116745.22543247798,54237.59245381479,207068.08717667835,3117.2087664773976,4066.627232288919,24163.417559587808,71351.2506305959,4713.5999448848215,22343.49119543418,45886.33950467685,168002.2834249988,266465.22369870753,190983.55095414823,739795.7223796592,410.9973864313625,1934.8776147430353,22830.049181135397,130743.52442102323,5146.713565638194,34705.886237875005,183514.44767183525,770471.2365604186,229444.6505929752,143099.91791057718,393753.97479546745,398.86088112361944,1770.7551294855814,21619.308788583854,60157.78220083349,4956.014090363154,33937.81211294043,99256.35283149926,297317.56024245266,65090.04159040042,27054.418974668988,249087.23627263124,82.63091111495666,234.1601494884023,6887.2485195483005,55666.110666440894,255.01688131039762,2721.309331987398,11890.126685475348,173311.9966898018,19066.551711985165,22038.759955135345,105994.12008855073,75.50413436594353,217.60222773636525,5958.347708140268,27658.591805508277,244.59263771435926,2637.707178134514,11842.921640679313,64848.10962396852,254682.52360017036,188506.10265910163,477233.16323961876,5226.820539904102,6209.771527856804,52683.497484010026,131423.2668616521,16572.56576434896,76641.55688696167,184696.13662100467,467141.28041489644,250422.67154314087,178552.02926019716,429290.50665407366,5002.8680706181,6017.529916646043,48291.604406967825,97362.6281058611,14746.36200562862,72225.77128023248,165609.43347049,393522.99912401126,67770.42125685692,10198.136182423475,27555.54744218784,623.1218993619956,908.7183113298901,3367.6117965573326,2679.5031012321488,1691.2256564514182,10944.596504897514,9286.016108783126,26085.744835445283,61201.33847195409,10194.805455089696,27544.718587805615,622.6451729415759,907.6637082975008,3353.798167933303,2671.130543524127,1686.2874550039792,10927.325426777004,9277.459710485171,26070.608119099732,206821.19329913604,3546.1897641123987,43295.19853259348,212.89005717546576,683.9839905014012,3318.631375617347,4129.591991597214,1723.5823130949625,17053.77911215748,3524.2923735700574,43073.23648110783,206080.07285862454,3545.026780344036,43288.05908127642,212.88627752556917,683.962641538337,3317.4324048504936,4128.796335305664,1723.5043503762024,17053.32530158853,3523.1605826537893,43066.280497197055
M_corr_all_-0.4,298379.87021849235,232810.80592203003,865844.2583113133,12869.815871190833,19693.939676746868,74656.35248035182,392772.32325214427,19902.596629726097,107442.67754133561,264222.25912739726,,290376.88464512327,205453.41117871163,524281.8195848917,9248.870798942451,16514.06228034287,65579.79464146639,142688.55149407196,17561.62453641576,99902.20203509596,200722.84280564045,519983.4482881436,117748.80719949072,66568.41953702524,423011.7524953186,4265.16544849112,4925.477913275581,29240.649795816746,180307.70221070465,5931.8781288394175,25091.988822838586,48263.63189753302,,116745.22543247798,54237.59245381479,207068.08717667835,3117.2087664773976,4066.627232288919,24294.423744144005,75562.84312224443,4713.5999448848215,22343.49119543418,46957.69812322774,182504.1444649937,266465.22369870753,190983.55095414823,739795.7223796592,410.9973864313625,1934.8776147430353,22710.768487044694,152513.98547908012,5146.713565638194,34705.886237875005,203669.60244921458,1236105.918699851,229444.6505929752,143099.91791057718,393753.97479546745,398.86088112361944,1770.7551294855814,21560.859725111033,61769.10597505096,4956.014090363154,33937.81211294043,103156.12954463778,307676.05478018435,65090.04159040042,27054.418974668988,249087.23627263124,82.63091111495666,234.1601494884023,6779.933041064868,60284.52554920162,255.01688131039762,2721.309331987398,11824.556266279547,272148.42272062565,19066.551711985165,22038.759955135345,105994.12008855073,75.50413436594353,217.60222773636525,5892.968923974148,28206.944117092975,244.59263771435926,2637.707178134514,11777.753474685047,66915.20433411648,254682.52360017036,188506.10265910163,477233.16323961876,5226.820539904102,6209.771527856804,53366.095706820575,143628.67615897325,16572.56576434896,76641.55688696167,201496.45836079516,514403.96859129524,250422.67154314087,178552.02926019716,429290.50665407366,5002.8680706181,6017.529916646043,48897.23529830691,103357.98507790515,14746.36200562862,72225.77128023248,178772.6960370602,420556.0570902497,67770.42125685692,10198.136182423475,27555.54744218784,623.1218993619956,908.7183113298901,3366.9741870517137,2678.745534510641,1691.2256564514182,10944.596504897514,9285.049085710318,26081.140496589334,61201.33847195409,10194.805455089696,27544.718587805615,622.6451729415759,907.6637082975008,3353.228175696777,2670.412247257534,1686.2874550039792,10927.325426777004,9276.596367456017,26066.059089717746,206821.19329913604,3546.1897641123987,43295.19853259348,212.89005717546576,683.9839905014012,3318.631375617347,4129.591991597214,1723.5823130949625,17053.77911215748,3524.2923735700574,43073.23648110783,206080.07285862454,3545.026780344036,43288.05908127642,212.88627752556917,683.962641538337,3317.4324048504936,4128.796335305664,1723.5043503762024,17053.32530158853,3523.1605826537893,43066.280497197055
M_corr_all_-0.5,298379.87021849235,232810.80592203003,865844.2583113133,12869.815871190833,19693.939676746868,76217.45121418763,1459698.0369576868,19902.596629726097,107442.67754133561,308173.7119525899,,290376.88464512327,205453.41117871163,524281.8195848917,9248.870798942451,16514.06228034287,66726.03763741243,158507.747258626,17561.62453641576,99902.20203509596,221696.4738604652,592284.5374896366,117748.80719949072,66568.41953702524,423011.7524953186,4265.16544849112,4925.477913275581,29441.449050499596,241923.61880779115,5931.8781288394175,25091.988822838586,49469.64235500754,,116745.22543247798,54237.59245381479,207068.08717667835,3117.2087664773976,4066.627232288919,24431.48748371685,80752.57625278215,4713.5999448848215,22343.49119543418,48118.39320218891,202233.91938562904,266465.22369870753,190983.55095414823,739795.7223796592,410.9973864313625,1934.8776147430353,22605.971343080295,192237.5184809683,5146.713565638194,34705.886237875005,229249.01096347717,,229444.6505929752,143099.91791057718,393753.97479546745,398.86088112361944,1770.7551294855814,21510.501847175954,63571.0724419181,4956.014090363154,33937.81211294043,107495.40283402058,319497.6462298444,65090.04159040042,27054.418974668988,249087.23627263124,82.63091111495666,234.1601494884023,6679.921809942669,66581.8053829695,255.01688131039762,2721.309331987398,11768.887885931139,,19066.551711985165,22038.759955135345,105994.12008855073,75.50413436594353,217.60222773636525,5831.785574181423,28815.79165210897,244.59263771435926,2637.707178134514,11720.022514390907,69294.32666542481,254682.52360017036,188506.10265910163,477233.16323961876,5226.820539904102,6209.771527856804,54080.5028501952,160267.37521949672,16572.56576434896,76641.55688696167,222128.18519283624,581340.7250815157,250422.67154314087,178552.02926019716,429290.50665407366,5002.8680706181,6017.529916646043,49527.61585279435,110713.50837689327,14746.36200562862,72225.77128023248,194576.86842335708,454878.3226893537,67770.42125685692,10198.136182423475,27555.54744218784,623.1218993619956,908.7183113298901,3366.3826195875004,2678.0415983142057,1691.2256564514182,10944.596504897514,9284.125497578309,26076.852574531054,61201.33847195409,10194.805455089696,27544.718587805615,622.6451729415759,907.6637082975008,3352.6999926690128,2669.746566537843,1686.2874550039792,10927.325426777004,9275.771376806508,26061.823562342703,206821.19329913604,3546.1897641123987,43295.19853259348,212.89005717546576,683.9839905014012,3318.631375617347,4129.591991597214,1723.5823130949625,17053.77911215748,3524.2923735700574,43073.23648110783,206080.07285862454,3545.026780344036,43288.05908127642,212.88627752556917,683.962641538337,3317.4324048504936,4128.796335305664,1723.5043503762024,17053.32530158853,3523.1605826537893,43066.280497197055
M_corr_all_-0.6,298379.87021849235,232810.80592203003,865844.2583113133,12869.815871190833,19693.939676746868,77897.91391828873,,19902.596629726097,107442.67754133561,372507.4908959595,,290376.88464512327,205453.41117871163,524281.8195848917,9248.870798942451,16514.06228034287,67944.57130032104,181896.9110999175,17561.62453641576,99902.20203509596,248642.220658531,712215.8567752413,117748.80719949072,66568.41953702524,423011.7524953186,4265.16544849112,4925.477913275581,29656.842883409965,568568.9785502353,5931.8781288394175,25091.988822838586,50784.51775834395,,116745.22543247798,54237.59245381479,207068.08717667835,3117.2087664773976,4066.627232288919,24574.622348830246,87349.5128892566,4713.5999448848215,22343.49119543418,49378.270489586976,231181.70880380456,266465.22369870753,190983.55095414823,739795.7223796592,410.9973864313625,1934.8776147430353,22514.043016323238,305314.5422435616,5146.713565638194,34705.886237875005,262766.0546056741,,229444.6505929752,143099.91791057718,393753.97479546745,398.86088112361944,1770.7551294855814,21467.43838793112,65596.75794688547,4956.014090363154,33937.81211294043,112343.54235098929,333126.4036770873,65090.04159040042,27054.418974668988,249087.23627263124,82.63091111495666,234.1601494884023,6586.406434780144,75798.35004958711,255.01688131039762,2721.309331987398,11722.000305214777,,19066.551711985165,22038.759955135345,105994.12008855073,75.50413436594353,217.60222773636525,5774.333565451776,29492.515633521267,244.59263771435926,2637.707178134514,11668.952533253321,72055.0304249588,254682.52360017036,188506.10265910163,477233.16323961876,5226.820539904102,6209.771527856804,54828.04154069084,184837.387078076,16572.56576434896,76641.55688696167,248064.98388087994,686542.6633187262,250422.67154314087,178552.02926019716,429290.50665407366,5002.8680706181,6017.529916646043,50183.868555554574,120023.66281969506,14746.36200562862,72225.77128023248,213898.68269207925,500375.00220423203,67770.42125685692,10198.136182423475,27555.54744218784,623.1218993619956,908.7183113298901,3365.8314073246265,2677.384271947591,1691.2256564514182,10944.596504897514,9283.24168812399,26072.844161683915,61201.33847195409,10194.805455089696,27544.718587805615,622.6451729415759,907.6637082975008,3352.208414782274,2669.126508627496,1686.2874550039792,10927.325426777004,9274.981534670493,26057.86491601195,206821.19329913604,3546.1897641123987,43295.19853259348,212.89005717546576,683.9839905014012,3318.631375617347,4129.591991597214,1723.5823130949625,17053.77911215748,3524.2923735700574,43073.23648110783,206080.07285862454,3545.026780344036,43288.05908127642,212.88627752556917,683.962641538337,3317.4324048504936,4128.796335305664,1723.5043503762024,17053.32530158853,3523.1605826537893,43066.280497197055
M_corr_all_-0.7,298379.87021849235,232810.80592203003,865844.2583113133,12869.815871190833,19693.939676746868,79709.69895756977,,19902.596629726097,107442.67754133561,475654.78069919575,,290376.88464512327,205453.41117871163,524281.8195848917,9248.870798942451,16514.06228034287,69242.10109172891,221530.5094474912,17561.62453641576,99902.20203509596,284524.55762852274,971630.4007386903,117748.80719949072,66568.41953702524,423011.7524953186,4265.16544849112,4925.477913275581,29886.819758394064,,5931.8781288394175,25091.988822838586,52220.93419797911,,116745.22543247798,54237.59245381479,207068.08717667835,3117.2087664773976,4066.627232288919,24723.885956008293,96103.51605752058,4713.5999448848215,22343.49119543418,50748.95050430352,279503.32908004965,266465.22369870753,190983.55095414823,739795.7223796592,410.9973864313625,1934.8776147430353,22433.63232665744,,5146.713565638194,34705.886237875005,308573.7520761281,,229444.6505929752,143099.91791057718,393753.97479546745,398.86088112361944,1770.7551294855814,21430.997831337827,67888.86439819689,4956.014090363154,33937.81211294043,117786.62379860623,349035.23111983435,65090.04159040042,27054.418974668988,249087.23627263124,82.63091111495666,234.1601494884023,6498.701828890146,91026.0813615512,255.01688131039762,2721.309331987398,11682.966731092556,,19066.551711985165,22038.759955135345,105994.12008855073,75.50413436594353,217.60222773636525,5720.220491969331,30246.362152134156,244.59263771435926,2637.707178134514,11623.894787568921,75293.04704841794,254682.52360017036,188506.10265910163,477233.16323961876,5226.820539904102,6209.771527856804,55610.22910932161,226522.88347846628,16572.56576434896,76641.55688696167,281648.5370364235,888527.9666116771,250422.67154314087,178552.02926019716,429290.50665407366,5002.8680706181,6017.529916646043,50867.241907388656,132324.49412282833,14746.36200562862,72225.77128023248,238052.45715044523,564615.6903472309,67770.42125685692,10198.136182423475,27555.54744218784,623.1218993619956,908.7183113298901,3365.3158264517274,2676.767799754368,1691.2256564514182,10944.596504897514,9282.394456786604,26069.084320452985,61201.33847195409,10194.805455089696,27544.718587805615,622.6451729415759,907.6637082975008,3351.749122763523,2668.546348224197,1686.2874550039792,10927.325426777004,9274.224033827022,26054.15245866928,206821.19329913604,3546.1897641123987,43295.19853259348,212.89005717546576,683.9839905014012,3318.631375617347,4129.591991597214,1723.5823130949625,17053.77911215748,3524.2923735700574,43073.23648110783,206080.07285862454,3545.026780344036,43288.05908127642,212.88627752556917,683.962641538337,3317.4324048504936,4128.796335305664,1723.5043503762024,17053.32530158853,3523.1605826537893,43066.280497197055
M_corr_all_-0.8,298379.87021849235,232810.80592203003,865844.2583113133,12869.815871190833,19693.939676746868,81666.79139756778,,19902.596629726097,107442.67754133561,667866.4428039478,,290376.88464512327,205453.41117871163,524281.8195848917,9248.870798942451,16514.06228034287,70626.25399095833,312303.8045389979,17561.62453641576,99902.20203509596,334661.3194598126,2982526.5048150136,117748.80719949072,66568.41953702524,423011.7524953186,4265.16544849112,4925.477913275581,30131.505546163517,,5931.8781288394175,25091.988822838586,53794.04227540612,,116745.22543247798,54237.59245381479,207068.08717667835,3117.2087664773976,4066.627232288919,24879.374403988706,108477.21446819481,4713.5999448848215,22343.49119543418,52244.18400337389,385866.1647557465,266465.22369870753,190983.55095414823,739795.7223796592,410.9973864313625,1934.8776147430353,22363.599153900832,,5146.713565638194,34705.886237875005,374923.9909128574,,229444.6505929752,143099.91791057718,393753.97479546745,398.86088112361944,1770.7551294855814,21400.60976396408,70503.4002358951,4956.014090363154,33937.81211294043,123932.50588128233,367894.25154525344,65090.04159040042,27054.418974668988,249087.23627263124,82.63091111495666,234.1601494884023,6416.222519093971,123498.63092370662,255.01688131039762,2721.309331987398,11651.014715517647,,19066.551711985165,22038.759955135345,105994.12008855073,75.50413436594353,217.60222773636525,5669.111666572228,31088.95196978972,244.59263771435926,2637.707178134514,11584.302584630906,79143.83454065143,254682.52360017036,188506.10265910163,477233.16323961876,5226.820539904102,6209.771527856804,56428.780662172954,322945.553811426,16572.56576434896,76641.55688696167,326837.7051758876,1593862.8652243444,250422.67154314087,178552.02926019716,429290.50665407366,5002.8680706181,6017.529916646043,51579.11480138302,149629.71232738436,14746.36200562862,72225.77128023248,269101.7218604257,665035.0205042026,67770.42125685692,10198.136182423475,27555.54744218784,623.1218993619956,908.7183113298901,3364.8319138953975,2676.187411350373,1691.2256564514182,10944.596504897514,9281.580984436954,26065.546870684408,61201.33847195409,10194.805455089696,27544.718587805615,622.6451729415759,907.6637082975008,3351.3184958470965,2668.001346478025,1686.2874550039792,10927.325426777004,9273.49639946797,26050.660222243994,206821.19329913604,3546.1897641123987,43295.19853259348,212.89005717546576,683.9839905014012,3318.631375617347,4129.591991597214,1723.5823130949625,17053.77911215748,3524.2923735700574,43073.23648110783,206080.07285862454,3545.026780344036,43288.05908127642,212.88627752556917,683.962641538337,3317.4324048504936,4128.796335305664,1723.5043503762024,17053.32530158853,3523.1605826537893,43066.280497197055
M_corr_all_-0.9,298379.87021849235,232810.80592203003,865844.2583113133,12869.815871190833,19693.939676746868,83785.55994260893,,19902.596629726097,107442.67754133561,1152015.616956164,,290376.88464512327,205453.41117871163,524281.8195848917,9248.870798942451,16514.06228034287,72105.72686926214,,17561.62453641576,99902.20203509596,409636.47008952656,,117748.80719949072,66568.41953702524,423011.7524953186,4265.16544849112,4925.477913275581,30391.149377974598,,5931.8781288394175,25091.988822838586,55521.999789555615,,116745.22543247798,54237.59245381479,207068.08717667835,3117.2087664773976,4066.627232288919,25041.218392823444,127845.24475829164,4713.5999448848215,22343.49119543418,53880.311300882066,1483837.7131668008,266465.22369870753,190983.55095414823,739795.7223796592,410.9973864313625,1934.8776147430353,22302.9743083264,,5146.713565638194,34705.886237875005,479590.979382689,,229444.6505929752,143099.91791057718,393753.97479546745,398.86088112361944,1770.7551294855814,21375.786292012577,73515.30303099498,4956.014090363154,33937.81211294043,130917.94415312451,390689.7569011422,65090.04159040042,27054.418974668988,249087.23627263124,82.63091111495666,234.1601494884023,6338.464380097737,337951.8549113225,255.01688131039762,2721.309331987398,11625.49582545868,,19066.551711985165,22038.759955135345,105994.12008855073,75.50413436594353,217.60222773636525,5620.71939172438,32035.00294800152,244.59263771435926,2637.707178134514,11549.711897334091,83805.98622520147,254682.52360017036,188506.10265910163,477233.16323961876,5226.820539904102,6209.771527856804,57285.616513053945,,16572.56576434896,76641.55688696167,390895.55956181284,,250422.67154314087,178552.02926019716,429290.50665407366,5002.8680706181,6017.529916646043,52321.0032542566,176561.366948446,14746.36200562862,72225.77128023248,310481.4742358774,855553.6404329813,67770.42125685692,10198.136182423475,27555.54744218784,623.1218993619956,908.7183113298901,3364.3763149386014,2675.6391137931832,1691.2256564514182,10944.596504897514,9280.798773852383,26062.209469092453,61201.33847195409,10194.805455089696,27544.718587805615,622.6451729415759,907.6637082975008,3350.9134715172822,2667.4875423358003,1686.2874550039792,10927.325426777004,9272.796437639843,26047.366047994823,206821.19329913604,3546.1897641123987,43295.19853259348,212.89005717546576,683.9839905014012,3318.631375617347,4129.591991597214,1723.5823130949625,17053.77911215748,3524.2923735700574,43073.23648110783,206080.07285862454,3545.026780344036,43288.05908127642,212.88627752556917,683.962641538337,3317.4324048504936,4128.796335305664,1723.5043503762024,17053.32530158853,3523.1605826537893,43066.280497197055
M_corr_pair_0.1,298379.87021849235,232810.80592203003,865844.2583113133,12869.815871190833,19693.939676746868,68898.21062245965,180107.2357578902,19902.596629726097,107442.67754133561,169176.5890696926,517564.2851167424,290376.88464512327,205453.41117871163,524281.8195848917,9248.870798942451,16514.06228034287,61360.69323480254,107124.37883814097,17561.62453641576,99902.20203509596,145965.65127614382,376293.74677898455,117748.80719949072,66568.41953702524,423011.7524953186,4265.16544849112,4925.477913275581,28392.80740341645,107505.18571628167,5931.8781288394175,25091.988822838586,43918.88958676239,218857.84228748988,116745.22543247798,54237.59245381479,207068.08717667835,3117.2087664773976,4066.627232288919,23742.904825935995,61336.34946858579,4713.5999448848215,22343.49119543418,42748.87092432861,137674.19825849356,266465.22369870753,190983.55095414823,739795.7223796592,410.9973864313625,1934.8776147430353,22961.258990430237,95933.739744419,5146.713565638194,34705.886237875005,138536.0050951444,445510.5763436021,229444.6505929752,143099.91791057718,393753.97479546745,398.86088112361944,1770.7551294855814,21654.48130097388,55116.48485966896,4956.014090363154,33937.81211294043,87195.86333575305,267330.85084471834,65090.04159040042,27054.418974668988,249087.23627263124,82.63091111495666,234.1601494884023,7129.896837473167,45826.47817683124,255.01688131039762,2721.309331987398,12000.07029460383,101917.93025308014,19066.551711985165,22038.759955135345,105994.12008855073,75.50413436594353,217.60222773636525,6118.340208678013,25857.700749410174,244.59263771435926,2637.707178134514,11944.866596174483,58705.12605009437,254682.52360017036,188506.10265910163,477233.16323961876,5226.820539904102,6209.771527856804,50479.72844004385,106379.64708099156,16572.56576434896,76641.55688696167,146010.58557915932,374525.7712108406,250422.67154314087,178552.02926019716,429290.50665407366,5002.8680706181,6017.529916646043,46373.677343413685,83273.10858026189,14746.36200562862,72225.77128023248,134052.94509109767,332902.2311123874,67770.42125685692,10198.136182423475,27555.54744218784,623.1218993619956,908.7183113298901,3369.345492930922,2681.7014896417318,1691.2256564514182,10944.596504897514,9287.671673499108,26096.899042475423,61201.33847195409,10194.805455089696,27544.718587805615,622.6451729415759,907.6637082975008,3355.3733620031267,2673.2744289559364,1686.2874550039792,10927.325426777004,9278.932061756346,26081.70882115428,206821.19329913604,3546.1897641123987,43295.19853259348,212.89005717546576,683.9839905014012,3318.631375617347,4129.591991597214,1723.5823130949625,17053.77911215748,3524.2923735700574,43073.23648110783,206080.07285862454,3545.026780344036,43288.05908127642,212.88627752556917,683.962641538337,3317.4324048504936,4128.796335305664,1723.5043503762024,17053.32530158853,3523.1605826537893,43066.280497197055
M_corr_pair_0.2,298379.87021849235,232810.80592203003,865844.2583113133,12869.815871190833,19693.939676746868,68417.10499163442,175221.11058355667,19902.596629726097,107442.67754133561,165022.45915247704,500484.9728303753,290376.88464512327,205453.41117871163,524281.8195848917,9248.870798942451,16514.06228034287,61122.516123810296,105240.70641533576,17561.62453641576,99902.20203509596,143113.47824802753,369901.8019133524,117748.80719949072,66568.41953702524,423011.7524953186,4265.16544849112,4925.477913275581,28216.896786501005,104998.23668151854,5931.8781288394175,25091.988822838586,43530.95358317706,211303.56710522267,116745.22543247798,54237.59245381479,207068.08717667835,3117.2087664773976,4066.627232288919,23682.998010692558,60408.44587462805,4713.5999448848215,22343.49119543418,42392.88727445882,135146.14716394807,266465.22369870753,190983.55095414823,739795.7223796592,410.9973864313625,1934.8776147430353,22668.95953474485,93279.1892591167,5146.713565638194,34705.886237875005,134861.5799633809,430890.17186724395,229444.6505929752,143099.91791057718,393753.97479546745,398.86088112361944,1770.7551294855814,21477.010695728335,54116.896599867454,4956.014090363154,33937.81211294043,84973.70209341135,262487.6529198922,65090.04159040042,27054.418974668988,249087.23627263124,82.63091111495666,234.1601494884023,7013.416065563897,44729.98237580155,255.01688131039762,2721.309331987398,11862.201851072432,98171.03051007818,19066.551711985165,22038.759955135345,105994.12008855073,75.50413436594353,217.60222773636525,6059.495647197061,25437.08158676647,244.59263771435926,2637.707178134514,11815.150531529292,57498.99146812111,254682.52360017036,188506.10265910163,477233.16323961876,5226.820539904102,6209.771527856804,50164.743034492254,104689.04178212803,16572.56576434896,76641.55688696167,143254.18939563708,368685.29924513586,250422.67154314087,178552.02926019716,429290.50665407366,5002.8680706181,6017.529916646043,46145.75303963335,82192.06867466276,14746.36200562862,72225.77128023248,131586.9345813516,328389.46146316355,67770.42125685692,10198.136182423475,27555.54744218784,623.1218993619956,908.7183113298901,3368.897916385084,2681.295337779804,1691.2256564514182,10944.596504897514,9286.22981082919,26092.488797778366,61201.33847195409,10194.805455089696,27544.718587805615,622.6451729415759,907.6637082975008,3354.9929911541085,2672.93423601186,1686.2874550039792,10927.325426777004,9277.640999685507,26077.423716206828,206821.19329913604,3546.1897641123987,43295.19853259348,212.89005717546576,683.9839905014012,3318.631375617347,4129.591991597214,1723.5823130949625,17053.77911215748,3524.2923735700574,43073.23648110783,206080.07285862454,3545.026780344036,43288.05908127642,212.88627752556917,683.962641538337,3317.4324048504936,4128.796335305664,1723.5043503762024,17053.32530158853,3523.1605826537893,43066.280497197055
M_corr_pair_0.3,298379.87021849235,232810.80592203003,865844.2583113133,12869.815871190833,19693.939676746868,67978.93377140074,170874.11559413557,19902.596629726097,107442.67754133561,161233.09138151084,485536.30103437474,290376.88464512327,205453.41117871163,524281.8195848917,9248.870798942451,16514.06228034287,60896.40115260058,103544.58823828607,17561.62453641576,99902.20203509596,140517.59999662344,364142.36175256915,117748.80719949072,66568.41953702524,423011.7524953186,4265.16544849112,4925.477913275581,28060.524428814046,102729.64778233173,5931.8781288394175,25091.988822838586,43175.85710004203,204696.3380538655,116745.22543247798,54237.59245381479,207068.08717667835,3117.2087664773976,4066.627232288919,23627.807982658233,59561.79024214822,4713.5999448848215,22343.49119543418,42062.82437391278,132875.55054488246,266465.22369870753,190983.55095414823,739795.7223796592,410.9973864313625,1934.8776147430353,22416.636719389873,90908.04726947818,5146.713565638194,34705.886237875005,131506.63735959915,417991.3397585225,229444.6505929752,143099.91791057718,393753.97479546745,398.86088112361944,1770.7551294855814,21321.520400364996,53226.31629486038,4956.014090363154,33937.81211294043,82992.78177002685,258164.4120665883,65090.04159040042,27054.418974668988,249087.23627263124,82.63091111495666,234.1601494884023,6913.9206878803525,43743.10398573317,255.01688131039762,2721.309331987398,11747.48881913198,94905.03480403703,19066.551711985165,22038.759955135345,105994.12008855073,75.50413436594353,217.60222773636525,6009.695815091954,25060.84472665889,244.59263771435926,2637.707178134514,11705.045635996048,56433.56103582416,254682.52360017036,188506.10265910163,477233.16323961876,5226.820539904102,6209.771527856804,49871.28093508285,103119.2756682943,16572.56576434896,76641.55688696167,140683.68573157457,363273.6865956531,250422.67154314087,178552.02926019716,429290.50665407366,5002.8680706181,6017.529916646043,45930.46974942214,81187.20685994183,14746.36200562862,72225.77128023248,129299.00214124176,324218.20861222653,67770.42125685692,10198.136182423475,27555.54744218784,623.1218993619956,908.7183113298901,3368.5408634374503,2680.991619979421,1691.2256564514182,10944.596504897514,9284.886452732888,26088.733635643744,61201.33847195409,10194.805455089696,27544.718587805615,622.6451729415759,907.6637082975008,3354.6942021953405,2672.6935172196854,1686.2874550039792,10927.325426777004,9276.43655102429,26073.787894183417,206821.19329913604,3546.1897641123987,43295.19853259348,212.89005717546576,683.9839905014012,3318.631375617347,4129.591991597214,1723.5823130949625,17053.77911215748,3524.2923735700574,43073.23648110783,206080.07285862454,3545.026780344036,43288.05908127642,212.88627752556917,683.962641538337,3317.4324048504936,4128.796335305664,1723.5043503762024,17053.32530158853,3523.1605826537893,43066.280497197055
M_corr_pair_0.4,298379.87021849235,232810.80592203003,865844.2583113133,12869.815871190833,19693.939676746868,67586.36148934289,167007.8519839879,19902.596629726097,107442.67754133561,157790.78099175214,472410.75988571066,290376.88464512327,205453.41117871163,524281.8195848917,9248.870798942451,16514.06228034287,60684.99791590908,102026.66926256269,17561.62453641576,99902.20203509596,138172.1726360886,358981.14342255204,117748.80719949072,66568.41953702524,423011.7524953186,4265.16544849112,4925.477913275581,27923.709760382815,100679.6798023461,5931.8781288394175,25091.988822838586,42854.60126253798,198902.7813231777,116745.22543247798,54237.59245381479,207068.08717667835,3117.2087664773976,4066.627232288919,23577.890345644777,58794.49737911966,4713.5999448848215,22343.49119543418,41760.370983769724,130852.16347746042,266465.22369870753,190983.55095414823,739795.7223796592,410.9973864313625,1934.8776147430353,22204.02527655721,88794.93658160584,5146.713565638194,34705.886237875005,128452.96101850658,406573.3561007303,229444.6505929752,143099.91791057718,393753.97479546745,398.86088112361944,1770.7551294855814,21189.8085652972,52441.69655762367,4956.014090363154,33937.81211294043,81245.48307704744,254340.099586659,65090.04159040042,27054.418974668988,249087.23627263124,82.63091111495666,234.1601494884023,6832.394119315544,42864.06281879417,255.01688131039762,2721.309331987398,11657.365238925819,92060.60045276929,19066.551711985165,22038.759955135345,105994.12008855073,75.50413436594353,217.60222773636525,5970.189931469749,24730.765310463798,244.59263771435926,2637.707178134514,11616.98978183384,55506.18434500867,254682.52360017036,188506.10265910163,477233.16323961876,5226.820539904102,6209.771527856804,49600.698282312485,101668.30000174191,16572.56576434896,76641.55688696167,138299.82786247946,358281.79407292383,250422.67154314087,178552.02926019716,429290.50665407366,5002.8680706181,6017.529916646043,45729.12867836653,80259.3961837145,14746.36200562862,72225.77128023248,127191.18498795529,320388.73796998896,67770.42125685692,10198.136182423475,27555.54744218784,623.1218993619956,908.7183113298901,3368.2884062809408,2680.8181754264065,1691.2256564514182,10944.596504897514,9283.632671115567,26085.703056569982,61201.33847195409,10194.805455089696,27544.718587805615,622.6451729415759,907.6637082975008,3354.490515486871,2672.58090836184,1686.2874550039792,10927.325426777004,9275.310737257925,26070.8739056174,206821.19329913604,3546.1897641123987,43295.19853259348,212.89005717546576,683.9839905014012,3318.631375617347,4129.591991597214,1723.5823130949625,17053.77911215748,3524.2923735700574,43073.23648110783,206080.07285862454,3545.026780344036,43288.05908127642,212.88627752556917,683.962641538337,3317.4324048504936,4128.796335305664,1723.5043503762024,17053.32530158853,3523.1605826537893,43066.280497197055
M_corr_pair_0.5,298379.87021849235,232810.80592203003,865844.2583113133,12869.815871190833,19693.939676746868,67250.40954585129,163605.6694706661,19902.596629726097,107442.67754133561,154710.3102137625,460954.83070873393,290376.88464512327,205453.41117871163,524281.8195848917,9248.870798942451,16514.06228034287,60494.413898398336,100697.55888823679,17561.62453641576,99902.20203509596,136101.01602987107,354449.5783915353,117748.80719949072,66568.41953702524,423011.7524953186,4265.16544849112,4925.477913275581,27809.43562260664,98845.68771655182,5931.8781288394175,25091.988822838586,42573.36002128599,193858.71638465708,116745.22543247798,54237.59245381479,207068.08717667835,3117.2087664773976,4066.627232288919,23534.84717472779,58113.371661802725,4713.5999448848215,22343.49119543418,41491.47158081721,129094.06905433515,266465.22369870753,190983.55095414823,739795.7223796592,410.9973864313625,1934.8776147430353,22035.293439757443,86932.67545779084,5146.713565638194,34705.886237875005,125702.34079589807,396493.5990901505,229444.6505929752,143099.91791057718,393753.97479546745,398.86088112361944,1770.7551294855814,21086.838440528136,51769.851557720875,4956.014090363154,33937.81211294043,79745.02079578384,251037.65446882785,65090.04159040042,27054.418974668988,249087.23627263124,82.63091111495666,234.1601494884023,6772.21783804923,42100.71283014714,255.01688131039762,2721.309331987398,11596.848893467308,89611.4683414532,19066.551711985165,22038.759955135345,105994.12008855073,75.50413436594353,217.60222773636525,5943.871745954063,24453.87563410069,244.59263771435926,2637.707178134514,11556.884201092624,54728.12451820248,254682.52360017036,188506.10265910163,477233.16323961876,5226.820539904102,6209.771527856804,49357.104301142725,100342.49833967288,16572.56576434896,76641.55688696167,136117.61488142368,353729.9569364246,250422.67154314087,178552.02926019716,429290.50665407366,5002.8680706181,6017.529916646043,45544.85698177479,79416.14539570252,14746.36200562862,72225.77128023248,125280.82490417555,316930.2579075123,67770.42125685692,10198.136182423475,27555.54744218784,623.1218993619956,908.7183113298901,3368.172582430309,2680.8314466126144,1691.2256564514182,10944.596504897514,9282.4622224977,26083.57965223956,61201.33847195409,10194.805455089696,27544.718587805615,622.6451729415759,907.6637082975008,3354.4122165946615,2672.653981126167,1686.2874550039792,10927.325426777004,9274.257765315815,26068.868542380376,206821.19329913604,3546.1897641123987,43295.19853259348,212.89005717546576,683.9839905014012,3318.631375617347,4129.591991597214,1723.5823130949625,17053.77911215748,3524.2923735700574,43073.23648110783,206080.07285862454,3545.026780344036,43288.05908127642,212.88627752556917,683.962641538337,3317.4324048504936,4128.796335305664,1723.5043503762024,17053.32530158853,3523.1605826537893,43066.280497197055
M_corr_pair_0.6,298379.87021849235,232810.80592203003,865844.2583113133,12869.815871190833,19693.939676746868,67006.66207040728,160742.00989577165,19902.596629726097,107442.67754133561,152092.85568332695,451290.93812028354,290376.88464512327,205453.41117871163,524281.8195848917,9248.870798942451,16514.06228034287,60341.53202515513,99620.35895541846,17561.62453641576,99902.20203509596,134410.13746006772,350750.733699553,117748.80719949072,66568.41953702524,423011.7524953186,4265.16544849112,4925.477913275581,27728.816771838,97264.90046013554,5931.8781288394175,25091.988822838586,42352.894506493605,189624.62804357192,116745.22543247798,54237.59245381479,207068.08717667835,3117.2087664773976,4066.627232288919,23503.367318137643,57548.65696454557,4713.5999448848215,22343.49119543418,41274.4304245979,127693.93712390188,266465.22369870753,190983.55095414823,739795.7223796592,410.9973864313625,1934.8776147430353,21924.341985287807,85347.03278810767,5146.713565638194,34705.886237875005,123296.87727926292,387743.3964027436,229444.6505929752,143099.91791057718,393753.97479546745,398.86088112361944,1770.7551294855814,21025.066506785435,51238.684256519555,4956.014090363154,33937.81211294043,78549.1706788089,248371.89006225724,65090.04159040042,27054.418974668988,249087.23627263124,82.63091111495666,234.1601494884023,6742.37248530199,41482.07560173277,255.01688131039762,2721.309331987398,11579.280414107168,87583.55765458055,19066.551711985165,22038.759955135345,105994.12008855073,75.50413436594353,217.60222773636525,5937.607586054463,24249.404578061913,244.59263771435926,2637.707178134514,11538.967208663737,54140.75026807179,254682.52360017036,188506.10265910163,477233.16323961876,5226.820539904102,6209.771527856804,49151.18448486659,99167.27914245294,16572.56576434896,76641.55688696167,134185.3413087266,349704.59850228427,250422.67154314087,178552.02926019716,429290.50665407366,5002.8680706181,6017.529916646043,45385.23327861916,78680.44266857958,14746.36200562862,72225.77128023248,123621.14232375949,313938.69593875087,67770.42125685692,10198.136182423475,27555.54744218784,623.1218993619956,908.7183113298901,3368.268456090763,2681.1586596343395,1691.2256564514182,10944.596504897514,9281.373106785637,26082.816312357154,61201.33847195409,10194.805455089696,27544.718587805615,622.6451729415759,907.6637082975008,3354.529854697073,2673.04199836547,1686.2874550039792,10927.325426777004,9273.275174107557,26068.232067825687,206821.19329913604,3546.1897641123987,43295.19853259348,212.89005717546576,683.9839905014012,3318.631375617347,4129.591991597214,1723.5823130949625,17053.77911215748,3524.2923735700574,43073.23648110783,206080.07285862454,3545.026780344036,43288.05908127642,212.88627752556917,683.962641538337,3317.4324048504936,4128.796335305664,1723.5043503762024,17053.32530158853,3523.1605826537893,43066.280497197055
M_corr_pair_0.7,298379.87021849235,232810.80592203003,865844.2583113133,12869.815871190833,19693.939676746868,,,19902.596629726097,107442.67754133561,,,290376.88464512327,205453.41117871163,524281.8195848917,9248.870798942451,16514.06228034287,,,17561.62453641576,99902.20203509596,,,117748.80719949072,66568.41953702524,423011.7524953186,4265.16544849112,4925.477913275581,,,5931.8781288394175,25091.988822838586,,,116745.22543247798,54237.59245381479,207068.08717667835,3117.2087664773976,4066.627232288919,,,4713.5999448848215,22343.49119543418,,,266465.22369870753,190983.55095414823,739795.7223796592,410.9973864313625,1934.8776147430353,,,5146.713565638194,34705.886237875005,,,229444.6505929752,143099.91791057718,393753.97479546745,398.86088112361944,1770.7551294855814,,,4956.014090363154,33937.81211294043,,,65090.04159040042,27054.418974668988,249087.23627263124,82.63091111495666,234.1601494884023,,,255.01688131039762,2721.309331987398,,,19066.551711985165,22038.759955135345,105994.12008855073,75.50413436594353,217.60222773636525,,,244.59263771435926,2637.707178134514,,,254682.52360017036,188506.10265910163,477233.16323961876,5226.820539904102,6209.771527856804,,,16572.56576434896,76641.55688696167,,,250422.67154314087,178552.02926019716,429290.50665407366,5002.8680706181,6017.529916646043,,,14746.36200562862,72225.77128023248,,,67770.42125685692,10198.136182423475,27555.54744218784,623.1218993619956,908.7183113298901,,,1691.2256564514182,10944.596504897514,,,61201.33847195409,10194.805455089696,27544.718587805615,622.6451729415759,907.6637082975008,,,1686.2874550039792,10927.325426777004,,,206821.19329913604,3546.1897641123987,43295.19853259348,212.89005717546576,683.9839905014012,3318.631375617347,4129.591991597214,1723.5823130949625,17053.77911215748,3524.2923735700574,43073.23648110783,206080.07285862454,3545.026780344036,43288.05908127642,212.88627752556917,683.962641538337,3317.4324048504936,4128.796335305664,1723.5043503762024,17053.32530158853,3523.1605826537893,43066.280497197055
M_corr_pair_0.8,298379.87021849235,232810.80592203003,865844.2583113133,12869.815871190833,19693.939676746868,,,19902.596629726097,107442.67754133561,,,290376.88464512327,205453.41117871163,524281.8195848917,9248.870798942451,16514.06228034287,,,17561.62453641576,99902.20203509596,,,117748.80719949072,66568.41953702524,423011.7524953186,4265.16544849112,4925.477913275581,,,5931.8781288394175,25091.988822838586,,,116745.22543247798,54237.59245381479,207068.08717667835,3117.2087664773976,4066.627232288919,,,4713.5999448848215,22343.49119543418,,,266465.22369870753,190983.55095414823,739795.7223796592,410.9973864313625,1934.8776147430353,,,5146.713565638194,34705.886237875005,,,229444.6505929752,143099.91791057718,393753.97479546745,398.86088112361944,1770.7551294855814,,,4956.014090363154,33937.81211294043,,,65090.04159040042,27054.418974668988,249087.23627263124,82.63091111495666,234.1601494884023,,,255.01688131039762,2721.309331987398,,,19066.551711985165,22038.759955135345,105994.12008855073,75.50413436594353,217.60222773636525,,,244.59263771435926,2637.707178134514,,,254682.52360017036,188506.10265910163,477233.16323961876,5226.820539904102,6209.771527856804,,,16572.56576434896,76641.55688696167,,,250422.67154314087,178552.02926019716,429290.50665407366,5002.8680706181,6017.529916646043,,,14746.36200562862,72225.77128023248,,,67770.42125685692,10198.136182423475,27555.54744218784,623.1218993619956,908.7183113298901,,,1691.2256564514182,10944.596504897514,,,61201.33847195409,10194.805455089696,27544.718587805615,622.6451729415759,907.6637082975008,,,1686.2874550039792,10927.325426777004,,,206821.19329913604,3546.1897641123987,43295.19853259348,212.89005717546576,683.9839905014012,3318.631375617347,4129.591991597214,1723.5823130949625,17053.77911215748,3524.2923735700574,43073.23648110783,206080.07285862454,3545.026780344036,43288.05908127642,212.88627752556917,683.962641538337,3317.4324048504936,4128.796335305664,1723.5043503762024,17053.32530158853,3523.1605826537893,43066.280497197055
M_corr_pair_0.9,298379.87021849235,232810.80592203003,865844.2583113133,12869.815871190833,19693.939676746868,64563.41965594395,147813.67598013303,19902.596629726097,107442.67754133561,139362.48169570448,411979.03438211343,290376.88464512327,205453.41117871163,524281.8195848917,9248.870798942451,16514.06228034287,59074.36986957175,93231.85630400137,17561.62453641576,99902.20203509596,124198.09721355756,329476.48789550515,117748.80719949072,66568.41953702524,423011.7524953186,4265.16544849112,4925.477913275581,26839.519133682898,90154.21853827348,5931.8781288394175,25091.988822838586,40548.63832864074,171049.88622839891,116745.22543247798,54237.59245381479,207068.08717667835,3117.2087664773976,4066.627232288919,23142.315697062317,54154.0617552813,4713.5999448848215,22343.49119543418,39624.982264011036,118177.35147916194,266465.22369870753,190983.55095414823,739795.7223796592,410.9973864313625,1934.8776147430353,26504.215651912917,96663.7562108927,5146.713565638194,34705.886237875005,137241.46037436317,417593.95147692715,229444.6505929752,143099.91791057718,393753.97479546745,398.86088112361944,1770.7551294855814,24345.549285330115,60371.44603167732,4956.014090363154,33937.81211294043,98320.73540403224,287805.6312884768,65090.04159040042,27054.418974668988,249087.23627263124,82.63091111495666,234.1601494884023,9305.967421503248,49329.84202912128,255.01688131039762,2721.309331987398,15802.834478548493,104188.55108829784,19066.551711985165,22038.759955135345,105994.12008855073,75.50413436594353,217.60222773636525,7683.993029509412,29258.985457925817,244.59263771435926,2637.707178134514,15530.26717526923,67256.49775464805,254682.52360017036,188506.10265910163,477233.16323961876,5226.820539904102,6209.771527856804,53324.82902163645,110947.56118281632,16572.56576434896,76641.55688696167,156266.96230657448,393462.37989316863,250422.67154314087,178552.02926019716,429290.50665407366,5002.8680706181,6017.529916646043,47987.27805683419,88692.78787577798,14746.36200562862,72225.77128023248,147693.6311894733,359896.94529483677,67770.42125685692,10198.136182423475,27555.54744218784,623.1218993619956,908.7183113298901,3387.000921635407,2713.333861125166,1691.2256564514182,10944.596504897514,9279.8031483151,26199.56773973515,61201.33847195409,10194.805455089696,27544.718587805615,622.6451729415759,907.6637082975008,3372.089981095512,2705.687373095467,1686.2874550039792,10927.325426777004,9271.650893584636,26186.362367214184,206821.19329913604,3546.1897641123987,43295.19853259348,212.89005717546576,683.9839905014012,3318.631375617347,4129.591991597214,1723.5823130949625,17053.77911215748,3524.2923735700574,43073.23648110783,206080.07285862454,3545.026780344036,43288.05908127642,212.88627752556917,683.962641538337,3317.4324048504936,4128.796335305664,1723.5043503762024,17053.32530158853,3523.1605826537893,43066.280497197055
M_corr_pair_-0.1,298379.87021849235,232810.80592203003,865844.2583113133,12869.815871190833,19693.939676746868,69998.18510515292,191904.2954562805,19902.596629726097,107442.67754133561,178745.74350565215,560155.8279534236,290376.88464512327,205453.41117871163,524281.8195848917,9248.870798942451,16514.06228034287,61869.268583714176,111552.7199469152,17561.62453641576,99902.20203509596,152542.8941751678,391316.62165232026,117748.80719949072,66568.41953702524,423011.7524953186,4265.16544849112,4925.477913275581,28811.04184379503,113374.22280037064,5931.8781288394175,25091.988822838586,44802.098091303,237697.60291930073,116745.22543247798,54237.59245381479,207068.08717667835,3117.2087664773976,4066.627232288919,23876.89524909891,63467.07176219415,4713.5999448848215,22343.49119543418,43541.35480520374,143626.59633212752,266465.22369870753,190983.55095414823,739795.7223796592,410.9973864313625,1934.8776147430353,23680.051816054078,102269.57372586988,5146.713565638194,34705.886237875005,146985.3757329965,481436.50717698457,229444.6505929752,143099.91791057718,393753.97479546745,398.86088112361944,1770.7551294855814,22075.906649329485,57485.7040544216,4956.014090363154,33937.81211294043,92459.3481337989,278805.26238388516,65090.04159040042,27054.418974668988,249087.23627263124,82.63091111495666,234.1601494884023,7416.013375085883,48383.48362500442,255.01688131039762,2721.309331987398,12348.96599340658,111257.65583591345,19066.551711985165,22038.759955135345,105994.12008855073,75.50413436594353,217.60222773636525,6261.973117407818,26838.496611490846,244.59263771435926,2637.707178134514,12261.55162230005,61592.692246565646,254682.52360017036,188506.10265910163,477233.16323961876,5226.820539904102,6209.771527856804,51175.65179580549,110155.19825102498,16572.56576434896,76641.55688696167,152115.0019273908,387613.7630674548,250422.67154314087,178552.02926019716,429290.50665407366,5002.8680706181,6017.529916646043,46866.49316231949,85677.54163146208,14746.36200562862,72225.77128023248,139550.56802835112,343029.1968576128,67770.42125685692,10198.136182423475,27555.54744218784,623.1218993619956,908.7183113298901,3370.498207464443,2682.7721084300424,1691.2256564514182,10944.596504897514,9290.898672995918,26107.67838072666,61201.33847195409,10194.805455089696,27544.718587805615,622.6451729415759,907.6637082975008,3356.3639414736413,2674.2015516294477,1686.2874550039792,10927.325426777004,9281.816056988999,26092.209677842122,206821.19329913604,3546.1897641123987,43295.19853259348,212.89005717546576,683.9839905014012,3318.631375617347,4129.591991597214,1723.5823130949625,17053.77911215748,3524.2923735700574,43073.23648110783,206080.07285862454,3545.026780344036,43288.05908127642,212.88627752556917,683.962641538337,3317.4324048504936,4128.796335305664,1723.5043503762024,17053.32530158853,3523.1605826537893,43066.280497197055
M_corr_pair_-0.2,298379.87021849235,232810.80592203003,865844.2583113133,12869.815871190833,19693.939676746868,70628.8987261041,199129.35810892232,19902.596629726097,107442.67754133561,184289.81109456412,587285.932706449,290376.88464512327,205453.41117871163,524281.8195848917,9248.870798942451,16514.06228034287,62139.340029088875,114177.14149808632,17561.62453641576,99902.20203509596,156355.86596255866,400223.09225755336,117748.80719949072,66568.41953702524,423011.7524953186,4265.16544849112,4925.477913275581,29060.66132791617,116839.9613223991,5931.8781288394175,25091.988822838586,45306.8457480214,249686.56002557348,116745.22543247798,54237.59245381479,207068.08717667835,3117.2087664773976,4066.627232288919,23951.689885823558,64695.680042391294,4713.5999448848215,22343.49119543418,43982.36128352132,147152.36988547185,266465.22369870753,190983.55095414823,739795.7223796592,410.9973864313625,1934.8776147430353,24119.379867239062,106082.52794487252,5146.713565638194,34705.886237875005,151865.56330398985,503904.64981573133,229444.6505929752,143099.91791057718,393753.97479546745,398.86088112361944,1770.7551294855814,22322.601922343634,58890.817906788536,4956.014090363154,33937.81211294043,95577.53597866265,285619.18212011096,65090.04159040042,27054.418974668988,249087.23627263124,82.63091111495666,234.1601494884023,7588.880521584147,49873.084427568654,255.01688131039762,2721.309331987398,12565.323385255067,117165.17840813575,19066.551711985165,22038.759955135345,105994.12008855073,75.50413436594353,217.60222773636525,6347.266340138217,27406.561071176187,244.59263771435926,2637.707178134514,12450.19595767656,63319.68046452864,254682.52360017036,188506.10265910163,477233.16323961876,5226.820539904102,6209.771527856804,51559.53749315292,112265.2593152316,16572.56576434896,76641.55688696167,155492.96888026068,394954.9033785515,250422.67154314087,178552.02926019716,429290.50665407366,5002.8680706181,6017.529916646043,47132.16202959442,87014.00381410652,14746.36200562862,72225.77128023248,142611.7002692834,348710.9244614998,67770.42125685692,10198.136182423475,27555.54744218784,623.1218993619956,908.7183113298901,3371.2089549831053,2683.4281484884295,1691.2256564514182,10944.596504897514,9292.71449322123,26114.1293894633,61201.33847195409,10194.805455089696,27544.718587805615,622.6451729415759,907.6637082975008,3356.978227708291,2674.7786883998533,1686.2874550039792,10927.325426777004,9283.435800844063,26098.501553402373,206821.19329913604,3546.1897641123987,43295.19853259348,212.89005717546576,683.9839905014012,3318.631375617347,4129.591991597214,1723.5823130949625,17053.77911215748,3524.2923735700574,43073.23648110783,206080.07285862454,3545.026780344036,43288.05908127642,212.88627752556917,683.962641538337,3317.4324048504936,4128.796335305664,1723.5043503762024,17053.32530158853,3523.1605826537893,43066.280497197055
M_corr_pair_-0.3,298379.87021849235,232810.80592203003,865844.2583113133,12869.815871190833,19693.939676746868,71326.78315465264,207560.550715924,19902.596629726097,107442.67754133561,190464.88510430374,620058.3308104284,290376.88464512327,205453.41117871163,524281.8195848917,9248.870798942451,16514.06228034287,62420.45109383505,117155.39066773,17561.62453641576,99902.20203509596,160606.41117253058,410337.8842388022,117748.80719949072,66568.41953702524,423011.7524953186,4265.16544849112,4925.477913275581,29344.875439747895,120759.31958135754,5931.8781288394175,25091.988822838586,45863.843985351356,264145.04854391137,116745.22543247798,54237.59245381479,207068.08717667835,3117.2087664773976,4066.627232288919,24032.572430187873,66058.30240088627,4713.5999448848215,22343.49119543418,44458.17212483482,151145.6767887136,266465.22369870753,190983.55095414823,739795.7223796592,410.9973864313625,1934.8776147430353,24624.875207062614,110453.14669606263,5146.713565638194,34705.886237875005,157280.85769214158,530584.4791144705,229444.6505929752,143099.91791057718,393753.97479546745,398.86088112361944,1770.7551294855814,22596.484830025416,60477.50277426501,4956.014090363154,33937.81211294043,99093.61642886235,293328.3378615199,65090.04159040042,27054.418974668988,249087.23627263124,82.63091111495666,234.1601494884023,7785.092051948534,51530.970542958195,255.01688131039762,2721.309331987398,12815.511039702256,124226.55177490656,19066.551711985165,22038.759955135345,105994.12008855073,75.50413436594353,217.60222773636525,6442.417761800823,28034.512646781342,244.59263771435926,2637.707178134514,12661.445497482237,65280.568464963195,254682.52360017036,188506.10265910163,477233.16323961876,5226.820539904102,6209.771527856804,51970.666419432506,114546.41936634001,16572.56576434896,76641.55688696167,159115.97132733802,402912.6751132501,250422.67154314087,178552.02926019716,429290.50665407366,5002.8680706181,6017.529916646043,47411.82627974916,88452.50724322702,14746.36200562862,72225.77128023248,145909.1747570765,354868.8204190897,67770.42125685692,10198.136182423475,27555.54744218784,623.1218993619956,908.7183113298901,3372.019522593501,2684.165650398451,1691.2256564514182,10944.596504897514,9294.691326593444,26121.38951188446,61201.33847195409,10194.805455089696,27544.718587805615,622.6451729415759,907.6637082975008,3357.6803854758027,2675.4314887702894,1686.2874550039792,10927.325426777004,9285.196774122476,26105.584619500958,206821.19329913604,3546.1897641123987,43295.19853259348,212.89005717546576,683.9839905014012,3318.631375617347,4129.591991597214,1723.5823130949625,17053.77911215748,3524.2923735700574,43073.23648110783,206080.07285862454,3545.026780344036,43288.05908127642,212.88627752556917,683.962641538337,3317.4324048504936,4128.796335305664,1723.5043503762024,17053.32530158853,3523.1605826537893,43066.280497197055
M_corr_pair_-0.4,298379.87021849235,232810.80592203003,865844.2583113133,12869.815871190833,19693.939676746868,72107.58345189209,217580.55156798245,19902.596629726097,107442.67754133561,197406.71941978007,660724.5735261039,290376.88464512327,205453.41117871163,524281.8195848917,9248.870798942451,16514.06228034287,62713.48878272665,120578.76399736256,17561.62453641576,99902.20203509596,165392.42575019295,421979.4069783821,117748.80719949072,66568.41953702524,423011.7524953186,4265.16544849112,4925.477913275581,29672.309972500894,125240.9290313327,5931.8781288394175,25091.988822838586,46484.72449380154,282035.0658188241,116745.22543247798,54237.59245381479,207068.08717667835,3117.2087664773976,4066.627232288919,24120.570559118845,67582.07131419731,4713.5999448848215,22343.49119543418,44974.26499957834,155719.34643105196,266465.22369870753,190983.55095414823,739795.7223796592,410.9973864313625,1934.8776147430353,25210.504001699,115522.12640239543,5146.713565638194,34705.886237875005,163333.54096846087,562948.0864749196,229444.6505929752,143099.91791057718,393753.97479546745,398.86088112361944,1770.7551294855814,22901.019108175264,62282.716770982224,4956.014090363154,33937.81211294043,103084.84999552878,302123.49091701617,65090.04159040042,27054.418974668988,249087.23627263124,82.63091111495666,234.1601494884023,8008.376632645427,53385.37074284652,255.01688131039762,2721.309331987398,13106.117504145437,132841.8978647855,19066.551711985165,22038.759955135345,105994.12008855073,75.50413436594353,217.60222773636525,6548.450982165134,28730.81223889863,244.59263771435926,2637.707178134514,12898.054477090083,67524.11798900114,254682.52360017036,188506.10265910163,477233.16323961876,5226.820539904102,6209.771527856804,52412.60608837654,117021.28395781903,16572.56576434896,76641.55688696167,163011.39418580028,411571.30828058795,250422.67154314087,178552.02926019716,429290.50665407366,5002.8680706181,6017.529916646043,47706.8095140178,90005.68689022026,14746.36200562862,72225.77128023248,149471.08042673446,361567.479662578,67770.42125685692,10198.136182423475,27555.54744218784,623.1218993619956,908.7183113298901,3372.942332172794,2684.989071744569,1691.2256564514182,10944.596504897514,9296.85437091438,26129.57160346597,61201.33847195409,10194.805455089696,27544.718587805615,622.6451729415759,907.6637082975008,3358.481009674875,2676.1634819646897,1686.2874550039792,10927.325426777004,9287.120817043944,26113.567200840254,206821.19329913604,3546.1897641123987,43295.19853259348,212.89005717546576,683.9839905014012,3318.631375617347,4129.591991597214,1723.5823130949625,17053.77911215748,3524.2923735700574,43073.23648110783,206080.07285862454,3545.026780344036,43288.05908127642,212.88627752556917,683.962641538337,3317.4324048504936,4128.796335305664,1723.5043503762024,17053.32530158853,3523.1605826537893,43066.280497197055
M_corr_pair_-0.5,298379.87021849235,232810.80592203003,865844.2583113133,12869.815871190833,19693.939676746868,72994.29897238886,229776.747001409,19902.596629726097,107442.67754133561,205304.56405178714,713061.0265287551,290376.88464512327,205453.41117871163,524281.8195848917,9248.870798942451,16514.06228034287,63019.80932211415,124579.58983065114,17561.62453641576,99902.20203509596,170852.1537415493,435613.1289966896,117748.80719949072,66568.41953702524,423011.7524953186,4265.16544849112,4925.477913275581,30055.264941347723,130436.69266105795,5931.8781288394175,25091.988822838586,47186.11468218549,304948.96405344986,116745.22543247798,54237.59245381479,207068.08717667835,3117.2087664773976,4066.627232288919,24217.10496218342,69304.00003698653,4713.5999448848215,22343.49119543418,45538.047759760004,161033.3086328606,266465.22369870753,190983.55095414823,739795.7223796592,410.9973864313625,1934.8776147430353,25895.207433074225,121487.58904997079,5146.713565638194,34705.886237875005,170159.42821446582,603317.9933679515,229444.6505929752,143099.91791057718,393753.97479546745,398.86088112361944,1770.7551294855814,23240.681367536436,64356.27231644949,4956.014090363154,33937.81211294043,107653.46700758918,312264.0342108486,65090.04159040042,27054.418974668988,249087.23627263124,82.63091111495666,234.1601494884023,8263.617999589373,55472.62244468857,255.01688131039762,2721.309331987398,13446.148462873087,143640.01115173195,19066.551711985165,22038.759955135345,105994.12008855073,75.50413436594353,217.60222773636525,6666.708402694346,29506.30111838559,244.59263771435926,2637.707178134514,13163.658342653554,70116.65568638573,254682.52360017036,188506.10265910163,477233.16323961876,5226.820539904102,6209.771527856804,52890.03256104798,119718.00442780614,16572.56576434896,76641.55688696167,167212.95843356647,421036.03607067664,250422.67154314087,178552.02926019716,429290.50665407366,5002.8680706181,6017.529916646043,48018.851642974165,91689.40969171833,14746.36200562862,72225.77128023248,153332.40129118966,368888.5697624845,67770.42125685692,10198.136182423475,27555.54744218784,623.1218993619956,908.7183113298901,3373.994214496955,2685.905635147831,1691.2256564514182,10944.596504897514,9299.234892096112,26138.82409322496,61201.33847195409,10194.805455089696,27544.718587805615,622.6451729415759,907.6637082975008,3359.3945307244144,2676.980772811788,1686.2874550039792,10927.325426777004,9289.234954039948,26122.59190446597,206821.19329913604,3546.1897641123987,43295.19853259348,212.89005717546576,683.9839905014012,3318.631375617347,4129.591991597214,1723.5823130949625,17053.77911215748,3524.2923735700574,43073.23648110783,206080.07285862454,3545.026780344036,43288.05908127642,212.88627752556917,683.962641538337,3317.4324048504936,4128.796335305664,1723.5043503762024,17053.32530158853,3523.1605826537893,43066.280497197055
M_corr_pair_-0.6,298379.87021849235,232810.80592203003,865844.2583113133,12869.815871190833,19693.939676746868,74021.50450780327,245106.56511543217,19902.596629726097,107442.67754133561,214432.25192779917,784005.9095310896,290376.88464512327,205453.41117871163,524281.8195848917,9248.870798942451,16514.06228034287,63341.3950874396,129357.54612453077,17561.62453641576,99902.20203509596,177187.4787789196,451949.66534683784,117748.80719949072,66568.41953702524,423011.7524953186,4265.16544849112,4925.477913275581,30511.762963334106,136566.3951361874,5931.8781288394175,25091.988822838586,47992.43662352302,335757.14599700103,116745.22543247798,54237.59245381479,207068.08717667835,3117.2087664773976,4066.627232288919,24324.148033682795,71275.84478852247,4713.5999448848215,22343.49119543418,46159.645296033385,167321.97486621133,266465.22369870753,190983.55095414823,739795.7223796592,410.9973864313625,1934.8776147430353,26705.072214970627,128637.93917313799,5146.713565638194,34705.886237875005,177942.75535121912,655616.0778855865,229444.6505929752,143099.91791057718,393753.97479546745,398.86088112361944,1770.7551294855814,23621.2071398648,66766.58099448288,4956.014090363154,33937.81211294043,112936.71243087354,324110.4612400545,65090.04159040042,27054.418974668988,249087.23627263124,82.63091111495666,234.1601494884023,8557.215318298862,57839.91982914138,255.01688131039762,2721.309331987398,13848.016313587981,157676.09761609725,19066.551711985165,22038.759955135345,105994.12008855073,75.50413436594353,217.60222773636525,6798.905663637492,30374.871789634493,244.59263771435926,2637.707178134514,13462.977322248576,73150.21005970561,254682.52360017036,188506.10265910163,477233.16323961876,5226.820539904102,6209.771527856804,53409.07217234951,122671.87548520968,16572.56576434896,76641.55688696167,171762.32468329332,431439.3573705259,250422.67154314087,178552.02926019716,429290.50665407366,5002.8680706181,6017.529916646043,48350.20234850852,93523.67857430546,14746.36200562862,72225.77128023248,157536.83331562218,376936.01739050815,67770.42125685692,10198.136182423475,27555.54744218784,623.1218993619956,908.7183113298901,3375.1974755881292,2686.925568950184,1691.2256564514182,10944.596504897514,9301.872187754967,26149.34057123974,61201.33847195409,10194.805455089696,27544.718587805615,622.6451729415759,907.6637082975008,3360.4401052684566,2677.892211047815,1686.2874550039792,10927.325426777004,9291.573054640821,26132.844632069213,206821.19329913604,3546.1897641123987,43295.19853259348,212.89005717546576,683.9839905014012,3318.631375617347,4129.591991597214,1723.5823130949625,17053.77911215748,3524.2923735700574,43073.23648110783,206080.07285862454,3545.026780344036,43288.05908127642,212.88627752556917,683.962641538337,3317.4324048504936,4128.796335305664,1723.5043503762024,17053.32530158853,3523.1605826537893,43066.280497197055
M_corr_pair_-0.7,298379.87021849235,232810.80592203003,865844.2583113133,12869.815871190833,19693.939676746868,,,19902.596629726097,107442.67754133561,,,290376.88464512327,205453.41117871163,524281.8195848917,9248.870798942451,16514.06228034287,,,17561.62453641576,99902.20203509596,,,117748.80719949072,66568.41953702524,423011.7524953186,4265.16544849112,4925.477913275581,,,5931.8781288394175,25091.988822838586,,,116745.22543247798,54237.59245381479,207068.08717667835,3117.2087664773976,4066.627232288919,,,4713.5999448848215,22343.49119543418,,,266465.22369870753,190983.55095414823,739795.7223796592,410.9973864313625,1934.8776147430353,,,5146.713565638194,34705.886237875005,,,229444.6505929752,143099.91791057718,393753.97479546745,398.86088112361944,1770.7551294855814,,,4956.014090363154,33937.81211294043,,,65090.04159040042,27054.418974668988,249087.23627263124,82.63091111495666,234.1601494884023,,,255.01688131039762,2721.309331987398,,,19066.551711985165,22038.759955135345,105994.12008855073,75.50413436594353,217.60222773636525,,,244.59263771435926,2637.707178134514,,,254682.52360017036,188506.10265910163,477233.16323961876,5226.820539904102,6209.771527856804,,,16572.56576434896,76641.55688696167,,,250422.67154314087,178552.02926019716,429290.50665407366,5002.8680706181,6017.529916646043,,,14746.36200562862,72225.77128023248,,,67770.42125685692,10198.136182423475,27555.54744218784,623.1218993619956,908.7183113298901,,,1691.2256564514182,10944.596504897514,,,61201.33847195409,10194.805455089696,27544.718587805615,622.6451729415759,907.6637082975008,,,1686.2874550039792,10927.325426777004,,,206821.19329913604,3546.1897641123987,43295.19853259348,212.89005717546576,683.9839905014012,3318.631375617347,4129.591991597214,1723.5823130949625,17053.77911215748,3524.2923735700574,43073.23648110783,206080.07285862454,3545.026780344036,43288.05908127642,212.88627752556917,683.962641538337,3317.4324048504936,4128.796335305664,1723.5043503762024,17053.32530158853,3523.1605826537893,43066.280497197055
M_corr_pair_-0.8,298379.87021849235,232810.80592203003,865844.2583113133,12869.815871190833,19693.939676746868,,,19902.596629726097,107442.67754133561,,,290376.88464512327,205453.41117871163,524281.8195848917,9248.870798942451,16514.06228034287,,,17561.62453641576,99902.20203509596,,,117748.80719949072,66568.41953702524,423011.7524953186,4265.16544849112,4925.477913275581,,,5931.8781288394175,25091.988822838586,,,116745.22543247798,54237.59245381479,207068.08717667835,3117.2087664773976,4066.627232288919,,,4713.5999448848215,22343.49119543418,,,266465.22369870753,190983.55095414823,739795.7223796592,410.9973864313625,1934.8776147430353,,,5146.713565638194,34705.886237875005,,,229444.6505929752,143099.91791057718,393753.97479546745,398.86088112361944,1770.7551294855814,,,4956.014090363154,33937.81211294043,,,65090.04159040042,27054.418974668988,249087.23627263124,82.63091111495666,234.1601494884023,,,255.01688131039762,2721.309331987398,,,19066.551711985165,22038.759955135345,105994.12008855073,75.50413436594353,217.60222773636525,,,244.59263771435926,2637.707178134514,,,254682.52360017036,188506.10265910163,477233.16323961876,5226.820539904102,6209.771527856804,,,16572.56576434896,76641.55688696167,,,250422.67154314087,178552.02926019716,429290.50665407366,5002.8680706181,6017.529916646043,,,14746.36200562862,72225.77128023248,,,67770.42125685692,10198.136182423475,27555.54744218784,623.1218993619956,908.7183113298901,,,1691.2256564514182,10944.596504897514,,,61201.33847195409,10194.805455089696,27544.718587805615,622.6451729415759,907.6637082975008,,,1686.2874550039792,10927.325426777004,,,206821.19329913604,3546.1897641123987,43295.19853259348,212.89005717546576,683.9839905014012,3318.631375617347,4129.591991597214,1723.5823130949625,17053.77911215748,3524.2923735700574,43073.23648110783,206080.07285862454,3545.026780344036,43288.05908127642,212.88627752556917,683.962641538337,3317.4324048504936,4128.796335305664,1723.5043503762024,17053.32530158853,3523.1605826537893,43066.280497197055
M_corr_pair_-0.9,298379.87021849235,232810.80592203003,865844.2583113133,12869.815871190833,19693.939676746868,78705.16059069287,338171.0157339577,19902.596629726097,107442.67754133561,254945.73866440257,1460797.3678260443,290376.88464512327,205453.41117871163,524281.8195848917,9248.870798942451,16514.06228034287,64434.983322590415,152920.14192452116,17561.62453641576,99902.20203509596,205678.45023525236,534025.0803058121,117748.80719949072,66568.41953702524,423011.7524953186,4265.16544849112,4925.477913275581,32693.06758522767,165075.16647718218,5931.8781288394175,25091.988822838586,51548.64856832887,606081.1321633975,116745.22543247798,54237.59245381479,207068.08717667835,3117.2087664773976,4066.627232288919,24743.303315683075,79660.5949768677,4713.5999448848215,22343.49119543418,48548.013522998815,196972.26284880535,266465.22369870753,190983.55095414823,739795.7223796592,410.9973864313625,1934.8776147430353,30346.489919550168,163160.91963984072,5146.713565638194,34705.886237875005,210255.3367135648,1015569.7168408342,229444.6505929752,143099.91791057718,393753.97479546745,398.86088112361944,1770.7551294855814,25093.2857985296,77233.40664131216,4956.014090363154,33937.81211294043,135379.44036380656,376481.45240174467,65090.04159040042,27054.418974668988,249087.23627263124,82.63091111495666,234.1601494884023,9768.537501831643,67360.58281247485,255.01688131039762,2721.309331987398,15641.936055103839,253799.5226659445,19066.551711985165,22038.759955135345,105994.12008855073,75.50413436594353,217.60222773636525,7304.001177598529,33748.58790675232,244.59263771435926,2637.707178134514,14634.481950528807,86570.82721619438,254682.52360017036,188506.10265910163,477233.16323961876,5226.820539904102,6209.771527856804,55312.35932795225,133594.59876679388,16572.56576434896,76641.55688696167,188092.08619560068,470244.61984668556,250422.67154314087,178552.02926019716,429290.50665407366,5002.8680706181,6017.529916646043,49494.01330545716,100225.50307334482,14746.36200562862,72225.77128023248,172843.30784014333,407004.7001910932,67770.42125685692,10198.136182423475,27555.54744218784,623.1218993619956,908.7183113298901,3380.0628029795052,2690.7682417036303,1691.2256564514182,10944.596504897514,9311.907313857695,26191.453006663956,61201.33847195409,10194.805455089696,27544.718587805615,622.6451729415759,907.6637082975008,3364.66701744787,2681.3339070639963,1686.2874550039792,10927.325426777004,9300.430637132324,26173.823374099244,206821.19329913604,3546.1897641123987,43295.19853259348,212.89005717546576,683.9839905014012,3318.631375617347,4129.591991597214,1723.5823130949625,17053.77911215748,3524.2923735700574,43073.23648110783,206080.07285862454,3545.026780344036,43288.05908127642,212.88627752556917,683.962641538337,3317.4324048504936,4128.796335305664,1723.5043503762024,17053.32530158853,3523.1605826537893,43066.280497197055
