,ssgsggG_SNR2,ssgsggG_FoM1U,ssgsggG_FoM2U,ssgsggG_FoM1,ssgsggG_FoM2,ssgsggG_FoM1P,ssgsggG_FoM2P,ssgsggG_FoM1N,ssgsggG_FoM2N,ssgsggG_FoM1NP,ssgsggG_FoM2NP,ssgsggNG_SNR2,ssgsggNG_FoM1U,ssgsggNG_FoM2U,ssgsggNG_FoM1,ssgsggNG_FoM2,ssgsggNG_FoM1P,ssgsggNG_FoM2P,ssgsggNG_FoM1N,ssgsggNG_FoM2N,ssgsggNG_FoM1NP,ssgsggNG_FoM2NP,ssgsG_SNR2,ssgsG_FoM1U,ssgsG_FoM2U,ssgsG_FoM1,ssgsG_FoM2,ssgsG_FoM1P,ssgsG_FoM2P,ssgsG_FoM1N,ssgsG_FoM2N,ssgsG_FoM1NP,ssgsG_FoM2NP,ssgsNG_SNR2,ssgsNG_FoM1U,ssgsNG_FoM2U,ssgsNG_FoM1,ssgsNG_FoM2,ssgsNG_FoM1P,ssgsNG_FoM2P,ssgsNG_FoM1N,ssgsNG_FoM2N,ssgsNG_FoM1NP,ssgsNG_FoM2NP,ssggG_SNR2,ssggG_FoM1U,ssggG_FoM2U,ssggG_FoM1,ssggG_FoM2,ssggG_FoM1P,ssggG_FoM2P,ssggG_FoM1N,ssggG_FoM2N,ssggG_FoM1NP,ssggG_FoM2NP,ssggNG_SNR2,ssggNG_FoM1U,ssggNG_FoM2U,ssggNG_FoM1,ssggNG_FoM2,ssggNG_FoM1P,ssggNG_FoM2P,ssggNG_FoM1N,ssggNG_FoM2N,ssggNG_FoM1NP,ssggNG_FoM2NP,ssG_SNR2,ssG_FoM1U,ssG_FoM2U,ssG_FoM1,ssG_FoM2,ssG_FoM1P,ssG_FoM2P,ssG_FoM1N,ssG_FoM2N,ssG_FoM1NP,ssG_FoM2NP,ssNG_SNR2,ssNG_FoM1U,ssNG_FoM2U,ssNG_FoM1,ssNG_FoM2,ssNG_FoM1P,ssNG_FoM2P,ssNG_FoM1N,ssNG_FoM2N,ssNG_FoM1NP,ssNG_FoM2NP,gsggG_SNR2,gsggG_FoM1U,gsggG_FoM2U,gsggG_FoM1,gsggG_FoM2,gsggG_FoM1P,gsggG_FoM2P,gsggG_FoM1N,gsggG_FoM2N,gsggG_FoM1NP,gsggG_FoM2NP,gsggNG_SNR2,gsggNG_FoM1U,gsggNG_FoM2U,gsggNG_FoM1,gsggNG_FoM2,gsggNG_FoM1P,gsggNG_FoM2P,gsggNG_FoM1N,gsggNG_FoM2N,gsggNG_FoM1NP,gsggNG_FoM2NP,gsG_SNR2,gsG_FoM1U,gsG_FoM2U,gsG_FoM1,gsG_FoM2,gsG_FoM1P,gsG_FoM2P,gsG_FoM1N,gsG_FoM2N,gsG_FoM1NP,gsG_FoM2NP,gsNG_SNR2,gsNG_FoM1U,gsNG_FoM2U,gsNG_FoM1,gsNG_FoM2,gsNG_FoM1P,gsNG_FoM2P,gsNG_FoM1N,gsNG_FoM2N,gsNG_FoM1NP,gsNG_FoM2NP,ggG_SNR2,ggG_FoM1U,ggG_FoM2U,ggG_FoM1,ggG_FoM2,ggG_FoM1P,ggG_FoM2P,ggG_FoM1N,ggG_FoM2N,ggG_FoM1NP,ggG_FoM2NP,ggNG_SNR2,ggNG_FoM1U,ggNG_FoM2U,ggNG_FoM1,ggNG_FoM2,ggNG_FoM1P,ggNG_FoM2P,ggNG_FoM1N,ggNG_FoM2N,ggNG_FoM1NP,ggNG_FoM2NP
base,2358598.9666201407,349600.1325798548,1356319.4742544016,92246.89766177663,72574.530260746,204682.75731067968,355524.91797203966,106835.20459527262,277684.3601311993,233469.13943187645,643389.2049966872,3592206.7354523106,336672.5869553024,1324510.8547442262,63920.30122338858,56769.18733445753,182722.23970409823,227868.3448247341,87997.49058068664,250771.8372663293,222748.1188801754,527862.7916718734,256914.07693529478,127422.69605729578,699176.4550381424,7037.5181412378915,7322.5920966933,50385.936361314976,148310.24723126378,8556.064610716956,23112.77127944197,57277.82272641161,240505.55028074814,269804.01863172214,75636.7901769952,300517.30525002966,5462.203107741141,6201.8063415335155,43056.768886269834,94494.880980478,6788.353684549821,20546.89080762173,51286.56691559696,154888.2613257681,2328916.3064313987,251147.3943110248,999207.0983860414,1182.881809422215,4097.935710325989,137079.09534648966,268138.9240507375,11242.636684814937,80889.63903646698,190050.32076822448,559002.00255162,2185635.569704133,244423.61283166308,647284.1779198953,1178.6958999596152,4014.956632024928,135784.61694628475,178131.88764317252,11128.308956765237,80450.91493366518,183020.02240852755,451667.93202775065,138748.73145957003,39378.81555929338,333392.1714959004,82.0823018606649,201.46123637512926,9045.64757005716,52349.89045049128,209.47762055744556,2112.4148113957076,13102.288769160166,103080.80176504848,50835.23392073254,29600.95328801066,159098.91435570954,79.75467770634128,196.390612420119,8151.469839149551,34625.333839980165,205.55208765564834,2071.442870131987,13010.781237008936,68524.04998406288,2343838.0659359368,298309.24544061464,888411.2587633593,8765.823106077643,18548.83574011217,191208.31769724787,308694.72756462597,38905.6653000896,160907.2189898469,220194.44728546366,585908.2248744873,2170974.74368231,278345.2301262838,670978.5260254584,8123.445690105336,16183.024232547446,177241.7313558009,208736.1617946273,34067.10650063552,149702.69765037548,218299.83061291042,506955.94524680864,212047.14750383602,18732.806650861814,33068.54832466989,1671.5374179200242,2026.8738496440521,16492.781840572316,7248.706170312878,3224.2149229334764,13105.905304933805,16919.437494790614,30921.678256826694,163351.1842532329,18588.042222014243,32873.51185412763,1665.0454546659455,2022.5398427990344,16345.960997506065,7202.566367726358,3214.778657791266,13085.727800799628,16795.455408009602,30803.942403376863,2322766.1891434947,156714.51804720363,341639.20301759505,778.1817381910138,2439.1540206282834,115662.64464765403,40395.46146429106,8015.701926401298,67434.76637063516,146514.55480068622,328807.03716452274,2152701.675562159,155998.15990520426,340807.75642751897,776.8677360954259,2436.86105749391,114875.99906289042,40244.473451865495,8013.822629344791,67423.91678473633,146185.5563583225,328404.11693546316
tomo_0to3,900177.5850816532,53921.48876238981,230992.94795708644,21320.945450208594,9883.55629985583,39153.3629628289,96584.69670433571,22478.159472263527,37662.703712593,43469.35795353302,139015.57936809078,800939.3565266442,51800.32715783793,134118.43881386588,12419.117904114906,7135.145699419107,37679.63730563246,61429.581841301406,12602.631378459964,28014.7292067479,41366.735219252456,96945.43745831371,70138.91260295834,9368.409634635585,86088.18275985421,1559.6978817999288,1044.1680955046472,3682.926594130243,22147.978123298504,2361.1339497565727,4352.238512340018,6654.699916139461,47386.394480300114,46840.025390414354,8903.12219419438,45747.52429692057,1371.2355447711448,929.6981868064873,3581.677983557059,15424.061809209006,1792.5980087146995,3785.4540541288075,6534.9436990513905,29765.8423585821,892992.109324191,47617.58142797162,183894.25317361727,540.8022547508095,988.7259260992703,36088.218590551405,81477.80028922812,1222.1816208476814,7919.478954345768,39954.99497027534,117032.71401172136,794483.1731419901,47345.79105479634,109637.8304698717,536.9767064480949,960.0018803419927,35839.71429484879,51963.03232414037,1193.8156790900625,7820.276533812474,39509.01905956865,82893.0226146548,19971.88955539871,2220.2665205837457,33424.80469856087,7.522352014949723,20.661112273405468,910.2832182601104,8768.264348903065,26.88702105860874,269.6115410664628,1781.6662167286938,20390.562029015386,7011.18915014244,2167.3761504479,19107.418292643917,7.478812772818855,20.48082467620393,899.810898190761,6593.397053907324,26.57092003896799,267.011664703612,1724.7013622760066,13017.226037817743,898418.5536296669,53219.21186710505,205990.0738860242,2570.4862308554516,2838.0888937560885,38001.1767689522,88811.10459116413,3486.671424831402,14510.268611169844,41143.7031258654,130721.14707150395,797634.299372927,51230.80685287617,125193.03023986937,2424.2626547295154,2683.0569791392595,37312.349127726935,58114.456276809775,3214.866817201367,13872.807729998494,40923.900958916434,93464.17510650515,66308.98920448817,4914.007655675523,6841.1732263390795,336.84340429142225,289.70588758736994,2757.2111913800723,966.072510691204,511.0121003388133,1962.5113146726994,4395.486916565902,5994.694264101205,35720.84786335725,4846.652432811833,6747.945265721302,335.10176421279226,288.9099858271226,2744.533757092573,961.6125869523413,508.99465575124344,1958.513085340848,4325.84315742696,5939.826467666076,891284.8608058173,44781.45946586228,55971.284165448626,444.3973683800736,702.4097255450479,34385.461625156204,8686.66724447925,1007.3271529852739,7001.481433106423,37583.569440587664,50626.060224753855,790894.7596751697,44063.40528810529,55435.73288037613,443.48834164005046,701.559131577669,34093.946795123346,8641.372747985042,1006.3011987104522,6994.35849203103,37242.920341174155,50341.47615026407
tomo_1to4,1028413.1223497416,56912.54712017877,262448.0904927865,10383.291086553667,7127.638252767581,47204.382372789274,119209.48864160909,12648.728457360983,32224.935214786758,47648.99539676313,164750.61148855486,890241.8204140875,53641.712908741865,160720.2176132977,8755.644753222297,6346.213383676487,46689.651475486084,76818.21352676558,10563.427399115948,29397.492347821637,47108.302552793524,122448.54160727536,70139.67677969464,10254.149827321062,104796.44537243819,793.0294110340956,1021.9450303279123,5529.875126954425,32418.232788368838,1522.8717568383347,4394.938118919727,7128.953431752055,56478.49688349142,49014.49793785201,9586.272761062668,52332.31691248111,770.4338978192561,964.017990582526,5409.804045556198,21514.83260407762,1404.5038321347515,4211.352265315942,6926.744136700009,34886.701785234814,1017329.8664202541,46466.943200217225,224541.05782671817,170.6589725677494,755.3436694659604,42980.67982966419,105229.30786404073,1268.0300682251668,9317.841911475512,43383.02832207136,147114.49591918327,881661.6342933819,46164.94446083732,130017.32760723835,162.93731982419575,719.9838698608654,42724.23175726062,67513.83745466391,1262.9181870469283,9287.079649953968,43146.05942768244,107044.84962893664,38068.457800231445,4703.22275008906,65788.77906097563,11.364826788938824,28.325885736231985,1445.1707005523167,13157.007435772233,37.80092198497026,419.88317186531583,3098.9792175822704,33317.48682849899,10807.625525666355,4509.281981110665,32821.618171336246,11.313158958902012,28.16582180120398,1420.5338775440875,9765.743937361789,37.30433086446716,413.58898443128396,2970.185519265265,21129.36029089122,1003777.5460189179,49590.987919919025,150158.6894938474,855.6654013222314,1624.7123873282283,44407.22704380237,56217.60376038805,1962.0110043780464,12134.665757954976,44863.53428082441,105532.4303937365,884102.7201124865,49357.86019738233,134109.78165201156,852.9023673684381,1620.6651135164655,44063.815668665746,53100.37327021823,1954.7293071996223,12096.20742134314,44657.76625792483,101084.53168211959,52464.37879114956,3266.956985135489,6481.270669569098,68.75363032095048,168.07523321655424,2105.687224397673,976.3333715353629,234.13476083937567,1587.2687696186726,2439.147295617203,5384.254278479699,45469.64646660917,3265.398307637712,6479.461788527918,68.74707114240246,168.05898383117835,2104.9663305404806,976.1408335366986,234.10627511128993,1587.0451127841125,2438.726237371708,5383.5969515281895,999384.8504945389,42838.31267786802,67411.89210793562,46.74472626968321,306.4380189441595,38986.76253607513,11537.907641817179,1118.5874493836857,8633.8282800898,41202.64785939681,65558.3986914424,869112.0405059305,42736.32257477339,67299.19840075164,46.729595559298495,306.3474527568017,38878.49043239487,11521.789385370066,1118.5675507059698,8630.600473124854,41111.82100749996,65455.60902964149
tomo_2to5,1147133.6248801025,72559.36940568192,347778.0489526606,6676.590106503947,6751.4253042855125,51599.877854370134,133600.54247519904,11634.961143462484,35484.85304819446,60469.67723661099,206001.9177601536,985981.737331681,66555.29680550555,201352.01795772847,6244.39057161859,6362.600764437725,50486.58452317022,87703.92084317551,10917.128939615775,34287.492192478094,58881.46077782689,155269.76711307862,85809.85624108362,13999.800580403153,144501.83852460526,644.9023711907447,913.8426496233709,8511.809668531327,44012.27735464746,1521.0671436531657,4980.522855177845,9637.863925569076,71659.64120144704,51711.77051930752,13357.699972830713,71450.47454461793,637.1590231756319,889.0636190977432,8364.37140010958,29957.578948709535,1459.724753774181,4841.252488951398,9376.632451718402,46615.39740619018,1135893.945483471,56090.82202335481,296592.77948587626,164.5434869122315,909.3450038640717,41168.97829021715,113171.2599311074,2618.3236614189686,15615.560534056458,51055.830545146106,181652.38381394392,979363.9162024565,55028.53738689838,169315.92333418728,160.73956646274226,887.8786615510695,40566.29281711213,75794.21030788602,2610.5359030060617,15550.374256779634,50887.70191727284,138386.9718583489,60115.47685645663,7352.825026154697,100428.51919776069,16.536894332367226,35.2707239243638,1926.5647983020801,17310.253485320492,50.296439454354946,596.7880002288372,4137.2640960126855,43334.680623017564,16424.210596051144,7107.35354127974,49356.81614922627,16.354030738001693,35.00813104170101,1905.0701901367136,12957.574216271763,49.92414313740896,587.5437027553178,3947.3764401475655,28651.31261190574,1098816.664750509,56484.17629477363,145198.19832548223,405.5221576817191,1366.197796073054,39988.860986034786,44715.86191924971,2871.5072155927587,16258.809482870043,51899.80474923403,112661.74081679316,974151.2029713979,56431.61955428601,141011.17628268574,404.82696900909605,1364.9680636139003,39932.22271016116,43824.85921784424,2870.112044334578,16250.653957207782,51873.20220602037,111731.85791313437,45162.8091643358,4150.7849587393,7767.060621971673,92.35682337525574,172.1258282035371,1029.4218540369266,803.8695101876107,312.97368174024086,1879.6885185413628,3167.669400310579,6669.26236370982,43377.406219878365,4150.1523503201115,7766.446676461598,92.35266270638722,172.1178430558175,1029.375295080437,803.8284366359641,312.9710530503033,1879.6750664662027,3167.5822702944533,6669.151008481507,1095199.49242536,48247.47790667037,87404.59756751188,44.91415108149318,372.2449022241764,30054.792102539916,12594.722443383027,2280.432202939921,14241.61997372294,47096.674342652834,85494.6234670887,964013.6375893241,48239.17521451256,87391.56425854245,44.90899169918937,372.1958903066437,30031.975021694165,12589.858179144227,2280.3910192723847,14239.436737167556,47088.77498887689,85481.93945722604
tomo_3to6,1313949.486290779,105383.26323328332,489130.868941278,5406.468511765818,6449.808447565577,62089.323912269414,150458.45146821716,15981.239173637467,54940.91810602801,89217.75547706179,280694.03046746814,1148380.0432737805,102345.60234158342,297644.9203843803,5133.9754054851455,6121.42727579245,60687.54748717003,104523.08329445698,15248.943836155,53564.415467520885,88661.73170509149,228924.18402196126,112593.44602798126,19201.823935462948,193991.41488627502,433.44373465336105,797.6460195213178,9984.202063275474,49666.24468159589,1466.0197832609615,5969.53312198334,12891.11571216024,87106.40332990495,59867.33649353147,18565.251498617432,98999.79668785604,430.82103773217443,787.8821958656683,9915.76996468377,36128.05382084107,1435.9830944896287,5858.790915538883,12620.354562689492,61302.85036917662,1301847.6653780835,83783.09846525129,425997.6369752391,141.03361432663496,917.3637528194383,43858.95772893816,121592.96141585417,3564.2072471750785,24271.433466824048,76184.3507079,252802.99190574372,1143613.650786424,83599.23786272081,258111.74378486298,139.69530886047679,901.1824210745507,42636.69326729636,86095.61689541193,3558.378881151962,24209.980755249104,75674.19933498517,207433.92524842295,86817.1143410622,11019.440340140412,142499.2185951433,17.755576384662266,38.05958940453244,2478.631075731627,20971.942841018168,70.45089749101616,860.9622909219385,5167.360647212598,51725.54588854772,24941.246575672238,10664.666449446619,71884.72919467384,17.491575387057598,37.74973999074218,2452.1971125522496,16211.930733189147,69.85604601311985,845.9594273344076,4966.783185277801,36573.93023402742,1238272.366735557,95215.77804782719,208245.70613949682,324.575672762696,1209.3712769331983,38757.71260523881,36616.4287220092,3627.8319449528835,24333.665090553903,83999.47041529517,172686.25699296244,1128824.5549017272,94896.34884388564,206528.35271866943,324.48185905430637,1208.8295196940448,38740.424609592956,36327.61797141581,3625.523296025936,24325.60117273697,83910.62526807941,172331.52098770096,44691.96322541413,5459.946196885015,10422.844711364021,50.16022921454522,104.72883568051338,624.4286473657111,767.7271176499413,469.8398861076202,2840.6229686805955,4534.589453471484,9459.540787867618,44128.124160762505,5459.5949456841,10422.497681757985,50.159472914308324,104.72769099210718,624.4186523319123,767.7147813999624,469.8389388469886,2840.618525661114,4534.492501977077,9459.435761275512,1234825.0307025402,72949.93755298041,145207.3365477736,93.2947630348997,560.9884248225469,21953.712773306666,11982.443743628906,3092.86557004764,22153.518417390653,71198.98130659622,142132.84294321254,1122634.8041843702,72948.79165308508,145204.89020997178,93.29327716082067,560.9625316724156,21949.32895916073,11981.183772697967,3092.8331221157823,22153.254393015708,71197.89689319723,142130.52148442325
tomo_4to7,1596324.7712352597,219550.98471359603,842473.0659127394,12159.642279419864,12842.877925856135,97155.84976731653,189188.3772357496,45232.35810266818,167044.0377137643,167579.26661659495,468547.4505956063,1437721.636752305,212517.49329034486,566944.180263463,11754.216168552664,12205.168370388848,95658.55803689054,141356.14728776496,43142.43649428393,162749.40066265076,161795.2594666401,412461.3471791927,160587.26239077657,31138.52157769272,279301.40462979476,317.5872083983137,836.6503734593108,14687.335879314021,62893.62241690792,1763.9054019909008,9104.169153458522,20403.25937267458,113521.35401515506,87647.14789541329,30312.570097099804,152880.55034682047,316.5833642316632,828.2726438426998,14562.199727257446,48426.60590267561,1748.5612026833783,9021.233555203398,20063.269617152404,87212.68884250261,1579656.1068916754,193126.84058308584,772780.1988004136,238.91275988437886,1469.7901992951267,63526.2570635757,147316.8013792765,7663.555164880552,63951.679969574616,153745.41185523613,441304.5697162178,1430928.1045023175,179778.88326156393,506326.23751494207,237.83511444243524,1447.6509398724445,61772.92342690074,112118.53354457716,7655.323705430349,63885.8197092255,142787.4170266929,383032.27142892417,121655.29979612168,19768.371029608174,215675.24906543028,15.218301599292438,49.77580970782748,3439.0126782720977,25467.41216230887,127.0830743921976,1443.9695004506864,7366.634040929904,63827.21911984386,39970.11690871397,18915.591459970798,114677.14548398012,15.072693792851192,49.44383841137504,3397.873396562706,20800.02622260505,125.83353147885276,1422.4509833292548,7177.957448714661,48832.32416340138,1488048.741475661,196291.83119603424,419235.0169654069,1675.0552342523088,2721.8778938869536,68807.88491592642,50330.40431547743,8518.07247752946,67869.08855865711,149920.8329676664,337961.9176213228,1406089.8198202616,195415.56683359688,417635.291329575,1674.0800751302102,2720.6497348455605,68765.40408679175,50150.40332202956,8515.266541276847,67857.49693373645,149748.96893480132,337686.0319278643,60559.59842580797,6783.919162588919,16233.202577205622,48.14016867555195,88.69809449692836,563.9548262621395,745.3710787104458,602.0034099964777,4581.6243310963555,6104.3219928786875,15353.415663115127,60311.81025275052,6783.760419126103,16233.007855393946,48.139714567439725,88.6975179913654,563.9515671515951,745.3674148790202,602.0030128449558,4581.6220584877465,6104.241732076591,15353.310529861677,1482330.7126420499,115677.45461698923,280976.3860632978,104.60708527918,587.4562342475813,15501.567402769122,12869.112489507232,6203.340583045735,56896.7166781633,112322.90331916983,275766.6898380297,1400150.3363847896,115675.60647476473,280973.4478192299,104.60647597734977,587.4378082957808,15500.69806347076,12868.719665687977,6203.335075012126,56896.68207555508,112321.17669175756,275763.9342492168
tomo_0and1,416418.36907129205,29853.81028003664,74286.9563522424,1815.0563400036442,1102.105315528279,6106.14213863685,17414.909345618715,2606.00139656253,7089.2642019503355,23650.25953728759,48173.043283433915,381555.2912395032,29254.136586066237,50052.26033246799,1732.8642084258238,959.4150636918026,6047.562252512562,12532.38470980109,2157.6584096698116,6439.610925394609,21232.695443749068,35820.361446404095,16260.851979812946,1751.5540796411594,12974.86977748542,68.58362819140675,46.790206025173255,481.58261680506115,3566.4967127602367,115.00213475721165,322.2026852006481,1572.576661166512,9992.741913117132,9046.300776485825,1733.8343322964188,8768.070376233358,67.1844821139567,45.91900562194082,474.8890249908333,2645.583916692306,114.25943388078551,321.1412537949248,1534.5751127226908,7083.327635506378,413341.7891244076,27939.4184689428,52349.9387331851,140.59510427010574,173.4019104239955,5789.92658241538,14086.060160898127,467.9699097289674,2872.0455663200964,21921.77543719783,38721.03295072612,380028.6094829332,26357.330206459133,38483.38138816349,140.46973388963738,172.36246911604815,5743.609911595469,10589.587652289329,466.4754214296465,2864.692253293359,20509.81588698836,30944.776552257972,2205.5165720739874,190.69457227347954,3376.0536101157713,0.631723898494832,1.4133708485517398,91.28248017578959,1090.4633541439816,4.1575896399159,37.755166466580285,182.51514808566563,2699.801083837032,1094.9447169119874,189.00116082668802,2345.7790241632083,0.6295369994748349,1.4097272587687677,89.768362782146,944.9060494574801,4.083254331772788,37.375854479479614,173.45107470476438,1999.9337791780363,416066.6399036006,29786.34071424469,70152.80020679049,451.60581850168455,325.74009482588895,6022.782841694031,14194.088479678858,653.0447795399127,3458.6403279433825,20645.533830238885,41332.0266869858,381505.78010551725,29142.650976830784,48851.1838352268,450.9972632062522,325.1559461429514,5967.06022956019,11649.695665863626,652.2514407810542,3453.0853976176954,20240.67183141966,34236.69746203911,15973.357238951707,1074.2934981066614,1374.9147805285616,5.406994527845585,6.858390842936792,389.6221019531051,88.21288636486493,36.16831712671254,164.51238308513635,1009.009567913556,1084.9325159496557,7967.071614595239,1063.562840136361,1346.0854314539627,5.406096091846551,6.857683688171439,388.31493914884913,87.97501993589186,36.16110404966489,164.49210272347506,998.4866763761777,1076.7297573362007,412928.3308312396,18634.64800708734,21298.69366442297,125.26704765234317,144.69717903786565,5058.0099610177085,1164.7019999861348,457.1207059111001,2825.3038808316246,14646.101827428112,18433.5380448743,379793.5003816386,18240.63497585044,20979.34108648577,125.16353949842117,144.63578712494063,5041.129264463891,1158.507614096138,456.1191077820011,2819.8102088145542,14463.624488920519,18259.5269664418
tomo_0and2,466877.94509857096,27699.283981685145,94580.97172135508,5474.031585293342,1828.788998750741,16735.440936019793,35827.65685517769,7078.835302407835,13347.078492767883,20778.953095823726,57984.92897532173,415489.1535640944,27560.135583798725,61617.196332491025,4103.595473549612,1446.4390993539648,16211.220164184499,26459.508774251044,4540.361157931751,10669.643405609817,19785.694246335916,43856.22099312596,27746.480299380735,2689.4401964421827,22773.632259808892,193.57057300135472,90.36502538777056,884.0821612049508,5958.531136225016,277.18738888204547,638.4742402057366,2401.185200906087,15699.29178350005,14573.733874937268,2665.8092059994397,16008.367116573625,187.77922932636008,88.41785293056462,860.8320117876435,4910.214389705261,271.3373572218566,631.4661242863947,2381.5800284569095,11625.579109466153,465304.67341615225,26676.616814081903,70106.19795431792,379.17917436136344,323.1745020726415,16204.351104282814,30878.415654102293,542.2182606295491,3562.3677796196503,19806.91985749715,48187.217972175364,414323.833913824,26345.094401367787,52594.90912614463,377.57226416382184,320.45724256309916,15995.895207670788,23655.16097135509,538.8695933386907,3548.6984212237394,19515.900081729633,38939.10224473609,4992.228861941014,404.4530480848687,7081.191704414068,1.0933649236591176,3.1675585922687617,164.6392761817712,2398.5097009594388,4.329292845761594,68.67412950906845,369.22321136303793,5276.120923361361,2820.180941583591,402.61718584885784,5259.852358207612,1.0883302669943051,3.153622410637424,162.09476744683369,1988.2357407646011,4.291532472519427,68.25599888591861,353.30617732285344,4000.0554124958685,466397.7322881675,27525.577473745263,89303.10856632196,402.5326036896837,318.11806510692304,16251.17775552022,32754.235807529967,561.067679875314,3627.3851937719505,19502.396880994424,55173.273354652585,415286.2526780214,27385.416098713216,57701.816826163915,402.00538241939154,317.52841295072676,16033.858051707588,24979.05743800913,560.1674344023537,3622.3865160845635,19434.962950693935,42283.47266559511,27006.113769318657,1424.8651871255063,1808.8883851415808,41.66882095022161,22.624783171461743,542.9943096768733,112.03240431931383,121.02519940112485,372.3475835485708,1285.6542819830486,1547.6570885794395,12704.568572432387,1414.4331831318486,1760.8581999442408,41.62929603292205,22.61278463076478,542.0223399039297,111.8625860463091,120.87692875310825,372.07726716311043,1275.1469109483705,1536.6876496958512,464359.8790092884,24329.010550401013,27503.257637886905,360.647239580321,265.75176394713696,15068.9741941821,2043.2818259744645,510.75324449376654,3409.535861853075,18255.36672430534,23319.327889708526,413533.9910279198,23703.366557441102,27074.58958803007,359.9921598390382,265.49425575363455,14948.259417018862,2029.7983998120494,509.753014627685,3404.0940511130443,17972.307535783588,23104.07581320022
tomo_0and3,481517.4509099254,33912.113985319505,118125.13869822539,7005.900128781412,3564.18900423679,22781.382006581003,48219.158196979246,8014.468884289867,13385.40612813824,25211.96912633659,67422.02056660807,431034.66287993477,32779.41049977398,76607.26336774656,4727.918599568837,2861.298776115697,21730.124103275513,36568.468859804714,5578.773283027916,11079.330348151396,24177.071993133854,53214.24533394821,33441.31437979459,3576.800091584522,31089.783682705012,210.70083346440916,112.520877173879,1207.0088878070326,8220.149448207212,398.7547356825036,974.442738983852,3101.8609055625084,19280.673404134486,16017.546845569921,3512.105586410553,22327.061208068724,205.89109453441623,111.05806979178094,1149.5260533567582,6861.390466673809,386.8453906686162,956.5243055062406,3090.4925299055726,15329.749695361854,480129.5849537157,32025.716912522636,92971.42543582094,389.5794153404282,482.16664102328167,21379.78984178303,41844.83393891918,902.0236381489224,4092.455428620104,24071.209029259273,59356.58682925625,429868.05671168404,31269.36295029227,69832.0535943696,386.758714289071,478.8493595143335,21206.546963709014,33490.635810534186,896.7872364529446,4078.676975796018,23759.04839148993,49436.80848524868,8813.665854726894,640.3025006686722,11392.217674020452,1.1617093263371905,3.7338295132633728,228.43100682027864,3386.057926311771,3.4787365770287457,83.24135310977091,553.5633664857052,7506.756184133682,5175.532493042186,631.3228395548199,8593.89931207875,1.1572850509600545,3.7159570585200496,226.33075364098647,2871.599609670662,3.46415952417537,82.93479520705978,531.7953091016784,5954.792232791893,479946.6253821804,32861.6068135696,107184.08231227906,385.43082161678586,414.12508439225223,21081.37723677599,44402.993310189704,875.3919189052301,3936.8245971938645,23933.305382244864,63973.81082313663,429930.06449172087,32189.923768992085,66691.97648610423,384.1421090775681,413.11643664518436,20958.159845800757,32770.22357971009,873.5162645072319,3932.2981933325013,23616.68345655826,49050.227967636645,32334.283654387757,1577.4578487984463,1979.8392144042177,33.135163596210504,18.91970514128112,477.7195203573919,98.91093346320957,131.26332127878223,376.55010053103564,1378.4501604690001,1668.8021173069424,14538.260315033835,1566.3173279750529,1925.721924311236,33.11291013336244,18.910774158542786,476.3658616209011,98.68218120265425,131.08127683028488,376.25130513143193,1368.432832342761,1657.0246501159108,477749.4116238566,31582.90290882256,33309.39714411472,349.799728922274,363.28121467029524,18150.864609820354,4232.856579532132,842.2151225710621,3798.2605327355204,23814.588664576982,28150.074505010452,427992.9700948897,30780.92049830968,32814.34971868148,349.2218753221906,362.9158596138464,17890.709338402197,4202.015172211067,841.2538674186959,3795.690568167454,23456.09123653298,27908.649582663576
tomo_0and4,504619.81503652665,43871.10287370427,151160.89806081582,6963.661891670391,3544.282666193687,28825.972036746723,54906.4262485616,8734.17027096794,16549.581516178376,32819.60336061363,82479.72892092721,459435.8209412943,40941.93097674441,102116.16736090525,5059.477022676924,2989.7159145032024,28034.05873392441,44583.24589747618,6337.530911395354,13955.764071329142,31340.250009343767,69077.0731083122,38303.268880126336,4557.5145523093715,41075.912342156,236.42257752072354,117.30993967441299,1717.951653802147,10661.44985777695,404.61496867787986,1269.7284079015492,3884.685739835868,22904.08782251042,17248.3376085423,4438.953892067046,30143.85809925436,230.86037239819333,115.90147628029771,1633.0066766276018,9138.315766426113,395.06265882847947,1246.8627632603113,3867.852269290951,19277.592547920405,503187.5496403733,39701.97031146459,125000.73731460731,414.70909781667757,694.2196610164116,27881.991984453405,50319.473121058014,966.1474765063473,5047.0447291191385,30914.160980240096,75372.56264069851,457770.55724285485,38593.08855521731,95746.52705802135,411.5611759285034,690.8500492760688,27399.684794700657,42202.45888499253,962.1335936886013,5034.9069480131,30535.069247703515,65969.83141643375,14506.850424115582,929.4832085362847,16936.42957700307,1.4901537086566785,4.269935953877661,271.80982125592857,3602.162494279751,3.7216018885810023,107.36796506517626,762.3825473769297,9713.066637409052,8708.273058227807,903.246772099669,12837.419516210948,1.4840110537909246,4.245252050009797,270.26382899478926,3238.4853322830054,3.6966445592190946,106.85285825024503,735.7733098301843,8096.376280877981,500270.4091915662,40672.131694188414,127570.04536533388,397.13486505779093,646.9516775303415,27524.212462511336,49909.84003296831,976.3066262807226,4876.257475776546,30801.81610819467,76390.8929662372,455932.94596793794,39384.70222208337,80583.80126567335,395.0842318130612,645.09659391758,26929.083450487695,37848.989654762314,973.7197552485862,4869.7150792115535,30258.53377257701,60802.006870536396,35830.014486284315,1650.4260344866368,2062.008485576218,39.935220932338346,20.812596006102854,560.504819756542,121.49055887757046,150.2078178965933,403.98005591923504,1411.111210571967,1710.2427138845062,15803.080773737678,1638.2928478423735,2002.6904001692806,39.90452362204181,20.799824731393812,559.3821679927077,121.23111436075125,149.97262826660463,403.60985414489824,1401.9915101463246,1698.4210971127175,497798.75053801126,39002.54595289274,45429.67484553294,348.0601841372776,583.0849985965533,23625.176014064902,5351.454718297891,925.1053846480235,4690.364282013691,30456.132404223794,39201.72268177004,453792.46850278287,38119.62813558366,44850.461361202135,347.5459998823954,582.6157866085948,23374.207783126938,5314.566343471336,924.0062997749601,4687.412074519323,30069.996967060826,38926.77998921425
tomo_0and5,541562.5565060704,54801.05541706827,187643.6313875607,5490.973545144044,5662.728562281407,38145.50535402571,65348.24491785859,7361.8464690106,19609.190315970176,40892.75632099052,99795.16784931731,506206.52872579417,50122.4818889232,133765.86166791085,4214.8748122034385,4670.256765069846,35689.78484390193,53456.21184946716,5644.615580838392,17101.237181122946,39177.62180687813,87967.37933299299,42679.7751895928,5514.739481603772,51134.556050798186,241.2128826581123,117.24050205507658,2105.676163007716,11975.590277531026,386.7426756441253,1481.450456475406,4653.22198870016,25770.65195501292,19110.675501686957,5339.086929539682,38229.70554368674,236.64687025829576,116.07855446580767,2007.5056884936687,10546.787679994231,379.8833812389857,1458.3620623750928,4622.840199228226,22600.761782866386,539914.3454314484,47189.65514044024,159238.48848626658,400.23645395811053,826.3894337324224,34287.476494356786,57635.66654396205,1680.289882011226,8985.199252755237,38166.18728731249,92767.3391802468,503477.23889750335,46354.651118827795,125666.43743828748,395.50352851467403,820.2440030837674,34009.517698657226,50823.73542804804,1676.789784856326,8974.439104480336,37935.73625398684,85102.12985990608,21494.109807427456,1254.2400907195736,23019.159307249814,2.0537704861771466,5.656025141060092,271.0041151657171,3497.367684630253,6.822913755456509,167.69155746716837,981.6824637868209,11533.056337170658,13128.030410795027,1200.485051823869,17483.80286288964,2.046552564021581,5.624644013665954,269.9250127670744,3250.858190207941,6.761196683900396,166.74891799568184,952.5434913307316,10039.52575020176,532541.896131564,47267.04335281366,144486.4956813567,342.16501502623254,668.5737787276425,33729.981793278785,58367.844764935755,1679.8421600106435,8665.598235365576,37473.690765230545,90241.77938255807,498636.52003517747,46146.469983865856,96409.72199234401,338.3532441045657,664.5821587848899,33514.672200103945,44246.25267072093,1676.4515306318913,8656.7895674025,37182.84679517208,75773.53038171526,37174.441597099125,1641.9808463722486,2060.308014448525,43.49492276786091,27.80707953652978,548.8701619396384,111.10966303015611,145.35963868503654,383.98894309156265,1390.111415924111,1689.7313869795453,16347.721534957038,1628.9335872921233,1996.7754020780276,43.45994923877216,27.789568255953867,547.8010409112104,110.94440107597397,145.16043848460066,383.6740801560394,1382.0044262209492,1678.5301267720547,530051.2327164602,45890.59945973963,62648.38441860302,217.18126458238856,498.16977470046646,32587.48110515143,8216.171130606219,1628.262177145768,8481.651988068552,37347.339726774044,55433.93902501032,496422.1912197848,45035.854616593475,62008.74575052443,216.92692951126358,497.73975219500926,32212.40236628321,8167.5229292282565,1627.095392843015,8478.450233533353,36980.2712750273,55138.24120169311
tomo_0and6,593559.0678840798,70349.29551036052,244973.0697002329,4532.00919461249,5438.330717403624,45324.81740338619,70909.2592028982,5632.0653149118525,24708.63995919124,49955.45005961017,128621.74571294496,572022.2089974798,65054.51377574238,188761.47689821006,3708.792247254593,4554.719208473391,41940.77033249846,59213.87235792942,4531.862253993464,22105.99156772849,48462.48349894092,119152.9725243642,49808.70642163045,6742.248542717882,64661.342775905134,224.4213286700375,134.46127568696963,2615.4157457404417,13348.192091320396,329.20897073163746,1593.9964875599107,5651.515261077516,28997.3316992301,23708.23883603924,6508.352207807398,49376.525350638454,222.67615972453459,133.7660047666475,2482.9268731654856,11979.73427336298,326.88141246911044,1579.5322282494942,5604.438919232983,26354.839904928303,591268.9418297698,58638.171360904475,213024.3399022863,410.7609788131416,807.4252474912894,40192.563066722694,62321.4987082301,1399.050889652732,12002.600761938264,47070.04240217169,121638.16386993257,567294.3029905948,58361.35206311068,175242.56508733364,406.4050811439373,802.4012983815006,39749.795538161066,56686.05185952528,1397.0259778206503,11993.119440467239,46815.53408286124,116154.21932828253,32198.010198682197,1805.0817225319763,32327.851856215315,2.252911857273629,5.760965655975937,227.7017445302809,3178.8844569579605,10.033829817025598,233.29482834437033,1371.5588189297584,14038.962031000581,20132.253858855714,1711.5257912190227,24753.145251008566,2.2440042107055858,5.726122483388026,226.99588653577345,3021.7329517365015,9.93189852457404,231.9518707387048,1338.7588002047346,12719.666445538702,576094.2416962552,50727.8227994353,163119.2996861872,343.42062834494163,656.5496211620089,40193.82917519873,63010.2607393202,1355.568298707627,11520.15307605317,43316.379309742544,113290.77215865103,557156.9929974125,50650.92757076654,120894.32030399913,338.70839960805,651.8173645182718,39670.760343368245,48297.70755551647,1351.825103640514,11504.207485581304,43199.85997032574,101387.12971327314,37810.5040189666,1613.5293344005347,2075.1093131631364,38.47519561351654,23.724886928481386,701.9087877051338,155.16852333572297,145.19521745695536,389.4247572920694,1350.9758904951261,1680.0109879643724,16866.2524154795,1599.9292530485013,2008.6459147180537,38.45332237856135,23.71595968849471,700.5501059362456,154.90218797625624,145.0400544369452,389.1665672561577,1343.8328187798777,1669.5742749358108,573530.4500330313,48914.19073580432,90962.06257906163,159.30932600292672,422.3132967841705,39444.1232930608,7707.385798661189,1293.9921211626531,11222.317228235741,41371.33978826532,82727.14754569712,554828.6611224001,48157.47048042296,90216.21954207795,159.14547496814737,422.0205685316212,39038.85480487919,7662.330994088027,1292.639640208926,11216.35458575642,41050.00843525306,82388.27687907412
tomo_0and7,716606.9313748346,149961.06185505184,444325.37721362006,3964.9024277803705,8927.07712400179,43770.1967405803,69933.9089241378,7053.647597203005,53239.50680616743,71580.16352162235,207037.82455647964,705767.7962088749,142762.90433543638,376181.4609641198,3423.52316226993,7391.626718202843,40471.03299232708,60399.918620368626,6678.343668857474,51802.06191228771,69813.79502821322,199082.61016868538,64088.93690564767,8923.079352573843,86751.9888532541,270.5298888709672,259.51367038126034,3487.452084745932,15017.93953396585,357.84628748249423,2049.0126814954233,7444.872492034421,33758.40409127461,35561.43659860635,8636.0453681656,68366.54431551095,269.0195530112079,258.57404511921465,3260.1119238193382,13694.737265049029,356.76139930363496,2041.7900165659953,7384.698906077761,31714.838157169976,712537.4906237929,134355.01056996878,412674.13979752705,394.91953011012777,1038.0917089925033,35750.03071282397,58711.74528937123,4522.0892738062985,42337.94379175537,70105.09437338107,201364.54824476404,697102.0468605973,125210.55293756549,346072.2329442586,391.5783294177855,1032.9452014812257,35688.3449190006,55707.134055671704,4520.300821894054,42328.66361954665,68240.67145397695,195810.78842869133,50937.63189354086,3119.475896754883,50407.25367301551,3.2450896281512316,7.621026444205169,138.88348200968977,2581.2899044862716,16.33630063266793,347.45107237798015,2350.1150842605452,18650.954186414736,33187.39872539701,2971.72810751689,39539.510535088666,3.2316234912305033,7.580839558629167,138.61545260919567,2489.57521555798,16.196071072665262,345.8717653803027,2305.825874489226,17522.808249433398,682348.7354553286,65282.696012984896,223980.9785338691,359.4087682019482,848.3973498428128,29712.987950852363,54588.40648132771,4232.3666287846345,40545.48292381161,53087.94353983146,171541.8218707536,676447.547863997,58483.51946187395,180070.39512844087,354.66203391441815,842.5463700248645,29605.358712855137,43753.55962486479,4228.413020242949,40526.519617795435,48892.34905666096,156742.0306509883,37752.01444016274,1579.257835433067,2461.2167966195752,27.01724124487986,28.86815117445282,755.4070407604324,210.82638569529223,196.4996560574002,665.1318554272478,1396.2966650819935,2128.128077135355,18135.843400111615,1568.007346890223,2401.0783073231933,27.00855923406667,28.863295574092028,754.0438758928868,210.578410310251,196.3441314650393,664.8307806671933,1387.339119909918,2117.7715927206514,679649.332588494,41413.59707490365,133795.74185931485,160.10766221605027,518.0473718896047,21652.22401802739,11831.175089461343,4164.017741551267,40159.40177567688,35699.16111273201,123976.99200208197,673851.5336966191,40816.97711659084,132806.03761686862,159.95145480587644,517.5904568795972,21551.056261618483,11799.728371780408,4162.613875287226,40152.54123558883,35448.25433707249,123531.01863671531
tomo_1and2,501141.31944103306,20968.773957795976,78367.04702611809,890.9187672153745,796.9870267597476,14251.128709314406,38751.292883127244,1261.1959261335246,7346.059338521726,18370.600790673914,59182.062690899096,429610.75140010926,20781.236052978882,54787.3091973508,877.3394666273572,775.2393776056647,14224.131625988137,26205.51244174991,1230.9537917609441,7233.789796167605,17560.67548639397,44375.19777478533,14674.888420166491,1663.493915709222,19877.899148738252,8.822921348378818,31.469213971142366,615.9219532973138,5894.250288982612,40.11814537256794,342.95423585939363,1151.5787030726412,12853.174850027188,9887.470171435674,1627.4386100485294,11286.2677971534,8.795771099546599,31.214897844769457,612.3163041160354,4359.7965194519165,39.7167242434758,340.11667545726215,1112.9564597530664,8341.547147204477,498442.9305339944,18924.44237626751,70543.3072395359,48.14675744094695,157.08312221708655,14030.259242518394,32137.141759649017,134.356445183065,2196.2326071076777,17998.07954349795,50687.278347353924,425538.1828661996,17985.56536612641,45486.743837763046,46.620246372974385,152.84074389220908,13979.058883112117,23871.376171961318,134.00610985451456,2191.3201475521273,17122.13623933356,40834.0605959776,8159.930871096895,720.7826631411332,12419.58882294011,1.1859223008403994,3.2085536806947834,214.2915412213205,2657.546300256677,7.737067220269287,81.15779674971886,596.4390978408305,7454.38864847945,2718.961102108041,701.8449903135745,7036.9416140422945,1.184860397317067,3.2058280419297667,211.6894682184172,2236.8920799417674,7.66665437599737,80.33148533583412,546.4911320902174,5338.5329134643525,494195.98314786167,20290.664215250534,43406.92526017122,35.596400379442805,117.48758063737712,13941.890404150487,12205.630411965562,150.88423122245553,2348.6414713869294,16147.403728843581,31931.50640864187,427469.959651318,20227.32274157367,41918.619174528045,35.59559236301776,117.48317038174307,13913.793965043908,12002.804637418489,150.87829049086287,2346.939916433631,16141.386072612686,31602.862801996132,8995.043519580418,565.2257530456483,1380.9933737090362,0.6645861240519488,4.662988437416081,121.59346378894442,76.37318576031637,14.362044298652062,183.81217329949317,352.79230999622064,958.9752329324251,8368.61596170599,564.5667938736556,1379.9057786400394,0.6645810571788815,4.662964995103186,121.58551415956202,76.36999423219612,14.361758772650564,183.80572952389,352.7593209388594,958.9138960418752,492142.67365431576,15087.36148583681,25291.571377172175,12.884834893590623,66.48118552692924,13222.152373475932,2252.8066532113417,114.12035078070576,2009.2178084335642,14408.145425466868,24616.59246694716,422446.24247645325,15038.195427471179,25220.120636253476,12.883921877025099,66.47684893574065,13186.446104232218,2249.7505533969916,114.11579910357788,2007.7817378248965,14364.185350208654,24550.763130016418
tomo_1and3,566772.9120578745,28360.13003156057,109343.43762414898,1011.8174960964382,1431.9151480922612,23239.323130523146,55065.44355103185,2246.334995003885,9599.838474856817,24212.352450070488,75433.60589576898,486224.62201502715,28086.432962860705,79897.96286494314,983.1017115549813,1378.4579587985395,23204.561722034123,40263.96953394159,2106.9979982992136,9202.51120613661,24132.50331719944,61382.788559236986,27179.279825075588,2900.7883155131044,31255.072109191315,17.822504907367566,53.24723343399467,975.4865996964927,8620.46616838776,59.53567321568983,555.4556609380618,2022.606949526242,18588.096007913802,20576.395772335727,2839.5713053885324,19118.652381929693,17.788736168031942,52.80851497922971,964.8692592160443,6533.392404176887,59.09751284201323,551.5838152838766,1993.471230153153,13153.259933868285,564742.1391820923,25136.574617786744,94595.22192166964,54.03010065064558,238.25120332606755,22432.59213605851,49199.63262897423,490.92927175543565,4038.617072402327,23766.67219433626,68690.24319893015,480142.63627338863,25015.74880452663,64870.20439658956,53.04620340335899,232.55376047506172,22247.74352595849,36222.99293680194,490.32208667272516,4033.2551826372937,23351.951405968237,55093.47737784621,11774.46629200198,1323.8573286594458,19494.18662335128,2.578071398611779,8.153239199491091,375.63185697985597,4770.621149836881,17.169173185573044,181.60751837007305,843.8476073445514,10645.862052547123,4715.366669068495,1305.6599168446592,11944.563553518821,2.574483115353802,8.140852302430977,370.73350804581764,3776.540224721347,16.98068886425091,179.911361120341,780.0297915727713,7619.195257008494,558609.6143227963,27138.183989444828,70441.8828133891,44.58894514380647,160.98152004099327,22598.183948097958,27289.475107633898,480.8136209378873,3991.212498450612,23613.25913327932,51883.8083388343,483706.4950365221,27120.956348989173,65444.661046371926,44.58870539323288,160.975972407064,22584.229646657346,26332.629966135642,480.81152139350394,3989.309671496869,23606.99726090352,50250.17297511319,21262.562555830093,1026.590441524318,2366.9457365965513,2.8952794073720907,14.61076304107558,256.05256315987543,141.55086940079303,24.253954082357954,318.256356877227,728.006567381631,1892.5094759167928,18982.844043187873,1024.793620099256,2364.4760180488074,2.895274725612339,14.610726172388059,256.03380789224514,141.5445578643345,24.25321643899142,318.2386825447133,727.9258668984595,1892.3446727287912,557744.4817910991,23368.006069718525,34689.751259305536,18.933890718267158,98.68746692963094,17831.021688990888,5477.042902088399,453.25380603595,3839.773246766877,22173.119641815196,33471.94728233965,474716.04541408137,23290.965610296444,34596.1728915824,18.933605763955722,98.68221181218465,17778.131372837637,5468.706859656215,453.25102962343317,3837.9354286178936,22104.98885343509,33386.78878543114
tomo_1and4,589485.1302305376,36661.23952259029,144118.04090594765,4227.318740423802,2925.225993220772,28676.488787777587,63020.943369556444,5829.614561190326,16308.489740003217,31886.796609823596,93102.72162812854,517032.10277559806,35994.02214955654,106465.75092620762,3850.9019177237983,2741.6044792771254,28537.384481788453,48185.42507618154,5062.456466551861,15096.269366495586,31846.509156100452,79077.06249923487,38066.44364536317,4640.5971761709525,45913.14225674807,23.70600521223395,71.42964446905141,1293.4520418158447,10675.677302235312,62.46850339515559,636.871093677369,2996.5460081660435,23981.16384367154,28597.783488591907,4254.060998707144,28758.727427517413,23.517468184435145,70.61898074631186,1246.6972978220683,8214.540964622776,62.117328913602115,633.180659317374,2952.7898385399476,17698.120762590268,587094.7318033763,33473.26413978181,127210.37079924082,68.5056323239616,307.2654892287407,28102.12440806004,57810.330403311236,547.251328793091,4702.7502417971045,31079.27924491795,85920.33891749612,509826.6352108474,33378.52179682211,91218.73359044427,67.02500740139166,302.0263951727643,28014.433148562086,44129.31811359875,546.5261293492418,4697.126606973142,30811.21312888729,71659.22762256213,17256.987415636042,2328.051449340116,30060.26967687152,3.438480475458909,9.470414591770702,470.77189830478954,6052.30117807464,18.398590603467824,251.05103834879708,1102.9388176042016,13162.61138663025,8074.107615453728,2180.578574170515,19184.326536665078,3.433498162653678,9.451353298166438,465.30331143345023,4832.576436334351,18.234789760230065,249.2944985373656,1030.1532483645046,9869.760366711753,579146.7604393763,34176.28678256188,95982.73812313397,19.381204751099247,141.72005350174274,27756.731162924043,35853.64813047607,530.6837748839353,4593.469946910693,30907.86784043016,70741.84263548252,513477.08304836584,34167.81532710862,86795.11226377905,19.380420892820396,141.71438129608137,27679.676671420297,34056.930578402935,530.6519248487249,4591.631852643016,30893.874527755328,67734.65640830921,30972.192670802073,1267.3992078189804,2854.3264891993867,1.375033179514013,9.7457309655315,186.13442800122243,129.43187989275003,26.353967565811253,363.9748684824764,938.8105400904085,2348.660012165906,26680.790993066385,1265.261452921364,2851.5640840082974,1.3750260762195485,9.74568744185986,186.12293165741312,129.42610014103417,26.352745819868158,363.942845996295,938.6812318854265,2348.3844692308435,578022.3773246802,31597.239963036016,46796.414286047766,11.793765828320003,107.45127608334475,27603.41655610939,5797.717670219838,500.7013595675611,4429.678024870004,30082.91370389092,45140.750266862204,500680.7074536004,31499.958765001717,46688.53649690748,11.793242103620953,107.44715141608768,27531.70289420871,5789.804508135591,500.6655897264002,4427.881341546374,29997.060704711785,45043.03684877922
tomo_1and5,625380.288218169,45106.04147508806,179528.52319515802,7877.1297776135225,5626.351038839047,36963.28188092598,73038.46350208808,9613.282945847577,25088.368593891115,39587.42886755322,110929.07418369636,563959.9145636935,44527.081297219614,135489.25806653406,6541.465042883403,5089.266141119039,36602.03958808137,57861.6630796782,7911.200765541974,22687.268693724352,39543.48941156077,97618.40715071298,46682.264249696505,6790.449323199628,62024.5886119421,37.42671442188244,107.79891832135156,1807.8095511061335,13014.070544974085,97.97157724296032,867.405304249275,4127.0135851632285,28694.381182994617,34160.26815942623,5808.329823439303,39167.348161926995,36.956581812788215,106.19998439241687,1661.252938828239,10049.764071231048,97.48934560226486,863.1677599918825,4017.0831359963436,21895.880826947814,622485.4568348546,41939.8136031728,162457.96019577008,61.85806654380523,336.4813202398397,34492.680696405645,65724.68695178055,1294.5543432764375,8932.034483361376,38209.00557259878,103041.18231595046,557253.768733743,41782.57015353737,121446.82009580816,60.77782600606244,331.4869479021714,34335.474932281984,52554.33464137543,1293.1986901934818,8924.597242107233,37821.097334883954,89930.1464744735,24022.73742663185,3693.3346564230324,42855.64188642463,4.319122372854808,10.306751443917088,492.0396610123005,6413.861879393197,20.119584693477034,312.50385479225247,1326.3657025234943,14941.317092398458,12520.443901771476,3220.251683799534,27730.823785052053,4.312146492676295,10.282102829700397,487.0079885870781,5296.989310113789,19.98950902355485,310.89226385168985,1252.6604731955913,11800.561698785346,611553.2038906951,41331.831474949235,120498.8197834293,17.406810706853086,145.7161464905736,34662.823824604064,46477.1584282315,1221.8256376887157,8568.007496608385,37800.39282072574,89324.26846268852,558258.3836120303,41309.022347771366,107816.81966964506,17.406058674345008,145.70398918956033,34637.604867327296,43998.5053845414,1221.7585771961512,8565.671629015085,37796.32693756371,85482.19588377792,37399.16253583854,1361.9385235340053,3027.982125380424,1.391146485089326,10.050362878312043,180.21947543472527,129.58648753364108,28.80717255924057,390.7995113109882,1034.6661051890646,2519.637747016781,31445.796913705046,1359.7396368430132,3025.16107904745,1.3911390008468405,10.050315797818014,180.2088846867429,129.58086449556623,28.805823807594464,390.7581286609121,1034.5072252289715,2519.28788938413,610274.878270092,38291.554817382996,62470.320692707915,8.48242975472004,99.0615381764839,31332.246631576738,9075.337588590528,1202.3598389629453,8464.52795250439,36507.14736554872,60287.041075272675,543310.4441684702,38195.74575152254,62359.28037768405,8.482190288207532,99.05497644847911,31242.311233912544,9061.897426654594,1202.285627113408,8462.20670338514,36423.03334110563,60187.01791960114
tomo_1and6,675765.4792155148,57943.07803451154,233782.66407665485,10215.983825677107,6805.695677853004,42597.93473960204,78390.51148512562,11744.954513344896,37617.124985078786,47730.58227903922,137955.77930200804,628708.3987179007,57459.65946100713,183296.92698491667,8221.004027076167,6016.1544993292155,42222.53206692792,63896.879052807686,9135.778470780382,33159.61547027453,47347.06660608292,125967.05974648098,56600.48866465872,9969.028862808476,84412.86865303386,44.068771600901854,124.30815887501265,2845.7453686788567,16752.83152221788,118.94631354653748,1063.1954432724515,5770.909054157238,34353.044559173475,40192.83502405527,8039.411126957651,54137.79757825967,43.34550229046329,122.19863806927775,2478.280944294248,12776.540343916891,118.25182727690006,1058.0853407653774,5532.983090035145,27141.141678000593,672035.6016338138,54410.01878186437,217087.53512011637,85.99060395486728,386.622726358253,39538.74578359524,70028.65410540772,1097.1569214744911,11296.02349732651,46113.500957839395,129636.19902910366,623273.5778590448,54063.69183895191,170759.9948106634,85.14673200601607,383.3275713804045,39453.069031499115,58341.97566860491,1095.3721312827615,11285.062900487317,44803.385036399726,118130.76021303215,34501.938794463436,5846.295680055131,61612.60808058189,5.362823749231895,9.605599344088228,448.67318470500953,6133.411425932593,21.745958681760055,380.6370603229098,1680.0574169470758,17181.88633581244,19732.50744302486,4748.334985056537,40296.56031384301,5.3517345794148845,9.577589183160184,444.5934512496008,5277.675799881266,21.619553667620803,379.01954798888835,1607.8644059788014,14334.744771323209,655243.7151880749,49212.90183798152,152667.81579857675,41.45220915983212,231.05022868468234,39249.2528561154,52705.53295340677,966.7132276872179,10463.906735605538,43968.58033504889,115849.09174924484,618318.3192821384,48630.24384170716,137104.9274579006,41.45131022785981,231.0393964575001,39189.662125349096,49429.679545587154,966.3850886031447,10460.764634151248,43799.577632675704,111667.66236517444,42441.26235470169,1390.5337254165324,3098.995747029608,1.2215379469097754,9.259265479302998,261.20902419089276,157.2605276823686,28.16028243657835,393.6685804074889,1082.5165363770398,2597.4227078359986,35126.2058003845,1388.4146168419968,3096.199394217857,1.2215306433067885,9.259215127337665,261.1905831809147,157.2523854075119,28.15861098343928,393.6192967277397,1082.3491002867765,2597.03452814873,653754.0955866833,40526.59376267977,86715.3843555873,31.238044231389186,196.36739331060136,38688.40796353215,8009.802364023303,939.5618913034024,10291.8448935112,39094.32077707639,84513.57410478161,601716.9140711016,40451.682566815936,86609.99260258887,31.237717653465097,196.36032467906904,38600.8268208577,7999.843150307704,939.2277664858074,10288.691975512984,39028.37008189311,84418.76836073618
tomo_1and7,796283.2660098477,135232.93348466736,437541.1899834907,8268.195383667957,11179.232056301873,38361.70576912108,74670.92223604335,12513.40351668768,72049.19311367933,69882.87784029129,215720.51852409155,759815.9920771063,125615.48787621301,353956.9698767711,7004.963031696268,9892.22193677738,37967.07137079459,63366.38010806867,10426.50029067252,65746.31522613206,65818.41211289164,200469.03308227131,72006.78373609409,15706.27710850024,121116.26649840818,46.86562141924562,139.26467651812195,5117.716926365797,22570.601045815238,178.6990344036444,1565.669393342888,8679.361943184957,42441.38938294243,50412.73450621345,12313.981789691888,80866.72769417196,45.961953598256514,136.98642191216743,4287.12978653247,17158.70223575245,177.89985565637735,1560.8038841138002,8306.835515694844,34906.485529514386,790614.2089441795,130391.36823644523,420741.0649576432,96.33215258452579,570.8983144581028,33986.44548757465,64819.83708505166,4279.714794777389,41857.362109811635,69158.32547129056,208098.59358340918,756057.5337994519,120494.94716621202,342077.3115109577,95.36354990670765,566.2791791337861,33916.594462724046,56351.74129681071,4274.883216931859,41831.54328657122,62749.92724128076,191796.05892455377,52990.66670459531,9746.444102992324,92610.54162544417,9.690814536367668,12.508155609714732,345.09168250751895,5192.718777866157,26.950275520008915,496.81870361947114,2473.4793396387017,21090.930106825443,33301.06796663467,7525.546545026893,62108.73919753844,9.656669784426535,12.470797561251512,342.92071445383084,4633.805390406186,26.83380055499365,495.3922956688357,2396.6942562286577,18494.583553759716,761711.3865957735,79505.71582350705,246068.32387043317,27.69305160005041,260.5610804851469,32332.20690883493,52535.77674969469,3887.5005117142923,39617.091920063394,56033.13827781872,179645.58185396672,738394.9596245278,71857.1089378012,218571.96594589172,27.692161779742868,260.53678812029574,32300.649581983744,49406.62942279312,3887.0107558436844,39613.15089768708,53773.331231132885,172630.37859817626,46428.10583495435,1401.462396992972,3308.334084132369,1.122409722140781,10.87786570780614,502.9520278071854,266.49013956007906,55.093268967775074,598.087862796371,1157.4118747630973,2841.1471531621364,38349.65441120439,1399.7229770350295,3305.7336564898196,1.1224037696949676,10.877806653746841,502.89713948197533,266.47010401048834,55.0895285957432,598.0172882902576,1157.2687503382188,2840.7869114894274,759872.978142146,32990.8457467755,121660.43248812582,15.290032329204003,191.44011640972084,22747.581309072262,12139.63204015832,3858.434836676467,39419.212819046996,32255.029223047964,120186.07988748974,720739.7866453207,32952.809318505955,121575.90240314158,15.28980982046452,191.42506093837622,22708.96994234818,12127.916363975852,3857.9391422929393,39415.25887623178,32221.840704021404,120110.83284672335
tomo_2and3,539661.4114030818,19371.697664498544,95535.38732861889,608.7128371031043,929.5066517725512,16012.797143261658,49075.182847822995,1443.50765448296,7386.811633341652,16692.556373334308,66377.63997022281,452006.0033954175,19193.509969774543,62013.27777992847,605.0877354176396,911.1048828570529,15932.072305655887,34604.23375591858,1429.9192884782506,7340.654308826765,16649.225954680234,51176.76533610733,20823.59159408889,2160.8676338818577,30021.098963403325,17.61061489814151,38.191693955679355,1143.0210958543807,9810.274164150918,64.53684980851567,509.43579943949163,1689.5531232742642,18697.428262693174,11039.474952057268,2103.8425525483203,16984.077478796728,17.494637984361876,37.975458127871434,1133.181584097662,7535.335239214882,64.1542084002374,503.38014808546393,1615.097244942561,12823.863123693141,537554.9448163171,16326.440649393146,86015.14158545954,57.84250767974883,218.89129223512302,14695.139790414129,41293.0048209477,576.5566709193051,4523.347224466435,15643.75486524381,57417.418816597325,449483.9926850976,16292.886261444595,54537.32754790198,55.48492255225812,211.87474723314656,14502.009983845588,31092.19683486943,575.9028959811237,4513.012236387205,15569.74328753413,47005.32580114067,16231.553548760321,1215.9063883899007,22027.794335038696,1.2720397095352116,3.1936305530961966,326.08009977389975,4251.17188221331,6.606160274478521,106.74413742667026,990.6513815505957,12248.000861217233,5318.6256871615415,1174.1720830285897,12411.179675054736,1.271494785665888,3.1922073144739467,323.545603089275,3566.8961890538853,6.5909366625696375,105.59445174643541,909.9857442596144,8925.711787174298,524558.8677985391,17467.22792677759,36927.16821530645,38.37572832935964,149.95662631269767,14764.261353945298,10989.607748635517,566.4377615205731,4418.821378552142,15473.31140295952,30947.747343096373,447185.18124947726,17462.70778758075,36687.615922452875,38.37437017631993,149.94489678366276,14763.185493815332,10941.070972516549,566.4342394950513,4417.152012642267,15472.591936694078,30887.75083740411,6921.848159602273,693.2721825168907,1524.589814843695,1.394589440387214,6.1962046342686214,151.59625023458239,73.77395251064523,23.169893092220242,232.17664926556887,454.39852156417675,1153.7418647845516,6807.410106707898,693.1201482930063,1524.392501092997,1.394589158575409,6.196196026037826,151.59239384152093,73.77299835694426,23.169887598085754,232.17612543503998,454.38975015470214,1153.7296553493654,523035.99404605234,15088.368094853395,27438.90086482361,9.377660339052602,69.87454817071215,8510.05831966452,3469.732009734024,534.7884155726242,4242.796518986306,14700.47181295127,26907.945743981458,444086.23470525123,15081.848513285788,27427.897042475666,9.375875755171705,69.8636398994777,8503.794104740518,3468.3170316251603,534.7853169553724,4241.165534656855,14694.275872394799,26897.181772872216
tomo_2and4,624800.8453013501,30928.974299880025,139458.39935315173,850.0407760832593,1168.095230908712,19203.71807092136,55219.45949907235,2083.5944204442044,10101.75581639669,26354.648757315947,90759.9624257,526082.1961220127,29623.017378600154,94867.29916963688,838.33489826664,1145.3443978231553,19045.2697719338,40869.64344727788,2037.318470831552,9979.420386173191,26031.284893411696,73857.639298819,33936.64407821421,4353.5988192824925,48555.98723454952,19.692777211528195,48.25005400819891,2554.7967507303,16767.151962130978,62.615802813471504,661.0362060214622,3057.2519559263064,26367.187883758757,22681.846879415723,4301.413071311562,29182.481698575433,19.565113528330286,47.94470752400512,2533.1606521915137,12921.937943289791,62.28662335411552,653.9256939953156,2995.710622006636,19437.58672122545,622723.5517924658,25458.724883362946,122338.91558209456,53.553471889758065,266.8946061723003,17503.42589998097,49704.02971283877,589.8073282775973,5208.773989555364,23518.00928912721,81404.8751147843,522332.20282061864,25294.37292730417,81576.8980980128,51.97400924838324,261.67796611992765,17351.942650060286,37449.6269465607,589.0360388441339,5199.673729231396,23461.91075531898,67302.77849385151,21662.47368872955,2397.6909533028256,34642.5291207577,5.229333935226916,9.502468578365544,525.330898740767,6653.15491748993,16.65104260459437,226.9820487047994,1311.5289562130583,15888.117954393858,8198.476041201708,2377.560673678069,20787.71682789567,5.219016185636407,9.489132547735021,520.9485162192857,5382.819418677521,16.550589541828845,225.09816055531692,1215.6421912231624,11684.837470033346,606603.0997488853,25740.040940889325,63343.53036560418,33.83912416459687,196.69716325653707,15476.800687535371,17866.745641855257,578.306631388954,5078.567557553214,23474.368436051253,51115.487557652865,519991.03669579414,25726.44840786665,62217.80795454566,33.836287652537465,196.68509977428806,15465.787723300105,17631.690727377445,578.2723188667034,5076.90960001997,23471.262371116136,50785.43906486625,18403.101209127162,1517.632678640638,3111.555004950079,1.7210145983549727,8.418578274249906,350.66181394621043,134.1971690382178,26.25569170946144,343.764249876854,1154.3171357840677,2660.491030418742,17854.008998545756,1517.1649557928356,3111.038624272876,1.721013685821935,8.418570345663403,350.6469637851871,134.1942437023472,26.255613552385295,343.7626846641131,1154.2837893068286,2660.446183055536,605945.3454348771,22987.856647630026,41524.40755862322,12.891670915536453,118.80922425851367,15265.982134770516,4175.832599703701,537.6365568763188,4869.903326547363,22369.64649802983,40562.297093941146,514229.6624226873,22980.592795026838,41512.088986848044,12.889201636779626,118.79561207537306,15254.46140222221,4174.204741929256,537.6032115291841,4868.2917289689185,22362.77371097613,40550.29202226862
tomo_2and5,660825.5562547644,40796.476567023776,179380.9763382194,2620.6295192072175,2687.415103486605,30686.082583887455,71762.06495451054,5256.612233086786,19477.360533863717,34795.66283052835,111060.58415212929,573766.8032440966,38934.9566110687,126977.39249827841,2523.4521074970285,2599.5505375439675,30177.775843785348,54689.382345300546,5043.457221299476,19062.943243869693,34386.639587515834,94415.34546697963,45806.09162092191,7569.550735233528,70873.04619129628,19.94395002392215,55.455116548586524,3868.380821387013,21168.58418375371,84.08973192141167,832.3903101438278,4363.958731347078,32366.54649409618,32756.9961311162,7108.026390869053,43540.13088148576,19.80265411985077,55.06172665060801,3821.5509995653038,16636.102200815585,83.81217506401698,824.239277536045,4304.046265583572,24662.81446362882,658071.5087395338,34214.282673453534,158419.41742932016,46.22965244439344,311.35318155167636,24854.67152296173,61180.86977900357,1342.9530339712696,9463.494823204428,30519.695585929097,99444.40957525757,568990.6110764224,33988.35175192228,111010.44440434541,45.22403557136123,306.5376220252179,24615.727595492546,47465.55752316126,1341.3230264155175,9452.650454336625,30382.75386056198,85225.11528612248,28226.268942623887,4389.436719235768,51601.31475102171,8.278851529736615,14.155569703327465,679.3509091177373,8198.998935211504,26.41802894636086,357.10134544137617,1632.179875140943,18267.261190975456,12290.460905026253,4195.607422277407,32021.20810611004,8.250443221081566,14.128812769479346,673.7616566752489,6644.353314915471,26.293422735242803,355.21198113062553,1530.6719267774488,13974.901266349654,639314.7031118884,34567.72051201699,90833.26604059651,20.378345552643637,186.0495210977594,25531.38420067423,29955.87834691907,1258.1047839941536,9039.372206783239,31693.736743959093,72167.62678646395,565929.4627523061,34487.46584102875,88245.915629374,20.37768152756347,186.03615492477158,25530.339787335084,29381.957513687066,1258.042732688382,9037.311527118089,31663.833401144704,71452.46702435688,28316.55183014417,1997.0344518541422,3908.9262505901047,1.5321511922367625,9.250038825718587,491.5497881701143,172.99986121618386,31.078097941513196,398.34169006186767,1567.5212458206768,3402.6739664910438,27091.0051225465,1996.3880244261293,3908.2603602142235,1.5321502106792761,9.25002784290199,491.52115480326165,172.994702732014,31.077939337105985,398.339160438314,1567.463633266995,3402.5958184202254,638507.5437413689,30268.197427107552,57086.09501680075,10.154592230469634,129.52261400629655,18498.736618436116,6415.304812088899,1238.1590235942288,8938.49945518116,29373.676376174728,55646.01364016853,557081.0123185007,30261.83001849297,57074.26967698978,10.154139640837972,129.512680550613,18484.690894566025,6412.83573650849,1238.09566639907,8936.437139724198,29367.701764861624,55634.55301397485
tomo_2and6,710626.2485330208,54730.54072507268,237378.21495241197,5363.325283702936,3753.4973408200117,35831.35464310034,77717.01554559848,7907.994804446905,31965.209391224496,44124.31700863647,140108.16589111582,638773.1996479135,53530.93897141411,178691.00961608536,5019.298599065714,3589.0008515118757,35055.16847209957,60716.48690957275,7433.211199462583,30965.876164656926,43861.47535425516,125240.34499766138,58680.073015759204,12640.252033601351,101724.74761176085,29.278950837085553,70.76460474519195,5630.860789755113,25763.840156253576,101.86240897123814,994.0393824605236,6336.430159742881,39623.589108559885,42744.81478856193,11058.0616140737,63474.70755127293,29.082912799831867,70.27195428562176,5510.508854451171,20578.30312311123,101.52228015048283,985.4343952467094,6246.922278902364,31124.799089087584,706849.9650337547,47862.082110153206,215394.8909350938,76.96956511319105,381.3925567304676,29047.952472658413,66063.79098944725,1155.48690225338,11829.47041570952,39427.703569221914,127059.1647884555,633952.6706673146,47636.72493670254,161163.96072330404,76.22048591154318,377.8369773871086,28875.52806401086,52922.49662780395,1153.2561898286426,11815.240491108763,38296.47131544229,113269.78073328502,38421.195444681616,7882.670297584508,77109.71187663605,11.170474344262422,15.429515219263472,799.3994912328873,9203.788995064448,32.70873344650607,487.4903370812214,2084.799289974488,20993.556489054572,19236.231449037656,7027.847995038083,48948.517216326865,11.119811109353035,15.390215441134293,792.7076002132732,7608.570662263638,32.53479185064493,485.35805735594283,1987.9297428226737,16873.043498501313,683039.4364407171,48405.89907166021,133694.60514038484,44.91619270391377,257.1449403848748,28098.57936732492,35105.685157272455,1016.9046742228152,10959.533448729011,41886.07937581315,105069.2771093278,627036.6641248916,47725.46272101109,128728.09074473544,44.91571447926905,257.13685769036005,28092.61968418292,34207.517225989955,1016.6224885921508,10956.786895716192,41655.01421196735,103841.72713033347,36977.13548220187,2284.8536264171107,4342.99310650145,1.9529428565309663,10.389870359482801,603.5839399383777,199.44130886771913,30.546386940389464,401.2178091025478,1819.9324556271881,3799.179771596066,34980.05482191221,2284.0882983680444,4342.22864116192,1.9529414506345084,10.389857093345205,603.5431935605524,199.43443624747837,30.54613740873822,401.21438171932647,1819.859934991158,3799.079396670674,681986.7794520977,35171.875991127235,82025.55816771534,38.05381735782882,233.24741928223102,26435.089681426987,6262.603455562524,990.9277228615076,10798.473517018878,34389.361049333296,80526.23972365659,615487.4959985547,35168.2890834477,82016.51441563942,38.05355402250303,233.2405435494262,26417.418594484378,6260.499425149134,990.6452535927345,10795.720714408046,34385.97817689187,80517.43506546893
tomo_2and7,829817.5783556695,134126.86647859545,450447.5661722824,6782.662874925084,7265.883332761368,37509.18660086635,79660.68815786972,11783.039278057417,70880.47318943907,72237.24179506289,227254.5101780908,769776.3730767008,125930.483075816,357393.2008353156,6185.939485379162,6897.644489799572,36916.29949011896,65005.223754940576,11155.97625713018,68945.91399062936,67989.80245756767,208196.5057924012,76614.70918926688,21693.746857840553,150231.8200941504,34.69557310320856,105.22040343112019,7469.54064252139,30116.75652706329,176.72739959978296,1574.0336304869531,9295.612313944868,48562.811939173094,56181.02860967631,17855.7835543492,97032.82671799608,34.44834010220202,104.45949512785366,7231.132308978464,24172.911353249496,176.05654103031807,1564.8948879536724,9166.214605059375,39320.22855151305,823936.4527507692,127218.65929671889,430612.2557504249,87.68064154450366,602.3524943024394,29797.36113388183,66698.95733489348,4310.044469664485,42237.626898295865,68456.7271382614,214020.4018860853,765596.2370375087,117741.24848261323,338674.59654667426,86.88493574779173,597.2039322758438,29496.222036240648,55380.14807252594,4305.158109225881,42211.41664591688,60389.04318458729,191712.1645961246,56496.383928692565,14578.641665293422,119424.75529625913,11.886528778955777,18.48852545367141,940.7383148268424,9904.20613471575,39.4642714741866,645.9474824237454,2947.0469544530215,25155.734561862602,32726.70541740028,11978.022864001392,77867.55792706546,11.845598608599863,18.44323206673045,933.384248179765,8390.084837224993,39.270402068306055,643.7301836709154,2864.1151791451703,21264.22350187379,789620.2457937136,92402.49136802304,249832.95042990035,37.64177774619804,341.97089453023403,32487.114660923162,43531.13460545841,3955.9111462369156,40212.93817979492,61375.04409244753,182216.68449760837,748400.0619923695,87077.5185337771,236856.5515412142,37.641452518046094,341.947100699661,32415.83350927816,42345.10045474256,3955.4775882871572,40209.44036777581,59949.30626131911,179084.78716499073,45108.19488006796,2655.533031363577,5034.430792683112,3.5339671479044665,17.88791766023594,704.3200729642929,279.88602978160674,54.99388711131702,592.4473060237412,2216.5003415129604,4458.871069916727,42383.023908185336,2654.748226448975,5033.636148848917,3.533965510013269,17.8878955093263,704.2716531738282,279.8762430949962,54.99345219281798,592.4425554504279,2216.414345315531,4458.7547811939585,788105.6620075617,33440.38875665956,123268.71484367264,31.490773138308825,310.8862530566502,15314.664618650197,9893.05789902462,3925.9713446134847,40005.788911292955,32951.8409812427,122269.57858427809,734510.3685727749,33439.91823227356,123265.02764949114,31.49050805973642,310.8649143895086,15306.829522327984,9890.473407718646,3925.536730470346,40002.27316017825,32951.404875068954,122265.94631238701
tomo_3and4,586127.3192328283,29249.333347778487,143701.1581393606,515.7741494350782,1074.1367937059895,16910.2077408281,54545.66300153543,1564.818843756499,7933.532658595783,25311.62193068617,91385.5769697229,494777.2924423079,28732.749553198435,91830.67874620423,512.1071832375594,1066.7480205609265,16668.031993808712,40791.19347233172,1556.9357478070776,7899.394462785237,25137.894911682586,73789.92105045327,30743.6897208972,2891.35529527922,42871.69956420452,6.065984830544504,32.51855370708284,1271.9512380692804,11853.123863338826,110.19983992229714,796.9963843914371,2338.1868173892176,24330.652358844447,13982.519237904156,2826.2113017760626,24833.73715327515,6.041731623233217,32.367736273448614,1268.7440067243137,9405.99058832571,109.58014298853811,786.7467145292485,2241.2581732470535,17932.937072199376,584404.7092665439,24983.03612439381,131545.10220772584,52.338722122396405,294.08368878172297,14707.156915872067,46909.028036985146,1014.2466154094969,6184.06803854994,23417.984961369748,81926.36612008444,493254.2901442134,24783.445971498208,83792.1558870016,51.11869386549138,288.77026081092646,14347.218834678195,36291.23873306789,1013.0716774581614,6168.071374899932,23347.215890748234,68664.04542893269,27120.80745525731,1699.7075179875808,32469.664176318776,1.7157762159388723,3.607749225735688,430.555479117024,5432.734505446997,7.778582375003573,155.29454802726602,1325.7795826989422,16571.628204227123,9244.024035337074,1650.4267503987799,18742.262441403094,1.7147378053528122,3.606814331179531,427.50758129516623,4659.192731036457,7.767946867841725,153.41303050658686,1229.8792487790092,12527.247085784064,560087.1199843556,24384.109004693408,45837.4743247185,20.35618730717135,157.32414287851265,12127.963268658636,9396.964843162923,984.5136918946515,5892.9893141347475,22043.372620486884,41087.18158357844,486063.20480175054,24378.699219100356,45779.45713971398,20.355618661763845,157.31931242484558,12126.982473320355,9381.14784146183,984.5039428457848,5892.783386975016,22042.371044356565,41070.5473928713,5871.085653619756,908.5073286196736,1779.834308991164,0.37155792697198187,2.3061399059571586,49.450008603035066,69.02629297012669,53.72807663702092,394.9040525923911,670.3749578140698,1477.5278574491867,5841.6125836140955,908.4616270001067,1779.783466364917,0.3715577149077986,2.3061370748476113,49.449775025893125,69.02598369876988,53.72803201262257,394.9037238232659,670.366060779708,1477.5178970624665,558949.8699223368,21598.16452002794,38683.06523978194,16.26941507269397,138.88249240034366,9232.570006696842,5092.305212960261,955.6588655675573,5738.449731466232,21130.447094847194,37829.95527415994,484149.35816155106,21597.399187737654,38681.75201331404,16.26895052670497,138.87820902258122,9230.011100545235,5091.554802103793,955.6496623194778,5738.247920108436,21129.718118427594,37828.68196241135
tomo_3and5,682442.5667841581,43927.37355008309,196531.49568840928,1341.4652709145319,1698.6090279339555,25277.77034650493,67832.35412029742,4054.9450254173066,16753.188280328057,37714.92170654963,120214.79726833825,585290.355474442,42683.58400156388,132598.89523029202,1306.652300889738,1657.6218769524762,25055.85064742368,52631.91706240159,3981.5763025877914,16583.321687592044,37408.306128245655,101701.56652947835,44160.358483065014,6099.733929123297,68244.67753945265,9.611068426706083,53.939084638998544,2975.180074642711,19427.51375117516,181.66230611301037,1332.8382679678166,4151.48397299614,33128.687836186466,25792.036738823943,6062.728055738728,41488.94287852534,9.56918231884331,53.667882584700045,2969.8264863915847,15626.968271587482,180.95482932336168,1320.1555501163227,4058.5667350396416,25730.031903638184,680322.7545402932,36002.87462809707,174723.94857884588,58.50576111107281,345.95950575339026,20006.176689997228,57854.027644517075,1685.8892833434986,10224.104983686735,33004.31456968297,108708.42355777629,583361.2618036701,35814.14536271021,117553.16590483894,57.785516217886055,341.321923060519,19504.176011771953,45180.01091504374,1684.1781245953655,10209.281149044988,32952.13867314039,93301.49443586418,33613.66692405328,3552.7975498740298,50815.806504386564,4.103143918974835,9.919910891468142,640.9791127338217,7983.584217322914,27.78053047850909,356.93855403847994,1692.017682946256,19869.574144570237,12847.794514831508,3531.8698563654707,30810.915919538136,4.096396976909259,9.90805346697053,637.3379502363207,6624.310549097917,27.720442006527968,354.18850641186947,1588.089882252315,15284.961283709921,652134.9638845959,37602.41045435199,78861.35330957222,35.14039703306758,214.10062262737625,20221.516818683966,17235.11627206927,1603.1153568071625,9745.883612865384,34178.66800335485,67800.28522162838,574586.1822965981,37545.24729896991,78449.82816606917,35.14019837186641,214.09235503247197,20207.20141211973,17133.246063044855,1603.1063722120346,9745.690381392382,34156.673107325456,67677.65854574756,16664.657349699795,2148.5236795304772,4027.1380225522857,0.80073300459961,4.725314795900855,108.4793087953194,139.81668278617968,116.51535442777448,854.6282226727875,1749.290707553158,3606.65211653795,16492.63752677016,2148.374480676329,4026.9905466997698,0.800732873651318,4.725309613630695,108.47852198904266,139.81541557786343,116.51527363077716,854.627456203695,1749.2531091592577,3606.61174619962,651650.6059148457,32410.51211020537,60156.064363464015,28.960473383136303,193.18341459818026,9348.570777305102,5268.186160992675,1580.6022241703854,9646.744280258816,31531.870727829086,58587.07736675857,571350.4832649512,32409.688630120978,60154.30268192803,28.960375378660245,193.17633911926328,9346.97981797279,5267.637449031024,1580.5932058931874,9646.55114790463,31531.097130774695,58585.40817907601
tomo_3and6,732478.5603295006,60538.188426818284,261461.64945158878,3086.601073676507,2701.453302814058,35293.19951394073,80695.70982990415,7783.057944573207,31596.17887735636,49661.47679276067,153533.55869275995,649773.6481671478,59703.67205797796,188961.1837645498,2971.2986592455895,2616.2691226449274,34711.227994978835,63657.49974499351,7505.923420844871,30989.834777679844,49421.204192450605,136314.22743534777,59830.62250327146,11946.813622658105,105216.009347173,17.29721631683979,87.26129226987368,4801.184179111904,25450.269860657812,246.65198692766887,1713.0556118685874,5963.328801918522,40529.592145088616,39104.00756156201,11392.961988635769,65737.14605506638,17.221362209112964,86.78112070879662,4788.573506401764,20734.62563013595,245.9507443258022,1698.8531553923383,5878.195604044317,32469.791990604816,729206.1890680426,50202.47015748293,233161.67999051706,101.53132121550976,466.27103759399046,23916.999593448458,63380.0409961033,1486.6339604200982,13126.25226225042,42872.92916838208,138026.5055776763,647146.8925222489,50067.79022901451,167821.31613245868,101.01702866916305,462.3344078119471,23422.149986720637,50563.37333693863,1484.875811314125,13113.049396220247,42077.03923238332,122854.5289611748,43557.35634814868,7486.1728244605365,80790.29922198532,6.538980834971086,15.391734343841165,932.6107034071074,10336.519672786375,38.85406552033529,533.597280280112,2334.8824486779877,23683.20688508923,19287.91784923025,7198.564783280178,50718.34898990403,6.522206249644815,15.360415103003515,929.652473781227,8566.20249771677,38.721934042154714,531.0058113858056,2230.232289816593,18964.030823767996,696086.6900152464,56116.89390908463,128076.17551072621,75.74199361397153,330.2137229781982,21956.453549974714,22200.109848299795,1334.7718344058767,12250.869143691814,47649.38058473841,105662.28582961237,635596.0683897533,55682.01206497024,126610.57697182006,75.74156587148136,330.20456107136533,21952.602106054503,21989.18111199319,1334.740161238428,12250.614815783925,47508.266836473165,105282.75773659686,28194.52179738737,3136.406869443355,5518.850668329659,1.2017317471760494,6.303353503314677,155.74628895620572,181.31613249314933,138.7161952328795,1025.6711619211185,2639.0615420364034,5026.623635838151,27733.28495497557,3136.1551935453485,5518.616532142141,1.2017315039732812,6.303345874633725,155.74475630277857,181.3138004072522,138.716105371161,1025.6702996662552,2638.9873346580894,5026.545897286608,695346.0772166168,40005.19566981098,88398.47768548025,71.98514807533341,318.10321258162367,15813.326073760674,6415.16394530621,1302.7339831017039,12081.518565626438,39040.59978746135,86588.70467597999,629921.6540228775,40004.48872153721,88396.69605500017,71.98477712046095,318.0945869645672,15809.969225313731,6414.410324163941,1302.7029087293718,12081.266599148506,39039.92963923323,86587.00604886211
tomo_3and7,850893.2367211415,144342.39595888587,483875.8160697236,5852.386473509793,5545.345740827796,45536.449206656565,92057.44234751801,14695.276904247465,79538.83036916109,84645.99834305988,251453.46519252606,779910.4442893182,136835.63179752437,373792.43219763995,5488.206653441618,5340.312269595733,44931.51172833341,75356.24391933378,14110.57520441566,77872.11085573037,80163.78198555783,229719.72582186444,80702.02598369346,23748.059831252525,165532.33920434356,38.20567102524184,155.2472712471807,6658.751210521628,30513.307700026773,398.8377910420694,2522.596427117731,8602.50352880878,49471.38185870899,56257.08689837793,21198.858373205952,106744.90842642065,38.146926310648276,154.49544004365617,6613.5609515990955,25084.171813397883,398.33629927722325,2509.3845998857305,8471.135628759996,40616.45282200367,845336.6972290722,133000.27366268853,456604.25753436214,126.54975470558026,703.0846530326958,30829.184645940106,71246.19681531531,4595.586714620245,43300.25739124004,76863.16944563382,232087.8528006054,776915.7315657665,122834.76528328635,347847.0377222301,125.93209566850382,696.9418363406621,29992.626604601206,58562.96082984425,4592.048917937112,43280.069369834935,68848.98554326627,208215.9047563626,61145.21317298076,15823.607195075432,131297.92816207794,7.606109995376974,21.84775672223951,1489.5536450176735,13295.968653521753,47.330377046314425,738.9312580581858,3487.156842979513,28994.640258110496,32314.878880457996,14153.44620461006,85272.75977315161,7.5906528410551015,21.80093005364186,1485.2416609917414,11090.4129807504,47.15580758077623,736.4433526796959,3397.8672218896695,24323.93577446823,802785.5269191822,107382.43154636445,254811.72592586203,89.766928714299,472.9273951517683,38195.04861181525,37439.91702559159,4261.041582144361,41454.83968491446,71644.45778498998,191931.07242403904,757285.6643571121,104459.98725167493,249443.38078201714,89.76674111418467,472.9054781994033,38068.26148596548,36962.45662464139,4260.996795093179,41454.51772068991,70926.79051922276,190660.83180469405,40443.217208361915,4097.882801889645,6965.617679649611,4.675423105903578,16.693506907074095,308.3454002527688,277.2235629908086,172.49299468074454,1246.3136795570033,3544.101085733431,6360.859802353928,39585.33007515054,4097.551683276743,6965.314939481836,4.675422206785661,16.69348705363273,308.3412119577866,277.219454449545,172.49293371279356,1246.3129827891626,3543.9975505036514,6360.75498017463,801464.9611404457,43416.1599157426,141079.43512072854,84.3740979235405,455.5699778303383,9619.623143076677,8431.457625275043,4214.429345790239,41162.177470944254,42364.661489600636,139168.99010700855,748944.527693594,43415.66079280563,141078.23365867927,84.37397166734323,455.5492503322157,9618.146649542883,8430.777390883033,4214.385146977526,41161.85563672352,42364.19527750864,139167.8432457284
tomo_4and5,662839.8031095406,41884.30988620321,204367.07951230984,275.3745473657845,1029.0051725448714,20585.085298729355,61953.14540000362,3381.5236908378447,15059.302316357549,38036.95000583634,124044.65547870386,573001.8992429762,41663.52627967265,135009.5925047554,274.66123214771847,1012.7573279856092,20158.8933802324,48988.170994849104,3362.8995096979233,15000.40471048026,37971.63320465936,106724.63881185449,44114.976129158684,3325.716414778422,54109.29998637704,6.930332236014827,33.35280242486595,1428.691425056325,12899.328375399227,105.84067230254536,939.7435294724119,2766.9476409317426,27940.37932337573,18931.507505433303,3257.678029716333,32172.054329597366,6.905969115790559,33.222190540530306,1424.9973973617875,10812.175400037233,105.16525114217785,927.234456256848,2660.2106634494935,21981.28438416726,661287.3903405594,37756.44114720933,192831.8213165891,38.79403002133912,326.0579114432961,17600.369572050906,54267.626111713456,1733.2738317252033,10447.828559345267,36018.27270469328,115851.89235297585,572037.2201408242,37678.016374384955,127144.80094933641,38.32354608714335,322.15095378603803,17026.295848043992,43523.24062887234,1731.7893279236414,10429.987712790753,35974.24389751008,101469.13489807321,40793.342772697004,2149.7747620771092,43145.99803946634,1.4635121019787445,3.168848618761691,520.4382801350956,5812.994916978576,10.076700892603341,218.88549700987647,1568.4765377912427,19678.242453561565,14557.28644392683,2100.5349747392506,25599.066151937175,1.4629859538959287,3.168027902002061,516.7157588377213,5208.7950832081615,9.97390554426735,215.17800769622104,1474.3903752069489,15610.886270312849,623017.4605254165,38546.511019163954,70685.00356949224,8.65926607711278,112.27715288660154,12526.383512188575,8899.25588592491,1659.3982803929573,9924.2298415745,35760.50999697387,65812.54155926041,558982.8021606747,38539.88170756258,70663.84263968494,8.65921839909745,112.2732143412688,12519.100542386035,8891.306627450133,1659.3949544948925,9924.214016589336,35758.02150802137,65804.9200620768,5495.589854324316,841.9255225206732,1893.9186178355974,0.20677212687799956,1.806538438020628,42.066362296442165,49.33614330769879,30.3370214776662,337.21784722005236,676.7787957787226,1685.022832584686,5486.107820891818,841.9147741705742,1893.9062887867913,0.20677208740352598,1.8065377856755118,42.066246840407175,49.33601686184735,30.337015094877966,337.21771559879255,676.7747447707335,1685.0177653839983,622200.8309843608,35055.62601449012,63731.74176216838,3.5639906179956924,71.77906127314097,5060.5488071424625,4033.875285241269,1627.3891178240872,9746.368870208706,34216.637060622976,62194.83816020781,557811.8089826052,35055.21006357416,63730.97429827465,3.5639581880940283,71.7764551262538,5060.030569049105,4033.6463494862137,1627.3859941381156,9746.353849965455,34216.241026965305,62194.125472395055
tomo_4and6,762711.5907415135,63039.837188555444,282435.1514780564,983.292751602487,1971.7999478663676,30874.571682663962,76579.57708726864,7148.377285834249,30814.611626291677,54917.00481811704,167212.59002589964,675439.7524297116,62905.27258233907,199888.66232995986,971.3930821894693,1923.526764526562,30430.801148752915,61851.81841972902,7013.845645773794,30502.04154530552,54729.79134010491,150229.08411297074,61689.860514903405,8053.421661680399,91935.71252555461,10.218330214363089,56.6741145341011,3208.0835025292263,20801.4638474643,153.96766809148718,1499.4896509949497,5142.793483740572,38903.79325979947,33903.975722149655,8022.005922199667,57420.09702830384,10.16506108832249,56.42816733757368,3202.7746416912546,17515.355870490428,153.45378563538557,1487.5318571990342,5020.323833496181,31930.513423280525,760251.5907783734,54732.46304671834,259865.9689253668,84.46208679511729,464.7960802227782,20366.349895941643,59376.14773498407,1394.883280569289,13122.32866731829,49915.16206449772,155347.53444033102,674235.1203037405,54429.70401662141,182546.67302608333,84.09962112271197,461.99434628755535,19792.22347034321,48200.69041751057,1393.367439334238,13108.01758263726,49309.254492671564,140128.519441996,50566.698075184584,5610.680780240331,75302.21242240512,3.7690240038169653,11.132334009194958,786.0563002916931,8930.296054063992,26.609784460159226,430.9026702645863,2269.313226772606,24333.838208214544,20292.822679743076,5580.399213779572,46814.27816072661,3.765656067673045,11.12277256607197,783.8750890945964,7734.244986277411,26.54603157549523,427.75358361754667,2169.9397327845136,19847.424212633672,715800.9580409202,60542.9839039854,126051.3998074362,58.066954345571745,302.03040491606333,15509.843800642053,13909.575399257203,1282.5092887352157,12360.278961100026,53220.56137686809,111180.4837089372,657757.575061023,60418.88488121564,125766.50331476766,58.066452631044065,302.0205818188508,15503.147806135978,13866.099519682246,1282.5059616764406,12360.260402662816,53179.72132890426,111097.87994138186,18022.918015939827,2287.2913948999335,5022.852112620943,0.48919304334801705,4.722650532384641,110.7505811096115,124.24897308625354,67.11494924448073,790.6622581494064,1993.8445376751438,4688.015357172496,17946.545501772678,2287.2424366179725,5022.797033758924,0.4891929664850204,4.722646237540259,110.74973607146276,124.24831186959632,67.11491630687338,790.6617882012359,1993.8188510726354,4687.983882195485,715357.6537985165,47700.02688111961,100821.4308439687,51.77325611002141,283.4210443444708,8059.2521296045015,4199.72989003512,1237.6101003770002,12119.6965290788,46482.41859834409,98614.48178976672,655689.814025311,47699.40062019724,100820.19945358313,51.772761453454535,283.41195696854817,8058.594332162139,4199.547216328372,1237.6070187166313,12119.678855158481,46481.82174672917,98613.32485611002
tomo_4and7,880960.5066787777,151435.70459196737,517332.9578168205,4168.507524135124,5205.157721803017,46887.214140156495,94788.26788865248,18441.769758583952,90191.47583204079,96547.69272870541,274699.54076108686,804354.9961477729,142541.46888789986,388819.12076385366,4041.456227818149,5047.952233483059,46370.886983144585,79040.17685178235,17903.893361114933,88795.77207420664,91961.75525730172,252704.73362783046,85996.14112136718,19558.21092802186,158452.47853363396,17.17644038729136,96.62438573568012,4877.3995515641545,26409.6531854569,292.56938383598566,2407.051225626997,7635.79725744675,48302.059658941565,54781.89731134003,18651.523641646756,102762.17376898647,17.11824718721505,96.26190588152552,4855.54239512799,22433.05585768954,292.18997447528193,2394.45385658098,7493.569202570572,40727.73705802319,875975.1558657575,139628.41184231383,489492.2270058541,96.80733852783689,637.3824512467174,29220.695175534634,69491.00804209056,4431.18148608886,42873.58840276338,87675.11752395918,254061.7744106893,802191.2782560973,127328.77000989686,361653.14412745,96.17976779202404,631.8283759159459,28436.770796987195,58119.18689457714,4428.787568109057,42856.03087774243,80678.29865379019,231747.3206830497,67606.64530878377,14547.65077587024,133340.78669478,5.247770447044074,21.264562365197712,1504.6553500988205,13073.130877002668,60.44830204050162,845.4396676004654,3850.755454631795,31523.80542020037,32503.44250532648,13890.823883688763,86462.35090346979,5.242520446648174,21.235019011522986,1503.2686597554684,11262.730342149269,60.32712472343716,842.5379468379062,3754.263178384337,26816.090648953046,822599.6015309289,112138.35144185292,254431.657861162,46.53050054729444,314.3557695672097,36186.872667720956,31075.13048878346,4193.407096329657,41474.066104380465,79576.22429188722,202266.7931973138,779067.7758067563,111013.02100326987,252612.68825946387,46.53035100641875,314.34330504101274,36107.59947439998,30907.463907808535,4193.402226251331,41474.036280137225,79307.03365461055,201834.7641631506,34202.71521455059,3866.054036627788,7892.836257738214,1.5808619330961642,11.957311419626903,204.4840103798025,218.2939942071598,121.06023038859907,1245.7082139709978,3458.4490196685615,7384.133446358415,33960.14575571737,3865.947672285507,7892.719418588898,1.5808611919631608,11.957291068292253,204.48163242566386,218.29241720564684,121.06018628268136,1245.7077603083076,3458.387565340442,7384.060631401859,821514.2989640634,55928.71997810158,163200.20706038046,39.51973813265189,288.9659232244525,7688.973057048812,7308.534965999808,4137.978694485346,41123.120760411075,54265.768973240454,160441.18187137612,774744.0251938818,55928.12881271319,163199.25476308263,39.51958174766776,288.95463276656335,7688.327399945934,7308.212830903726,4137.974595319061,41123.0943472134,54265.219299195,160440.28669898846
tomo_5and6,776762.3153070804,62034.73138511417,293800.9517078366,526.4924203975554,1329.6067694932087,29571.345757007803,74627.92806606907,3767.650521407278,22906.05492928624,56822.961338822475,173919.0962095391,695771.7615729731,61490.74644321878,205246.73111734455,522.2684740780735,1314.400447689788,29056.903877430967,62209.60429889562,3751.3213632095803,22842.803886242687,56347.69649213383,158417.76623316557,62862.84376728533,4828.778339063255,74797.93162391525,10.50486787746962,63.20026091333081,1509.8447426800587,13734.577828820413,246.47902642215948,1819.9233873224186,4020.664387396833,34641.79919060967,28099.58020527534,4766.1794786463615,46317.39725303698,10.479720420518825,62.952922103935144,1507.560179450563,11982.479305347035,245.32285146601367,1803.1766884927927,3898.3679878728162,28984.71523994774,774977.9445752224,57724.80266748414,281858.5648111124,67.70071173898326,463.8699636098732,24632.205230210053,63898.41812059822,2105.396552002714,16927.076336410344,54472.33438821904,165014.5950486318,694927.8186169482,56863.22472956604,195801.65749091035,67.4606848959215,460.4659882872019,23906.740877526157,53802.45648771283,2103.643641943719,16911.02802315516,53855.510583761745,151791.09187207764,58420.74725758786,3106.992852021688,59554.47564529243,1.7698527425475095,5.344538425609918,537.9593360057065,6068.319071463153,22.563573703100438,389.13610176133636,1902.7464971494949,22316.19717794621,22475.12071758047,3074.278396596809,36839.17239312336,1.769345670716002,5.342837644867782,535.2810807800598,5573.7132461621295,22.2621846657869,382.9306494816042,1819.3015242578626,18757.45084855808,719490.3571111176,58372.49818939847,120425.52242986902,44.50099548795427,205.94669431574582,15445.191120605545,10238.918795685966,1950.7565521534998,16011.523861639369,53827.33692179373,112818.77726666155,674051.7104708325,58362.73042049841,120407.23015385428,44.500723058633895,205.94426059754448,15436.833682843826,10231.830843446767,1950.7554733300328,16011.515604521821,53823.61841472354,112811.6798071491,7176.286881466129,889.3987812896565,2521.9200378011715,0.424067950013027,1.9885286496772248,28.39287591827784,65.46124609224907,96.54684511096029,812.183293321948,778.3640214502445,2357.5936999251458,7171.123827745281,889.3946422117243,2521.91413270713,0.42406793043917285,1.9885278142137202,28.39284313632896,65.461138866344,96.54681825454752,812.183081480984,778.3600028886096,2357.5875752010043,718780.4115410078,51862.32775889446,109423.41452727235,38.942489106201016,192.06679454896042,3297.3457856244377,3415.4847944540466,1922.9060590503595,15815.248185371602,50497.967207361035,106987.86309876529,673178.2889641649,51861.469558146586,109421.75939392921,38.942175664629794,192.0643908206611,3297.2475458625204,3415.4241826991074,1922.904907048358,15815.23974268094,50497.160181443774,106986.3205955896
tomo_5and7,923859.8493957998,156123.01326167787,546833.9434660303,3601.0173398411553,4695.924077208058,53637.15839606262,100982.19607062444,17160.71105121316,88702.68348738665,104152.29636077813,291808.23298163066,848407.5425726201,143677.50015113145,402566.94086963375,3537.279476973059,4581.786588233452,53263.17954066745,86814.38937634417,16858.794265490975,87879.0936658817,99276.35090960147,270985.0526558598,91508.72622962443,15023.500373073908,145062.03018950426,15.444552115492433,108.33388595283228,3682.0994543745073,23131.601099085714,515.6043573730663,3676.4582026676085,8568.505449016386,51926.006200725795,53309.4112111642,14936.29156316212,95230.33477359496,15.39769723948041,107.84817029418986,3679.0655721061585,20278.636987008766,514.5251822363713,3660.501729974112,8361.720539067379,44927.436275930486,919697.5282330962,145514.36725261284,521875.46634016064,91.03504971038016,617.9488751926586,37941.7886389845,77450.48869705539,5181.200200424089,47495.326416229436,95954.708167878,272395.49344889796,846696.0616079919,129609.78185166439,377125.5970232294,90.6309282750644,612.640058341816,36904.57459210542,66893.75457397212,5178.41317218875,47475.71511597146,89963.00627191602,253053.73120127656,74896.4131769279,11559.372953259248,124827.7956042427,4.27392693927293,19.178836390568787,1101.3618424264876,10712.118285142222,75.76587964079708,919.8158559477577,3722.619791454266,31216.258886636668,33680.74072611723,11426.568924193256,81216.08355038062,4.271443058036568,19.158037701096955,1100.6772020889832,9575.055251806329,75.52855039068376,914.9177953639631,3627.7353816468953,27181.924755839314,854734.434470357,108099.57051113909,250199.51016413077,40.87284101488911,215.48383283531686,43943.383687897614,28780.633627250427,4908.510892954054,46001.21577250427,81932.72686709485,209132.7388235843,819335.5086722926,107793.39436264512,249724.49703812046,40.87265589231764,215.48157444915313,43875.95658460374,28722.33775363528,4908.508339009279,46001.19661519818,81858.5375677589,209016.8479541659,27331.759219443546,2791.155969328749,7575.555472705271,1.056167666151616,6.154190582102815,124.20350824745233,231.72550425887232,277.39415499666717,2254.6008772559067,2545.4973214403535,7147.799827364101,27275.91501440185,2791.1248706057877,7575.5119714001485,1.0561674414196875,6.154186784359936,124.20319108568636,231.72450629513665,277.394035112675,2254.6001255075753,2545.467984435903,7147.757473288873,853766.4433950874,64675.23202317746,181407.21793957675,32.33816820200315,191.0176029916665,4317.907924038802,5901.630913907271,4850.905245563153,45622.69400851035,62513.39631512021,177884.5395389178,817373.4432063567,64673.907974570335,181405.0652844575,32.338041485750686,191.0157112683416,4317.820862817397,5901.559377603632,4850.902709598927,45622.67485152656,62512.190740372396,177882.5587554378
tomo_6and7,971212.7041110513,160509.49778768097,584541.7891764883,1689.9966858496416,3406.8831343319616,49624.11046675205,95806.52332180021,11938.99120234236,77370.63750022362,105727.31866593786,306870.28812471597,902167.7103309624,139728.9418079109,419731.1698378442,1681.9438610372415,3359.1183883752788,49228.15236641053,84463.1725409643,11874.580824725737,77146.82471739726,100065.89965642226,287619.38173444243,96074.49668445843,11722.550490105865,134184.86353593168,19.694102701987557,111.5120169833346,2319.8893224343033,18024.06214831511,459.4097700521512,3636.188026546274,9297.090674065585,54133.74725878704,49410.584088739706,11618.640352031658,87971.43271158884,19.655798339137043,111.0835429089054,2318.686162088673,16225.491226522008,457.66262143484255,3618.8046806692096,9065.22305140617,48022.98361924913,967127.7664410719,153130.90163351086,566110.100137341,112.50046809439529,689.5930452333569,38655.32557543355,74951.27661323661,4680.893068030716,47356.87280263935,97651.79404235761,286368.1055733054,899842.1653193722,130195.05893070744,400212.61962208705,112.16800417573933,685.4711690324107,37908.569309323204,67129.47356886852,4677.543741399721,47334.45436110243,92529.35190028796,270785.34805941413,85285.16471199313,6711.9714152274855,100463.8331083593,2.5615809000470895,9.34932768903007,585.7187494250809,6821.329006959252,46.17924520453042,644.065432963633,2956.544513795115,27571.841531380578,36752.06915519871,6697.963629153598,65666.28471551195,2.560983775602028,9.345170882608407,584.5878239490631,6369.922975111032,45.70233258827621,638.3585465428157,2882.4182443836003,24712.037042961474,888074.7342804819,86871.4039653,233359.21850318369,75.82045241209477,225.67963475082448,35236.50270137021,20443.222445480922,4352.7545891315995,45623.19080809486,73437.96321075504,209537.55282902461,867078.1314221488,86847.62335634661,233320.19775053285,75.82000160471672,225.67785772313465,35218.82606162139,20434.16783311319,4352.751290334077,45623.167776547794,73431.16638305268,209526.5721280254,16049.792655764462,1132.6877917060806,4708.624631164607,2.4372135333494303,6.432901188698758,66.1150330067587,112.36777340808214,128.66508190773754,1514.8369764897764,1058.2658518634414,4474.033258040822,16044.329139634756,1132.6844399822244,4708.61736290731,2.4372134617876244,6.4329007022502065,66.1150058079736,112.36761379519422,128.6650729790462,1514.8368536132834,1058.2627346204088,4474.02663133522,886285.7329826731,63479.8961216519,191818.4125499092,61.18521658370283,201.9060693076496,2339.9979733357304,4106.010383163699,4307.793791804478,45056.93137159782,62034.64396740799,189125.20195446795,865373.5973055124,63478.796805489634,191816.3722576278,61.184827685554595,201.90446829457483,2339.9780696541725,4105.9880346336495,4307.790401729027,45056.9083674857,62033.60959060461,189123.27444405694
tomo_no0,2242776.210112801,283970.99988865014,1107138.480699182,61947.283261232784,49601.13157280743,170823.47869605946,316988.7064492132,83405.06990284866,243363.30184411662,210686.6872945508,598849.4471473352,2055232.2507965115,274877.80157884955,716192.1764095965,46384.12620198397,40368.403806717186,163097.51928956635,205152.96324589703,68839.4504503932,219808.1259363019,207128.4011927752,498588.3423845439,230828.46894253895,84528.29319381868,534951.9605304175,2563.981140237661,4032.8912855000144,41360.82080262353,130045.42103601956,5098.831624360341,17490.27313963219,45281.43493739816,208745.0805440868,177732.67445481836,59335.39719810092,248557.2292070744,2461.8532124156686,3685.504491006796,36954.546230882224,82461.0095642904,4744.346436680456,16848.118908118973,42586.09678113909,135868.99017371383,2198569.7660034685,231457.25043574948,933708.943979571,678.3417760673927,3084.9077432400923,118931.29277282975,247216.70549618514,10551.18547639077,78144.72765355564,180687.15018981392,538534.7610831857,2034524.1788792142,226468.06778863986,614421.9607218626,655.4235224007622,2972.522081965766,118512.41153852364,163245.50815593204,10487.414618535306,77877.59239557802,170082.16723423617,434446.31801026274,138367.20931075414,38998.77388330309,331335.1165608036,60.221046261903304,148.69714753072407,8390.27950693113,49926.82404568812,193.76963321809757,2008.6239242168203,12609.511614076007,100436.9457710224,49212.329982939766,28880.97523957511,153248.00940993088,58.428345040227455,145.79169052459113,7750.61096623581,33488.06007379218,190.19706972244254,1967.206897430857,12507.27414318558,66599.89353334095,2179522.078071291,259673.1351759781,679435.9227359069,5096.6399937067345,10347.851212251937,159764.97208399102,188592.27237794973,26685.44354525423,132344.56534221972,204496.3184443522,483056.27208211564,2019895.8259838403,256837.22659587904,621994.9501535008,5081.787749988784,10071.614553609943,153431.74271446952,167374.87404315098,25146.62171822178,127732.51974427747,203291.40375762378,466292.97339303576,167153.60556542664,13274.370860925734,27282.500232916755,703.977562684719,1152.9941915447403,7686.639045220853,4358.8788134618535,1647.9928131222462,9142.561479989372,11663.267637494575,25269.583749973688,151400.98430079164,13272.518289396095,27279.74239701628,703.8497457094696,1152.7868793188516,7682.518496133561,4357.5814382049775,1647.728388424049,9141.39738795844,11661.561891408652,25267.15816306762,2165941.0542077944,139593.9369571806,321662.7880986152,228.3592457750745,1301.9938989538418,88909.47904773026,34817.1144152547,7458.652431589049,64999.11385891937,135344.85209515502,315452.2539782538,1994715.3026734153,139529.13019448813,321565.2932174668,228.28962205568544,1301.677094753013,88692.66667523816,34774.393706225834,7458.008124674759,64993.50763724633,135287.73303794628,315364.23037234024
tomo_no1,2177537.9458426423,313403.84909812716,1180291.2532240844,59240.77245988257,51829.090091429876,175856.26091927552,310268.2957025493,83443.86372359795,241499.36453751466,215835.04661384266,596172.1270495465,2034050.1544623447,282826.6791933721,764377.7191608553,39500.34745157426,36334.86545307154,158603.18330676117,208068.09571722787,69360.40917032621,218966.4267484891,208305.9852597593,503211.57656564924,232760.10639602612,90273.22267736707,552525.8799747372,4386.036031824581,5143.4439986469215,41348.95289983528,125853.23345060147,6301.060314283024,19145.826641287895,47032.478476713695,206903.82830960533,163503.60953686156,64626.699830497775,260871.6259477639,3809.8898029929483,4654.877642293006,37285.269448311155,85686.47109776606,5533.752338308394,17859.838390629466,44282.79312639335,140473.35446594146,2153626.4157796106,236800.3498048187,944452.463171438,996.6263484475849,3665.7560355547635,115631.22053169586,236449.26638633682,10535.030584585,77208.18353726958,180734.180064501,530114.7195965983,2008817.6234157803,231549.30603305707,617845.7940307292,988.117526221502,3599.664684161205,114629.67967366094,162204.57324044302,10473.836738901227,76941.60734692543,173024.09668924482,435229.7964829556,136269.09656777495,34890.250760123665,309868.7705587953,54.75366344351279,145.30819975142933,7775.329249955258,46924.67456979965,184.66953866197935,1946.7894394201028,11753.716315906508,94448.95522774158,48760.84162924452,28394.672213651214,152868.1193479438,52.91030584323715,141.64696578114,7198.332320622487,32316.03161086368,181.7900820180226,1910.7313594391505,11713.393127994774,64562.14185669085,2153269.2748958846,281352.37930901046,806293.1007218311,5889.483457792044,13113.106041410952,162786.85457904902,257782.00442459763,36752.92862667124,152211.82533700118,207513.81845875958,530571.2507544948,2002258.3452304364,266080.0844667094,608346.8576778001,5765.09282853963,11895.711179737844,147333.6932409945,164417.3401335901,31525.268216201435,139986.79225154046,206263.82446772206,464472.61621025,190442.86370769792,17105.582399907482,30338.527735579664,902.797501925086,1283.6320117965304,14979.219093307425,6159.08913230972,2150.802949636004,10018.547012805933,15417.48110803344,28459.896117755638,138477.90288464655,16978.232556936204,30158.514748465335,900.8231851468323,1281.9621522399668,14839.04492759385,6125.980298842524,2147.2468504140297,10009.897809459992,15315.335775802492,28358.64606755582,2133044.9585003685,148947.75811212082,329589.13641883334,709.5660247842102,2289.5778918073624,93054.69790589203,35408.606774021515,7823.488458578218,65808.67089097557,138922.16834749974,316792.01515026425,1982628.1080318799,148242.33352745543,328769.9152402576,708.4222439196839,2287.5136653343757,92178.02676472478,35231.906418634804,7821.793750706433,65799.91342003575,138624.37625288995,316433.0200700371
tomo_no2,2172556.4140421436,323520.8761241686,1204827.616005299,79133.99855180235,64462.40932759627,189910.078238739,318844.896485914,93991.95026849654,255372.27138228447,221245.44922895223,598033.5104683755,2100282.8861244973,307244.39738593635,868964.0831716195,54958.69031940889,49917.525647171446,171734.7692752758,214734.48782023665,78261.97448216517,231956.0023814915,213255.17273143586,504305.69612310297,233992.89745746614,93673.1174787319,561750.8459845757,4793.619686022363,5724.38814513942,41159.64323189025,125060.28177500432,6298.841897710237,19196.16010468317,47498.10327119295,204528.61107636057,208762.23213361876,64576.596022609054,264044.1941461752,4093.5067710163607,5080.20134495362,36247.027050625,84761.76021281653,5371.33061587685,17691.267197667585,44368.52151873281,140400.48598746912,2149873.224112704,240980.3889215618,945612.4429481638,1115.6965324035214,3782.118111435668,129228.9121889983,244237.83121713542,10531.035061569673,77232.90807110614,184708.0815637361,528675.4938021209,2021547.2704467368,235347.78698396616,624083.0948732576,1112.3931587489233,3715.46539223425,128379.5973439515,171749.88176501135,10454.891463255331,76929.65296179164,177523.3350773652,440012.55242958193,133152.61104995193,32716.05921971704,295221.9529591589,70.18454859702369,174.80462565309833,7547.043472804509,45364.804308355124,185.7323632813889,1948.4453918655363,11356.24149374295,90437.55704417267,49404.42227874808,26416.416323587768,149058.34407845503,68.20801962192857,170.8299668581495,6830.720507678204,31362.932011427296,182.61965301226252,1913.7007249058702,11324.275629801317,63474.492859878876,2151871.648588559,283352.26620115124,822620.5026223818,6322.49606919854,15039.479460883258,179568.4422428799,280050.4710274549,37063.67962759214,154605.33120831737,209651.04377223592,547575.0880471189,2017254.2907004126,267280.1171636797,625760.6720027067,6131.182565675956,13177.628275552172,169161.3590288206,195982.349651773,32547.77903885062,144022.32137630158,208478.39924157952,479798.5628648685,193967.0194716146,17182.269508020523,30778.162348083275,1102.7060422731702,1493.0882151789522,15272.168856204391,6585.889408045118,2223.273177633604,10549.30994854031,15611.487787860922,28921.254232791845,147054.9889814912,17050.63111978275,30601.373924792097,1098.5663784051067,1490.1364538204969,15144.353769241843,6545.045888419498,2218.4007662111103,10537.179319585392,15497.331422838019,28812.218230616138,2138746.469335251,152640.8362528953,333553.53701150935,757.6654016930266,2214.676737050013,109824.77512594589,39028.65975282048,7727.275543753965,65296.87023857071,142429.30534349187,320673.3303137342,1989691.1841240833,151924.83687896046,332720.16537066404,756.3647626700008,2212.622408302921,108970.28586975872,38862.71803562525,7725.58220812119,65287.83108916429,142101.24877520837,320269.6973959396
tomo_no3,2164380.329137491,319611.2666202774,1199422.551052568,82601.65611376477,66401.9290126332,185850.41554276075,314034.22290392575,94735.49896167614,255920.98331402798,215358.610230244,587673.1443330923,2171760.5163667914,308462.7358873087,878999.9531585273,58824.64691813392,52417.90885481731,167086.73395908807,209614.99713951003,78887.94992661253,232509.790103674,206332.12441602885,494658.112282336,233805.8779581581,100688.76616335315,581125.4715822302,5607.042810223814,6079.378118254153,42033.12497805913,126343.01688209375,6993.014552880297,20109.058339598043,48520.65583025851,204890.20364150032,221799.15840682454,64236.99581090719,265359.6331307002,4551.21921392196,5269.7711015714485,35838.81049362198,83450.7004544872,5732.140070118391,18177.567209205805,44237.60358529454,138618.13066289705,2138634.134792734,238999.92663384127,933140.971529094,1017.8509104688002,3538.543417460897,128842.46166615046,241019.19695613437,10184.936327315347,76214.12510497354,181197.97469705497,519350.24513374676,2015439.646142567,232449.49671787317,621181.0841094208,1014.9782870484025,3482.933004814403,127487.36789283351,168402.02521150644,10104.615082619495,75893.30170461998,174383.4161280764,433710.99891950027,129638.02395407867,33739.73261258849,295056.73453671223,75.77874521978318,178.12799751780472,7788.857397248768,45720.96891830306,184.26125328960322,1925.1139693041312,11573.67100122174,89754.99360406851,50111.227754477964,25982.489990694772,148397.99702982284,73.73615562470124,174.05113216439605,6936.160916058923,31296.64855220662,181.14238370108367,1891.3274277566645,11483.512264842151,63096.53619950363,2147427.5707038995,272398.508943144,812330.9342142297,7250.228499172157,16581.00625493544,175191.1641237006,277287.1301736229,36576.1890877467,154164.0991408171,202420.56750897015,540595.5173335888,2002757.2818296375,256417.91580305938,624024.7554868533,6754.165914234211,14389.332439688436,162746.8991477439,193676.9089918333,32270.493881487004,144008.66017774842,200513.59328849745,474594.9195457323,195496.73066064582,16610.558702065224,30171.794538979666,1265.6820707149718,1448.914887841765,14313.014382460153,5605.387313063249,2430.3172943686404,10988.138877077929,15161.122168168658,28395.114592781152,149956.16526630623,16486.708612157527,29999.388683709385,1260.2088567627354,1445.6129702405922,14211.731460225084,5571.782392084288,2422.768859225123,10970.364476442117,15053.111700753647,28289.7421178332,2131296.124174452,148144.9127402519,328502.63181424874,722.8984209019596,2294.8836148077444,112997.56963042401,37258.66594852782,7319.439324139568,63913.65770160303,138134.40872135392,315750.4153364414,1980549.2188415078,147435.22351345074,327665.95768780494,721.5958385373107,2292.5813644263653,112236.73457828503,37115.61902142425,7317.516357522535,63902.394410353256,137808.50441046702,315344.7987936783
tomo_no4,2132600.870245812,316682.276406729,1184850.671005041,80208.49296146365,65367.29644333984,181253.8613553596,309924.80918676464,91759.55560775983,249786.26168057832,208915.95868441404,575015.0658367781,2155056.6767354435,300755.2284729062,852921.817952771,56771.759062717036,51891.11022169786,162703.38006719179,204295.25233819635,75393.34242617164,225527.4892123835,199284.7441022917,480719.8326614848,232230.14266627168,109533.28669875239,601857.637368869,5978.829897266902,6227.4793497597375,44869.97536527802,130621.70312461552,7123.060726161227,19911.506789509043,51463.28283753179,209729.01240980212,226414.78613195545,67864.09524944909,271711.1625852894,4704.65907025951,5317.418812615739,38035.22235286059,84905.46595063587,5755.983328727207,17874.39395428567,46346.66353084607,139058.72635959036,2106542.253271605,236294.88545913988,915007.5960069126,1125.3390310891639,3674.1581614607235,127804.63424051572,239083.07301102902,9979.055194817664,75143.8681101673,174607.79597972278,504771.60622802074,1985717.6259414558,229496.37080208244,611872.985167624,1121.2083189010436,3607.1066699032963,126641.17136416717,164938.84295526877,9890.113484742988,74787.97726705973,167624.40917136034,419264.73422242445,124791.86670608839,35710.27093416644,297774.1642091205,74.3740921296704,178.54480544182096,8332.435938884284,47253.242693643224,185.78817371386714,1910.9273855101655,11850.26549919829,89692.40671931728,49852.25330623287,26509.322433052,148556.66284886978,72.45095233485641,174.42023062994997,7403.495762881932,31894.350860590108,182.46074330451984,1876.4280087659915,11709.159287090743,62240.966077462544,2118150.930317507,266395.2350367065,804334.0229031721,8106.076485214439,17025.397937520433,169620.44888378377,274323.6787592012,35109.13410939688,150239.00176345807,195581.6393349195,529663.6585099389,1970107.2911262866,251146.0175125809,615779.9910187935,7562.849083019958,14943.694474652493,157638.2060166092,189561.48033725188,30929.077990281792,140313.92323882726,193771.35740286188,462964.4337355355,195727.83689136695,16810.015518775275,29947.534510630045,1257.16371605223,1505.7639169381362,15044.088508693316,6101.343964912653,2652.743399624388,11354.125528792098,15303.100554574485,28111.858828033663,149869.02325342747,16681.163110060672,29769.549622411065,1251.8737276165439,1502.3024485189912,14910.443594239488,6062.357597010804,2644.591320043596,11335.86796486726,15190.407476921322,28003.74879122007,2101113.3111964753,140276.45976584405,317001.7875429937,740.4533136858845,2213.3917813871594,104981.87302857386,36333.81110599955,7349.677825332315,63833.081753711595,130471.2465034098,304347.9553944788,1951371.0142717704,139573.3530791669,316158.3594071582,739.1713983914402,2211.256192941107,104281.09903520477,36201.13615078537,7347.775328831277,63821.96426364207,130149.27150311775,303939.8943703424
tomo_no5,2072368.3200547541,307967.87266076123,1154186.9562850986,79222.76934471024,63799.24211335467,174118.81038873125,304067.43822800624,88845.62644746128,241738.73572788356,201261.61099895378,559103.6915309117,2083079.9824153876,289655.29641868547,816678.604403093,55358.69700566278,50083.157413194036,155733.23193716974,197353.6802172105,72312.79089491584,217216.31011001044,191767.8303114737,463404.57232550916,228993.31099165502,111292.55998986882,601326.7243906131,6202.905835806074,6098.761428427392,45525.04441352573,131338.91563920683,7392.632074875789,19517.049934865652,51785.29704146902,210064.9481736772,225088.493406619,69121.94475606877,270469.09847935697,4908.263544050197,5225.481336062416,39242.49406518928,84831.89537470751,5947.592810243729,17482.370308265286,46612.23168836363,136794.9288987672,2047144.2829568628,229392.23219243003,888367.0458289855,1142.434153701422,3740.4135797686595,118747.94674888792,230349.4315468979,9765.476845229927,73331.29596453355,165938.7723616277,486575.3395719624,1924124.806125202,223270.74203739493,592045.3323460704,1138.411338273317,3671.773156363243,117302.64366348191,155515.04166327007,9671.276124891443,72952.99118555085,158582.95089556143,399488.88257481233,119349.83967771794,36603.035821111036,296028.8312600085,74.45927154650862,173.22284916328562,8488.133530459321,47964.198958553505,176.40076356442367,1855.0352839644536,11902.566713353808,89449.5838788193,47987.135625747644,27151.8117655204,147047.928745675,72.43045494904368,169.16052874334792,7617.306605230443,32022.405580337094,173.12904583588067,1820.959510307586,11777.770131532037,61023.631256649096,2059368.6840048903,259307.07238885682,790854.8173778813,8097.214124936882,17084.658551082954,162770.63684757834,269242.4820884582,34251.51666662905,146356.47197051113,188647.98556893773,515470.02476391377,1908874.2614700054,245113.37205146562,600705.6416700647,7548.375962969597,14954.239498823494,150385.68379410508,182794.26765784257,30042.978404132788,136378.92751511346,187136.48849539817,447317.6289701214,194610.58944929746,16910.36587186269,29372.911449453153,1476.2314106007555,1691.7321324374752,14845.630934346313,6032.8924321857285,2815.3500515937326,11399.578516014182,15353.868119764318,27492.921490148063,148143.40627968984,16777.607776169058,29192.100001517436,1470.5129656599931,1688.1253075785216,14721.345575162786,5995.77972016513,2806.901072857869,11381.604799205516,15238.405326632623,27384.8714030753,2042465.0944698965,130936.6953159793,300417.01936218614,757.6595169224258,2187.8173657541774,102273.71058240873,34871.864563246716,6764.415685144968,60369.85104017961,121727.81440866075,288457.97143586003,1892445.1227713998,130241.72590017918,299571.655383469,756.3580669890534,2185.736038744662,101590.86636865973,34741.615052739675,6762.49211132586,60358.49375918909,121410.0278921346,288049.5932666206
tomo_no6,1993012.3828998301,290883.0769690293,1094106.5278794705,74508.93417388918,60820.018236837095,167098.9202754253,298175.68172000867,86302.4542009196,227147.6817610461,193737.87581837783,533608.4545044958,1976739.2654912858,270258.776157891,751575.9434872844,50561.507540676546,46978.23555494049,149863.60404008254,191898.49049414837,69658.12222227915,203043.22606647492,184785.78102794464,435640.59121751954,221985.1059245774,101997.3167510255,565713.3808196551,6084.280113886354,6023.204338500173,41151.47832863514,124236.73930304107,7073.388419235313,17939.002865745984,47210.36028938389,200083.02248051486,219399.73606097032,64161.87622252133,252157.95264148712,4745.346384150637,5126.75568023382,36201.48724954525,80174.07975985693,5626.149777500524,15972.92832095098,42642.740568841946,128041.52148237052,1969018.3918542862,215153.4567599189,836165.3258256918,1097.491691131191,3599.4669592854184,113932.77804199983,226119.13554700057,10111.517967853279,71221.22398260543,158618.85383478683,462162.1573485663,1835307.3203385924,210611.61003233708,547002.3214534791,1093.7575190252694,3526.446094984988,113012.94956695108,150412.09225608062,10013.006033628712,70847.50961702656,151610.97097262798,371634.11218178703,110782.62296875603,34432.386860995066,279651.54686806386,76.17764391841911,186.63059952081346,7865.2320100602465,46488.00352124425,194.57745882314674,1952.2893752736627,11545.261008763828,87834.88000990423,43047.91297557256,26757.626438650346,139264.95255153632,74.1619735786529,182.2522586718208,7148.146756950568,30799.01148280389,191.3316050238906,1920.3901289100395,11492.110658923655,58795.12433119603,1981373.3146305422,251293.6248156116,764867.1042555945,7671.637111027372,16304.434810941837,156483.82787013016,264449.1629229146,32409.93643270671,135962.5742654568,182491.98819366036,491472.7389776663,1823041.65654624,236783.669919159,570228.5837065323,7084.748108954934,14182.753698194685,145397.60583503763,177918.55414517084,28265.61870945526,126267.04342103969,181277.92800530256,420539.9319853411,190270.40530401512,16636.538521026654,27607.71071993758,1459.0831454608904,1787.6180854919578,14608.47990761214,6435.438060455691,2821.463710254216,10729.743911005888,14859.0861100694,25555.28676540945,143294.36444104798,16496.89322416268,27423.761177421442,1453.2644005788227,1783.7126879422399,14477.824794634442,6394.498374782379,2813.1035496879713,10712.943105019887,14735.191761271877,25444.07552669142,1964546.2289240337,127187.16214823742,277639.7368074514,739.9611725269152,2147.720097544634,93481.98380414407,34178.115245057714,7273.063744112055,59698.224123287735,117751.43076741225,266080.8118425862,1807917.5595767093,126496.26426710436,276835.380467548,738.633249246302,2145.566555100304,92798.47048450347,34040.951289226694,7271.203077921745,59687.57066753828,117435.81717519616,265691.0251257082
tomo_no7,1856662.1293566648,190363.5367038169,823301.560462102,66379.55018080834,41341.9814351415,134110.0115035294,265586.12575751083,71231.48165348847,133979.77288599522,136398.95796287927,402590.74216915184,1801343.6261353577,154068.26326857446,489334.1989455351,41570.218446794046,30378.031939314187,118918.82425895258,166174.14837547953,51546.58168904793,114189.70098494524,125378.03551559766,303822.97981619136,189057.2228427702,68136.26448746954,444680.72433813364,5414.615966446481,5027.5360048511475,28136.430095775624,99820.99836899679,6384.2726233747435,14643.836034700935,32494.614022620874,164629.69394017168,185793.83149121486,43421.15285980879,189299.3320862478,4220.606087704251,4271.728370351503,24785.11105497232,64078.40055034809,4880.994987374284,12774.542937903461,29302.65828979125,102828.46737773379,1835592.0803247602,131478.96201355592,604520.1509243123,901.2529315663901,2678.463016073924,100012.86500133804,211205.64843935388,4966.151557346866,31439.487971529135,106994.88183459644,339329.60160467966,1687875.345283037,124557.4045359903,352158.37029055844,896.0120045917787,2607.5898314253836,98879.33290231797,136089.662799404,4877.929670487964,31138.76606279362,106811.51763788999,257476.46921638757,95830.53037484743,18960.05908794453,199309.16255077385,53.744961480053774,121.0453503602458,4702.3375919581595,33288.783495731004,116.50385898558923,1250.604425889129,8083.380227063208,73330.91899217149,31708.268123506074,15460.075746236509,96402.34282883353,52.64032983635139,118.49780302728519,4376.264207220594,22751.782657087493,115.06015918254484,1230.3266158588485,8047.8318460289365,47700.72205050201,1846789.6196976195,174129.1017154383,582857.2737689252,4378.653693855119,8638.346165647376,125435.47617231394,235842.0456092582,12495.37103633278,52173.4957301447,129612.91946416555,367794.1023426118,1679648.1853542612,146045.43196102796,380237.4000697381,3867.351180363053,7538.799171213833,115929.84780948101,153040.4673766464,10570.207643068901,47810.50429009957,123203.22362061207,289823.6100687413,162156.09309432088,13930.883821358973,21338.11092789643,1194.2805708155317,1395.5451297618613,12016.355993816082,4950.984954980452,2181.8996958316807,7996.331271252609,12274.928205523442,19559.49021446729,114909.81503884154,13791.102923475726,21165.12083428483,1188.7867402221007,1392.0546851990432,11912.820280557959,4919.519882549171,2174.2812944520188,7981.510118672532,12150.226817003635,19454.81900062728,1831576.1595541001,111018.40455068281,191187.8752410553,641.9562129739251,1775.6114260081445,92963.3761126763,26662.49387186811,3935.325642727228,27465.159758330854,101350.691474936,180887.59097629043,1665294.6732610073,110165.63777700832,190389.37772286392,640.7677394409367,1773.789812445228,92315.88930141376,26557.408521162077,3933.9009519767433,27456.645330892985,100947.22143339008,180485.08381336762
tomo_0to0,178481.0335393904,14054.68582523005,12035.541267639695,96.88123138451058,46.31258125590396,463.3679779297599,159.20676795206242,381.0218313960384,797.4143259297639,6540.715737727219,4903.149311308932,177233.7091122403,12361.953255761135,9443.21820705472,96.80189792503717,46.28719344826831,462.726002909161,157.17044997285345,380.03819933597254,795.8467244740499,6478.915909187895,4836.499483729397,623.3402714715301,84.0982939141557,607.8635471928767,0.21061536935550793,0.4616438155433551,5.619541192223159,9.769539373596402,1.7421885630948482,4.303862544342364,22.979342519766938,22.82968414293006,417.7897162889773,83.26278376914144,449.04798007702766,0.21021670154757952,0.460972044372652,5.599313848088146,9.653037745726262,1.7373757934878309,4.295264170792567,22.813982907427455,22.599818555991348,178003.04271567377,13271.382792660183,10855.11619330766,53.14429612571549,19.73174159721686,141.7933241869621,63.56595456944796,151.1665412421997,427.7949795747307,5956.203776503758,4463.553349743618,176484.03654417087,11454.504241731247,8736.077360619975,53.109938008426205,19.72454612471084,141.66815178548873,63.34825916629774,150.97639119218672,427.2311594004797,5908.156746708326,4401.485620386358,126.48444507784413,8.309304159232113,176.51356999367172,0.0012274720062446609,0.004628187944614406,0.08648033809154586,0.7009822023004764,0.1668219379024423,0.8189516422388959,2.3587442301849735,4.844003091900699,73.71920331094954,8.182511227500756,133.89459881244122,0.0012274577917244455,0.004627748315738098,0.08643903530658446,0.6993949067937998,0.1666227838254057,0.8181695603480844,2.345622006020815,4.81900047774286,178344.41008068496,11832.341339608327,9384.153208814207,71.36650990100193,28.252371967507006,352.1359700958509,97.91586767199982,197.4520871946332,527.0392715102793,6462.4359748788975,4819.559461131722,177197.24092183492,11176.423189905983,8277.354956744839,71.31608052116061,28.241498912689522,351.7310491336717,97.822721150693,197.19619501198707,526.4002630372294,6405.002988489692,4753.480461018983,581.6075864879385,71.22388564386114,47.747862236461614,0.005493892507918347,0.02734456183188935,0.06688387443664291,0.17092809941280712,0.12933801557643493,1.0644149147388355,0.7971902001583515,2.6428970560354252,416.58670685368816,70.76689978954958,47.53872703629289,0.005493898799878969,0.02734453561209894,0.06688313074174042,0.1709263958862414,0.1293371892148051,1.0644133278399803,0.7971459466598378,2.642828026388476,177966.89208109918,6737.338129586557,5492.004007551935,51.973884421383566,19.286137580657424,115.49910368349353,39.238270885046425,147.13922074297543,421.3292040312234,5895.990239294414,4428.242813607008,176449.98850265477,6677.780688421912,5377.86150440711,51.94489523783254,19.280021822708374,115.47186607403695,39.22639153310453,146.98559043802257,420.8214189621781,5850.607867284836,4367.069963991711
tomo_0to1,416418.36907129205,29853.81028003664,74286.9563522424,1815.0563400036442,1102.105315528279,6106.14213863685,17414.909345618715,2606.00139656253,7089.2642019503355,23650.25953728759,48173.043283433915,381555.2912395032,29254.136586066237,50052.26033246799,1732.8642084258238,959.4150636918026,6047.562252512562,12532.38470980109,2157.6584096698116,6439.610925394609,21232.695443749068,35820.361446404095,16260.851979812946,1751.5540796411594,12974.86977748542,68.58362819140675,46.790206025173255,481.58261680506115,3566.4967127602367,115.00213475721165,322.2026852006481,1572.576661166512,9992.741913117132,9046.300776485825,1733.8343322964188,8768.070376233358,67.1844821139567,45.91900562194082,474.8890249908333,2645.583916692306,114.25943388078551,321.1412537949248,1534.5751127226908,7083.327635506378,413341.7891244076,27939.4184689428,52349.9387331851,140.59510427010574,173.4019104239955,5789.92658241538,14086.060160898127,467.9699097289674,2872.0455663200964,21921.77543719783,38721.03295072612,380028.6094829332,26357.330206459133,38483.38138816349,140.46973388963738,172.36246911604815,5743.609911595469,10589.587652289329,466.4754214296465,2864.692253293359,20509.81588698836,30944.776552257972,2205.5165720739874,190.69457227347954,3376.0536101157713,0.631723898494832,1.4133708485517398,91.28248017578959,1090.4633541439816,4.1575896399159,37.755166466580285,182.51514808566563,2699.801083837032,1094.9447169119874,189.00116082668802,2345.7790241632083,0.6295369994748349,1.4097272587687677,89.768362782146,944.9060494574801,4.083254331772788,37.375854479479614,173.45107470476438,1999.9337791780363,416066.6399036006,29786.34071424469,70152.80020679049,451.60581850168455,325.74009482588895,6022.782841694031,14194.088479678858,653.0447795399127,3458.6403279433825,20645.533830238885,41332.0266869858,381505.78010551725,29142.650976830784,48851.1838352268,450.9972632062522,325.1559461429514,5967.06022956019,11649.695665863626,652.2514407810542,3453.0853976176954,20240.67183141966,34236.69746203911,15973.357238951707,1074.2934981066614,1374.9147805285616,5.406994527845585,6.858390842936792,389.6221019531051,88.21288636486493,36.16831712671254,164.51238308513635,1009.009567913556,1084.9325159496557,7967.071614595239,1063.562840136361,1346.0854314539627,5.406096091846551,6.857683688171439,388.31493914884913,87.97501993589186,36.16110404966489,164.49210272347506,998.4866763761777,1076.7297573362007,412928.3308312396,18634.64800708734,21298.69366442297,125.26704765234317,144.69717903786565,5058.0099610177085,1164.7019999861348,457.1207059111001,2825.3038808316246,14646.101827428112,18433.5380448743,379793.5003816386,18240.63497585044,20979.34108648577,125.16353949842117,144.63578712494063,5041.129264463891,1158.507614096138,456.1191077820011,2819.8102088145542,14463.624488920519,18259.5269664418
tomo_0to2,655260.3838163472,38516.417099057784,141124.3347680103,7441.836679729325,3378.531072416014,21475.074832361955,53512.06703637479,10431.720461837303,21573.461302340653,31489.153445983615,90722.88403844339,585010.9553319069,38435.63685357557,86310.22595337765,5810.995682915592,2617.413058056838,21103.083017726003,35050.94046636318,6395.491864858405,16794.86171414654,29274.09106035305,62798.78049514367,40448.10560557381,4705.928560618428,41035.104392149035,766.4632336314432,429.9165098196084,1989.114946823716,11829.288564587967,1318.4864511279814,2213.8507132004606,3750.3688808022753,26419.629002191912,23286.31030015937,4675.52271477182,24250.25930579189,710.132944596568,395.7826576455873,1956.365079503591,8518.528011390585,1067.8285476409887,1988.2687574941626,3676.6359346761974,17110.911871298977,650282.5952796562,36157.27915964792,108791.72345768026,466.6843788769051,526.667103798665,20814.28778183853,45051.849531767584,634.4024917181076,4845.530417448676,29580.671170166508,74113.99270675638,581774.5402454954,35673.21333994763,70838.52761463869,464.3544483085143,515.7328015615875,20629.879631343334,29786.233995671275,625.8097209366155,4808.783068005722,28492.79717928916,54066.095785068654,8410.836628530506,833.3718504021397,13539.143154594076,2.254105680927034,6.690779903910782,391.7111230465733,4156.943851187274,11.950203149369344,118.7441126468091,751.9044421729793,9516.933962203637,3404.5259052504084,824.0109973901548,8444.271741310064,2.2402305797821342,6.650175054691539,390.67845876599,3275.736557725771,11.735737568449956,117.41090100770451,720.725268690973,6273.615136860317,654437.8959870691,38366.6973864092,131156.30605260475,1722.9633777606523,1094.4564169509988,21239.44258017151,47757.543132576524,1819.1058968230477,8926.924009202225,29054.63867878408,83145.20752049718,584375.0391981843,38189.275489661726,82221.58078788167,1687.8971070555683,1077.9846653455668,21000.037960058693,33548.92626074759,1782.7091324063033,8814.333444083182,28799.199964353666,60997.692500843536,39086.57501924694,2782.404114148579,3797.25389895887,133.63815041021198,111.23160744874504,1419.072200462397,449.2533856464928,256.8518977063236,945.6456308438526,2581.2534476677083,3221.961742707035,19045.195603070955,2747.5953948433557,3736.3921031562572,133.27704317305998,111.07306168173817,1413.926890159699,447.51640684871757,256.21901354368094,944.4429838730774,2543.286866697725,3192.2168601696026,649226.1926595761,30228.06824284621,37285.57713087945,408.14768497172935,398.8110101005428,20313.607954225386,3385.4377282095184,549.4043548762962,4463.097754446459,24570.348686019137,33156.46608548121,580588.9899050272,29654.65785560017,36844.24793718627,407.27513662228216,398.37533181181107,20192.049144245557,3366.245598597313,548.3831590095792,4455.878189071564,24300.846153248924,32919.71401798196
tomo_0to4,1168996.1779650077,81638.15008648203,364458.7383000013,36008.24545191851,16181.927224895886,61557.72752342454,143246.59301307634,36470.58118589836,57135.715271745255,63619.124025069985,202778.09875753132,1048607.8950096215,72416.96785187423,202514.7428208904,20719.43232637104,11723.811654444997,58646.582757942,91295.42787145775,21333.742117837784,43471.37144852481,59589.538372647956,143842.22955159453,104598.59658435141,18645.832478386055,160877.01634546384,2775.8133611688954,2138.549452727462,7867.222591488334,40487.14129621806,3537.767181343832,6980.311549603349,11422.274163637418,75781.32333325775,81240.08094454954,15783.480502967124,78031.8902158304,2281.486992545487,1858.4457796406693,7519.420034942901,27323.564199481145,2636.2932842085283,6014.687610485281,11013.856390659854,47227.725692288885,1158623.1267636875,65697.62949989637,287527.28560478194,632.5395574268069,1511.0221080361334,54711.48529973355,121864.22334264567,1909.8990240279704,11718.038353764925,55392.9572057342,172695.85582913493,1035194.8111909046,63979.38221312772,163437.50575206833,628.8493377533109,1471.1161252338854,54263.10444807446,77288.7992013726,1858.2104826974105,11546.472441476943,55041.42089597173,122154.66169618256,38325.9687541083,4911.135369179342,67419.83735558577,18.117625429399546,43.05164414173979,1617.063120253095,14521.478227337695,45.942775146763864,488.54159200595893,3302.1001976819643,34986.661175852525,12550.976688698604,4616.995213918807,36028.2467587979,17.97807603360214,42.486320960978915,1573.6300945723187,10561.160772590965,45.507961817380334,483.4982838561435,3240.090072568723,22273.580165733056,1165513.104603598,79327.6971985417,304467.1494327227,3211.482762735954,4102.784822137489,59444.63768997193,132174.71745551634,5200.632143352401,20587.508347938972,60623.11610440341,190348.21900804294,1036815.6175440309,70972.11992668637,183479.89967467668,2997.902779444808,3830.5736901106266,57889.93961991153,85362.75673245812,4564.979271830197,19185.210166909073,58782.85756513023,137557.83666403,96243.71713227655,7496.249834696198,10560.258927250885,552.0293185565794,567.9476998243504,5268.291929732593,1973.4252952191034,936.0565899117366,3434.747469337674,6566.904330679882,9390.343366450617,57525.570433243374,7397.683161341873,10436.34255884977,548.905322695382,566.2452457166211,5234.580931062615,1962.589999723983,932.2845117072388,3427.4841292259207,6469.805762567992,9313.48911135462,1156213.1384459848,62479.84146871681,82773.93766378496,504.31338731177584,1037.694062631441,53544.13715672924,14024.171485149878,1565.111146846795,10279.68230119308,54035.932030670665,76032.96605049736,1027099.9026212705,61645.160950334575,82138.86366827135,503.32593955463335,1036.5408216260157,53157.25443954732,13964.266405017448,1564.0544496828718,10272.45197633966,53636.34586359002,75698.96511474914
tomo_0to5,1480917.116274726,124724.36428941584,552380.9444886292,50504.46197228527,28106.698977790587,93115.6751782957,200877.12415371783,51800.760293081876,84251.95079732257,93523.20006406451,286187.79333199206,1358931.738173385,102788.68028662345,302139.92399696185,29352.709059121535,20175.046902078437,84363.3281009189,125704.21770130158,33412.89217624252,67739.58496294815,85581.44540878193,206716.45989394246,142824.30564027146,36134.58041197377,275115.83429034776,4048.7058182875817,3374.7229687976146,15492.637878940986,65910.81450484166,4850.133024512071,10173.2276980199,19249.37506321533,113421.70292499337,126606.36211596959,26392.583216241354,123233.64128063321,3218.0554944050714,2891.6100715506827,14266.010943842342,43251.705167984604,3631.4230044350793,8784.297143929356,17947.929751497268,70445.36411123998,1465973.6525434074,91794.38936029882,421650.8387395887,789.0759531000964,2203.609000981423,75415.9840828821,165156.40363141795,3432.196506663169,19431.20247933593,76466.98982983334,242229.53845288654,1324933.6744218294,87110.65775490545,236322.3994262643,784.6122961525106,2146.417642690981,74720.17903777078,105353.56339480399,3357.7798746201584,19200.778658775558,75915.18880311277,174699.70063320122,63293.89371961731,9713.763594528458,119100.6205251622,33.05152398364815,76.41040284441219,2691.784569210237,21982.089961208007,75.86469518670333,807.395974079408,5275.413536397063,52213.10153747753,20275.808434221875,8581.27771920809,60088.20596892338,32.633321011630066,75.10582617365317,2567.2603480973835,15502.62300750563,75.17827974840117,797.3972850784351,5230.828547817295,33486.935891536916,1474795.085796351,118443.83742599326,426211.8097408171,3958.7747987212206,6587.523743065659,87898.45787479245,182477.3937694531,8380.021157665073,31988.708401807922,89102.55438465215,264957.867832016,1322660.950343784,99569.1468676574,260691.6395923569,3551.1088054872116,5910.4498775325565,82685.9889145768,116592.47439639921,7112.024291612,29342.188246030335,84134.5408721184,196868.25277111863,127144.36782770383,10425.268200247589,15027.104857380875,829.1770212263642,909.3114511736683,8414.78787520208,3221.6077368291158,1467.9672855701892,5279.599598648648,9090.354235010334,13539.822655478725,83056.95636827704,10302.344574278646,14877.208044619381,824.849322245292,906.75633452453,8349.024890308916,3201.9358568802927,1462.2635042969798,5268.732458876892,8974.888115622807,13447.211434145664,1462864.1005591168,83629.73247095909,122106.76450467485,578.195755108063,1452.3222936906152,71743.71034561595,21080.553049146085,2798.567782516834,17052.374678856788,74310.49077253563,113721.26408547584,1310516.2982627004,82743.5516976053,121384.73163701531,577.0696137036236,1450.6966691535908,71217.51585494664,20991.684347682458,2797.440375936005,17044.883364772984,73886.45082789747,113347.82002410815
tomo_7to7,552443.04764079,117768.21968306776,382382.5369861146,48.942038452054916,313.57415877344937,22304.426036114266,30980.235701009267,3970.0461990695253,39679.5492608318,47796.6896455445,158279.57996663716,528240.9177325025,100944.70344702921,305996.2700302145,48.825470943057226,312.5410606058237,22166.454266623674,30223.57810398251,3967.5202144743826,39664.41147302939,46764.73659659565,155860.19058736804,51600.58385460101,2874.417351240375,48361.72753110619,1.2400878498392311,6.000225557009376,20.19072334352335,237.0925370792681,76.3687987792162,776.5734359730654,1804.8513159625634,11388.656171979177,31996.72161133051,2832.147021026348,37622.944334142376,1.2399556433511292,5.999532604739868,20.149491743917594,235.9439770931068,76.34723144126755,776.2575155049794,1798.627089419354,11203.485348294218,551617.1426450456,116824.01296749944,380738.234327025,34.021712757341,158.45795786662597,10161.333407732152,10387.79781778033,3697.0849659789274,38087.07217521101,36640.757758660715,133006.93406573185,527724.0180457468,99760.85369800126,304036.2224529377,33.99515699566291,158.3075290133121,10103.881364326813,10326.18731649076,3696.8408360127237,38085.61911798032,36357.1540353548,132302.72523844466,50764.44410928836,2335.906010061983,43527.96123376403,0.04415805814506032,0.2970154168687368,3.7539828647291924,72.44744255369216,2.00050258546859,114.5073051150009,1368.8519765236895,8831.810935890158,30791.30227415733,2299.600293524383,33838.006240092895,0.04415750334053611,0.2970104399821871,3.75344289629709,72.2745675218553,2.0003613122903876,114.46794406746518,1364.2262207697174,8707.595372807904,501944.7465587494,28360.439536609843,110517.28318394358,11.456986148455519,30.571100613776345,338.6978668926223,1351.4173333737986,3561.2599401367124,37105.91961512294,25118.16488505707,103654.17130168434,497653.808917609,28360.41386870939,110517.21042066737,11.456978077993277,30.571077960142045,338.69757102459863,1351.41458455567,3561.2576594162383,37105.90322803835,25118.003383645562,103653.8091428091,1895.6040676393282,57.18764792334289,311.7178432484599,0.0024286773030599063,0.025903398752038547,0.010442798355344647,0.0649094894896103,1.7479437632887052,49.909844483244996,18.83342726558322,172.89205643036976,1895.5777513653225,57.187639123399514,311.7178179799234,0.0024286666512365333,0.02590330028855217,0.010442785400809318,0.06490944834864534,1.7479356836711555,49.909727953984024,18.833426942854203,172.89205339387584,501682.44050739484,25358.530571346815,104153.087237699,11.374277061018658,30.24457477728111,333.38525821086944,1340.1165229866972,3552.2347261990853,37034.31497173098,25096.05199326914,103545.41705224816,497401.5451939646,25358.365837142344,104152.71895130904,11.374268924238752,30.244552425378018,333.38497408709156,1340.1138072823858,3552.232466280818,37034.29873849273,25095.8908138721,103545.0553709672
tomo_6to7,971212.7041110513,160509.49778768097,584541.7891764883,1689.9966858496416,3406.8831343319616,49624.11046675205,95806.52332180021,11938.99120234236,77370.63750022362,105727.31866593786,306870.28812471597,902167.7103309624,139728.9418079109,419731.1698378442,1681.9438610372415,3359.1183883752788,49228.15236641053,84463.1725409643,11874.580824725737,77146.82471739726,100065.89965642226,287619.38173444243,96074.49668445843,11722.550490105865,134184.86353593168,19.694102701987557,111.5120169833346,2319.8893224343033,18024.06214831511,459.4097700521512,3636.188026546274,9297.090674065585,54133.74725878704,49410.584088739706,11618.640352031658,87971.43271158884,19.655798339137043,111.0835429089054,2318.686162088673,16225.491226522008,457.66262143484255,3618.8046806692096,9065.22305140617,48022.98361924913,967127.7664410719,153130.90163351086,566110.100137341,112.50046809439529,689.5930452333569,38655.32557543355,74951.27661323661,4680.893068030716,47356.87280263935,97651.79404235761,286368.1055733054,899842.1653193722,130195.05893070744,400212.61962208705,112.16800417573933,685.4711690324107,37908.569309323204,67129.47356886852,4677.543741399721,47334.45436110243,92529.35190028796,270785.34805941413,85285.16471199313,6711.9714152274855,100463.8331083593,2.5615809000470895,9.34932768903007,585.7187494250809,6821.329006959252,46.17924520453042,644.065432963633,2956.544513795115,27571.841531380578,36752.06915519871,6697.963629153598,65666.28471551195,2.560983775602028,9.345170882608407,584.5878239490631,6369.922975111032,45.70233258827621,638.3585465428157,2882.4182443836003,24712.037042961474,888074.7342804819,86871.4039653,233359.21850318369,75.82045241209477,225.67963475082448,35236.50270137021,20443.222445480922,4352.7545891315995,45623.19080809486,73437.96321075504,209537.55282902461,867078.1314221488,86847.62335634661,233320.19775053285,75.82000160471672,225.67785772313465,35218.82606162139,20434.16783311319,4352.751290334077,45623.167776547794,73431.16638305268,209526.5721280254,16049.792655764462,1132.6877917060806,4708.624631164607,2.4372135333494303,6.432901188698758,66.1150330067587,112.36777340808214,128.66508190773754,1514.8369764897764,1058.2658518634414,4474.033258040822,16044.329139634756,1132.6844399822244,4708.61736290731,2.4372134617876244,6.4329007022502065,66.1150058079736,112.36761379519422,128.6650729790462,1514.8368536132834,1058.2627346204088,4474.02663133522,886285.7329826731,63479.8961216519,191818.4125499092,61.18521658370283,201.9060693076496,2339.9979733357304,4106.010383163699,4307.793791804478,45056.93137159782,62034.64396740799,189125.20195446795,865373.5973055124,63478.796805489634,191816.3722576278,61.184827685554595,201.90446829457483,2339.9780696541725,4105.9880346336495,4307.790401729027,45056.9083674857,62033.60959060461,189123.27444405694
tomo_5to7,1314659.3431853498,192618.6564382918,728215.0811752571,7167.919203574943,8512.72048117201,76189.19984135879,145317.36286574206,29411.867013325376,129197.28539321982,141825.93813243994,398523.1763959994,1198014.6208282714,178084.90171858622,501287.33577255753,7025.396387621683,8235.821458472836,75399.13601692808,118205.70892850077,28724.52714183055,127574.6608763329,135140.00619297414,362057.6182304012,131192.1776416716,19790.7336297872,202673.36119478664,127.53338348446826,404.55587878511886,7313.794520025336,39164.06549972788,995.8673756098958,6324.5525617726635,14169.11371162093,82281.47772978456,66939.72834610188,19744.78106643506,119684.81381137868,127.26075295872417,402.3485172669504,7300.878399350252,32640.924446373574,991.6322569327905,6285.935958812962,13804.482041941237,67877.19951822193,1305219.1281581584,176154.64659273997,685873.4039297322,182.7095898785523,1106.7717541542142,55895.960955171344,120196.52534811305,6600.824866833157,58358.421910778685,134210.5206844919,382019.0079343944,1193569.7092005005,156646.56900931982,459845.0158035564,182.23908477103296,1095.2169786590525,54458.42854318077,98811.55672151035,6594.957757081569,58313.92778797066,125133.549373982,344878.8289794955,107144.45469451556,12985.107320579675,160937.06289734773,7.755617131661728,30.162035412613744,1842.4929799981528,16093.668688492453,100.92153295350607,1155.7915146395433,5418.517031458751,47777.90900291099,38326.38377106914,12859.652036586978,93444.17893391993,7.732687821515965,30.0671229102709,1834.7868291138716,14123.941795801069,100.06789316434518,1142.1232482659605,5268.901010142743,39384.28304585956,1213666.9806123711,147237.8752833724,335664.0364581077,527.3727238903255,1009.3809078264143,56192.25525192863,35286.44907818732,6355.686837161046,57445.465173742516,116773.54813518304,284398.7790929001,1164110.7666526446,147003.25922870808,335276.6852987646,527.2776444940455,1009.2454949960878,56153.24261838788,35240.092361233794,6355.162816249703,57442.95657100781,116727.35363535782,284326.90506663197,36167.76289596688,3589.870434264052,10557.617966324677,20.19846280901025,35.63140531026385,223.7030547779943,386.9182855166908,404.1920496035089,3409.2983891069566,3281.7927750927297,10054.617128165994,36118.27835253161,3589.836031332072,10557.566471526396,20.19838116767022,35.631298725256826,223.7026405948572,386.91712647064037,404.19191348148155,3409.2975418367378,3281.764549092005,10054.572959815558,1210015.0054023585,95471.95472773835,248431.60015694244,83.30387962058717,369.89228848425495,6575.84533514244,7950.401769116581,5593.972336536393,53189.981048470385,92684.3074147398,243893.16194598458,1160620.753824932,95470.1219379959,248428.57453320068,83.30335194880234,369.8883066146894,6575.717718496413,7950.309373813541,5593.96871341533,53189.95599607544,92682.60694104986,243890.3382786583
tomo_3to7,1838633.2719921432,242930.20393856138,937079.1752998813,18793.408519814147,17887.7396014182,120205.21247492325,233653.1997502674,56323.454065913495,192210.52415522735,185106.72362562086,521490.77429525816,1650048.5235502827,239560.81957857904,621973.5810256294,17625.334909245965,16751.080028566514,117230.46032601943,162045.03058624922,52316.318084614715,184374.37020562065,180936.3928618253,445942.1578243192,185852.38403496568,47702.60803851133,368460.61978968524,692.0349993445283,1452.4448183094937,23470.309843198826,86949.26725779832,2670.211895672138,11782.909592683773,28931.551379984325,149098.63492842764,113587.93207213325,43130.0669611734,189632.678147713,686.7109154791931,1425.2497037657743,23009.11711510989,62160.33765054289,2621.2658648889565,11614.868593898951,28499.83609091541,106803.94293996377,1812679.7172155252,206732.07330169284,836834.5558450674,319.8770580414924,1893.318952144668,75768.27618357839,177582.3577076211,9091.670985859799,70536.6749348905,164345.34361757513,481466.36683908757,1639931.333605337,198872.4893190205,546009.7007603585,317.53048414260394,1853.7844104389533,74017.27122020665,126654.06169787988,9072.851035016733,70416.54698536212,152598.48901074298,403342.1816160747,130601.94729887079,27253.07367327381,265884.8835267174,26.895778513081677,75.47174245320954,5401.346698701584,35702.77346293897,152.73386206172302,1679.7608182912356,9349.353837601951,78794.81722502843,42752.002358917045,24270.617578345184,132315.7166703207,26.38523506892969,74.61658340820179,5250.727190202488,26851.439447677596,150.8783485757709,1650.0813252120538,9181.544193951499,56462.28324387263,1734074.0686850343,230602.87138446767,493648.62099317065,2659.754000915263,4943.086687871307,83678.3948095453,71692.14525753513,12248.71225443766,82718.7519307219,173411.50297537373,379680.3258398699,1620361.0391906328,228428.30248370577,488250.9916859874,2656.533310624598,4936.064028078237,83584.1836095115,70957.87666701264,12218.477242204446,82611.9289728436,172966.08601306478,378772.3831312796,90558.18091955304,9910.90569645317,21090.165212000356,139.2143604723459,248.17201528565315,1408.0112791056488,1621.8806334285507,1003.9307583333139,6332.199851850366,8762.30385848558,19724.47000200994,89480.99119350086,9910.397159108152,21089.591735839353,139.21239695877466,248.16909353043675,1407.984858532976,1621.8480821204662,1003.9277432221143,6332.187161228642,8762.132020045317,19724.270304066595,1726015.9166825563,125781.90613833006,297693.4862017657,175.42882090916672,958.2727512556329,31312.987158274183,20037.05104079477,6914.049054616405,60780.63195129903,122208.35637824544,292231.7175845424,1610042.331600825,125779.95359876046,297690.0411857082,175.4253623573294,958.2177464049337,31307.67215513554,20035.286700827837,6913.996928812259,60780.277418053185,122206.53304174844,292228.46735736326
tomo_2to7,2055925.6608094976,260233.65857545825,1014707.4267282295,33055.185525706496,27844.02039424081,141743.580333692,274084.08194543596,66830.54079286542,214401.41049561676,195990.35974981438,560627.228456911,1853635.5172775974,254972.98688465453,667008.6320690301,29224.553704349906,25220.697854753143,136589.95945726425,179875.74097740653,60106.14554837372,202029.27880808877,193024.87261354993,470544.8325275565,208859.84287603293,65207.51731438087,451839.4384266366,1406.6778331099026,2437.4707336831525,32971.644722934034,110443.21894233389,3899.367023935816,14789.45461535004,37109.21972084411,180953.42452027684,144520.92323043002,52346.0220501855,220032.5192550502,1384.336370445626,2336.6731996652175,31145.412424227092,73367.01058616921,3756.6211208177906,14457.858807649314,36004.21040297903,122067.46356836385,2019209.9887570394,217565.25447631418,885598.0094400127,442.8038293895875,2412.900413614845,92656.66157226631,210013.8431169642,9956.393403402319,74972.53078213957,170628.6401055101,510352.3510870558,1838604.336766507,212296.91958027886,579934.948409423,437.25919451602545,2360.603989899427,91680.15253557598,142417.6598543101,9919.870061956815,74782.53706830804,159094.8288579556,416685.99747118057,135930.94787254458,34477.718296242696,307695.89127794915,44.92709686453844,111.60311198643323,7239.986934434739,44664.87327280735,173.44834036092195,1854.9720207141165,11253.073982826285,91840.62023099796,46149.691552316144,27793.686502647895,145548.1113596306,43.70526179426521,109.79298289070843,6885.803520147522,31261.08339318083,170.8731296747324,1818.7866496197219,11135.880499857974,62582.82658911571,1965618.120119417,245497.41759955868,569616.9822463377,3532.2044399723586,6947.258561854319,112297.80187591405,113560.48950282704,15834.947890167088,96489.14674679877,188268.2464907958,420353.38608095096,1823846.5371078588,242600.28484830522,552716.3116888227,3524.2016191652406,6920.459656272058,110964.50660538451,109245.32075783917,15700.53364787273,96025.4743492728,187564.5281580354,417120.23115467234,126227.15352921505,11625.035406537361,24247.91281928198,350.27885023298154,623.6252809147923,3456.495502133785,2749.1176733082402,1260.1524280079782,7448.481273914192,10199.317128552593,22541.752649042188,121935.41572359987,11624.161680471125,24246.93274238477,350.2634019180413,623.5948131687478,3456.247977207415,2748.940747036408,1260.143773600343,7448.439285610603,10199.052790968275,22541.409263034497,1955105.314727766,130566.42281402137,307634.44183374837,197.90883750628123,1191.8526340890135,55501.53812448445,26951.859623360535,7236.66160334577,63223.46388054616,126934.24110963925,302117.6324761727,1806200.8168778713,130562.54993599158,307625.22557580454,197.8977109501818,1191.7044157005735,55465.71771976246,26943.041651131934,7236.310920472068,63220.45738831392,126930.62940432451,302108.7415979442
coord_no0,2358180.893644753,343956.7392561933,1341952.0683818588,91633.70236564302,72166.40665819314,203028.62791706112,353889.3194341126,105904.34312841084,272844.40683433635,229803.71513656204,635358.297535245,3406807.6905291085,327865.6667973875,1272362.8566227828,63632.486996225176,56491.93588674462,181237.33836952323,226748.5582530383,87232.1213147289,246384.77735437176,219231.38832159963,520090.93364436494,256754.24992529294,125712.38492441068,693887.4615449605,6913.273636765071,7214.136220507493,49392.57152050581,146230.87982513238,8444.429166120453,22206.89265770588,56184.526346254475,237827.6443126804,269329.4979009606,73874.67057954543,296404.415943446,5384.634390294219,6114.9537944095355,42253.20415050648,93284.72797553304,6698.722607992832,19737.432737488845,49964.39749883369,152270.7164603722,2328571.5225159423,246354.8661215193,987316.6642018389,1164.5910358994508,4049.9217726163206,135990.77298160622,266711.3383091719,11187.9703916976,79295.49252402142,186526.0300447587,550948.3438674957,2185315.234227046,239740.06967025556,637937.5676520419,1160.4927516685716,3968.077725512462,134683.19949492277,177357.5250322397,11074.43571940477,78865.7615722146,180102.4541874213,444850.6222811597,138676.4704341889,38567.11839888667,329906.44637233356,78.82762089698386,195.49023802738208,8783.95609975829,50751.907403775534,204.72778879775476,1999.553465525284,12624.7692513562,101104.81044378314,50795.65480793413,28708.939601158494,156633.38994504698,76.56719708386366,190.58431243586668,7946.345770573413,33784.062466920994,201.055980099271,1957.8406702103562,12516.686215636872,67084.99400639358,2343473.4420939246,294228.58736206696,879292.9792815838,8715.157123144445,18478.47077529243,189828.49628605926,307453.25513979496,38704.41726771331,158092.604038275,216987.73614695095,578546.8570079913,2170653.2778195734,273500.654138799,661625.8245629683,8075.696062272245,16119.959212088568,175860.69137239084,207892.28823682189,33883.76135467192,147041.09529238605,214976.5228253072,499535.2318607911,211950.0074971065,18589.30593471456,32076.87011759601,1659.9733996558418,2006.6956330330825,16343.556111559841,7169.272027232969,3187.9630596423385,12605.141305000136,16734.292793792923,29896.74129736727,163267.5020197288,18442.401263419273,31880.08781030193,1653.4885388841817,2002.3932099582903,16199.392861187014,7123.596078261699,3178.6619407864905,12585.709023729405,16609.316776767577,29780.582290182152,2322446.5202878597,155152.56594330454,336471.0516868885,766.6650297549716,2407.3385779208897,115180.60006764135,40082.11044095164,7986.2024445906745,66160.61521726877,144998.98366995796,323722.7963828745,2152421.9271098482,154432.617154041,335640.02902994107,765.3601434525741,2405.0572073689546,114398.191216813,39932.184542483206,7984.3347746958225,66149.9311676,144668.0330651317,323319.79885129235
coord_no1,2357782.914168396,340138.7777857706,1331717.044134992,91378.56698132216,71974.1883456722,202188.9864983126,353017.86390698387,105248.09697714611,269495.9853380548,227352.8685493121,629836.0807125311,3300671.3145891805,322221.21956194914,1238747.991847354,63538.82839252996,56380.49415555725,180573.17223615304,226250.70844755438,86643.54539242537,243287.46876415328,216847.77407389373,514774.1470011856,256622.19891646487,124741.88391691839,690682.2590159965,6862.632100863425,7174.209592472172,48887.44638005626,145143.38499107002,8372.677630731774,21785.213696037375,55684.108697958036,236568.30092915767,268946.50677267695,73029.10326422221,294230.83919766033,5356.437769383436,6086.476706263447,41901.58248939781,92690.47069329943,6636.607147547306,19353.590622929267,49393.14651872982,151119.44706683923,2328229.844993129,243091.29107333146,979042.7852569193,1155.1518982344737,4025.2269855981936,135487.68540508713,266000.894945748,11152.989266209757,78216.25070817997,184114.07499567597,545275.6642628912,2184995.130645096,236531.00994013206,631350.4986046127,1151.085909121692,3943.8033106629196,134181.73715326027,177000.09661387478,11039.674405216467,77791.64570219345,178083.0042758496,440097.00954846357,138617.65225252538,38202.55498549204,328320.44085107656,77.55297501969586,193.05401799716458,8630.002733081046,49944.04969441069,200.88689278114737,1952.1185471762992,12452.845736282303,100361.78180849616,50761.90591503536,28331.02762026643,155586.27834368462,75.3246661035824,188.25583547936242,7837.379503013623,33307.88075505385,197.15625098086753,1910.1711417281263,12341.722128133752,66583.89429764068,2343110.2165612634,291464.3865090938,872916.4682813877,8692.958103431192,18441.662854871673,189178.01979471912,306836.09462095733,38517.22851933059,156057.99765846768,214793.28863575304,573397.1564815702,2170327.8796598394,270208.40842018987,655081.7115176747,8054.906853652908,16088.936323236156,175271.46871415665,207524.3525793918,33709.02945072822,145113.08784716553,212692.58956070466,494373.8719751455,211860.5004310699,18527.02622572346,31604.94610712319,1658.5308079629228,2005.8751251340739,16288.027540937732,7154.4228430444855,3157.0782723760576,12345.986041178563,16650.67956361207,29409.703853810995,163191.33698681506,18379.267210278776,31407.823575343937,1652.0694957948758,2001.5830937711544,16144.652720402586,7108.9106906801735,3147.808463558372,12326.849258951093,16525.026854475513,29294.19296838479,2322120.823596539,154082.1145838784,332825.37008749024,761.9853779290523,2394.450362275262,115018.93944966806,39938.432269213925,7972.0797384976295,65311.540017443556,143950.23999807704,320130.21954648773,2152129.2291401294,153359.0631070615,331993.92106687516,760.6800522323564,2392.168612686971,114239.03704899526,39789.08224005766,7970.216802692586,65300.94455378066,143617.58912774382,319726.6457316546
coord_no2,2357103.8867583154,335798.3074323925,1319672.1208363571,91066.83265325657,71754.65453896234,201364.87100117837,352106.63239051343,104393.10276095485,265498.9187647131,224560.83334707373,623385.6286450594,3198311.8941500345,315887.60907222144,1202615.7501368753,63429.809001930844,56257.456581296974,180011.40413526408,225807.42752525822,85876.20053115107,239584.46790350816,214133.87760604545,508598.3328286038,256421.043484553,123823.79714910944,687461.4611908292,6820.430165156558,7130.247260211827,48509.09710551489,144199.8515357246,8294.416264904035,21459.258640987628,55317.908384800154,235611.1850338266,268447.3385487836,72371.25705031378,292420.87966925727,5331.4569605555,6053.455893840222,41654.729000335574,92187.67758132437,6568.326157873874,19054.29366746211,49001.843753822184,150314.88239184234,2327631.312694036,239356.3599314127,969380.4562384192,1148.5448028497494,4004.204443541082,135065.59756348078,265335.7256597312,11086.677931262244,76931.99319173345,181356.49648195755,538650.0474488802,2184438.92533599,232831.84089907628,623605.1790417187,1144.565685158851,3923.2041556778727,133769.25222509768,176701.32493104192,10973.977222470352,76514.00231289388,175773.41940008232,434526.8705367591,138527.157117271,37946.710844199755,327183.8262148672,76.65069968550976,189.46034693160942,8550.009998709857,49440.00911086991,197.78624564177818,1927.3878982991434,12363.655306390525,99940.51513677351,50711.93721449928,28093.165581306468,154930.8487226033,74.4500015553069,184.75438043114985,7781.374134626179,33059.54757051665,194.0115502211679,1885.8793870269071,12253.659735751125,66337.37214400352,2342476.9776965324,288305.8007666482,865408.033551697,8666.714702001758,18398.184600248253,188591.6123714668,306228.6498698253,38196.99045201336,153559.3597587823,212290.04195199304,567364.6041903915,2169756.522887498,266433.02532587247,647392.2736968546,8030.948133930256,16051.679915802157,174803.81338389055,207191.44286772577,33410.07369765425,142741.0422610643,210075.38225086578,488332.2202437264,211716.85090375983,18484.570564376438,31248.30345912515,1657.5745579266652,1995.122449810144,16262.112975470014,7121.048160082299,3124.964947310001,12144.919991782235,16599.993809468495,29050.20592329855,163071.5279737199,18336.517272587673,31051.307493329146,1651.1400409845944,1990.8714862408913,16118.924329447285,7075.686064641777,3115.7232469630403,12125.999516152708,16473.80720218877,28935.236091375707,2321544.844742433,152859.96326961153,328484.15660562256,759.2311449101262,2383.283156182667,114888.38204360325,39816.921090950826,7924.3479569451365,64245.6851324158,142744.44126094546,315855.7181861967,2151606.722492338,152133.0229403909,327652.3389872448,757.9312039928896,2381.0133938046447,114110.72352388155,39668.14705300935,7922.517193879346,64235.275454517054,142409.77132099782,315451.670213932
coord_no3,2355827.1103114765,331402.92236900417,1306563.948571363,90714.7256289061,71513.01330055589,200609.73054062514,351111.9880254448,103435.64650029204,261378.47724739622,221890.0978183297,616820.0228885202,3052848.710326192,309357.27138257946,1154020.6398905108,63300.97652871503,56121.85561124532,179567.5120168228,225371.91638391785,84998.74737685082,235724.95846607196,211547.48577747156,502296.57617506274,256090.0409001647,122920.09975730987,684065.621731789,6784.732897758454,7071.153326889377,48383.51839083015,143618.89174978796,8229.616669028823,21304.945168257043,55146.14286491728,235107.5424162435,267530.63981999847,71988.32871761866,291159.0082328807,5309.487888871858,6006.011438020116,41540.20343574322,91901.43300227588,6517.999840908601,18920.050630806323,48883.17347256864,150021.18429240707,2326476.5464295563,235701.62018562123,959443.0291920702,1134.6070840553289,3974.3646948527285,134806.14537721945,264701.5367076433,10902.561437227192,75328.72052444739,178736.87398521524,531925.691996132,2183367.3419796783,229181.56210562718,615533.5632908199,1130.830153885043,3894.1145182638525,133534.20060744832,176463.54277918435,10790.22245269095,74913.90959586579,173596.17572971064,428828.4711111482,138371.68863426836,37822.33591844814,326575.85585654504,75.75303535886559,184.47896705129193,8622.809263474332,49509.431503628715,192.26558122344943,1905.4029066321948,12382.472099198963,99938.50682736939,50631.296810959495,28030.668879624114,154766.88051101123,73.65867494927832,179.93235408203773,7834.371662980945,33263.000205157216,188.63378329539435,1865.6081446962285,12278.25563049124,66417.9895678036,2341263.2766544838,285229.7354997974,857574.3319259125,8607.801490781258,18307.817728628175,188080.8260904551,305605.17671148543,37655.76691072822,150726.5778425352,209922.99881255222,561211.9384309604,2168656.397720058,262750.7803225573,639398.9673805444,7975.303881716484,15970.78254144266,174468.46842740852,206853.77296122402,32897.57039827112,140013.78336431095,207583.5897642876,482120.24906102434,211462.10570181208,18477.986866365667,31050.728764356965,1651.4320571918988,1967.4324672890828,16286.00110656708,7074.896047394013,3088.0008007809342,12010.833038194713,16610.043103334385,28874.798092399415,162864.10835915638,18330.952250449805,30856.66083934492,1645.0236947974272,1963.247427096437,16142.068240803257,7029.589883909751,3078.8778522655575,11992.164545847574,16483.856226431708,28760.50760045736,2320422.3550385116,151730.95725429992,323856.1412779905,750.0276397926191,2367.1389250973043,114671.84274610967,39776.77159904839,7760.393417148761,62755.609040617885,141621.0504818639,311310.43711887527,2150585.1984890713,151000.0546920162,323025.1646933689,748.7533194595052,2364.900886291973,113895.89899188993,39628.338759637496,7758.636054126217,62745.55755660133,141284.25860508555,310906.43003800366
coord_no4,2353584.4856758313,330246.9026969931,1300088.037458846,90074.18789147536,71125.19274420297,200208.92965671618,350308.6313795518,102947.26490603932,259744.53042549986,221750.73496995034,614983.7009579925,2936349.25372413,307751.46874513244,1119505.0915356379,62969.84867644681,55854.48785869079,179305.9770889473,224991.57426672298,84671.02820990035,234341.8600863634,211546.00436763704,500586.1665632648,255581.49842230903,122162.15182021013,680882.115167825,6736.682925307382,7022.559390689011,48579.66645412981,143640.62769744176,8206.209606580016,21392.584493948325,55273.773536951136,235297.59501861437,266325.15368003777,72101.5266744007,290926.3706317601,5264.391178132952,5969.589257646452,41527.15845968072,91951.15625361155,6526.192695049567,19037.921393101646,49175.198548232656,150520.7759662631,2324401.293821185,235293.06734372894,956728.982260615,1112.9075193197687,3934.733134282962,134893.7579930069,264370.0569406991,10656.604401913091,74265.18826507314,178767.88195736497,530288.1528535862,2181438.5952796196,228804.33531004813,613038.3695998947,1108.9859871249278,3854.890107197078,133658.37024598697,176397.3490832803,10544.460255975784,73847.74641690754,173712.31474226352,427377.2100278179,138116.34172175144,37786.87732431152,326270.57127674704,72.88957316177485,181.57982434219173,8719.99574890827,49807.415005138704,186.53186987806444,1884.8487639956004,12473.451831770826,100210.01073009016,50506.477840457694,28084.337874911394,154912.05670556045,70.9711998088823,177.34986552561764,7890.217962659912,33531.73961658267,183.30432864240933,1847.9837887649173,12376.656696296157,66704.90941773055,2339094.3552491525,284974.8797713458,854977.1709794174,8539.915554386775,18193.61289635035,187795.61138254518,305034.0723959677,37272.0616164153,149505.3385632474,209987.85863761674,559591.8074040912,2166699.01270402,262479.37105632416,636934.8593888179,7909.426113948387,15866.412696243839,174271.90110406402,206531.295664446,32541.738834064217,138834.52130138135,207645.71757095942,480454.8518662041,211040.6356969735,18502.271985581756,31144.64156270845,1610.7913990491043,1950.4238485962567,16335.120469361815,7077.527884258556,3070.474796766975,12030.797177587163,16687.235740620523,29016.815366962102,162528.73063542336,18357.178325976136,30952.708224411097,1604.4713766889854,1946.2328031879506,16188.848150754973,7032.33420703042,3061.508629029975,12012.355755014722,16561.52109628958,28902.984376845026,2318388.595185053,151935.6841608567,322236.24292331777,728.342558357793,2338.401495260434,114194.48755626919,39848.79517885051,7561.970366898941,61730.88685961446,141818.04147329368,309760.4849166188,2148724.918037745,151204.8401865799,321409.695802349,727.1039245103839,2336.185020763466,113418.63680263399,39700.01878045538,7560.232746627365,61720.96037311221,141480.9702518991,309357.99941061484
coord_no5,2349619.3263558163,331991.4227306011,1299372.1364243496,88947.5002497188,70055.07784882642,198411.42231350805,348216.18469993357,103475.72331008755,259562.3032738067,223699.31714290072,616742.0711696235,2864585.975498676,310121.40210895403,1102893.4515810118,62045.6268788595,54915.75978026356,177007.30079055153,223404.27534596773,85371.50277862382,234573.41130317692,213661.82857389445,502283.81599918136,254771.3738498602,121186.61328556552,676719.8588280795,6632.569932229702,6770.505993088393,48450.407231014266,143023.77905309157,8184.531922809561,21307.18380579609,55120.21334186402,234795.6287252968,264961.01303367043,71780.27845670233,289775.3030892292,5207.0411057835,5770.295505389931,41287.73377331408,91566.29571434349,6546.96660744998,19017.85152366659,49140.850253873854,150431.89010920824,2320673.314367149,237516.6979758684,959440.2291453147,1084.9281510152452,3816.6173449924077,133525.68313790436,262676.79001757776,10770.18150234032,74420.24006288999,180925.2906676548,532540.4381235018,2177986.770852142,231077.49267673108,614692.4631651279,1081.2994023153396,3739.27684422485,132201.8634840602,175241.56820856786,10662.783586420031,74023.45404239865,175669.89188774163,429035.0626210271,137706.28316880253,37610.08271080577,325201.9576210749,73.97530994751403,176.00044603308385,8604.930784430337,49535.645399165754,181.9176373963124,1873.13520213306,12485.633410636401,100151.92909612297,50316.38022577558,27972.741502945508,154544.3366038183,72.13223955420474,172.07523056905197,7787.2720720251455,33208.76375137263,178.57946414971033,1837.049878793875,12391.006789715573,66748.65905833279,2335224.5394126135,286880.43908176187,855853.371955029,8326.036032329243,17821.69785433451,185962.71329302774,302973.8715355961,37805.451650707546,150045.4407433745,211987.16431561933,561295.6105520918,2163203.588268564,264868.36871461646,638365.3803510977,7710.042482519927,15541.70563981579,171909.09398820717,204908.1279157367,33083.119666060564,139522.3055277237,209734.17477855703,482062.7565901031,210343.40891504832,18365.271665179647,30956.013859594135,1591.6136927401003,1839.4947637807934,16189.438061338607,6712.164773796262,3087.5659857513315,12049.712139538962,16615.842146200277,28899.752350011084,161983.6492161532,18222.27521784122,30768.378336392183,1585.4067649906665,1835.5963346825195,16046.741861312508,6669.344223128741,3078.967188681372,12032.125862735315,16490.796107959115,28786.534902506104,2314723.101481161,153164.3274096723,322764.91416868113,703.5748423457403,2234.0793992404006,113196.84535515765,38792.495715741694,7660.964634580159,61948.47201891613,143057.35586841515,310370.8449249819,2145363.03479354,152437.9880514869,321947.6498828628,702.4235031655792,2232.0425209149744,112423.74730581987,38647.048329697456,7659.243031778393,61938.591989594046,142722.18016804405,309972.44411324844
coord_no6,2341904.4079432413,326964.4221437302,1281794.384880093,88335.27156510552,68860.97264088278,196339.93302608564,345469.53187794535,102400.22556218327,252717.88912751456,220448.70129533808,607426.3870550832,2783792.3275444265,302573.8529499927,1061836.812573209,61897.823347621954,54042.17518390233,174812.61209968198,221563.31648127298,84637.42919744497,228632.72572453643,210585.5964961677,493428.0047615673,253467.66051347656,120307.47153212698,672343.946869406,6578.53057462049,6679.88580209581,48110.43380038423,141517.9300815321,7874.702551510588,21093.100742847586,54887.59983925956,234100.78033109516,262854.4698873735,71495.77976713024,288816.81264105433,5208.724468302562,5728.705074914936,41203.3935617667,90790.83567608055,6293.391377237292,18820.700312287176,49009.43892559171,150293.8354220007,2313315.8208519593,232790.97825036605,944974.9462478318,1036.5969761763693,3691.399578088538,131561.29189837206,260133.12749496134,10403.318614338385,71301.45812324925,177747.37894324513,523524.09526262176,2171100.136245218,226392.63518313557,603200.6101487286,1033.0745171557148,3618.296962192507,130067.6131195898,173509.54273580498,10300.559216389405,70926.44421752948,173013.61892075647,420912.526141573,137043.12713711115,37824.09044252035,325537.41976931645,71.91946234181302,169.39214917076174,8578.509767098521,49511.710777079476,177.4060066865545,1890.3479974487177,12625.075478431863,100597.18708974584,50039.39876205819,28256.90844081699,155148.64403318492,70.25142407577266,165.7135184574451,7754.260490198887,33142.30269088641,173.58419003118973,1853.359539255946,12533.235393476267,67150.59479504166,2327620.4710592576,282593.07858494757,843478.2036236887,8103.09835184648,17414.45663410258,184156.710107663,300577.48308343167,37352.44367563757,145667.17656292534,209006.32303060062,552368.9083295289,2156252.242989055,260037.2364141852,626628.0549844434,7491.393820265602,15202.008931673518,169644.3588396914,203006.03551871015,32698.59828038346,135510.20170481832,206625.1445607424,473193.4148079845,209175.86244957076,17933.29412079323,30666.205679033734,1596.3321452414796,1846.9948140528281,15946.370358007958,6620.435956030751,2843.8031912260785,11690.368343769824,16269.58146319092,28693.760506699487,161081.72372839774,17794.707807672425,30483.604496246586,1590.4044246408257,1843.2576457430227,15807.492331446816,6579.675554901827,2835.6976933894134,11672.954283635227,16147.66585271355,28582.065855151843,2307451.556372398,151431.78759748855,315231.5760757459,663.2983244061908,2166.8438822668472,113419.82568299343,37846.21069063063,7304.645242816113,58971.74287667918,141443.97308550964,303155.26349332347,2138644.888795201,150710.1004564062,314428.8865976747,662.2811616570691,2164.994964579205,112662.88794474932,37707.00227590577,7303.051949285304,58962.52794505924,141108.7052558854,302761.32321517967
coord_no7,2329444.4898590785,328202.00069339236,1279495.746107402,87738.59503393498,67609.77160844438,199791.82218422327,346473.3565336686,99234.19832913138,254114.30371456876,221555.10700989031,609289.2708960273,2718701.197426591,305472.44983953045,1050021.7106618814,62004.28398703684,53232.98785560934,179220.52934505968,222360.90946483627,81737.25459073104,229374.7662588033,211913.28363056373,495874.8892268882,251532.13222960176,120088.79153316893,669387.2414905544,6458.001188662486,6391.630058594272,48252.16262302085,141176.8845927743,7771.038557474061,21422.289669815393,55213.351608760626,234798.04762110065,260171.5363830874,72076.08006399809,290056.20486045943,5097.7969883228325,5481.320425841011,40973.6037090921,90580.44524869454,6222.7105396420475,19134.34045639938,49513.759133882486,151498.7218146117,2301325.5272836722,234198.42230901864,945487.0620763281,1016.3879332578172,3467.783166338712,134391.9313507522,260943.3853831951,8018.878583446188,65199.6575208545,179029.37116100732,525844.1614755489,2159990.138894425,227976.51811462472,605337.2900746153,1012.6838206800074,3396.323516605543,133092.12600072002,173894.0658947941,7918.905870410121,64770.58734177664,173766.8555761604,422747.7421809435,135993.0240521661,38222.97451789605,326202.876085935,75.725414876922,187.00336682710713,8669.068523897275,50016.83365429729,198.67196846738568,2020.6654228395346,12763.805680873562,101015.1580992911,49647.90359437836,28714.439091404107,156038.15919234641,73.85185578957032,182.81943926642003,7780.975342608762,33396.76336906649,194.66208773407163,1983.5879467875814,12671.039052430242,67527.41222397808,2315297.0888563227,282756.3632379831,841719.6918102975,8124.24203789973,16946.27699471676,187629.89791417736,301423.10877359664,33668.77379407227,142894.89081240716,209924.97857703827,553856.1780728296,2145180.351179861,261440.03401288972,628334.5160985261,7518.8973128344105,14775.186710949125,173947.14606158138,203366.33829444458,29340.608305562917,132633.72798088362,207741.38054750388,475389.5658270848,207354.32320913367,17306.010937668543,30802.70096909883,1509.6554087189133,1687.7596994097344,15410.029338192906,6110.728297760257,2834.634152759054,11970.011236913542,15764.54015409332,28922.97462221202,159723.75008156383,17179.918412526156,30631.684085102865,1504.1588556206466,1684.383007629596,15282.382954543089,6074.852294688922,2827.110789177721,11953.368750324342,15652.808028393472,28816.803074935313,2295533.820643694,150352.57110887617,314965.21619425766,657.4771653904301,2029.388648330238,112474.62973705588,35643.06723077237,5446.693253036694,52895.53072851659,140598.34579197352,303216.423081641,2127833.586634209,149663.79878092505,314194.92091647844,656.5859894515386,2027.82892837922,111726.63756238925,35514.44069773718,5445.404215937265,52887.08585004152,140273.47422595305,302832.79827143933
coord_no8,2304142.123174967,331762.13474204537,1281251.7635437408,84872.5962984189,63498.31451932368,190170.31664363891,335885.99755323416,99513.53673369621,254268.53592875614,223672.0630852753,614152.5678829228,2641682.242884191,312343.3206468607,1046317.3273080667,59457.10103678353,49339.70880270265,166419.87658121026,212877.30393032733,82730.02681806554,230798.97060718926,214210.60276233073,501717.5005561621,248266.66062043377,119415.07327460383,663804.7399859695,6367.208179689109,6352.812910210925,47673.596496090904,139228.92829047178,7646.329330253231,21469.76308883708,54821.89473680008,233664.08500273942,255988.95470316973,71603.85885953704,288890.99042914587,5023.527697886939,5451.55864091574,40444.680482871074,89773.17942256377,6101.744262514191,19145.406648837896,49055.30817430933,150958.87110461137,2276722.724721922,237929.49745172873,950194.1760823568,1014.159844348303,3301.337436074682,124404.77750452704,249701.19520227768,8266.760574949369,65854.34715892257,181705.1069028618,531929.6853191284,2137116.3895134474,231798.40243742964,612399.5013156794,1011.2198001296917,3238.0266438742083,122335.34579814319,165726.3873094654,8171.414954965523,65455.9325211923,175256.15120086554,427775.52304392436,134289.63333513387,38361.60228321218,324930.3710295964,78.77809547604438,189.69400438000187,8696.737430410936,49955.272168943964,199.0032215440963,2027.5335101563603,12706.462812500657,100593.79442541496,49129.85541084497,28918.27552003471,155986.0761448646,76.66874688296765,185.249128837251,7776.049993538882,33336.39563652979,195.57050119290938,1993.8625514787725,12601.590365627691,67319.44664016037,2290188.030286379,283813.0777234757,841360.1188846575,7331.424466260157,15667.00492316359,177774.07076104803,290857.20034579415,35219.255542549035,145244.58633173644,211595.29264703512,557980.5142706115,2122512.4938139897,264596.2621910871,633984.301741776,6833.14989917655,13717.975763200844,160677.5903013761,193691.15932020883,30954.750571248256,135495.2062691623,209689.7139387298,480896.3152842365,204206.09796374367,16312.660226813881,30193.20270649868,1510.634284930614,1716.1207541431966,14480.366544686793,6007.147630692283,2808.8746802751543,12061.987859266039,14845.745869599232,28362.172445168795,157413.4137362717,16205.700542449176,30040.99924146513,1505.2005831103256,1712.7155840413388,14372.670132597957,5974.96099007387,2801.5213609040425,12045.428910787554,14750.22413379597,28267.882657649207,2270999.513107558,147968.52910340257,315907.6603624028,658.4124017661464,1984.640128576618,109222.60489577209,31561.188360894306,5368.678869268037,52408.16724476376,138949.0262507585,304886.99292720284,2105569.823170036,147349.72359274753,315203.55651710223,657.5316631903952,1983.1649622993984,108538.16543392927,31451.623788239107,5367.161359209981,52398.643790945614,138647.38562933,304525.43876839214
coord_no9,2265314.534299312,329069.82252404664,1271085.9977102918,83266.67870919262,65209.710412808956,191136.8235272111,336065.25729923544,95946.32626555051,256806.81332998924,220222.43201979433,612952.1161784118,2529421.20898778,312084.4976886504,1022726.9742982993,58814.50573472219,51853.34276177281,170957.51996052105,217521.97012226484,79521.27074458556,232724.706082421,210825.37479876948,502766.7959618962,243527.34222114435,119524.47535835944,659067.5543500751,6345.9104933024055,6654.948758010215,47579.94476818175,138363.49583818857,7675.284367129274,21615.17893725725,54712.877372254814,232991.29210069496,249542.23870377665,71525.12289867827,288191.8324830784,4972.5575591561255,5695.192798548813,40215.31172452538,89590.00831492453,6127.549453896264,19280.10767870111,48778.33529877811,150612.0347075767,2238711.9853676106,235763.0507031169,941997.3312947142,1079.734698547107,3509.4131529161436,125951.26704872733,251129.10081779305,10354.625081598253,76813.01438478415,178634.13121172375,530992.460094255,2102231.042393501,229534.48329196745,613131.5331466087,1076.3796634913326,3442.01734030279,124686.6578936571,168880.50549789565,10255.98737161831,76425.76000874014,171093.71452514973,427756.67528678244,131743.67796825845,38133.759657139075,320935.8110649625,80.61861227828322,196.6796261821337,8783.061936086491,49941.404260586714,202.19468093811452,2032.7923733289417,12562.607406680005,99749.33080818254,48551.52620671639,28890.379003337253,155095.10817625932,78.32811714967232,191.8694969959014,7854.209956454197,33474.39437825524,199.14509035208346,2001.387242173208,12440.628106284217,66856.99138263323,2251615.291523076,278587.4279536841,831164.7962851869,8051.003744525108,16596.22492767787,179442.02592687192,290625.9474096962,34843.69725462624,149635.0655543526,207721.93524797593,555965.9570595971,2088221.3314635109,261272.31049937414,633319.8326933762,7451.474428453683,14582.025818870492,165718.2481627526,198703.5958984139,30961.47836223886,140379.62854118116,205988.036378413,481615.2932312762,199483.1725878826,15610.229057551725,29824.67343462338,1500.5749748766857,1849.5670713291142,13792.780894061614,6369.118532684486,2914.42560856393,12362.450714786091,14153.40693789699,27983.32749324462,154097.7517933236,15519.728300282968,29688.784063828123,1494.9950734973747,1845.7967304886668,13697.983562102772,6337.3287252545715,2906.5410724367816,12344.903020851698,14072.402876572454,27900.412578397227,2232995.1865001987,140279.390908155,313028.4940201249,730.6340607592663,2059.3357060347116,105118.38233366377,34264.54066977909,7523.442266440561,64633.22914404679,132274.1640570866,302878.1268902009,2071784.993147349,139749.96947706878,312401.5630981579,729.5267753910331,2057.5571831859565,104479.82809893673,34149.53459378229,7521.877058105334,64624.16165213051,132004.5907218542,302543.28880343214
coord_no10,2199132.0122152832,320285.98547117156,1246343.7192287461,80357.01320461043,63647.35156806246,183566.0627107943,326616.08665004966,92738.95114079608,255055.10531337414,212949.8610855912,605038.5542624106,2357672.9961802512,302775.7174340638,966279.7250792261,56424.572040422085,50633.53612129704,163699.3299546301,211841.39268134785,76591.42194774812,230829.67046772488,203710.7313107367,498118.6790320359,236073.67166877602,119600.81280034316,651568.1385029891,6350.374619624503,6718.604687454857,48316.75354033313,139058.35046677414,7672.206593413908,21524.989742134065,54901.660985806186,232554.04015787484,238440.3077816997,71733.08841753735,287145.1091408903,4985.701925240423,5748.016587121694,40938.68822938394,90263.75841554225,6170.872406320931,19270.20356690822,48846.31218484881,150549.28668221206,2173460.3922635526,228209.0594026777,918820.4734220662,1141.7781001440887,3827.38301135701,118876.10546250225,241843.706006085,10556.37927358021,78014.36273114423,171497.1365274286,522654.8939599426,2042929.5392958624,221989.7705094545,605271.3371203028,1138.0401778626408,3756.9703491090804,117641.13014520607,163681.89027576215,10462.982324123934,77648.59845509921,163713.53280341142,422379.92828611727,127774.51550153061,37164.12700376166,311842.2895511289,78.52557141240337,195.4165668720827,8835.418794452164,49898.85991103544,197.6352073548412,2002.8366154327018,12386.489146309752,98597.92518637142,47862.41588669717,28426.169767053085,152750.54733897463,76.4176150688016,190.68741239541794,7940.930102879129,33642.26647929561,194.8777845831986,1972.5915009350917,12259.244147367588,66329.66076633534,2185815.7269705175,268591.13024490123,809551.0229175254,7832.133805355115,16382.944143287616,172106.7898044424,280837.03520099935,34035.82757616333,148856.55012192315,200291.09043599945,547095.3839590662,2030045.052559983,252610.72137739952,623780.3659357305,7316.244076332194,14520.63538039793,158408.71194555017,192811.02689026916,30474.85509511463,140207.0056742266,198629.875322772,476369.97191033594,191952.87525626342,15907.257773962529,30141.20849772585,1492.3353516658008,1883.9014993195995,13941.73321446864,6576.338225240187,2958.1146622694077,12386.336086001547,14367.144064904045,28239.09962762371,149013.46019649945,15812.151970179795,30000.4744835028,1486.9660729250772,1880.1812775904077,13838.695840174045,6541.102173911824,2950.0038838192622,12368.459888882657,14283.273613737234,28153.40757910086,2167710.761331618,131647.7472922274,307453.4837108153,759.6319708484175,2314.9507183563524,99642.33332391571,36018.181106433345,7635.993398040972,65548.04214820413,124593.13764398707,298078.3313321087,2014342.5270831408,131189.6970777857,306887.57523351884,758.327876726618,2312.7702845572567,99072.37181879288,35903.0363821794,7634.233875059972,65538.20138793383,124353.78969559373,297769.6340412658
coord_no11,2103027.0881074686,311367.49941666046,1218524.0970853725,79248.2699527304,63070.43198200981,181468.82865566562,323379.9079453486,91898.34902733506,253880.33048217717,208653.04101364934,599954.3489534069,2166942.5571720866,291393.14731524687,903500.1194425435,55126.787159134554,50031.19237547201,162557.85784059402,210612.15577906123,75577.795542099,229388.27950236097,199658.92233117865,495974.0475364681,224302.83335513723,117610.71530271036,633987.2039869194,6388.312513339977,6782.1986189538375,49098.800619375535,141035.08410952272,7774.920913962399,21576.14381209635,55004.77541817389,231302.2431469188,220665.56937276217,71672.1164145475,284094.71777512325,5028.83549250164,5787.4078390149125,41934.48033522139,91485.15223038329,6293.6067659713235,19376.3198666024,49167.735038752784,150513.26375398375,2078218.2051350796,221893.06199258871,893593.0094169207,1089.1262854292104,3813.1509327483373,118193.1064281412,240016.307688575,10682.868317794604,77713.98095127581,167269.26483827396,517402.4769986968,1958023.8919868048,215999.5513842989,597509.8304095573,1086.0958732219083,3739.802531385305,117083.78850398111,163117.77393554692,10596.696992236932,77378.1654442158,160400.09470071312,420805.4879990557,122000.05803862924,35550.10886264306,297383.34717910615,74.73566272765251,190.3305771829408,8745.120300059394,49835.039516688856,194.11917572575572,1997.2669418434623,12297.255393112862,97520.65054713353,46998.04629295074,27687.149519248836,149157.8445426192,72.93950108210674,185.90342328402082,7895.20764781495,33614.68045773224,191.01804702658083,1963.3639540183085,12192.483542174423,66002.06758364424,2090219.17671127,260332.9561264791,785296.1658188528,7604.649306226518,16141.903126059804,169624.74522752545,275331.8015935829,33501.40299733902,146703.13721002478,196029.91114934417,540111.1208135267,1946750.908923096,245306.011646974,612365.3439457382,7156.829914770991,14377.879502634341,157002.4247733506,190297.3847671878,30002.51685341467,138178.98193324788,194362.25101607663,472794.4246033366,180110.59715663656,17324.276689437957,31293.657339068803,1471.6050668981648,1872.2798662420948,15182.557322024504,6912.594684086494,2985.909469055351,12352.907255741216,15659.054778074662,29347.426776229197,141212.26604300755,17191.66156713456,31118.57083725077,1466.8968612540884,1868.9362556836406,15043.25390647984,6867.915821110336,2978.4971895043677,12336.702320178785,15547.6633281886,29239.08131792497,2072440.899308735,131015.00769058123,310044.7495645375,717.7579348817776,2213.473449612019,97309.50202055468,36890.8897874218,7684.328890824346,65192.81184300868,123893.52270757299,300311.0638737317,1932168.455238265,130545.22111816594,309456.1493963508,716.6589531190773,2211.6144146495258,96719.45921350943,36766.83014137141,7682.800215214207,65184.05014980239,123654.93320496101,299999.5004063132
coord_no12,1975230.1326756326,309888.28183592606,1198172.80782074,81963.77112411258,63619.746125699996,185168.78112880126,327324.1725182513,96658.57958501074,257709.19556578607,214302.109515469,604454.0108680952,1983159.684599444,289069.40879974794,863349.888731031,56479.1993426524,50047.784964420636,166957.24206116726,213140.30205888627,79347.07982146664,232673.36338788207,205558.82879340518,501239.30896862264,205697.41130731459,109159.76355584167,589966.1552526348,6337.0515722384625,6767.539978006506,47074.865040522614,140174.00445021997,7826.214737432239,21635.110916137277,53111.191869915216,224559.08063843573,195007.77824077237,69109.64745617277,273222.7463564143,4999.014009266015,5770.293497414086,40465.298039986716,90319.63997453828,6299.64444006927,19376.27368984366,48149.036460931566,147416.35540138985,1951014.836337741,226340.93947673196,883026.5297493902,1067.1378910043547,3820.768585071428,124607.30704311091,246929.59647955096,10824.527156082657,77205.8643333764,174472.41753788496,525568.2378990019,1846519.1703824128,221005.94562430083,599089.6842086395,1064.2536743464825,3745.5013246429908,123386.47500355306,167031.69423866805,10737.478457932222,76868.42386419549,168833.8321985952,429636.3864833651,114597.53468981927,33929.68855440323,280266.91142785695,75.306809816772,188.60493388183178,8533.176214177343,49843.954781342574,199.70427130647292,2042.5546928414506,12418.8414683014,96932.03026119315,45851.732843487305,27064.552172275904,144929.22978454837,73.43550429428409,184.22804975128707,7697.828004321549,33340.88406764612,195.79222732984798,2003.157940575595,12352.114403614585,65860.56104202085,1962958.1005118177,260304.82132627082,763641.9418647019,7494.731400592836,16031.22091155917,172198.42120594726,274121.00873317994,34386.01360850791,146773.17946923795,201445.28665281314,540392.2380079534,1837050.4723510137,246853.96773335012,603072.8762352167,7041.642097821627,14258.084026315708,160721.1326523529,189549.89098553703,30662.338264324095,137927.7705653407,199854.64988533186,475023.0280828303,161716.19222458528,17661.83339964167,31104.22198258384,1462.433698594228,1859.1537741980906,15639.341847739088,6975.697773708133,2931.30663909524,12187.636120208352,16059.622214211648,29287.855819349785,129037.75288900347,17508.77104970598,30918.84727380687,1457.9194107236522,1855.9362288396435,15493.485065451294,6930.1449240649945,2924.62852321297,12172.936319435321,15937.788344428951,29173.336464289463,1945315.833207333,144442.9311099232,324526.3029022271,677.3090622009189,2204.512736464612,103386.82563667596,38078.49392863584,7814.036344147989,64757.56464038264,135699.1275844223,313057.99709577573,1824263.7342506787,143833.66402831298,323798.3111364115,676.4463972706827,2202.9282214680165,102668.86043871396,37933.3571517999,7812.765666470995,64749.89121591242,135412.0275279841,312698.36218205886
coord_no13,1803206.8242548015,306069.78132479487,1158022.1142679013,83021.5797060825,63853.518736336824,184273.1838122818,328583.1588066195,97043.46025692631,255595.2939433217,217233.80364858473,597397.0948181199,1791795.1547970632,291004.8139080764,837285.2022067069,57568.409032470285,49833.12388430404,168477.24182372104,213745.85236036088,79106.53313435122,229843.18183567823,208948.21489401927,494839.0468736168,177490.74964344222,88068.74117810145,494214.3445022339,5347.646777778832,5888.091886571367,37110.25326764363,125080.27853953934,6539.873190655131,19136.950677265606,45048.31860203994,201474.46064563538,161582.60590767866,58645.400472672074,240075.9433924937,4333.957559542437,5175.187786412079,31309.29317333269,79597.47614597605,5409.793234715129,17352.555159644482,41611.95006106008,132638.27200770396,1778872.3202081877,233840.84816459584,868133.0385724537,1113.9626279344404,3909.0293365941734,131012.57844479434,255439.62273667802,11014.292661806636,78352.24178409859,183076.24680981901,529084.7975312407,1694732.4939288336,229127.38680988565,595471.9397094032,1109.686204858099,3840.655419967514,129814.3300727565,170597.3251846883,10916.146928592869,77974.52230071952,176441.96872840862,429524.7553848178,106992.21182209424,32636.0503913749,263809.41982324497,79.09659833469723,188.7075530530856,8234.771486905727,49571.98123655176,201.85185128569682,2026.3559352838492,12341.279525969108,95400.17374019891,44387.227076363655,26173.490076155485,138783.40171474824,76.89709812512223,184.3006092060172,7354.696073023303,32716.152145411274,198.31294394519307,1992.7938728665852,12277.548372430301,64296.68461100567,1791239.7122333162,254092.55623133306,718511.3832884462,7515.29803236388,16397.450128667664,171695.72671620623,269020.86272078403,35233.00428322552,148547.6585231453,203083.83271652067,526475.789761289,1687002.7223474123,245440.29651901915,575756.0192169759,6996.152965613606,14416.488899265863,162173.42040514102,184835.23835327607,30955.95368355631,138611.35570641776,202099.92021557223,463507.3552005207,134240.28755628402,10426.748954371835,22127.95563078623,974.8355851191258,1469.1807212229444,8328.570406635667,4851.871435589547,2494.0566053546077,10581.96332012638,9485.988314219097,20839.610558489254,110028.13129292044,10403.581626090836,22078.160619823957,973.3499508230558,1467.6884615762394,8287.105379533323,4835.327308589714,2488.923496232707,10570.322865527743,9463.995649263305,20813.32582171988,1773568.1967150755,151051.27183839452,323911.91582504,737.3047129323401,2359.1791613387213,110431.9504150696,39259.07489654574,7931.258609932739,65425.93857587627,141285.15707210184,311879.5656563214,1676812.3387270456,150349.22214618936,323109.47691567714,736.1713542697396,2357.124555395874,109660.50912453917,39108.60822401412,7929.662592924927,65416.674700583586,140961.52183721183,311488.8501583989
coord_no14,1566885.3032376063,286034.4214371219,1064186.7738676793,52959.538405524225,50712.99277371301,145203.710879113,285396.8542088486,70410.32115987949,210720.89206343234,186119.49738544592,531247.4277214025,2134022.479665305,281674.9682012422,1097167.108501586,36399.84242215482,40126.76512541575,126794.65113873185,184601.49488225023,60156.57485380588,192993.01263988367,176629.56050668078,426290.7663715673,220198.21003615504,120030.85700518951,602644.214559485,6543.264284016509,6863.832377674072,49053.14144262233,144866.54947811237,8028.29833859973,21950.33936210035,54401.57942017608,225822.21467042607,248446.61121034113,71485.18574311139,274785.563719394,5004.294748910235,5799.079346050503,41916.0293035383,93180.99506308285,6573.811008420292,19845.16285758837,48418.04466318992,144941.83739100245,1537202.6430488639,200080.24176473936,753458.2468003592,919.9827854070023,3144.4026196734817,79690.97319286002,194700.44619626872,9999.575319199595,73393.22965740004,149222.39663881637,454887.4187267635,1474982.305973158,191875.74556373604,512447.67549598723,916.6902892211433,3094.7854154012225,78681.66510375672,130190.05072171283,9949.107907204992,73186.60817973022,135458.88164998943,351540.385664289,102032.86456043035,30975.75851498062,249639.30668147732,63.18302406776269,163.12367139286204,7797.836021435734,47764.36077602776,166.88265299205162,1737.117523441865,10745.38167728144,88321.3688399975,42903.811383113505,23287.954197396422,126964.13880043796,61.95678928206216,159.9524764649601,6807.730491336963,31423.028075955557,165.4326517435098,1720.7824544757905,10460.028833446497,57504.436507924955,1554136.5172831966,241810.22489372455,740656.5799511124,7841.529813119485,13931.532623747551,138317.37324416518,252654.356835437,32408.2000482448,140380.76311726752,175394.29663329056,487181.20858186006,1474391.2487682495,228793.69518420895,559240.9540461085,7382.802974176668,12712.118136198962,122499.59325242697,171505.21525724707,29532.141859401156,133183.94165620804,173316.886095349,411363.20634628425,212047.14750383602,18732.806650861814,33068.54832466989,1671.5374179200242,2026.8738496440521,16492.781840572316,7248.706170312878,3224.2149229334764,13105.905304933805,16919.437494790614,30921.678256826694,163351.1842532329,18588.042222014243,32873.51185412763,1665.0454546659455,2022.5398427990344,16345.960997506065,7202.566367726358,3214.778657791266,13085.727800799628,16795.455408009602,30803.942403376863,1533064.640490753,87542.87308842143,226515.9685807721,586.4445667345129,1846.8902922997688,54656.824828105906,26833.080947462666,7159.729956755865,60815.71505154921,84902.56282345195,222724.2581939814,1461490.364569444,87422.18881624867,226347.34228399905,585.8507844409603,1845.8024084615317,54345.459109808275,26750.068722903092,7158.9387592714365,60811.528659132164,84823.62458876728,222611.75895570472
coord_0to2,2729.205288961055,5027.024327407339,6351.050455310067,1.5214414876877973,14.595169004872949,34.90456655672918,162.4059814573354,1.689379993580401,52.94134210669615,4505.127670944632,5782.050848581102,2656.551270158714,4834.790286670028,5768.042870315984,1.519278369145708,14.509368965337226,34.0522559753331,146.62516110772128,1.6877102065261873,52.402363826632794,4205.089401719564,5148.905963270806,944.7384795735609,3587.500509193657,4790.011859386249,1.161893606113324,7.547358202877431,23.97509082319724,120.45543275910883,1.4781826131526756,29.12192098408534,2745.787777818318,4047.393780205566,878.083337320434,3495.978316700015,4388.711967688121,1.1612605881226727,7.537400619510394,23.34268024693315,111.50782922983973,1.4766696473672913,29.05787892860711,2624.733627035108,3630.484606306915,2316.239091090027,2467.6353239987216,2936.1139643116258,0.40118197131918004,1.1310241704638762,13.989660029778296,52.51469544672983,0.45094135667335916,7.021705059851756,1544.5121982268947,2222.7067970058542,2311.684302002365,2445.0360018158553,2882.4713791525,0.4011268431048387,1.1308644969493538,13.969205868047768,51.969128512644346,0.45086284886051076,7.02073491221809,1528.8683333318827,2160.616420299497,424.9145747249572,2457.2329509001825,2730.8843093318987,0.22165913793341074,0.444948917858277,6.456900799430671,31.035146449625167,0.4099140384463162,5.100315006412439,1522.2211805991242,2041.0590969483746,419.81747157206587,2436.1452353361233,2676.368474514305,0.22163382125115344,0.44486944418947494,6.424224396854166,30.663126953002063,0.4098371949479291,5.0995619213063925,1509.4664837782368,1978.0195110310617,2453.5614560924328,2062.1289172436295,2840.97323694196,0.28316735098581997,2.3981185438624393,15.904822864435902,58.26483761653428,0.29760427138763523,10.084970576651497,1202.4399237829236,1953.6685593368907,2446.2867033240846,2046.5210034893246,2805.6037469418707,0.2830714387416474,2.397479989290755,15.846134247371454,58.092670754942915,0.29750312281475105,10.081433496896787,1191.0481896339945,1930.9639383747772,614.0836795723717,0.7108030175253292,15.491717472980955,0.11507256162990058,0.3026602357683638,0.22629590346468612,1.5960313420909222,0.12269801872114537,4.000103193242658,0.3210950205759075,10.190703384558422,613.7017111285145,0.7078340190897012,15.457921273554163,0.11506987668588207,0.30265550724662,0.22617159699265915,1.5954380099259984,0.12269534673827455,4.000052886086593,0.3208544135272386,10.1860427256395,2186.378803651764,0.05011412646238758,5.412026341386401,2.3395287193328123e-06,0.00031277552377111106,0.035728208797011426,0.5801005903305857,3.721489584766379e-05,0.04385053194302667,0.05011097495436377,5.411809985139755,2186.246197902934,0.05011355573808185,5.411993695044028,2.3395319521240163e-06,0.0003127753453554783,0.03572792148482306,0.5800975847118243,3.7214900421278316e-05,0.0438505310292721,0.05011040430341471,5.411777342245754
coord_0to3,5501.061597625937,9142.097983222053,12048.055034275325,6.290740216979061,47.40949328028023,153.21469024509466,584.9783259300219,7.162934984554176,175.78272714818002,8217.251435246342,10815.272563449043,5323.0545063306245,8938.317818797512,10787.34544047268,6.270878547169607,46.69223030375544,149.1931136528708,484.6068304560886,7.139260839135851,173.1644903660117,7843.700478757106,9494.422153011416,1768.7745147036694,6168.109260265478,8686.75825496674,4.478927600813819,22.474068391937646,88.1451215981404,387.4655676082504,6.197317483232192,93.2701241605177,4886.301246486018,7309.118638881933,1602.5452602023652,6076.558786289624,7778.825331996586,4.475244181654359,22.386737521055736,85.6068140096551,332.6328282071317,6.182828233499048,92.92320288157336,4735.909186733988,6394.14491959308,4755.999092932259,4323.105048059392,5877.642491994627,1.5908300958362882,3.3373802236860897,59.918361248045954,205.58601701093056,2.102341729315145,28.262541862239488,2818.5507810524427,4617.822346117959,4744.433054547364,4277.592347579332,5719.149253358748,1.5903983125209067,3.336237176010274,59.74805322974644,199.7854377674358,2.1014485779652166,28.25557081561309,2782.3403691579806,4438.2750224333495,801.9574000266493,4155.722261306811,4916.931788206895,0.9300506089370928,1.4962909533818827,22.67922526527267,97.33530291977569,1.9083038807738473,17.4682582933165,2595.1631180744585,3742.3628785926176,784.9650072734767,4128.1820927047,4755.026280190332,0.929977487930659,1.495905816126046,22.543376778960173,94.37553623793667,1.90742359905544,17.46348568131374,2580.431296399883,3560.50837504838,5028.350737545706,3634.4823739040517,5760.693939089634,1.831576105234726,8.433411079863331,68.20820689440701,214.34124883061395,1.8530291656572242,48.98169335556148,2349.5877299577596,4217.79486263669,5008.213373770358,3599.2609253443948,5643.196796123911,1.8303913653051331,8.428063580764514,67.94714998854052,212.47469876654506,1.8519437957775091,48.955992469410376,2318.428600053184,4136.959147530191,1199.1254815964453,3.2873516090732657,57.50241259360195,0.8182256593965448,1.1192874822997303,1.3718629636567188,5.36096475216137,0.9783013522579449,20.54857199830207,1.769919761590933,41.591166034182535,1197.5387469831585,3.266907878164399,57.32003825701968,0.8181992313733534,1.1192618736165354,1.370778057422552,5.358319504526842,0.9782716493327749,20.54824134427917,1.7681110496637675,41.567761750959534,4530.212908634652,0.4738470736520601,34.735845596636224,0.015358399181523657,0.09032859299781154,0.3510697120012003,2.5444652296851418,0.08402375187785636,4.580413034673288,0.4737945382197236,34.73321775911661,4529.713448741989,0.4738381080187795,34.735497988918645,0.01535837603512869,0.09032816501776535,0.35106474483537764,2.544440262360315,0.08402305315974562,4.580393477790129,0.47378557471942095,34.732870221657066
coord_0to4,10515.542541936047,14858.423206162674,22196.2976790587,22.847875390907674,135.0995474827134,472.28891567330646,1733.2117913349487,24.8834392553088,528.2728553620528,13152.24909501514,19662.245802493424,10149.595765075803,14684.829136276543,19914.27351678428,22.664769518193445,131.14137278638688,461.35281755424245,1391.4919962136476,24.606757821978018,517.5661443672342,12756.174074793025,17301.127636336092,3101.3530276895626,9358.196684346978,14643.575991727053,15.002726065422065,58.142353435292385,236.09911239320402,1045.5056121022158,20.155222757362683,249.59515372977626,7688.996688100488,12293.671712514375,2756.0016435866514,9300.7186885571,12936.835927260068,14.977790819293846,57.692651700374505,226.84982428089108,855.790052537084,20.08226015566343,248.33643033512925,7572.038072981925,10602.967921160647,9271.011703145903,7114.264738750743,11676.235148780186,4.748839256584198,7.893722941016087,170.8992610776012,673.4260945610748,7.827794151925135,108.91618507492885,4955.2192021300125,9550.152755601384,9245.866333264,7003.835670160461,11246.892006672839,4.74690796603801,7.889646836618362,169.61832229232357,642.05617746545,7.821715404107002,108.87233210649399,4846.099636320654,9065.13583192189,1434.3471378453428,6041.608920876112,8236.392894641092,2.836967535653413,3.974640409841829,59.9676756194174,277.3694188116218,6.754172519840003,50.21792935890664,3794.4375818387653,6332.027237978755,1383.2722218369122,6021.70982876418,7817.133373841726,2.836610284805109,3.9733770110703457,59.55383264974203,261.8084108890012,6.748770876726628,50.19494703997017,3782.4349446012025,5876.834015855984,9772.061424330308,6050.36232017002,11282.820592554392,8.432848245258631,24.716759903869022,247.82928041188802,747.0836750785608,8.811885416500276,199.3407227304187,4275.91549644849,8730.521947002797,9724.307495608553,5962.1569014220495,10944.719209314515,8.419363399673486,24.680680330625776,245.69940862680994,735.0998743603601,8.80092535540351,199.18173674795986,4190.132399888696,8480.876551638112,2205.637288459093,12.86931275433166,175.09055925575106,3.5096684599054777,3.9498052928054515,6.86945858556365,16.074438675758188,5.247044493890637,80.49160756802426,7.758245460456184,134.5795498292556,2199.689679121255,12.76015670042153,174.34156934435774,3.509571703001241,3.9497118662842303,6.861686542927717,16.064883289348167,5.24690042714635,80.49032906878892,7.749087135705166,134.4961262984753,8907.806867075702,3.083334382899874,163.12399887918917,0.20156954842637387,0.8129062342617387,2.5210664458873873,11.685745081912746,2.1428396932477574,50.24157623182612,3.083193884899944,163.11194236257006,8906.075297211139,3.083304318288679,163.12307017092184,0.2015688400018776,0.8129025645334257,2.5210469301735303,11.685642505574899,2.142829627729647,50.241450717583625,3.0831638259287617,163.1110138946834
coord_0to5,19495.18280626105,22911.485172989418,39672.900642140165,66.77311494348858,345.8896336736729,852.7286906504567,3533.326025191912,78.78757148144275,1419.005444657359,19693.920957946913,34570.976429153015,18830.11902127138,22730.812254091583,35790.66830742842,65.7514899532458,326.07192445431343,824.8010760576158,2796.706514785887,76.43470385817521,1376.915325711472,19132.376930448623,30420.825323154153,5244.056113124299,13164.178077060502,23689.08958840963,39.885933974666756,130.9116452139679,583.9286897877656,2523.7428450365574,56.044683439970875,550.9512622287868,11074.733438313844,19814.8948149114,4614.028126452772,13115.093398671574,20678.816507123236,39.80339279411587,129.28638898528095,553.7012329706221,1983.9409765621817,55.75045069772577,547.6100527009529,11001.577982936806,16877.36593600079,17514.003767396036,11604.282331284881,22267.05066990327,9.857601961624832,17.624298739145157,280.2762180355427,1443.3819296810414,25.508639039698828,418.7029932854929,8632.416495554395,18836.428203170457,17463.466245803735,11300.326531435661,21140.426131788077,9.850571579432339,17.610544392963444,278.7299037719804,1339.017378462594,25.48131110925116,418.47213983083736,8284.070556947678,17536.80517269507,2476.7954286129097,8030.064987692019,13263.24616719026,5.432945496496602,7.641878876525055,164.61528902360592,739.4663191512641,19.36605214687645,119.1167342374857,4997.167922058406,10162.38832742777,2335.812383482668,8016.209680281535,12282.633979885997,5.431362642724335,7.638943645246772,163.71199661437723,672.258926068078,19.340291345233112,119.02440506381394,4975.885099556078,9132.00746007379,18385.587947654058,9939.702605036988,21094.24160418328,31.756599593334514,64.8020951082453,413.88386960918376,1678.5729405266436,34.34831773612882,706.3105809318411,7508.949877677765,16996.072963843646,18281.852642905484,9695.096731335878,20166.74129975525,31.664877498742705,64.61989015616496,411.71236565096217,1620.603020275224,34.291278459953915,705.6230817151303,7265.807722798492,16271.643341643969,3909.375877246947,42.25388592054303,432.27839704112523,13.574112963681984,12.47993701289985,24.92026737014677,44.98581208166657,20.79216197785475,236.56359830351624,28.006955501121226,348.92647604745383,3888.7686291562914,41.78584391387097,429.8740977341763,13.573841298065396,12.479739000775112,24.892021236455903,44.9567854084411,20.791729102655076,236.5604485159414,27.96890934871641,348.6843151720444,16950.894529408626,15.486414995345633,577.7288723977032,0.4668353013010299,2.5780689490263615,14.636858037347137,42.46623681758289,14.870232591714466,301.57631484438735,15.4863211514676,577.6885199355704,16945.06001546604,15.486233076282463,577.724837961642,0.4668339116129147,2.578052903476214,14.63669590712081,42.46573951171535,14.870067692089727,301.5745280709957,15.486139237776081,577.6844861763717
coord_0to6,36189.741483161124,32311.732647229277,64617.58817724394,187.4904933225961,800.4411789207803,1705.218868509881,7642.344400158633,229.264214252956,3133.7312479135758,26880.282282239994,54688.78721501763,35083.06841339852,32161.94443633145,58047.008561990144,181.92776530878444,732.7959909309811,1666.3595767589973,6012.791937129731,215.70397555191258,2986.878878402055,26120.381041400015,47360.21988686541,8690.472534942364,16936.947877377497,36425.8696968035,100.48852238196173,264.156473389105,1313.9894663288337,5486.592653997168,138.91623073413223,1087.5299747672984,14394.931281485138,30234.845562116046,7640.393179112218,16812.04534161017,31283.3637473413,100.20853736334492,259.87733640120047,1277.4438078239498,4228.843549885904,137.81507583173897,1079.1380091761066,14341.096631005827,25287.630533828968,33114.48934683571,17516.882834760487,37322.712473467756,20.992510868397062,43.90658430632202,534.5710716314466,3197.8116630251707,75.27765175366608,1184.7923154511145,13794.320887930895,32321.576718002536,33015.37076030616,16896.27712387855,34649.97090395085,20.95773477361866,43.83919472480681,531.5748861330792,2882.212946350503,75.16309063522701,1183.8725971924891,12979.891254987702,29172.17214820485,4182.399751071815,9751.85570357711,20411.623068818837,8.066724673079948,12.372637977656597,406.9448328064147,1737.0468201215629,42.22853344491299,226.36890034993706,5942.04738370194,15428.367318237857,3816.328441918178,9721.597263165624,18328.336378598386,8.062719247255098,12.36512892716305,405.8567526681738,1498.861315610301,42.14504034454886,226.09255842626857,5885.532618827312,13322.78321190743,34603.182824333475,15539.045929823327,35145.20045860714,101.81606459453589,162.34568178130775,894.7289401601682,4015.7554167263675,121.33752780489061,1826.7963162650137,12544.274034535789,29126.82149924987,34384.18415354724,14969.652121236257,32821.01733548784,100.98744070126455,161.3160680207137,891.4645439698677,3753.948293036767,120.84518544755755,1822.9052950487855,11952.011015076981,27242.319580752614,6780.660931512388,117.3640563867693,927.5154522591337,30.816134294003636,26.814118547731468,60.39142241367039,111.47324673482586,58.25378006675917,524.6086904034859,83.85685720611242,778.8635188850577,6711.41914994801,115.74119765464164,921.0751144187112,30.815301053704875,26.813653048188073,60.352302943846745,111.39947494542324,58.25120178497554,524.5926654780277,83.72990960755254,778.2695134435816,32265.527300505182,62.99846088702254,1523.52105832067,1.997439314609651,9.184624847773087,61.80093980727929,133.1789699479624,35.96796598540039,769.882587629227,62.985224505233255,1523.2224859368237,32245.878820951577,62.996557647424936,1523.495217065627,1.9974268076809956,9.184553576237924,61.799164169878765,133.17583819526916,35.96747354893384,769.8767044793817,62.98332249167023,1523.1966617147302
coord_0to7,65344.21824422371,44512.14777605239,103665.95018137523,502.7578335650179,1597.6105795615845,3175.4756118120586,15988.467274773124,589.4102998711285,6400.294808810173,36068.280586912246,84457.47691717582,63629.038286431205,44281.91675369365,92417.7608462052,479.3739540974297,1432.3658726064048,3125.1807186719575,12633.7170797281,539.6572872161651,5988.123630910667,34616.0411659098,71380.18956391068,14072.417240635406,20595.565433308897,54072.112005144125,193.61210591251745,459.73953780635475,2473.8071536973157,11153.396647359883,311.63406662600823,2073.184093366063,17360.40044392271,44064.371038893434,12439.201942078222,20245.019514047046,45316.62828099536,192.4339531239911,450.61966459876857,2421.5179176265992,8430.995873445321,308.8961099280523,2057.147787765755,17269.924464904914,35900.56674142383,60705.26849456251,26458.4107592066,62565.043061603305,39.86009444680082,83.7335968795907,1101.7518929039184,7604.234914611166,211.28965140300917,2582.243234591048,21937.517157846058,55120.80142963099,60504.124896863716,25123.506858408065,56513.59344061863,39.755961311714856,83.52560542509057,1089.7617512220454,6592.825422472319,210.85130439316544,2579.559089031426,19947.047555385085,47807.59412335269,6938.107158475767,11015.125095592552,29949.711478909947,9.71532014077468,19.269713901724014,847.9777100111176,3888.300557435737,75.72366837517532,419.66447061202535,6547.916496812687,22127.51938405006,6046.883724892511,10915.210155689272,25891.576613277135,9.704682666211406,19.235244961733596,837.7064356585073,3152.0204214302726,75.55478694276785,419.04997259638174,6437.757809478028,18241.466647902,63144.15990394795,23875.730443160362,57859.54555900605,301.99633531776544,372.78865495744157,2075.41889769044,9555.90103298479,370.0329492652751,3886.909718516412,20135.434699598598,48865.53886720451,62691.71153349765,22536.102327176308,52417.81903140255,297.6773903825256,368.77430864424304,2064.293494349485,8550.484018281688,366.9962026335319,3870.670876846437,18749.99943644023,44381.74868702287,11473.485226214878,278.96402462238524,1835.430515350906,55.86659311525281,53.094348410556556,108.34361143787068,228.49803450643483,134.0943607981129,1080.6655977210307,214.104454008832,1600.0438847598514,11250.852713748925,274.73378111907124,1821.378790038415,55.865475988544524,53.09295916108487,108.33243962340084,228.36126791312554,134.08785722391409,1080.629157689448,213.8252698651722,1598.995670742747,59497.89580030452,216.90676871061717,3724.925508998404,4.0826438946134,20.245259982824667,208.02832456024032,385.173493186458,100.58032005014137,1662.6046111783544,216.71054716257635,3722.1341283955317,59431.7786325802,216.89268777312537,3724.795288154465,4.082633879696454,20.245192275700692,208.017471329904,385.1570644356256,100.57970277696984,1662.597499559831,216.6965127977112,3722.004302474757
coord_0to8,119801.06168939802,64828.789497842256,169578.38903651253,1076.0065416796199,2850.9992512336407,5469.246093322841,29325.480207755467,1435.8492987238214,13378.609176823376,51117.327851861075,131247.2286812574,117243.04802877957,64281.88101467943,149058.61844138798,1023.4595215807736,2552.8618051041876,5343.153079735341,22004.371250150318,1298.8719960333808,12512.982469054714,47542.64993742195,107422.70317540132,22719.833555496207,24145.461938811706,78036.00900560299,340.9683347909076,728.8212486962932,4259.068606624067,21030.26054549569,627.1584086798091,3518.830464989739,19844.52227086917,61191.9602807009,20293.065871966035,23272.202279868943,62794.6046765457,332.7394894526014,709.1350938003591,4163.168348847584,15152.339158596144,621.1127420121429,3490.4495048197186,19659.01985513357,48008.23159313508,112898.85020403945,42075.881965592576,107461.83110280288,65.43307987918553,158.49575603506986,2475.360394619255,15939.28101994184,621.0165468365428,7334.005207820389,35912.82478376319,94703.533534213,112438.99634950596,38942.09743078669,93803.09377458667,65.23454886470813,157.91760088486046,2457.8249989928736,12998.140978866686,619.5610756700854,7325.366779504052,30923.297577175003,78145.89661933992,11397.20528291197,12060.72507941881,42788.029919577464,11.78643179204383,30.5352850256736,1584.815521796241,8156.05481597307,101.2486894198984,658.5250831692709,7001.854460764385,30505.187158386463,9319.787347299196,11793.184314272154,35228.32721288271,11.762299974725329,30.409554510719932,1509.4808502003498,6157.708493709728,100.99542284538933,657.3452411314588,6831.501099845886,23821.591465696176,116794.19555350635,38066.27058677652,97306.24457061624,740.3163015445493,829.2679590780234,4007.0995805344155,18197.65719744967,1058.930908176195,10041.107760492925,32567.32587115783,82748.22896860799,115824.84442671278,34883.915672050585,85055.8587116483,725.7079064335885,816.0880067744176,3996.2079803215765,15306.223529168918,1044.85461330694,9973.7986850865,29379.378642998763,72692.39234542909,19314.53476630733,596.0279001439093,3241.5763025948368,94.86336962911035,127.61286737728895,188.31529414646425,428.11866895460287,258.28835114955746,1854.4631119238625,489.98313624008,2924.07586273823,18629.80509983142,588.4054490742413,3220.3852679768092,94.86100538113544,127.6002953903775,188.22973555084866,427.8244851534005,258.2772233722832,1854.4101676738162,489.67977926527993,2923.1605116998694,111264.57183624095,688.434252969129,8847.432570431587,15.044940551377046,58.81486247078851,531.9760162308199,923.0557204652407,383.81677897675496,5601.4480152995,687.4692998346371,8839.491880106902,111027.56382669353,688.3795634252482,8847.059678713973,15.044782198949962,58.81436852469054,531.9609874717142,923.0068742922238,383.81586504445994,5601.435423568933,687.4149945648637,8839.121324608392
coord_0to9,213085.49401022674,92610.39847175968,265177.7619247422,2293.4714873480175,4960.038240747215,10750.369521007608,55184.11528027344,3250.2770329343784,25045.99118452367,70434.70413985259,191213.96135549239,209366.82814367628,91611.88881008948,227532.39962820185,2211.4552273457093,4508.013412281745,10417.557733238737,39447.24566974708,3043.5346112053207,23813.102079410575,63551.95103994849,151519.64889062164,36106.568269646654,28669.452953065294,111815.75918293634,618.8840513001703,1147.7040298768895,7205.492649329629,38238.248428573985,1179.8093394325826,5667.572602492326,22373.78986099251,81774.81925329755,32661.674761166767,26558.146710252804,84476.89215480516,577.0545931556884,1096.5031267025709,6897.802122052473,25978.574410030273,1162.88185330896,5610.489655526653,21982.090734249334,61276.470320321234,203103.17126782791,64707.973855081334,175212.43287875535,126.99458423101794,334.61974213999486,6098.221675993696,34427.927548504966,1687.7331345240293,14192.310758248243,55035.298711662734,150081.64578341684,201926.92374899006,58587.816790608274,146740.68713144207,126.64727225873527,332.9729544347594,6045.982796568478,25994.822940698064,1682.6819534939573,14170.257708917605,44947.706792992496,117345.82060817184,18402.258774223596,13195.687642292636,60061.79809723427,15.013679855227647,47.632919000185424,2716.3627230818465,16565.0994711474,117.47386839087653,948.3687318688919,7411.910215897572,40330.80123775523,13801.958912426437,12555.933704687284,46317.54027989033,14.970259889567608,47.29672446646745,2412.6578632510805,11530.4345072015,117.09450933614707,946.3222032248699,7168.549513189299,29664.59282834507,209016.9699663673,58263.33337194933,155260.17640952457,1629.6552074344545,1798.873328757346,8852.129218179842,35598.41125893894,2839.744992952148,20126.93880440629,49841.84832703238,131070.71267712665,206825.0609710707,52614.208220499895,131266.7197962468,1594.077626419683,1766.6762603872303,8798.644854102777,28311.360747660372,2781.6957041254227,19918.58552390593,44166.54428152198,111760.00259039152,31878.509682260876,1222.0835772203714,5425.973837018828,155.20813846718863,328.88171024276653,435.0511003579785,807.5802388495234,490.3339043460601,3109.2207922434354,1064.815878583781,5033.957075454868,29954.679699923083,1213.9434300825146,5406.768580731196,155.20006992820151,328.7814783571241,434.25340745876895,806.614067988619,490.26003341738925,3108.972286213698,1064.6405513737534,5033.493143747341,201035.5744795369,2085.8851038748285,19374.73599214014,76.16347864612874,201.924672560063,1290.33255679045,1997.348341846183,1036.3024748669807,10879.08978782728,2082.5098227475273,19351.727387226503,200201.66259710494,2085.727647792657,19373.968253782903,76.15997524118254,201.91341877115892,1290.3093405391148,1997.21963115228,1036.2975803870058,10879.057732874911,2082.3535207672257,19350.964790478258
coord_0to10,372552.44841508457,127584.84268919646,395766.7860975903,4778.958588021754,8707.482507324248,22885.366922092864,95776.72337925142,7448.0996736249845,45479.06774452592,92674.52488582027,261086.1856925703,367241.8885032743,126380.7165911206,329475.09422022715,4548.017518056356,7962.635480455491,21964.562311480764,65917.57962981412,7225.948888831538,44062.21549906887,82660.83729097566,202786.5662334514,56946.97353616523,36784.44376942661,164781.81682064556,1272.4405954595163,1952.7101549040397,12540.218853034467,63873.473585222586,2161.6430900204614,8786.389897460998,25975.16723728514,107213.98411624694,52332.34582788005,31476.423632228067,112972.31363530151,1117.1082901727887,1820.2346388101114,11449.093156317862,41637.55627494773,2088.131687585066,8617.407385239705,25073.760479143828,76238.21512912367,358559.0854356742,94259.8509371074,271087.9915332745,255.09028942404464,723.752781456563,14412.97964762172,65552.43776732663,3880.773886869579,25566.03745008028,77563.6533026694,218443.60801739746,355294.88344900927,84583.22427407984,216326.18203848493,252.2384530734249,718.1137169130815,14258.957785170885,46022.06567327385,3866.540095358551,25510.651368998697,61252.16902840266,163049.40001118803,29376.474732262992,15072.80429041903,84998.05775669345,20.761588234700984,68.91961383224555,4128.976291779912,29210.15847818818,128.25762198693766,1210.3491517572047,7864.759074794474,51373.579948820436,19629.033308733193,13635.089867884031,59909.93258974016,20.674877176522227,68.28571421942749,3434.148968025038,18837.617884730455,127.66922490221688,1207.08335542675,7522.047357339934,35573.0253855698,367039.30893178686,85505.75881565959,236956.4891007626,2864.6658494663566,3495.6041978120606,20683.866314786035,66810.38130997986,6937.9304081100645,38488.874334506036,72147.40444625028,195197.3661865129,361682.03496557614,78509.25639109747,195750.43528656053,2800.5825359316455,3436.6255887057455,20182.259339771932,50558.91213528457,6713.710811936729,37837.02058859281,64727.55865026609,163513.86771991831,51972.78192983349,2557.2794422585075,8904.922601328604,284.2514780204108,663.6322147733362,1247.1604817990014,1584.9659095573568,980.0601849273952,5203.434897852888,2302.5767464677774,8385.38031107816,47065.04782700801,2553.2610398562206,8895.207126945079,284.2093793857897,663.3117556092368,1244.182368720299,1582.6891713907432,979.3025500336025,5201.375497067424,2301.375672736874,8382.92294628366,356091.0022914139,6149.528567212989,39923.57723849942,132.80485383002355,474.11352542624144,3243.186790333284,4334.484366728645,2632.4355496133358,20047.13201213941,6129.153543964705,39835.88547709802,353238.5971873722,6149.003051361496,39921.80844431518,132.79733062621952,474.03220566612106,3242.7139850582416,4333.764283217745,2632.2538565733007,20046.424671334273,6128.633860059248,39834.13404499298
coord_0to11,628124.3269277575,169419.03917662147,566626.8997291223,10765.059027079473,16065.080220513988,47714.27476315637,149010.0086314665,17243.27415767895,81604.95300989886,117209.09662585455,338865.9236988195,621580.6756216253,168088.2543635047,457817.56928155595,9248.258839390774,14114.006626513672,44523.22472988195,101049.13352011265,16420.54424065504,78586.38440553567,106013.51823729672,263080.53410164284,89558.21711632254,52738.2313411901,253803.7168961786,2554.793399063836,3268.867365738538,21679.803615518005,91922.04681735038,3718.1890015134886,12820.213678241775,31980.979568743653,139659.16805771287,84395.19832817794,39899.5347185267,152556.62640744535,2110.2694919135874,2954.3835311588914,18859.03300403035,59674.281520170596,3447.0655504205615,12326.129106482,29999.265776958124,94354.67020232015,609257.1867319937,128372.58927104148,399093.9263135794,454.54720021998423,1350.7763066409645,27951.185650031835,102127.78305979591,6678.7800932466525,43832.37082285343,100471.77756941436,293911.89441395854,600069.9561723409,116270.20878029324,302022.2699179443,446.8457310688752,1333.8562897198256,27590.35236000465,69539.44593181473,6650.176711416043,43714.25236398359,79619.84507941303,214519.90189850316,46125.148153203794,18439.935260929313,122534.01774624315,30.725309782811014,94.83233468046122,5441.138177859512,38673.66757816557,136.10034964737645,1379.3107922620384,8448.196218261066,63138.01835960278,26694.166426812095,15517.194629232717,77184.99371322338,30.496580900719117,93.73536867750444,4451.425382306298,24535.56507999415,135.3229090398712,1374.766526545593,8011.650663070116,41682.3297987948,620658.1981564543,121816.04640010915,351345.46082295635,4242.51031448835,5895.429484132288,45591.9482779207,115251.36995877458,14004.148146951637,69353.02728328791,99509.45892283022,275997.44730739715,606980.7571908028,115987.986219278,285569.8474801015,4133.072297418387,5749.774763872564,42500.54321683251,83891.73792903584,13329.703244224376,67520.07882006186,92731.15531885342,230447.2255912009,83909.33227703317,5326.956926305692,14296.08637163909,536.5926221322499,1030.1137139630507,3475.6456126108983,2914.5553657337687,1725.9356888776465,7938.023822310059,4843.167393880731,13498.69996815268,72562.45198352683,5324.190583704983,14284.470505545158,536.3254959835355,1029.513732393383,3466.1155754844463,2909.286037647036,1723.337072656239,7931.7531073397895,4838.457360911658,13491.28236532948,606416.2921261722,16969.726825381756,77328.93639945297,209.11409272336581,789.1001057280321,8582.29726788259,8898.323309848787,4548.8419681826745,34135.49241294437,16857.319792607504,77037.76695417032,597235.0095605486,16968.283437613998,77325.36775847824,209.0935105064529,788.9130947873977,8573.783235112644,8892.370074223627,4548.5393773710775,34134.32829690276,16855.912395812855,77034.27732228937
coord_0to12,1011493.1608722663,219435.00958815386,783581.5414531099,25147.590365724303,29664.13639876626,88428.5555027387,211272.42243742818,37530.37369330746,138274.8771711631,146112.59375859838,426054.17365251115,1015613.7940106464,216109.4412201782,626591.2699009439,18824.340432766672,24492.645293044963,79315.23801069827,140268.65412622044,33707.12698831038,129612.78019157749,136067.0309038583,335758.4531503867,140774.88274430268,80385.90648904137,397204.34753652866,4415.3919534728375,4966.016041195846,34589.3413800943,118522.04065781068,5723.966699400178,17242.767979754997,41381.82140983658,179887.4084651391,139832.28649192257,53151.06245392277,206519.87720785665,3466.2118250831054,4330.532403880463,29455.072719566073,77116.19486095817,5016.305754891956,16123.734091064585,37640.39256768934,117106.33005766454,987158.6568256521,163063.2032482393,558705.2819589488,654.7471344813365,2144.8185546316354,47054.89858009863,141073.50323023155,8717.837635561684,62002.80627122624,122501.59094880355,370934.39108870085,962360.5378309407,151720.0931934704,400553.4203367642,649.1899643698968,2113.629961225386,46387.498310429844,95151.10180210294,8681.949838657956,61845.55046403498,102479.01059481497,274664.8466153335,70276.34492295451,23767.699289519634,177243.78548679393,45.262735080907454,126.5415296539262,6594.298766105008,43511.95324960667,144.35316346214807,1509.749468764066,9312.92223804492,75304.85318454207,34637.99841966524,18623.20638727702,99348.94858839849,44.70029897663363,124.65573660490647,5538.9541393985955,28155.512981147334,143.63451682307033,1503.7143007370362,8876.813486181647,48674.842008796004,1001538.1635805741,171324.34874924933,512024.4815470794,5874.265844991457,9206.835840865444,85686.45718886788,178062.4539293538,23079.426225691444,106973.940323193,132846.0620105743,372901.55458517757,967302.9007777312,166307.20590643652,405561.58201952267,5653.498771760345,8745.140474224805,76350.98497508024,124573.48186018565,21534.68232719496,102887.05314830023,128794.55572002548,312872.7031906892,134240.28755628402,10426.748954371835,22127.95563078623,974.8355851191258,1469.1807212229444,8328.570406635667,4851.871435589547,2494.0566053546077,10581.96332012638,9485.988314219097,20839.610558489254,110028.13129292044,10403.581626090836,22078.160619823957,973.3499508230558,1467.6884615762394,8287.105379533323,4835.327308589714,2488.923496232707,10570.322865527743,9463.995649263305,20813.32582171988,983866.6480623335,41732.0024359646,138482.18557370908,375.88907219758084,1242.6959221327425,22807.790699688347,16316.73452804778,5992.500697356889,48164.89509818565,41190.63400968914,137506.5757968093,956845.8481059582,41720.533694141566,138460.88250073773,375.7167459440924,1242.268018913829,22735.01198454826,16287.04004814126,5992.171478965232,48163.521425877356,41180.65830052519,137487.93126455878
coord_0to13,1566885.3032376063,286034.4214371219,1064186.7738676793,52959.538405524225,50712.99277371301,145203.710879113,285396.8542088486,70410.32115987949,210720.89206343234,186119.49738544592,531247.4277214025,2134022.479665305,281674.9682012422,1097167.108501586,36399.84242215482,40126.76512541575,126794.65113873185,184601.49488225023,60156.57485380588,192993.01263988367,176629.56050668078,426290.7663715673,220198.21003615504,120030.85700518951,602644.214559485,6543.264284016509,6863.832377674072,49053.14144262233,144866.54947811237,8028.29833859973,21950.33936210035,54401.57942017608,225822.21467042607,248446.61121034113,71485.18574311139,274785.563719394,5004.294748910235,5799.079346050503,41916.0293035383,93180.99506308285,6573.811008420292,19845.16285758837,48418.04466318992,144941.83739100245,1537202.6430488639,200080.24176473936,753458.2468003592,919.9827854070023,3144.4026196734817,79690.97319286002,194700.44619626872,9999.575319199595,73393.22965740004,149222.39663881637,454887.4187267635,1474982.305973158,191875.74556373604,512447.67549598723,916.6902892211433,3094.7854154012225,78681.66510375672,130190.05072171283,9949.107907204992,73186.60817973022,135458.88164998943,351540.385664289,102032.86456043035,30975.75851498062,249639.30668147732,63.18302406776269,163.12367139286204,7797.836021435734,47764.36077602776,166.88265299205162,1737.117523441865,10745.38167728144,88321.3688399975,42903.811383113505,23287.954197396422,126964.13880043796,61.95678928206216,159.9524764649601,6807.730491336963,31423.028075955557,165.4326517435098,1720.7824544757905,10460.028833446497,57504.436507924955,1554136.5172831966,241810.22489372455,740656.5799511124,7841.529813119485,13931.532623747551,138317.37324416518,252654.356835437,32408.2000482448,140380.76311726752,175394.29663329056,487181.20858186006,1474391.2487682495,228793.69518420895,559240.9540461085,7382.802974176668,12712.118136198962,122499.59325242697,171505.21525724707,29532.141859401156,133183.94165620804,173316.886095349,411363.20634628425,212047.14750383602,18732.806650861814,33068.54832466989,1671.5374179200242,2026.8738496440521,16492.781840572316,7248.706170312878,3224.2149229334764,13105.905304933805,16919.437494790614,30921.678256826694,163351.1842532329,18588.042222014243,32873.51185412763,1665.0454546659455,2022.5398427990344,16345.960997506065,7202.566367726358,3214.778657791266,13085.727800799628,16795.455408009602,30803.942403376863,1533064.640490753,87542.87308842143,226515.9685807721,586.4445667345129,1846.8902922997688,54656.824828105906,26833.080947462666,7159.729956755865,60815.71505154921,84902.56282345195,222724.2581939814,1461490.364569444,87422.18881624867,226347.34228399905,585.8507844409603,1845.8024084615317,54345.459109808275,26750.068722903092,7158.9387592714365,60811.528659132164,84823.62458876728,222611.75895570472
coord_13to14,1347105.8057478755,54147.71029655744,297286.721256994,3423.5954712196967,3361.91926679999,4349.752842907538,25082.034897092046,8523.024652038057,10234.310455107247,38931.590006362836,165364.47362561154,1287704.3724473703,36174.927615311724,163443.67906576584,3352.173725749594,3225.9293859761005,4264.094686829774,17832.62565220808,8134.963189695039,9958.444434386529,30468.401790403146,109834.47857715796,116139.19419099191,19328.505046963663,175030.73029811276,42.969120581627934,60.712411606410605,189.80730718430976,1527.1543722212864,236.4062479212449,233.90218149118135,13334.73880607578,94286.6243060659,90639.87524158366,13908.06380139401,93999.01275081803,42.79561993358904,60.56774436210986,185.8933246084037,1431.5433086593425,233.88077951901155,231.9390002658807,10651.044539874672,61388.97651585085,1341757.6496057482,25084.687240154843,195894.38731149834,6.968244243620564,31.136739326546415,2376.8974525561584,11027.19970731029,156.25384634302057,823.9760717149536,14483.115558344545,86241.74525096339,1277459.471117337,20913.174794987943,114454.11262395183,6.966529501165264,31.038261114175068,2329.069934483795,9680.47237179096,155.73892781780967,822.4404873849048,14075.830119877923,68121.1167024731,68472.38653661551,13907.418919688835,144473.5486479157,0.8093190613039216,1.7653499034134945,66.05244918821913,771.4478224164681,1.889907025751287,12.335296631493895,3622.631302581602,42417.04968100275,29966.732599202947,10270.09551586669,79262.62696883768,0.8092430041413475,1.7651234089473953,65.97893931049192,734.6413222819752,1.8891893697341933,12.332483062140094,3367.4225268526643,32617.737874095867,1342299.9023553627,45945.630420691115,170310.8473886227,623.1679558945959,1294.4213052629361,4281.3044255871855,22214.373981072185,2208.117278434957,4855.661588481748,36609.87982532427,123015.36984509006,1271040.9745827748,32866.793570872025,115237.81147932858,615.4250815410045,1253.9425384931017,4188.717384163762,16183.715732687566,2078.4950837377746,4702.397847289839,29017.10086662488,90851.39288827838,77806.8599475521,142.7249577908672,446.686611173298,0.2685622243704462,0.6133423963561102,14.824767874782946,20.07971275991724,0.7504666485906646,2.139110248915048,71.80593657371327,48.721500130749064,64930.19561475733,135.14180500324917,432.4502922472112,0.2685509973331925,0.6132535612292497,14.620270604652612,19.932080874171593,0.7502339383454213,2.1385516994148066,70.33307576963426,48.155223390517584,1338899.5410811608,11236.024541954608,11730.459325525993,-6.068167940561203e-09,,779.4721243998869,233.0274136143767,-2.009856395391246e-09,,11077.174869517603,11629.270899242272,1267626.405553183,11225.44237915656,11723.955716736435,-4.992485153429665e-08,,779.1746310249338,232.74430992820223,-5.259882442657724e-08,,11067.143115012312,11623.051655810605
coord_12to14,1730474.6396923831,99787.28091001921,481545.589709586,12266.830145642063,10330.802947593595,15629.917200935692,67307.74002949327,19940.756232594176,25591.463439763702,68304.62044266055,241238.7227134272,1649515.5838708947,64012.26736347224,246883.56564180905,11526.156536569342,9402.456880729887,14751.793953876186,40530.305426166145,18552.845846150933,24490.00697391821,54273.95730709046,158065.7144337659,167355.85981897233,33240.08774593653,271093.3905542241,380.37354864013236,460.5475774158964,890.4651938023837,6656.134332528588,1040.3996574992693,1197.1405539283544,20556.40519249373,126792.4116891616,143475.67055051474,21617.724996652098,127901.6085427587,378.14745083188257,456.455400570823,885.6269290905138,5624.79801443963,995.6673979174502,1169.9392470259672,15974.7086092389,77680.03855044387,1719659.1196994064,52047.68333774029,331159.68977855565,30.24197815366117,123.25416086316389,8539.382881618823,30252.32137364779,420.8864562905251,2155.707166480612,34901.48796560415,150359.90035468448,1623365.0022515818,42888.054867538114,179780.24569436916,30.21851687385377,121.94876720638844,8215.523694766045,24088.48248025116,415.47895439208753,2140.3204145038785,33630.48902688007,112913.41861785381,92623.58330636618,19789.31704052452,199358.62945494492,1.9121707724043442,5.359342051152583,179.6801930084948,2020.0390093596818,5.737252381725773,47.50335526128402,5048.360596981272,54735.754586072464,35943.21212327995,13677.768280477332,98270.91898486527,1.9117981072122452,5.355662280478631,179.38720105427234,1802.040439405444,5.725792896380491,47.42924759892174,4740.930400300634,39860.5172578263,1723179.8677794829,90183.07355543555,312324.11722545885,1359.144896099251,3068.229813222801,15527.331575242988,60157.996788404314,5503.999890971302,12599.233367551493,66500.45399558327,201208.5370765053,1613405.6425781106,60861.51723406909,191492.8807588607,1326.1075980853182,2852.6416266993074,14574.005625962754,37031.073435285245,4737.455724788242,11615.668618771666,52922.08346389061,142387.3000556285,128137.8152268032,1722.1356119396864,2354.9224028769722,136.30032736694952,49.31023791393074,632.5293599562038,193.32216002759696,227.54910292046654,432.8321260178429,1545.5383026523605,1176.3445874064414,101625.0258746861,1706.0217642802484,2328.5817438200984,136.26151143510583,49.28420272686387,632.1516733667879,193.17341995312182,227.34009671836452,432.59343038148916,1543.214746937773,1175.3589427672084,1716349.8970173215,30752.439852705185,35592.10810658683,4.997118220774881,4.121997675657585,3756.9000391730483,701.8569776563215,7.737310576741355,175.45582671568081,29443.734132865316,34667.97780741578,1606363.6925539363,30652.59464663895,35526.48886261854,4.9969709859800355,4.121879902909067,3754.104001281762,699.6859543101192,7.73711978286971,175.43883954506654,29359.830529087667,34611.345502562
coord_11to14,1986046.5182050555,139330.0600691696,636343.7069551992,24699.015590221705,19675.51469932311,34536.48601053292,115338.11120155654,31208.39648461402,43431.494953762376,93034.00086369272,299902.9528737916,1900189.5517111511,88529.31172313636,318848.8092106597,22245.746860350922,17085.585254306905,31698.360388959583,64161.56801325914,27938.566726318753,40653.81061724206,74680.72255906077,197784.27537577198,199967.10339912953,47684.66931656679,357835.3707485956,1093.9487396343688,1057.7615550083976,2698.246015839509,16467.4867800777,1926.5877043979115,2504.5964591495167,26680.204406497884,150647.39669493595,180620.58210329397,29187.50291488758,156998.28988968325,1070.5982136185241,1027.567153259042,2695.038305281002,12575.525378803213,1773.3933739845886,2399.9109533403052,21131.9115676991,90720.66777933406,1970357.2209957258,79544.18537141573,449780.5378336445,74.16974459809771,291.96916425910376,20018.00427267638,55705.59810881742,738.1877214728414,3770.7367870578278,54972.2282688097,205288.57972734864,1853375.5547790073,64301.32694860801,235517.11817930313,73.9422268403233,285.4014099103972,19160.919048133397,41081.34372832813,719.1985566019391,3717.401262149604,52309.53770309115,150226.64104851132,109372.2567273069,23809.83074319174,236205.33043440728,3.8600904027687397,12.137941480954273,449.7790005919139,3951.4237136618217,12.15204435639119,114.98310812598164,6292.235928237827,64325.99349239675,40236.84184452241,16047.635596217662,110749.99233820167,3.859153546760533,12.11608416993584,446.3032163447804,3328.657914842229,12.093630273630675,114.22718216796046,6026.449261103241,45396.65643744633,1976798.7570041497,128200.65244231357,425332.1332445065,2157.4765313155576,5093.391939555673,34356.21363533985,104043.63488865846,8972.201549116973,21429.970230636103,90861.78138975405,259838.92022287342,1840460.6316044878,85096.45144933676,251195.09352735555,2092.7690974910056,4584.809607539002,31289.887002697527,58392.444318054324,7233.64673837259,19019.64258085837,72862.86013861261,182566.172807251,160074.36557400282,4932.6065377552595,5195.190879839558,274.7269354512392,101.46389527214862,2205.979960370026,456.29646302504113,522.4937319224058,1089.7214601095657,4496.052355451674,3393.395829568644,124426.56283914525,4911.001913557898,5148.5316331771155,274.5942569708958,101.3461545143949,2203.3144597281675,455.2366264487086,521.5372174973307,1088.5567980174576,4482.132418053555,3387.6032300064526,1966675.1868520798,50905.30633973117,66334.9131004893,24.008493565258302,18.461271373129044,11907.655208635386,1711.701874465916,35.25302089577159,652.3555894622554,47143.39420955511,63351.82924155246,1830408.005700742,50584.089036782614,66103.82890136684,24.00483412639909,18.459040808499978,11867.24734870419,1704.821428463169,35.24743260968699,652.1701968337366,46914.10270553149,63179.167832446205
coord_10to14,2145513.472609916,169448.69334146768,758192.936336327,39826.252195467525,29947.188640232296,69725.57670326506,181338.80116609653,41978.20323260241,63215.402009327605,110832.2285570419,344327.3316158711,2069586.453070739,108438.40027836816,383076.82664112805,34362.24778804532,25399.617581644998,66112.13538359577,111891.34913742922,35691.43857948492,57651.14092919323,90123.59006417062,231555.7940827373,220807.5086656482,61673.79457004846,432263.4271542313,2022.7171858238896,1710.5493708502365,6216.777369334476,31039.73557206025,2853.445267901502,3910.062012190951,31961.7708262259,169001.37125610778,206355.4280755487,36335.28825503778,182073.0365371955,1918.0701994858625,1617.3190867652306,6184.105437251731,22135.141799864996,2515.5046676422553,3661.5248948345115,25955.901698872756,101569.68630197323,2125813.1351635726,101487.01287575487,539319.8909051201,165.4141168257025,529.2628326203244,53081.881379104874,127700.24399182762,1620.5031697527638,6881.522257185241,69865.79740290095,247828.15644151845,1996901.9259803179,81427.25925719201,280620.8793161864,165.09015756516018,512.6358649464546,52668.63349533279,92171.7093593199,1582.7397827538532,6790.311372521198,66427.16925907596,181124.19222273966,120346.47268534635,26068.53799887408,257787.2596520812,7.167780747154314,20.111555168151657,878.141160344041,6190.18592261908,19.527786346810178,199.8566037706646,7218.962848502742,71185.14940193499,43423.22342132997,17436.61479596616,118240.73584489533,7.156898336944783,20.040964430093005,860.0509383774598,4964.519780376204,19.405859110264775,196.63657946104084,7005.54814490242,49193.256486064995,2134821.0959695685,156463.61953955924,509605.5183786168,3039.0270195489848,7207.043661133765,69068.59557528062,163333.34531115895,13231.508522546039,31813.06080325833,107859.43161821841,303415.55416384485,1982288.9553578948,104416.03546529174,299536.7651654058,2823.307427154178,6333.946869194917,65637.43028628423,103227.68070498695,10569.313543754215,28003.725230820553,87754.21703727897,215900.1302817665,180168.63782157528,8903.72698148556,8430.420392335669,609.9434397178892,244.62706507540577,5580.057924774371,1067.1212117901432,805.2423896740465,1764.5973199322434,7925.873253076734,6142.62820160238,138966.59339474648,8856.138935020761,8348.426099253189,608.7414961352243,244.26258854289668,5565.701257801833,1062.8974779889681,803.1704187154885,1762.0235684336662,7874.979524838582,6120.787018057527,2121730.614663956,68263.70341794593,99720.15301117323,72.80554301968616,149.550018333354,49079.9202827181,5682.474726779778,510.678548889393,3520.145309661212,61799.57425104435,93932.92827860847,1969882.157596744,67668.84769014448,99248.42097745858,72.77164395904822,149.50654452734642,48905.94228352973,5662.373870837822,510.57022092724475,3518.5037927039607,61438.32273548621,93629.5405259404
coord_9to14,2238797.9049307425,191713.209292532,852826.5251803078,50452.95380618128,38708.08064360262,87707.3462837959,211782.44253187114,52515.275177678806,86957.66709814733,123735.9015369303,380031.8498292795,2186503.70200525,126155.78906850115,446863.18932498054,41019.204860586215,31600.313359035317,82281.91930158604,130039.39065093454,42803.12359004941,77751.45893585519,103058.012625247,263245.0322385686,234194.24337979843,74414.69039129095,493613.04898532794,2950.9250781252076,2410.6234980564773,10639.408101335219,47230.98044841487,3779.1741837335876,5437.794855053273,36408.354355208634,183162.26007918973,224902.87200111477,42586.27774586236,203058.0803346751,2699.701293338881,2227.0204036972877,10504.922616881693,32076.440658289972,3182.786507714191,4966.813605160405,29972.74105806557,110098.69497467099,2216017.4562273603,117907.95490319164,605262.639779606,317.5655040072,1038.2666532842568,64061.29405465443,150055.53344072745,2570.785694475509,11361.215609057375,81089.25307920844,282945.639837947,2080561.1401744965,96081.991681952,320669.9022415036,317.226070663014,1009.2740560803603,63608.44016203543,104752.6513103277,2514.60340182796,11221.266251749188,78149.8723215253,210068.97200992066,127351.52617665805,27316.107520433558,270103.0439468315,12.164899396472807,28.21722161130617,1312.6900053472348,8186.731237911163,27.409586903175523,287.21084258842717,7841.114255596112,75827.49056161642,45798.80138168844,18241.467192642755,122725.81865840775,12.091777622015695,28.001325088973108,1270.503738834657,6330.507759555455,27.276869521081487,279.63399756564104,7647.237116206984,51564.945371922986,2227043.8703824286,176337.1234707451,571719.7804224814,3941.8101957294502,9371.885390495197,86482.66665341705,190713.07452558022,17328.302795296764,44110.99138388143,119846.1298362415,337967.04553161986,2065319.5440796998,121195.22630002715,342566.36471824866,3685.4872263758293,8128.984703286212,81552.6275421915,119696.9990040816,14009.874483744068,39057.00855251033,100428.0069185053,247124.99189202266,192732.6127375288,12384.701258305136,11657.119287477255,934.632093153111,498.10539136264777,8724.967297318824,1908.6037727962887,1069.4152746640152,2470.778126758619,10692.928329927841,9030.01958246042,148284.6117221232,12287.704699537597,11529.479633406574,931.9215729670027,497.24446802782927,8683.068275362863,1898.5780669618143,1066.0756670693822,2466.5341996367288,10591.614424051886,8982.567782035652,2211501.617307252,82817.17797261052,133120.12777129892,172.10924954768885,512.4442784657986,61754.16187768931,11084.873319547753,1084.179153487946,7000.296867478341,74444.01909649727,124859.34688870957,2051132.2083286298,82023.2138212284,132433.32913171645,171.94803046537882,512.1907291683784,61426.608740170224,11048.938828458316,1083.878883685977,6997.450241204746,74017.35951200375,124466.95228686466
coord_8to14,2293254.748375915,212694.72127755205,938160.1401106045,61519.27594168475,50665.408014421904,117650.7225177374,257334.76404342373,63479.85266731035,122335.0025309552,137729.36731728475,418673.7255242051,2279889.594563647,149236.22113789475,527490.9145478328,47544.404055800915,41532.8303760948,109021.09714081963,166865.52810684068,50767.078565562675,108463.36227646928,119719.13479884618,302626.0267108313,242841.6596946592,85559.17842358131,543229.9261717045,3873.9637309996233,3312.266040794591,21059.031790569614,76157.49712223187,4865.814930371332,7405.035953545121,40062.71293552086,194167.72445092356,238780.31212170454,47868.193785676456,220697.62360088227,3389.7848776186324,2982.021579169885,19626.149182350408,51057.00781137081,3953.178775031445,6633.295911687927,33140.89657403445,116810.8755212786,2268211.037936839,134508.5046126628,666809.4069458618,528.5427911085953,2138.7200288420377,85078.43000097785,194050.00454864485,4438.921267170402,23675.54569916818,94641.32222575186,323167.9345349263,2129152.2977659674,115034.39588651787,368947.14774205454,526.8887395078063,2095.9653620254217,84114.57755186739,134547.26645991084,4357.55670094074,23439.625206507415,93304.56110811485,246656.03213612663,131810.6243010942,28330.804826401432,278674.13288938254,18.454764246862492,38.57087451387783,1962.2944170064106,11175.083067193942,40.46776652189805,399.68268073651666,8275.233986786117,79092.48690758688,47541.566400492426,18959.792522727003,126194.12362338346,18.244492802494438,38.11101864364016,1937.0317077073198,8613.707277447103,40.33025779475046,385.7820333390574,8075.726663671908,53105.829008216526,2280693.906031988,194055.93996945105,626495.9501338893,6178.45478015968,13835.523452294374,114546.94524890801,229641.311957288,20661.03345459978,63578.60466918076,132940.81516709976,375117.37689271447,2113867.122202114,142389.6126655018,392805.775217384,5595.654590454007,11989.287126390334,107526.99550456934,155020.8897663983,16987.58106600664,56939.94107974385,117246.70641880584,286292.4819907751,200573.66227762133,14738.19348988289,14886.3268848613,1186.4116459636984,917.4239080688445,11519.357402948504,3397.822095176638,1503.3138774100096,3555.8754172913464,12514.0846564541,12112.996690223086,154243.4168654898,14595.56656781356,14719.296423670285,1182.0879985552492,915.6251868772097,11448.36480021216,3378.0588129437697,1498.5799712953476,3549.7987647572227,12377.96540196353,12040.88407102748,2263268.2933431887,98221.14675734265,171227.82558032914,323.5138114874946,1184.7966806957672,80217.96109536006,24781.3268359595,2676.742522672961,17970.97894627803,88972.56235048053,161386.79918948142,2098360.043643451,97360.26423855299,170423.59591422972,323.07759280699923,1183.8937012470724,79734.91467492278,24694.323289577016,2676.30714823601,17967.27858261755,88543.83779258764,160961.54074756143
coord_7to14,2322409.225136979,237506.78446373352,1025594.2141864385,73430.80760635072,57840.596859724676,155149.34466103214,302011.4519206473,77370.40764763135,155377.3387382268,156112.96783690673,464147.0730573407,2365594.9522827985,180945.0325757999,630985.305157245,54330.897431305806,46344.06593835363,138988.19932111376,194550.76069948668,62800.57299833867,139039.6808571192,141575.92303317515,349876.17164626386,248223.60440035228,94596.57661467299,581246.7350169807,4625.095823719947,4345.768435642295,26359.77108652219,91714.58907784565,5729.441479314786,9477.08933793676,42795.66315692501,202198.19132545847,248830.15043921466,51993.725799217405,234745.68365108827,3923.47662255275,3830.97743165656,23913.714097025644,60805.34093508919,4520.954193412366,8366.652204403268,35412.83187508559,121804.16547716716,2295801.8170845634,155670.9970727091,735329.0853175842,703.9140159061712,2667.3935812297714,106161.84027435408,225791.20031927634,8390.294224685402,38567.772082376614,113405.6768884993,372162.17215906555,2154817.5912716575,140790.83101520632,427679.4045198846,701.6410553270425,2613.0207584269206,104482.87606319253,154140.53972146224,8300.560211405467,38337.24577775189,113206.69794608685,290869.1554966679,134566.3317084982,29485.201696508564,286295.28151097643,27.146456452064502,65.12073063830569,2514.685156797671,14441.845192200837,63.573635394353154,571.9364969092878,8648.142002999975,81725.19097937022,48743.198350006736,19856.67587512017,129709.88138332797,26.67337103940294,64.09218105301902,2505.0691703987077,10994.666736035548,63.165581575824405,549.4522308661542,8438.435211611142,54371.11679560894,2309234.8831116026,214440.30701682917,682468.9183571024,6757.690213290275,15114.601506297935,148660.62778981467,266634.4088295753,29118.86840273293,86571.60440648197,150250.43907188048,418472.6161122451,2139687.3675819016,170192.6135653251,451929.8016850719,6197.863496256772,13168.809121657441,136027.4733797715,180275.8747592517,24955.752467497634,79296.81266016672,139275.65972093178,333217.7249701882,205266.48657232383,15966.84747298019,17695.021570700148,1378.0317725094476,1318.4415845691756,12751.890259333304,4701.066025677562,1847.8228966564745,4723.11513580091,13444.966170863036,14864.475817699207,157877.7422734589,15799.412115793928,17503.15105924927,1372.7036834312155,1315.7291643808742,12662.71183611185,4671.68602353632,1841.7762903239131,4714.807782262482,13296.371779742663,14775.895978977367,2290500.6618429874,114525.67185681376,211641.61109931034,447.66493739480137,1534.8823512737042,98330.4720647949,29776.15562729157,5934.637742352155,31907.509688109305,104953.82218404162,200823.8028152006,2123254.697985071,113682.69997533066,210807.9358967605,446.9090871617512,1533.4530305006488,97712.26763989162,29666.183101459555,5933.643342680573,31901.485233395102,104549.92749903299,200400.86978788197
coord_6to14,2339103.7838138794,262660.94514761266,1108026.1559349403,79860.14579363044,63870.07506908995,172105.50678971797,321007.0370822894,86277.0776180498,190152.61306066206,174730.80384299555,509236.8959025361,2462894.513688207,214589.26646430208,746642.0122239178,57808.50729698558,50842.94200733344,154839.82621449194,206782.03477258017,70286.76196723076,170547.67339617087,162711.9162922057,396051.80584192,251670.02082217057,102649.41735173382,612998.2836178154,5301.920111516784,5260.280425151009,34556.01332087891,111930.26090271896,6659.552823366531,12318.323289371296,45689.262486994696,210358.77357916415,256125.89996642352,56534.41277025335,249094.26082006365,4345.041619656442,4555.172089424899,30290.577823185005,73249.621198954,5250.339048503997,10881.717172902478,38210.37156615761,127892.94515015643,2311402.302664004,177396.56796971548,801053.6654177166,861.5717970773532,3210.9661568361084,117397.82164828581,240844.4059953694,9280.056313620556,50938.74699270375,132248.49765879242,420078.5256917427,2169359.862989642,166596.95644602386,484729.95039983164,858.6887871554112,3145.4513477114847,116062.0252880501,163371.67807101156,9179.051020795187,50635.77495908344,131851.16109632657,333319.83394137013,136271.93603095706,31039.665615257687,294842.9032290855,38.190643491189,89.80411156906224,4670.94006865024,24898.880692236893,95.61481213082334,802.6626832739976,9170.423651949379,84811.32462561062,49544.44944300939,21203.873107680436,134300.15624793805,37.29134598413179,88.05866742529557,4548.470307984615,18656.174372752077,94.93877851980898,771.6916192756356,8962.694656159758,56128.16792865857,2325452.477988282,234271.84895993865,734776.3378056979,7636.96894744095,16729.79837101592,163884.2291376111,282329.19552135206,31980.767065327735,107502.41088193374,167509.39478058665,461098.7993826538,2154418.6207245407,197570.85269014345,509086.9650814396,7047.446226935541,14573.896567941778,151413.49538156393,191419.1525526176,27617.360902725224,99002.80039273747,160309.64081746477,378812.1007299841,208137.77162658915,16845.804875009588,21056.664393589163,1461.2276999900707,1541.0820107375314,14144.484021696735,5543.33424906751,2397.321083212636,6606.641779636457,14428.688102730872,18371.00518703057,160149.5939714234,16677.436458384476,20856.15733507331,1455.3534118531277,1537.774948954136,14034.56699119025,5507.366957486501,2390.1669698199107,6596.04960226556,14285.01264235996,18273.696313161283,2305815.294614084,127261.08485174464,247977.82839710717,566.3012452985428,1879.6198397096061,104995.55434404343,34604.904173409566,6630.985278857126,42516.80380008702,117550.83268701714,236552.55494184772,2137319.416382705,126455.71177221746,247139.83826213368,565.2873861392991,1877.7540965781768,104301.73327746532,34475.3133208862,6629.679458493745,42509.492996135414,117172.1633537471,236136.16045442625
coord_5to14,2348083.4240782047,281534.04843831673,1169051.4466231111,84271.2297704069,67186.89607518619,181785.73497221337,331806.3344244542,91749.83651368214,212788.88151576245,187530.93551995978,540658.3178691721,2582660.211399644,239461.2767997667,851368.4828234183,60322.48374794735,53294.0566952765,163718.46811615152,213542.62534750692,74813.70057906621,191006.50551128876,176445.83927805806,427557.19906614604,253812.72390760522,109331.86486652191,638036.4457164323,5822.525236202912,6076.742283044627,38307.87224033073,121437.53020502918,7119.268578362185,14765.945188442427,48140.93552565852,217103.52000821536,261174.41026601978,60573.632889027045,261325.84579919573,4690.5433219043925,5215.7243066784795,33526.90698076117,78872.41563587893,5577.933241477539,13018.30624125916,40700.39278320142,133292.1049714719,2319645.2947282535,192848.7895239177,846852.76401961,967.1586704032146,3530.8364493647814,123232.83467927664,249224.2925471127,9830.795538928802,58693.85191995194,144866.51933813648,453037.724195742,2177011.2998251365,184079.83682042555,523897.2961666292,963.8261353307207,3459.174190829314,121956.20473479579,168039.2152572367,9722.894719842106,58345.42000408725,143646.00967303404,361822.7457366712,137314.38432172465,32808.68566234071,303705.696518024,49.56640033384775,127.9982204589295,5913.9674165420865,32518.444567791972,135.16917251680846,1117.3849334593058,9827.200751773125,88295.25698740438,50065.2934423454,22834.21795687541,139475.56474333443,48.209692131536706,125.15475197274097,5627.368725261356,23529.56230580681,133.498418806702,1078.8648028491198,9631.905288119047,58301.277568062775,2334066.004511607,247960.8106167443,771242.4511129971,8123.874801303457,17552.309330381893,172352.97547018345,290991.28947922704,33720.65788286127,120940.84428976469,178968.36497942882,490421.2750808546,2162192.7082665805,215860.9240348521,548234.3058215554,7510.603139765223,15299.791913924539,159819.68007627837,197308.9420086731,29220.122924408395,111672.66529256858,173696.89929997633,409646.63030151185,209841.51021537697,17309.495371907393,23859.67364142891,1547.2219489264419,1782.0309285385372,14836.72039105498,6317.391364260285,2588.800149739104,8075.986905378981,15009.996180662367,21299.954307046006,161517.9851679134,17144.102198701858,23655.085231370558,1541.0835325511528,1778.2125562960493,14714.80843435153,6276.763551764487,2580.8647929151125,8062.74460443653,14871.920628631133,21196.63132387602,2313858.3822764168,134391.53536452408,271667.98597082857,641.6991901892974,2094.427910596255,108794.73628184549,36802.49647529493,7001.958381370863,48937.86053969944,124586.82647291603,259843.3180371344,2144660.368651091,133610.63320188684,270826.9867076274,640.53651224502,2092.3207597631067,108075.95104025664,36665.36223227476,7000.470803770336,48929.65177754782,124222.56701563037,259429.26771747306
coord_4to14,2353097.905022515,301789.97410203906,1228401.0681014734,87421.5167764669,69220.51723943328,190362.42863167502,340940.55662145704,97255.3991469089,233739.7109910578,201448.9427434268,572516.6206847946,2747628.6366102844,266959.12352782633,971404.7003814824,61828.16941157202,54620.25405312818,170742.05839856746,218903.18843788072,79643.93379933722,210348.53266732657,190948.44070687244,458982.93717818987,255145.30242059098,114804.27153328889,657647.7873191593,6194.192819818506,6502.8627304184465,41713.8836051727,129571.46994824326,7559.56108060442,16907.816798117008,50325.738371036416,222952.70441129166,264758.6194242153,64226.53480396762,271804.3894261977,4944.252821020474,5554.876764507064,36351.60068129202,83620.51550170535,5934.452579124934,14931.379913174822,43065.448697898915,138304.9516405308,2324160.307338466,210015.63009534223,893900.8849355602,1045.4144293414136,3720.931897272563,128161.66727178879,256141.0131082698,10545.265539510803,66279.07175401584,158642.06408759355,486314.5923127388,2181209.3238986107,202676.00368007898,562902.0135241573,1041.8976343536876,3645.627937474317,126834.67452339812,171739.20595070632,10436.014342913844,65909.18668232585,156094.51403471272,390204.8725055231,137946.7740595433,34401.01043745462,311287.4803305712,59.064143973614165,152.0914884356821,6561.139184126394,37599.06782973131,164.84848372447274,1396.4217087884158,10482.670760680623,91564.21928115844,50394.76864449165,24353.125618209975,144094.275412382,57.38070899036693,148.4758451622723,6173.579572624847,26284.92517549018,162.07647212893986,1352.8520199322322,10302.611065832984,60421.3501137501,2338809.7151983907,262960.83805597096,807603.9806023242,8371.241186694837,17941.589959328663,179531.5559737854,297894.12632722745,35965.73909729832,134202.69372167575,191540.32478444016,520138.30565257877,2166469.4087415626,235163.72293327056,586950.9654769333,7750.377173989582,15647.977500388883,166273.60246914896,201749.8532930294,31330.638444426222,124348.97858101461,187776.54580606686,440310.3793375047,210848.0220222397,17661.56569046111,26253.246349691617,1612.0844584513097,1875.313474835544,15272.429247695609,6612.296391605248,2801.4882292218704,9430.380133798455,15489.446112107102,23813.098547551497,162340.75866144538,17500.637251467404,26048.811155545216,1605.7739382082218,1871.3253562333182,15145.618271848129,6569.9643760296885,2793.035982382204,9415.182375575314,15355.839294276211,23705.34529316239,2318235.976234858,141751.2580753995,294324.3117833203,695.5943223262558,2205.070494474229,111828.50712383742,37866.28699393946,7556.792491325406,55467.4579807456,131854.82716901563,282176.1838183345,2148637.798397328,140993.72090162837,293487.0954170963,694.3576351194594,2202.8928340772554,111084.07358652512,37724.930518994806,7555.131750263146,55458.290820429356,131503.5943571309,281766.76461581205
coord_3to14,2355869.76133118,320473.23229951,1279891.9725535398,89391.73476343468,70599.44525403106,196471.49480992797,347262.36656817875,101501.9259492455,251697.96228996466,214224.05852235656,600947.2636310486,2956275.849729542,293294.03920707427,1092638.9482133074,62667.435949937775,55487.124863863166,175693.78752129147,222608.5497505925,83425.65423080431,226985.2087243257,203912.27702752428,486744.0236642886,255969.33845572118,119395.60522417014,673376.9283631386,6495.258191966986,6828.0428118812115,45198.88438555946,137302.04544246,7959.779705832359,19023.629012816767,52566.216197545116,228750.67789914616,267084.62731107324,67954.15874910973,281701.91608624643,5130.294148959772,5812.955773920111,39039.20709551055,88134.61702523063,6284.322886041235,16856.632366389968,45656.241979451355,143626.06397459868,2326600.0673403083,226175.57645357322,936172.8373558382,1099.4620935131577,3870.460059022356,131854.7872350716,261166.07299052397,10930.213884853678,72395.90542583996,171290.48800475494,515795.2170442885,2183477.9525862625,219521.88362589214,597187.0648726815,1095.6325776306837,3792.2310603338865,130522.7908183564,174412.31090685126,10819.282198290437,72001.61929226872,167176.98888960129,415185.26217830396,138323.8168848451,35958.06824029004,318411.4193526588,66.39833433727816,170.95660714790318,7480.773397726171,43270.750436496484,183.4577446830245,1629.6892677654744,11221.857275989694,95008.52163275101,50598.94657249728,25926.9020461798,148730.20854909357,64.46800559146303,166.81185649294667,6926.69692553026,29513.52573769412,180.2344391000663,1585.4003028242726,11064.922469613708,62765.68326332043,2341384.504479844,276955.1555113565,840051.4234617652,8538.39944853407,18207.563854851778,184505.59435228506,302551.27397348563,37504.98521999194,145418.3045365849,203093.28604157644,546661.5791836706,2168788.076873816,252605.64842236185,621019.3499150729,7909.47308433328,15882.669447306427,170789.9315337982,204722.0920695505,32773.74284125237,135034.70200347027,200317.990572316,467342.12269473576,211433.06382426363,18043.78187435019,28591.603639581845,1632.783451998413,1946.0621083067128,15750.13609998848,6884.650995868973,2992.462819375218,10743.247836451044,16008.645880665923,26264.455644591977,162827.9500003722,17888.444615582128,28388.84622114972,1626.3874024582537,1941.9021638329305,15615.85419213576,6840.811052654843,2983.598063587463,10726.302784418789,15878.918430742819,26153.25489458342,2320579.8103398425,148078.35028095712,313771.4254338658,728.7500070440573,2297.1079478587408,113511.88864526675,38877.569177684774,7845.827105048298,60626.33134479438,138083.54800107647,301356.1891070561,2150754.4670252795,147339.50250017678,312938.2052005468,727.4697229677496,2294.864975830578,112748.31881989972,38732.13660575475,7844.029020167469,60616.35076271075,137742.38236779487,300950.38509958057
coord_2to14,2357364.8411930073,334453.0461894205,1317190.193866003,90724.92687227146,71536.863649196,200404.45847316267,351258.19654133444,104245.57329221303,264504.1406473666,223578.54588451894,621638.356844215,3177715.3469669544,313584.1933929152,1193141.6920889218,63231.83899252896,56082.439641204975,178965.49150546442,225046.9270846039,85816.95285850958,238759.8229111386,213174.2206969838,506809.08157073363,256462.37190646303,123024.75334018456,685330.882829624,6732.598227625656,7055.02443284692,47727.78469164138,142728.13448341485,8252.982010957901,20831.22560174507,54575.93646085027,233833.22246040447,268465.1057203992,71256.38817703853,290045.2150812934,5274.821068569459,5990.541721125856,40961.98671436557,91269.51046805696,6538.413651841417,18498.055583251484,48038.71087010584,148428.60555431593,2327885.061077672,238233.75643632197,966927.957070899,1136.2506883201945,3974.7690880506034,134305.67306406124,264464.20258327015,11096.276279218877,76569.01802969497,180473.22528801177,537016.4229963918,2184674.7481428464,231704.8398758965,621784.6267751642,1132.2616181845442,3894.498353669929,132984.26772781255,176156.84521562967,10983.75976576593,76153.56611005744,175023.26347120808,433096.8183187609,138545.39122714417,37390.655521830864,324781.5694606576,73.67407137095009,185.79125691469085,8287.314800225835,47882.41345036705,195.72558654545224,1831.53775641614,11971.445342703957,98323.90679492279,50722.311373660064,27437.663872368834,153064.64418867577,71.53967247071209,181.19693031497312,7562.825580865824,32178.386398192044,192.28090477514505,1788.4897740561778,11840.537372305484,65093.790264821175,2342745.5927192494,287300.598603318,863653.1679109299,8641.10739568778,18368.613879260723,187679.38799460343,305492.1790860929,38299.10586637512,153151.3286948645,211472.0152147944,565875.0519947212,2170006.3934370554,265199.1309825668,645511.7523533944,8005.9393365763,16023.405522308063,173771.0125619624,206605.0576460005,33510.344356624795,142364.26588509596,209209.12386562044,486762.48385905597,211763.36042434012,18361.56711727983,30566.2652758838,1646.8892134105868,1983.386858123173,16104.354937793982,7059.40407539202,3115.3433242071524,11813.025910355766,16433.79138967616,28327.434900028038,163107.6451448442,18211.185464451508,30366.946990483884,1640.434784893467,1979.131745526118,15964.282432333624,7014.459293879783,3106.2274910021774,11794.681193222203,16306.967887117218,28213.49797321292,2321801.1547409045,152408.51156346384,327517.70777604263,749.9480447772529,2360.9691311920924,114490.83651650438,39594.94677729147,7942.162118465397,63995.24374659695,142324.55237391288,314905.163747886,2151849.4704335425,151681.5844913101,326686.3543613125,748.6520986633365,2358.699412004422,113715.71139654226,39446.772885713195,7940.311288233643,63984.814799166044,141989.79305616635,314501.32885398745
coord_1to14,2358180.893644753,343956.7392561933,1341952.0683818588,91633.70236564302,72166.40665819314,203028.62791706112,353889.3194341126,105904.34312841084,272844.40683433635,229803.71513656204,635358.297535245,3406807.6905291085,327865.6667973875,1272362.8566227828,63632.486996225176,56491.93588674462,181237.33836952323,226748.5582530383,87232.1213147289,246384.77735437176,219231.38832159963,520090.93364436494,256754.24992529294,125712.38492441068,693887.4615449605,6913.273636765071,7214.136220507493,49392.57152050581,146230.87982513238,8444.429166120453,22206.89265770588,56184.526346254475,237827.6443126804,269329.4979009606,73874.67057954543,296404.415943446,5384.634390294219,6114.9537944095355,42253.20415050648,93284.72797553304,6698.722607992832,19737.432737488845,49964.39749883369,152270.7164603722,2328571.5225159423,246354.8661215193,987316.6642018389,1164.5910358994508,4049.9217726163206,135990.77298160622,266711.3383091719,11187.9703916976,79295.49252402142,186526.0300447587,550948.3438674957,2185315.234227046,239740.06967025556,637937.5676520419,1160.4927516685716,3968.077725512462,134683.19949492277,177357.5250322397,11074.43571940477,78865.7615722146,180102.4541874213,444850.6222811597,138676.4704341889,38567.11839888667,329906.44637233356,78.82762089698386,195.49023802738208,8783.95609975829,50751.907403775534,204.72778879775476,1999.553465525284,12624.7692513562,101104.81044378314,50795.65480793413,28708.939601158494,156633.38994504698,76.56719708386366,190.58431243586668,7946.345770573413,33784.062466920994,201.055980099271,1957.8406702103562,12516.686215636872,67084.99400639358,2343473.4420939246,294228.58736206696,879292.9792815838,8715.157123144445,18478.47077529243,189828.49628605926,307453.25513979496,38704.41726771331,158092.604038275,216987.73614695095,578546.8570079913,2170653.2778195734,273500.654138799,661625.8245629683,8075.696062272245,16119.959212088568,175860.69137239084,207892.28823682189,33883.76135467192,147041.09529238605,214976.5228253072,499535.2318607911,211950.0074971065,18589.30593471456,32076.87011759601,1659.9733996558418,2006.6956330330825,16343.556111559841,7169.272027232969,3187.9630596423385,12605.141305000136,16734.292793792923,29896.74129736727,163267.5020197288,18442.401263419273,31880.08781030193,1653.4885388841817,2002.3932099582903,16199.392861187014,7123.596078261699,3178.6619407864905,12585.709023729405,16609.316776767577,29780.582290182152,2322446.5202878597,155152.56594330454,336471.0516868885,766.6650297549716,2407.3385779208897,115180.60006764135,40082.11044095164,7986.2024445906745,66160.61521726877,144998.98366995796,323722.7963828745,2152421.9271098482,154432.617154041,335640.02902994107,765.3601434525741,2405.0572073689546,114398.191216813,39932.184542483206,7984.3347746958225,66149.9311676,144668.0330651317,323319.79885129235
coord_0to14,2358598.9666201407,349600.1325798548,1356319.4742544016,92246.89766177663,72574.530260746,204682.75731067968,355524.91797203966,106835.20459527262,277684.3601311993,233469.13943187645,643389.2049966872,3592206.7354523106,336672.5869553024,1324510.8547442262,63920.30122338858,56769.18733445753,182722.23970409823,227868.3448247341,87997.49058068664,250771.8372663293,222748.1188801754,527862.7916718734,256914.07693529478,127422.69605729578,699176.4550381424,7037.5181412378915,7322.5920966933,50385.936361314976,148310.24723126378,8556.064610716956,23112.77127944197,57277.82272641161,240505.55028074814,269804.01863172214,75636.7901769952,300517.30525002966,5462.203107741141,6201.8063415335155,43056.768886269834,94494.880980478,6788.353684549821,20546.89080762173,51286.56691559696,154888.2613257681,2328916.3064313987,251147.3943110248,999207.0983860414,1182.881809422215,4097.935710325989,137079.09534648966,268138.9240507375,11242.636684814937,80889.63903646698,190050.32076822448,559002.00255162,2185635.569704133,244423.61283166308,647284.1779198953,1178.6958999596152,4014.956632024928,135784.61694628475,178131.88764317252,11128.308956765237,80450.91493366518,183020.02240852755,451667.93202775065,138748.73145957003,39378.81555929338,333392.1714959004,82.0823018606649,201.46123637512926,9045.64757005716,52349.89045049128,209.47762055744556,2112.4148113957076,13102.288769160166,103080.80176504848,50835.23392073254,29600.95328801066,159098.91435570954,79.75467770634128,196.390612420119,8151.469839149551,34625.333839980165,205.55208765564834,2071.442870131987,13010.781237008936,68524.04998406288,2343838.0659359368,298309.24544061464,888411.2587633593,8765.823106077643,18548.83574011217,191208.31769724787,308694.72756462597,38905.6653000896,160907.2189898469,220194.44728546366,585908.2248744873,2170974.74368231,278345.2301262838,670978.5260254584,8123.445690105336,16183.024232547446,177241.7313558009,208736.1617946273,34067.10650063552,149702.69765037548,218299.83061291042,506955.94524680864,212047.14750383602,18732.806650861814,33068.54832466989,1671.5374179200242,2026.8738496440521,16492.781840572316,7248.706170312878,3224.2149229334764,13105.905304933805,16919.437494790614,30921.678256826694,163351.1842532329,18588.042222014243,32873.51185412763,1665.0454546659455,2022.5398427990344,16345.960997506065,7202.566367726358,3214.778657791266,13085.727800799628,16795.455408009602,30803.942403376863,2322766.1891434947,156714.51804720363,341639.20301759505,778.1817381910138,2439.1540206282834,115662.64464765403,40395.46146429106,8015.701926401298,67434.76637063516,146514.55480068622,328807.03716452274,2152701.675562159,155998.15990520426,340807.75642751897,776.8677360954259,2436.86105749391,114875.99906289042,40244.473451865495,8013.822629344791,67423.91678473633,146185.5563583225,328404.11693546316
coef_ng_0.1,2358598.9666201407,349600.1325798548,1356319.4742544016,92246.89766177663,72574.530260746,204682.75731067968,355524.91797203966,106835.20459527262,277684.3601311993,233469.13943187645,643389.2049966872,2332870.3333614864,331930.92195758387,1104493.4011130668,83209.81755952958,67860.26067532023,197798.07897860167,311620.7158231195,100187.41157622093,268593.988920166,229292.25788177154,602128.0807817309,256914.07693529478,127422.69605729578,699176.4550381424,7037.5181412378915,7322.5920966933,50385.936361314976,148310.24723126378,8556.064610716956,23112.77127944197,57277.82272641161,240505.55028074814,236920.6017887916,105281.36642839437,516629.8532794025,6771.430307690947,7141.056573731438,49194.81183441681,132792.54077711314,8219.813932671475,22646.422999852475,56327.8977271851,214665.48096820363,2328916.3064313987,251147.3943110248,999207.0983860414,1182.881809422215,4097.935710325989,137079.09534648966,268138.9240507375,11242.636684814937,80889.63903646698,190050.32076822448,559002.00255162,2310096.523600938,249901.86657555035,855436.252543279,1182.4354657697693,4087.5076099740886,136909.52226131136,245777.66571491276,11228.965649767859,80837.47847150361,188468.67530632592,529728.5165008291,138748.73145957003,39378.81555929338,333392.1714959004,82.0823018606649,201.46123637512926,9045.64757005716,52349.89045049128,209.47762055744556,2112.4148113957076,13102.288769160166,103080.80176504848,101900.58367128587,36697.44781848392,269236.26946363825,81.83431379519375,200.92106400903174,8902.035033463093,48511.81606855654,209.05846007469142,2107.8761945799556,13089.478777266408,94774.03319535038,2343838.0659359368,298309.24544061464,888411.2587633593,8765.823106077643,18548.83574011217,191208.31769724787,308694.72756462597,38905.6653000896,160907.2189898469,220194.44728546366,585908.2248744873,2318129.3734740894,289681.17887311877,791979.2790165702,8652.154814156618,18154.054549092474,188389.74901165089,277182.49717377074,38115.90144804101,159151.05832602963,219898.90674346779,559987.485225639,212047.14750383602,18732.806650861814,33068.54832466989,1671.5374179200242,2026.8738496440521,16492.781840572316,7248.706170312878,3224.2149229334764,13105.905304933805,16919.437494790614,30921.678256826694,197686.42492623406,18717.497922655868,33046.02903760486,1670.8816479613795,2026.4364415195842,16477.658459105543,7243.948755179695,3223.2616883145865,13103.868618354454,16906.57623987038,30909.488881075707,2322766.1891434947,156714.51804720363,341639.20301759505,778.1817381910138,2439.1540206282834,115662.64464765403,40395.46146429106,8015.701926401298,67434.76637063516,146514.55480068622,328807.03716452274,2303831.1705520563,156640.3864607523,341553.2979732357,778.0500536753508,2438.9243152528525,115582.62169276734,40380.112318237254,8015.5136366869265,67433.67943616191,146480.95390788076,328765.9343960609
coef_ng_0.2,2358598.9666201407,349600.1325798548,1356319.4742544016,92246.89766177663,72574.530260746,204682.75731067968,355524.91797203966,106835.20459527262,277684.3601311993,233469.13943187645,643389.2049966872,2318978.6628130814,326002.7243459588,1028211.3179539874,77949.44652731028,65037.37527096614,194122.73823445622,288454.0392459252,96421.1334383879,263289.7878484939,227356.8370167517,581041.4860843569,256914.07693529478,127422.69605729578,699176.4550381424,7037.5181412378915,7322.5920966933,50385.936361314976,148310.24723126378,8556.064610716956,23112.77127944197,57277.82272641161,240505.55028074814,232050.4063024081,96473.53209196065,450732.0730938683,6544.354015735066,6984.092360887913,48192.946456538775,123395.12526992428,7946.158289365183,22259.984265062925,55502.52029745412,199450.96783503005,2328916.3064313987,251147.3943110248,999207.0983860414,1182.881809422215,4097.935710325989,137079.09534648966,268138.9240507375,11242.636684814937,80889.63903646698,190050.32076822448,559002.00255162,2293010.3722317507,249018.37124208716,793254.3124427514,1181.9962468718065,4077.676829884778,136753.24055119834,230225.29949502193,11215.926516103149,80787.65556607961,187302.6133757302,510414.8712820853,138748.73145957003,39378.81555929338,333392.1714959004,82.0823018606649,201.46123637512926,9045.64757005716,52349.89045049128,209.47762055744556,2112.4148113957076,13102.288769160166,103080.80176504848,86018.43258777409,35019.59034933332,237926.4141438258,81.58991111288965,200.38871079502104,8777.47922909001,45610.777360952285,208.64567572749152,2103.4472253526183,13078.022136395319,88890.36168720876,2343838.0659359368,298309.24544061464,888411.2587633593,8765.823106077643,18548.83574011217,191208.31769724787,308694.72756462597,38905.6653000896,160907.2189898469,220194.44728546366,585908.2248744873,2297217.8618775816,286192.29696174915,755408.3253572832,8556.826606511026,17817.73502849843,186284.78696864806,259255.31971352396,37442.83464740422,157633.1084474798,219658.7117459548,545818.9597949372,212047.14750383602,18732.806650861814,33068.54832466989,1671.5374179200242,2026.8738496440521,16492.781840572316,7248.706170312878,3224.2149229334764,13105.905304933805,16919.437494790614,30921.678256826694,189242.72904566827,18702.40792824626,33024.36600106082,1670.2273524287705,2025.9999317416227,16462.638619717745,7239.225015316829,3222.31060933541,13101.836178102814,16893.82358749376,30897.3969215192,2322766.1891434947,156714.51804720363,341639.20301759505,778.1817381910138,2439.1540206282834,115662.64464765403,40395.46146429106,8015.701926401298,67434.76637063516,146514.55480068622,328807.03716452274,2285372.4617136815,156566.82777395664,341468.02603995736,777.9184324816159,2438.6947009685528,115502.90624175304,40364.81982432199,8015.325427087897,67432.59294139725,146447.51207823568,328725.0154817177
coef_ng_0.3,2358598.9666201407,349600.1325798548,1356319.4742544016,92246.89766177663,72574.530260746,204682.75731067968,355524.91797203966,106835.20459527262,277684.3601311993,233469.13943187645,643389.2049966872,2309399.7975043333,322942.16385609173,986588.255688373,74346.54236112644,63046.510369339296,191615.2140712554,273369.62527569185,93913.61562375375,259682.7514200436,226177.82837255363,567524.0623228078,256914.07693529478,127422.69605729578,699176.4550381424,7037.5181412378915,7322.5920966933,50385.936361314976,148310.24723126378,8556.064610716956,23112.77127944197,57277.82272641161,240505.55028074814,231066.84801948737,91140.44388995174,411441.2462442291,6347.852079548643,6846.553694082819,47318.516594989764,116781.37755908079,7718.613161007893,21933.664659103033,54774.231463283235,188916.6415344212,2328916.3064313987,251147.3943110248,999207.0983860414,1182.881809422215,4097.935710325989,137079.09534648966,268138.9240507375,11242.636684814937,80889.63903646698,190050.32076822448,559002.00255162,2277056.64334183,248283.54302142316,755453.4101300294,1181.5637254589803,4068.3862735967214,136607.72343771954,218593.6904535041,11203.456615982386,80739.93946719884,186396.40214981604,496515.920920072,138748.73145957003,39378.81555929338,333392.1714959004,82.0823018606649,201.46123637512926,9045.64757005716,52349.89045049128,209.47762055744556,2112.4148113957076,13102.288769160166,103080.80176504848,76533.43478858088,33818.414155065286,218028.6448683169,81.34901415420647,199.86399401688703,8668.077916822436,43318.04850524499,208.23907909526315,2099.12309068015,13067.594743665639,84432.40867931937,2343838.0659359368,298309.24544061464,888411.2587633593,8765.823106077643,18548.83574011217,191208.31769724787,308694.72756462597,38905.6653000896,160907.2189898469,220194.44728546366,585908.2248744873,2278195.3386372845,284168.6199137925,733863.7508696344,8475.57790184943,17526.185264511816,184586.99201066975,247149.10578351273,36856.67758537256,156294.632102887,219447.47149567588,536408.4345406507,212047.14750383602,18732.806650861814,33068.54832466989,1671.5374179200242,2026.8738496440521,16492.781840572316,7248.706170312878,3224.2149229334764,13105.905304933805,16919.437494790614,30921.678256826694,183386.1653228217,18687.52092759176,33003.47152277955,1669.5745261961242,2025.5643174158947,16447.72012382379,7234.5342277232485,3221.361678239916,13099.80796969953,16881.177252185204,30885.400367446808,2322766.1891434947,156714.51804720363,341639.20301759505,778.1817381910138,2439.1540206282834,115662.64464765403,40395.46146429106,8015.701926401298,67434.76637063516,146514.55480068622,328807.03716452274,2267370.355597508,156493.83493108267,341383.37962315953,777.7868743822002,2438.4651774257627,115423.4961441527,40349.58359357452,8015.137297513823,67431.50688590686,146414.22806053754,328684.27901261166
coef_ng_0.4,2358598.9666201407,349600.1325798548,1356319.4742544016,92246.89766177663,72574.530260746,204682.75731067968,355524.91797203966,106835.20459527262,277684.3601311993,233469.13943187645,643389.2049966872,2303738.575293595,321154.6468835891,960698.5402315466,71679.64924071425,61530.54363092382,189690.51841294882,262394.7567143143,92126.53406479649,257067.49479948543,225349.69588430543,557787.9713704259,256914.07693529478,127422.69605729578,699176.4550381424,7037.5181412378915,7322.5920966933,50385.936361314976,148310.24723126378,8556.064610716956,23112.77127944197,57277.82272641161,240505.55028074814,232226.55100317232,87351.11904026756,383821.5292578947,6175.787769270084,6724.677758797283,46538.75765908989,111721.5976290477,7526.054745956061,21653.793882561287,54124.34680550511,180966.55223031633,2328916.3064313987,251147.3943110248,999207.0983860414,1182.881809422215,4097.935710325989,137079.09534648966,268138.9240507375,11242.636684814937,80889.63903646698,190050.32076822448,559002.00255162,2262019.5766524784,247628.95929756577,728781.921114127,1181.137520054887,4059.5860700452254,136471.19125663216,209453.47913100722,11191.501685253661,80694.13017147426,185664.36250087107,485914.80797927245,138748.73145957003,39378.81555929338,333392.1714959004,82.0823018606649,201.46123637512926,9045.64757005716,52349.89045049128,209.47762055744556,2112.4148113957076,13102.288769160166,103080.80176504848,69965.72721875338,32887.16441191899,203697.55831373174,81.11154562344835,199.34673678022077,8570.938594155721,41445.66376375295,207.83849081346477,2094.899278648394,13057.975569459248,80894.16584209257,2343838.0659359368,298309.24544061464,888411.2587633593,8765.823106077643,18548.83574011217,191208.31769724787,308694.72756462597,38905.6653000896,160907.2189898469,220194.44728546366,585908.2248744873,2260450.821327688,282772.5466134598,718720.7960764371,8405.379147555717,17269.842141429785,183152.43373949788,238148.5117900456,36337.58956373394,155096.11320442002,219254.76847585125,529466.2569626005,212047.14750383602,18732.806650861814,33068.54832466989,1671.5374179200242,2026.8738496440521,16492.781840572316,7248.706170312878,3224.2149229334764,13105.905304933805,16919.437494790614,30921.678256826694,178922.71306165954,18672.8233065157,32983.27032527012,1668.9231641005056,2025.1295954722716,16432.900861183392,7229.875698429281,3220.4148873332947,13097.78397878686,16868.63503787624,30873.49728666178,2322766.1891434947,156714.51804720363,341639.20301759505,778.1817381910138,2439.1540206282834,115662.64464765403,40395.46146429106,8015.701926401298,67434.76637063516,146514.55480068622,328807.03716452274,2249806.266998483,156421.4009934975,341299.35125155165,777.6553797633835,2438.235745248363,115344.3892707375,40334.40324087704,8014.949248147857,67430.42127040424,146381.10061738576,328643.7235951355
coef_ng_0.5,2358598.9666201407,349600.1325798548,1356319.4742544016,92246.89766177663,72574.530260746,204682.75731067968,355524.91797203966,106835.20459527262,277684.3601311993,233469.13943187645,643389.2049966872,2302826.9618054884,320164.56342252676,945210.9507056585,69616.7628389294,60325.77973133382,188112.82782545217,253852.88319357255,90812.20829890705,255114.92334511864,224715.3243508211,550271.3926212231,256914.07693529478,127422.69605729578,699176.4550381424,7037.5181412378915,7322.5920966933,50385.936361314976,148310.24723126378,8556.064610716956,23112.77127944197,57277.82272641161,240505.55028074814,234946.48994182207,84430.61704430022,362744.02438879985,6023.58804385716,6615.644265063854,45833.55798287324,107643.21353700949,7360.700497950636,21410.612838710585,53539.17921239138,174640.24485411224,2328916.3064313987,251147.3943110248,999207.0983860414,1182.881809422215,4097.935710325989,137079.09534648966,268138.9240507375,11242.636684814937,80889.63903646698,190050.32076822448,559002.00255162,2247768.660440752,247025.4783298298,708362.1962520721,1180.7172883212577,4051.2324589091186,136342.335050247,202009.55384445982,11180.014488948216,80650.05349652414,185055.33984149227,477486.2484640502,138748.73145957003,39378.81555929338,333392.1714959004,82.0823018606649,201.46123637512926,9045.64757005716,52349.89045049128,209.47762055744556,2112.4148113957076,13102.288769160166,103080.80176504848,65026.222992125055,32127.22643648998,192606.71547851566,80.87743048056083,198.83676775071223,8483.871085985806,39877.629184342346,207.44373992133447,2090.7715543485965,13049.008120134778,77989.2484063514,2343838.0659359368,298309.24544061464,888411.2587633593,8765.823106077643,18548.83574011217,191208.31769724787,308694.72756462597,38905.6653000896,160907.2189898469,220194.44728546366,585908.2248744873,2243717.1012767497,281707.15883910307,707052.0703950315,8344.01652260592,17041.800571589323,181903.0010765399,231038.21216078073,35871.7593845652,154009.7997426265,219075.36285398708,524004.52870405343,212047.14750383602,18732.806650861814,33068.54832466989,1671.5374179200242,2026.8738496440521,16492.781840572316,7248.706170312878,3224.2149229334764,13105.905304933805,16919.437494790614,30921.678256826694,175313.36192281396,18658.303215334414,32963.69741155204,1668.2732610526853,2024.695763097075,16418.178805121068,7225.24876093837,3219.4702288887797,13095.764190921154,16856.19483300373,30861.68582118184,2322766.1891434947,156714.51804720363,341639.20301759505,778.1817381910138,2439.1540206282834,115662.64464765403,40395.46146429106,8015.701926401298,67434.76637063516,146514.55480068622,328807.03716452274,2232662.651552316,156349.5191362132,341215.93357356306,777.5239481360815,2438.0064036933522,115265.58351254635,40319.27838477668,8014.76127868772,67429.33609356538,146348.12852401828,328603.3478496778
coef_ng_0.6,2358598.9666201407,349600.1325798548,1356319.4742544016,92246.89766177663,72574.530260746,204682.75731067968,355524.91797203966,106835.20459527262,277684.3601311993,233469.13943187645,643389.2049966872,2308878.9193019974,319853.85782632563,939015.6893826087,67976.57896399123,59342.71813358008,186766.56076505507,246902.88250001785,89834.73339465867,253642.0976328527,224200.6278020927,544200.7929785158,256914.07693529478,127422.69605729578,699176.4550381424,7037.5181412378915,7322.5920966933,50385.936361314976,148310.24723126378,8556.064610716956,23112.77127944197,57277.82272641161,240505.55028074814,239015.06381412016,82067.63743790306,345839.491357907,5887.773191177033,6517.294212921424,45189.31446473779,104237.56388195054,7216.939148856805,21196.95995885674,53008.292203031175,169422.50463025193,2328916.3064313987,251147.3943110248,999207.0983860414,1182.881809422215,4097.935710325989,137079.09534648966,268138.9240507375,11242.636684814937,80889.63903646698,190050.32076822448,559002.00255162,2234210.2789489473,246458.32618522766,691915.1395542034,1180.302721908251,4043.2868770817117,136220.15701805917,195781.29534163582,11168.953708982524,80607.55700847282,184536.82785029447,470573.8714802589,138748.73145957003,39378.81555929338,333392.1714959004,82.0823018606649,201.46123637512926,9045.64757005716,52349.89045049128,209.47762055744556,2112.4148113957076,13102.288769160166,103080.80176504848,61112.65531159214,31485.05369801448,183619.07100869066,80.64659586463574,198.33392094863743,8405.18604008236,38538.12163657046,207.0546633606389,2086.7359385320506,13040.578047931942,75542.30503069675,2343838.0659359368,298309.24544061464,888411.2587633593,8765.823106077643,18548.83574011217,191208.31769724787,308694.72756462597,38905.6653000896,160907.2189898469,220194.44728546366,585908.2248744873,2227835.2614586493,280839.9123973681,697551.6032888726,8289.834223944343,16836.933940175375,180791.7388610944,225184.7523425924,35449.21875516112,153015.5001647013,218906.18762317678,519519.2975074158,212047.14750383602,18732.806650861814,33068.54832466989,1671.5374179200242,2026.8738496440521,16492.781840572316,7248.706170312878,3224.2149229334764,13105.905304933805,16919.437494790614,30921.678256826694,172276.26534563073,18643.95027900155,32944.69635672614,1667.6248119755041,2024.2628173454382,16403.552008011477,7220.652774735343,3218.5276952901268,13093.748591883385,16843.85460590462,30849.964183191987,2322766.1891434947,156714.51804720363,341639.20301759505,778.1817381910138,2439.1540206282834,115662.64464765403,40395.46146429106,8015.701926401298,67434.76637063516,146514.55480068622,328807.03716452274,2215922.9318227293,156278.1826467309,341133.119356172,777.3925796937145,2437.777153062812,115187.07678128508,40304.2086472931,8014.57338917168,67428.25135549482,146315.310569269,328563.1504116614
coef_ng_0.7,2358598.9666201407,349600.1325798548,1356319.4742544016,92246.89766177663,72574.530260746,204682.75731067968,355524.91797203966,106835.20459527262,277684.3601311993,233469.13943187645,643389.2049966872,2327172.879786358,320323.9845860587,944064.9138792027,66648.76401130893,58526.609154382706,185587.30661776193,241071.39728722261,89111.09587125185,252535.8745999026,223765.8945190802,539144.066612431,256914.07693529478,127422.69605729578,699176.4550381424,7037.5181412378915,7322.5920966933,50385.936361314976,148310.24723126378,8556.064610716956,23112.77127944197,57277.82272641161,240505.55028074814,244398.65120911284,80092.93036132099,331818.3574394606,5765.646841515914,6427.944289341631,44596.196612678286,101320.5728543985,7090.620559873992,21007.455361278404,52523.51691694462,165006.3352188609,2328916.3064313987,251147.3943110248,999207.0983860414,1182.881809422215,4097.935710325989,137079.09534648966,268138.9240507375,11242.636684814937,80889.63903646698,190050.32076822448,559002.00255162,2221271.8813586715,245919.0520429566,678205.0922797623,1179.8935419435468,4035.7152043122514,136103.87360083332,190459.46001551818,11158.283036583287,80566.50669664165,184087.12857830012,464767.3976285857,138748.73145957003,39378.81555929338,333392.1714959004,82.0823018606649,201.46123637512926,9045.64757005716,52349.89045049128,209.47762055744556,2112.4148113957076,13102.288769160166,103080.80176504848,57899.44991647526,30928.72288250408,176100.5978333073,80.41897103180891,197.8380355485562,8333.55906977426,37375.28669211111,206.67110543844606,2082.7886878628206,13032.599522696744,73439.37193647273,2343838.0659359368,298309.24544061464,888411.2587633593,8765.823106077643,18548.83574011217,191208.31769724787,308694.72756462597,38905.6653000896,160907.2189898469,220194.44728546366,585908.2248744873,2212695.1558567034,280102.3668727303,689531.7438570748,8241.56871185034,16651.34493434173,179788.19171091873,220221.47174763095,35062.552593752895,152098.08321406523,218745.25602130985,515722.5709862654,212047.14750383602,18732.806650861814,33068.54832466989,1671.5374179200242,2026.8738496440521,16492.781840572316,7248.706170312878,3224.2149229334764,13105.905304933805,16919.437494790614,30921.678256826694,169648.0172122959,18629.755362874726,32926.217929530176,1666.9778118209,2023.8307553208535,16389.01859714742,7216.087123931882,3217.587278935079,13091.737167470452,16831.612400589995,30838.330651336768,2322766.1891434947,156714.51804720363,341639.20301759505,778.1817381910138,2439.1540206282834,115662.64464765403,40395.46146429106,8015.701926401298,67434.76637063516,146514.55480068622,328807.03716452274,2199571.429736555,156207.3849220703,341050.9014818366,777.2612743639581,2437.54799326533,115108.86700899656,40289.193654241244,8014.385579591441,67427.16705610238,146282.64555474697,328523.1299306577
coef_ng_0.8,2358598.9666201407,349600.1325798548,1356319.4742544016,92246.89766177663,72574.530260746,204682.75731067968,355524.91797203966,106835.20459527262,277684.3601311993,233469.13943187645,643389.2049966872,2372485.1594572137,321978.0448210495,967834.5084544633,65561.04462799255,57841.30384059215,184535.7987260906,236069.5351049873,88586.87422023212,251721.19088669404,223387.8197720086,534838.7883426355,256914.07693529478,127422.69605729578,699176.4550381424,7037.5181412378915,7322.5920966933,50385.936361314976,148310.24723126378,8556.064610716956,23112.77127944197,57277.82272641161,240505.55028074814,251180.79511041415,78404.01722475834,319901.6082099626,5655.0859626482825,6346.2608517649205,44046.761532411474,98774.0646167438,6978.607462982852,20837.97535292435,52078.33476933971,161194.61513033792,2328916.3064313987,251147.3943110248,999207.0983860414,1182.881809422215,4097.935710325989,137079.09534648966,268138.9240507375,11242.636684814937,80889.63903646698,190050.32076822448,559002.00255162,2208894.7170389337,245402.36821437688,666490.5034260162,1179.4894953784615,4028.4871370171873,135992.85400359775,185835.11532252407,11147.970427655066,80526.78424338833,183691.16961209744,459796.2218555638,138748.73145957003,39378.81555929338,333392.1714959004,82.0823018606649,201.46123637512926,9045.64757005716,52349.89045049128,209.47762055744556,2112.4148113957076,13102.288769160166,103080.80176504848,55192.08747424929,30437.803911691386,169663.6685905958,80.19448726167492,197.3489556629527,8267.936874679244,36352.34491619872,206.29291738230967,2078.926277230819,13025.00660467166,71602.8248518097,2343838.0659359368,298309.24544061464,888411.2587633593,8765.823106077643,18548.83574011217,191208.31769724787,308694.72756462597,38905.6653000896,160907.2189898469,220194.44728546366,585908.2248744873,2198213.7063416275,279455.40948053804,682587.7226177754,8198.238771993476,16482.00990939366,178871.41967029954,215919.17509567883,34706.10263001513,151245.92278429787,218591.18653995378,512435.68439745327,212047.14750383602,18732.806650861814,33068.54832466989,1671.5374179200242,2026.8738496440521,16492.781840572316,7248.706170312878,3224.2149229334764,13105.905304933805,16919.437494790614,30921.678256826694,167326.30806058686,18615.710381889436,32908.21897170404,1666.3322555491209,2023.3995741362612,16374.576770764654,7211.551215959544,3216.648972247675,13089.729903524747,16819.46633270509,30826.78356716971,2322766.1891434947,156714.51804720363,341639.20301759505,778.1817381910138,2439.1540206282834,115662.64464765403,40395.46146429106,8015.701926401298,67434.76637063516,146514.55480068622,328807.03716452274,2183593.3047270044,156137.11946653484,340969.27294616564,777.1300319398439,2437.3189239819703,115030.95214745906,40274.23303482874,8014.197849720328,67426.08319438074,146250.1322946589,328483.28507018316
coef_ng_0.9,2358598.9666201407,349600.1325798548,1356319.4742544016,92246.89766177663,72574.530260746,204682.75731067968,355524.91797203966,106835.20459527262,277684.3601311993,233469.13943187645,643389.2049966872,2505394.17328796,325985.9797763703,1036919.2881314402,64663.51007533485,57261.596908325504,183586.53252275943,231710.4299151976,88224.58836763924,251145.75591433118,223051.77897873416,531116.0011786661,256914.07693529478,127422.69605729578,699176.4550381424,7037.5181412378915,7322.5920966933,50385.936361314976,148310.24723126378,8556.064610716956,23112.77127944197,57277.82272641161,240505.55028074814,259548.439212522,76934.01095820975,309583.39783567586,5554.395112534889,6271.1722279179885,43535.17996753833,96517.80423529573,6878.482899292058,20685.30321877502,51667.46342194835,157853.53093820674,2328916.3064313987,251147.3943110248,999207.0983860414,1182.881809422215,4097.935710325989,137079.09534648966,268138.9240507375,11242.636684814937,80889.63903646698,190050.32076822448,559002.00255162,2197029.8266421235,244904.72728360837,656292.4718083043,1179.0903515631785,4021.5756647966523,135886.57971193249,181761.444190855,11137.987486928712,80488.28476471145,183338.12995632572,455474.02605756884,138748.73145957003,39378.81555929338,333392.1714959004,82.0823018606649,201.46123637512926,9045.64757005716,52349.89045049128,209.47762055744556,2112.4148113957076,13102.288769160166,103080.80176504848,52865.60995886025,29998.474057510535,164054.6835214574,79.97307777571167,196.8665301410932,8207.470945865261,35442.412172497236,205.9199568658154,2075.14538333288,13017.747596590607,69977.74712763296,2343838.0659359368,298309.24544061464,888411.2587633593,8765.823106077643,18548.83574011217,191208.31769724787,308694.72756462597,38905.6653000896,160907.2189898469,220194.44728546366,585908.2248744873,2184324.9553380907,278874.94253111095,676461.5092333714,8159.070623169982,16326.541255447186,178026.35058687365,212125.912937394,34375.45612646789,150449.89306686787,218442.9678729885,509540.707380498,212047.14750383602,18732.806650861814,33068.54832466989,1671.5374179200242,2026.8738496440521,16492.781840572316,7248.706170312878,3224.2149229334764,13105.905304933805,16919.437494790614,30921.678256826694,165243.15284323093,18601.808144187256,32890.66148074478,1665.6881381610808,2022.9692709166895,16360.22479441939,7207.044480377448,3215.712767700063,13087.726785975672,16807.41458584023,30815.321331915584,2322766.1891434947,156714.51804720363,341639.20301759505,778.1817381910138,2439.1540206282834,115662.64464765403,40395.46146429106,8015.701926401298,67434.76637063516,146514.55480068622,328807.03716452274,2167974.4970199885,156067.37988998025,340888.22685617255,776.9988525718079,2437.089945476993,114953.33016832457,40259.32642197388,8014.010199647913,67424.99977065217,146217.76961608464,328443.6145080191
DZ_S_var_all_0.1,2358598.9666201407,349600.1325798548,1356319.4742544016,92246.89766177663,72574.530260746,261847.31558442512,439740.0810078672,106835.20459527262,277684.3601311993,273105.3597929562,722743.123496172,3592206.7354523106,336672.5869553024,1324510.8547442262,63920.30122338858,56769.18733445753,212851.19581510458,283214.7831785958,87997.49058068664,250771.8372663293,252418.87762417464,579234.4041896035,256914.07693529478,127422.69605729578,699176.4550381424,7037.5181412378915,7322.5920966933,76512.47956128861,191271.25708190308,8556.064610716956,23112.77127944197,92288.30110444345,326251.673311038,269804.01863172214,75636.7901769952,300517.30525002966,5462.203107741141,6201.8063415335155,52032.014366167954,111121.9094158251,6788.353684549821,20546.89080762173,63390.41558869843,180676.35629534148,2328916.3064313987,251147.3943110248,999207.0983860414,1182.881809422215,4097.935710325989,151830.94790065617,289274.65276740247,11242.636684814937,80889.63903646698,196830.95757138473,575578.3460165631,2185635.569704133,244423.61283166308,647284.1779198953,1178.6958999596152,4014.956632024928,148683.13644623882,189509.20664698305,11128.308956765237,80450.91493366518,192720.5008768132,463688.1691716337,138748.73145957003,39378.81555929338,333392.1714959004,82.0823018606649,201.46123637512926,9276.747891704814,53734.97448236856,209.47762055744556,2112.4148113957076,13306.337027024858,105880.95199308681,50835.23392073254,29600.95328801066,159098.91435570954,79.75467770634128,196.390612420119,8320.998863531195,35111.47364673492,205.55208765564834,2071.442870131987,13182.911875412583,69540.21255626553,2343838.0659359368,298309.24544061464,888411.2587633593,8765.823106077643,18548.83574011217,247679.31691013568,362602.9823169844,38905.6653000896,160907.2189898469,260455.2386078399,647921.405714754,2170974.74368231,278345.2301262838,670978.5260254584,8123.445690105336,16183.024232547446,204113.55630263215,230264.0965156286,34067.10650063552,149702.69765037548,243312.62924620483,539335.4704660473,212047.14750383602,18732.806650861814,33068.54832466989,1671.5374179200242,2026.8738496440521,17069.703687988025,7483.756021786888,3224.2149229334764,13105.905304933805,17428.48678814126,31426.97425389917,163351.1842532329,18588.042222014243,32873.51185412763,1665.0454546659455,2022.5398427990344,16883.03081700519,7426.193065321922,3214.778657791266,13085.727800799628,17267.856073604613,31276.470730853576,2322766.1891434947,156714.51804720363,341639.20301759505,778.1817381910138,2439.1540206282834,131071.16699072183,43453.51218393314,8015.701926401298,67434.76637063516,156578.967345228,341474.01252940635,2152701.675562159,155998.15990520426,340807.75642751897,776.8677360954259,2436.86105749391,129576.86366643284,43176.116965488225,8013.822629344791,67423.91678473633,155869.70933089915,340650.313707495
DZ_S_var_all_0.2,2358598.9666201407,349600.1325798548,1356319.4742544016,92246.89766177663,72574.530260746,257834.11349217562,434551.5833793513,106835.20459527262,277684.3601311993,269947.7298960349,716870.713957122,3592206.7354523106,336672.5869553024,1324510.8547442262,63920.30122338858,56769.18733445753,211860.623444746,277108.05472210294,87997.49058068664,250771.8372663293,250935.2741044377,574788.4265052532,256914.07693529478,127422.69605729578,699176.4550381424,7037.5181412378915,7322.5920966933,75038.94836643935,189108.60224156585,8556.064610716956,23112.77127944197,89903.99844783996,320980.2198423254,269804.01863172214,75636.7901769952,300517.30525002966,5462.203107741141,6201.8063415335155,51754.059854985455,110466.26544800037,6788.353684549821,20546.89080762173,62985.61119890951,179688.2888952921,2328916.3064313987,251147.3943110248,999207.0983860414,1182.881809422215,4097.935710325989,151368.5913941083,288661.8585514783,11242.636684814937,80889.63903646698,196610.1028278499,575055.263216575,2185635.569704133,244423.61283166308,647284.1779198953,1178.6958999596152,4014.956632024928,148295.27829759326,189178.1363808087,11128.308956765237,80450.91493366518,192426.8993272505,463329.5226370596,138748.73145957003,39378.81555929338,333392.1714959004,82.0823018606649,201.46123637512926,9271.317681843102,53702.627065220426,209.47762055744556,2112.4148113957076,13301.545872882498,105815.5218073363,50835.23392073254,29600.95328801066,159098.91435570954,79.75467770634128,196.390612420119,8316.924374016538,35099.94990217172,205.55208765564834,2071.442870131987,13178.963169499431,69515.3255868503,2343838.0659359368,298309.24544061464,888411.2587633593,8765.823106077643,18548.83574011217,245059.18990101863,360193.28847616835,38905.6653000896,160907.2189898469,258480.9530853718,644845.682937333,2170974.74368231,278345.2301262838,670978.5260254584,8123.445690105336,16183.024232547446,203160.4401198523,229510.741465135,34067.10650063552,149702.69765037548,242455.36302499802,538258.9025744037,212047.14750383602,18732.806650861814,33068.54832466989,1671.5374179200242,2026.8738496440521,17052.122841713033,7474.229033968237,3224.2149229334764,13105.905304933805,17413.758797926163,31412.090424136317,163351.1842532329,18588.042222014243,32873.51185412763,1665.0454546659455,2022.5398427990344,16867.223161218953,7417.202533961598,3214.778657791266,13085.727800799628,17254.716109829664,31263.04690108115,2322766.1891434947,156714.51804720363,341639.20301759505,778.1817381910138,2439.1540206282834,130608.71232503292,43364.37725780879,8015.701926401298,67434.76637063516,156289.32980384553,341120.5865877595,2152701.675562159,155998.15990520426,340807.75642751897,776.8677360954259,2436.86105749391,129140.65150804956,43091.591550671415,8013.822629344791,67423.91678473633,155595.04607022752,340313.2387325491
DZ_S_var_all_0.3,2358598.9666201407,349600.1325798548,1356319.4742544016,92246.89766177663,72574.530260746,248048.35328943926,421379.81491158373,106835.20459527262,277684.3601311993,262468.36733117024,702615.1240841921,3592206.7354523106,336672.5869553024,1324510.8547442262,63920.30122338858,56769.18733445753,208888.32009917207,265168.4766711281,87997.49058068664,250771.8372663293,247195.0378648242,565628.2504540466,256914.07693529478,127422.69605729578,699176.4550381424,7037.5181412378915,7322.5920966933,71135.87558502365,183242.5970213363,8556.064610716956,23112.77127944197,83897.20303097741,307387.2140746166,269804.01863172214,75636.7901769952,300517.30525002966,5462.203107741141,6201.8063415335155,50911.292500008094,108573.0843028589,6788.353684549821,20546.89080762173,61771.90091228822,176811.38971148073,2328916.3064313987,251147.3943110248,999207.0983860414,1182.881809422215,4097.935710325989,149968.4484602117,286788.3990795559,11242.636684814937,80889.63903646698,195944.7552370163,573472.9138679439,2185635.569704133,244423.61283166308,647284.1779198953,1178.6958999596152,4014.956632024928,147114.6625634215,188166.09483790924,11128.308956765237,80450.91493366518,191534.43569463183,462237.40256145236,138748.73145957003,39378.81555929338,333392.1714959004,82.0823018606649,201.46123637512926,9254.282500801883,53601.0490528023,209.47762055744556,2112.4148113957076,13286.506905737022,105610.0045348667,50835.23392073254,29600.95328801066,159098.91435570954,79.75467770634128,196.390612420119,8304.179296994706,35063.84708188158,205.55208765564834,2071.442870131987,13166.538559858767,69437.6524665382,2343838.0659359368,298309.24544061464,888411.2587633593,8765.823106077643,18548.83574011217,237684.82091217532,353371.8596825558,38905.6653000896,160907.2189898469,252998.89703775855,636318.9758710628,2170974.74368231,278345.2301262838,670978.5260254584,8123.445690105336,16183.024232547446,200368.70677813765,227291.71314858278,34067.10650063552,149702.69765037548,239925.91396339994,535066.1417026165,212047.14750383602,18732.806650861814,33068.54832466989,1671.5374179200242,2026.8738496440521,16999.35745046675,7447.163656304945,3224.2149229334764,13105.905304933805,17369.2028887353,31367.19046451899,163351.1842532329,18588.042222014243,32873.51185412763,1665.0454546659455,2022.5398427990344,16819.489418633944,7391.621742692588,3214.778657791266,13085.727800799628,17214.666745371884,31222.273770804797,2322766.1891434947,156714.51804720363,341639.20301759505,778.1817381910138,2439.1540206282834,129198.03985808243,43091.57287449691,8015.701926401298,67434.76637063516,155403.00850936602,340035.17168273986,2152701.675562159,155998.15990520426,340807.75642751897,776.8677360954259,2436.86105749391,127808.06147720217,42832.53312613727,8013.822629344791,67423.91678473633,154752.90149072235,339276.1497653496
DZ_S_var_all_0.6,2358598.9666201407,349600.1325798548,1356319.4742544016,92246.89766177663,72574.530260746,229950.35806912766,395124.85178897117,106835.20459527262,277684.3601311993,249506.81281738263,676773.9028864981,3592206.7354523106,336672.5869553024,1324510.8547442262,63920.30122338858,56769.18733445753,200762.54803526687,248416.70421316463,87997.49058068664,250771.8372663293,238841.66219054957,550670.3650122917,256914.07693529478,127422.69605729578,699176.4550381424,7037.5181412378915,7322.5920966933,62916.7761016046,170203.6369537622,8556.064610716956,23112.77127944197,72449.16124232716,280099.1029365689,269804.01863172214,75636.7901769952,300517.30525002966,5462.203107741141,6201.8063415335155,48549.56148931124,103826.88936885213,6788.353684549821,20546.89080762173,58471.451776459035,169480.72414323862,2328916.3064313987,251147.3943110248,999207.0983860414,1182.881809422215,4097.935710325989,146064.4599009141,281416.755070705,11242.636684814937,80889.63903646698,194116.31760436553,569072.5123574892,2185635.569704133,244423.61283166308,647284.1779198953,1178.6958999596152,4014.956632024928,143772.87474471593,185266.6316164299,11128.308956765237,80450.91493366518,189016.49934782131,459140.28668962023,138748.73145957003,39378.81555929338,333392.1714959004,82.0823018606649,201.46123637512926,9201.677842357789,53286.56792345487,209.47762055744556,2112.4148113957076,13240.016058380283,104973.49523701343,50835.23392073254,29600.95328801066,159098.91435570954,79.75467770634128,196.390612420119,8265.143679579622,34952.75987996673,205.55208765564834,2071.442870131987,13127.844860510562,69201.28751724114,2343838.0659359368,298309.24544061464,888411.2587633593,8765.823106077643,18548.83574011217,220478.28728458946,337201.3618851152,38905.6653000896,160907.2189898469,240570.1613572437,617078.9784827164,2170974.74368231,278345.2301262838,670978.5260254584,8123.445690105336,16183.024232547446,193081.3962469274,221442.47270195093,34067.10650063552,149702.69765037548,233215.2552662035,526487.2967992045,212047.14750383602,18732.806650861814,33068.54832466989,1671.5374179200242,2026.8738496440521,16853.079907998035,7380.993530911675,3224.2149229334764,13105.905304933805,17243.01525428684,31240.961648799454,163351.1842532329,18588.042222014243,32873.51185412763,1665.0454546659455,2022.5398427990344,16685.186854059062,7328.869601975662,3214.778657791266,13085.727800799628,17099.290421733236,31105.830486070678,2322766.1891434947,156714.51804720363,341639.20301759505,778.1817381910138,2439.1540206282834,125190.27038131242,42308.72445836149,8015.701926401298,67434.76637063516,152855.52854355687,336881.9324633677,2152701.675562159,155998.15990520426,340807.75642751897,776.8677360954259,2436.86105749391,124006.11208261657,42086.154186373446,8013.822629344791,67423.91678473633,152319.0981272751,336247.91592225275
DZ_S_var_all_1.0,2358598.9666201407,349600.1325798548,1356319.4742544016,92246.89766177663,72574.530260746,204682.75731067968,355524.91797203966,106835.20459527262,277684.3601311993,233469.13943187645,643389.2049966872,3592206.7354523106,336672.5869553024,1324510.8547442262,63920.30122338858,56769.18733445753,182722.23970409823,227868.3448247341,87997.49058068664,250771.8372663293,222748.1188801754,527862.7916718734,256914.07693529478,127422.69605729578,699176.4550381424,7037.5181412378915,7322.5920966933,50385.936361314976,148310.24723126378,8556.064610716956,23112.77127944197,57277.82272641161,240505.55028074814,269804.01863172214,75636.7901769952,300517.30525002966,5462.203107741141,6201.8063415335155,43056.768886269834,94494.880980478,6788.353684549821,20546.89080762173,51286.56691559696,154888.2613257681,2328916.3064313987,251147.3943110248,999207.0983860414,1182.881809422215,4097.935710325989,137079.09534648966,268138.9240507375,11242.636684814937,80889.63903646698,190050.32076822448,559002.00255162,2185635.569704133,244423.61283166308,647284.1779198953,1178.6958999596152,4014.956632024928,135784.61694628475,178131.88764317252,11128.308956765237,80450.91493366518,183020.02240852755,451667.93202775065,138748.73145957003,39378.81555929338,333392.1714959004,82.0823018606649,201.46123637512926,9045.64757005716,52349.89045049128,209.47762055744556,2112.4148113957076,13102.288769160166,103080.80176504848,50835.23392073254,29600.95328801066,159098.91435570954,79.75467770634128,196.390612420119,8151.469839149551,34625.333839980165,205.55208765564834,2071.442870131987,13010.781237008936,68524.04998406288,2343838.0659359368,298309.24544061464,888411.2587633593,8765.823106077643,18548.83574011217,191208.31769724787,308694.72756462597,38905.6653000896,160907.2189898469,220194.44728546366,585908.2248744873,2170974.74368231,278345.2301262838,670978.5260254584,8123.445690105336,16183.024232547446,177241.7313558009,208736.1617946273,34067.10650063552,149702.69765037548,218299.83061291042,506955.94524680864,212047.14750383602,18732.806650861814,33068.54832466989,1671.5374179200242,2026.8738496440521,16492.781840572316,7248.706170312878,3224.2149229334764,13105.905304933805,16919.437494790614,30921.678256826694,163351.1842532329,18588.042222014243,32873.51185412763,1665.0454546659455,2022.5398427990344,16345.960997506065,7202.566367726358,3214.778657791266,13085.727800799628,16795.455408009602,30803.942403376863,2322766.1891434947,156714.51804720363,341639.20301759505,778.1817381910138,2439.1540206282834,115662.64464765403,40395.46146429106,8015.701926401298,67434.76637063516,146514.55480068622,328807.03716452274,2152701.675562159,155998.15990520426,340807.75642751897,776.8677360954259,2436.86105749391,114875.99906289042,40244.473451865495,8013.822629344791,67423.91678473633,146185.5563583225,328404.11693546316
DZ_S_var_all_1.8,2358598.9666201407,349600.1325798548,1356319.4742544016,92246.89766177663,72574.530260746,176042.16328987802,309442.1042957184,106835.20459527262,277684.3601311993,218454.26697749438,611860.2468544802,3592206.7354523106,336672.5869553024,1324510.8547442262,63920.30122338858,56769.18733445753,154808.11493305067,203699.33117411126,87997.49058068664,250771.8372663293,200093.80073066184,497943.01161187724,256914.07693529478,127422.69605729578,699176.4550381424,7037.5181412378915,7322.5920966933,36706.87089934361,120712.09939387049,8556.064610716956,23112.77127944197,43185.02305352965,198242.65640166384,269804.01863172214,75636.7901769952,300517.30525002966,5462.203107741141,6201.8063415335155,33924.17281510932,80756.69270128685,6788.353684549821,20546.89080762173,40628.94637340835,134103.02326143684,2328916.3064313987,251147.3943110248,999207.0983860414,1182.881809422215,4097.935710325989,121605.3545064601,242136.18260036805,11242.636684814937,80889.63903646698,183538.46320504101,542151.458247911,2185635.569704133,244423.61283166308,647284.1779198953,1178.6958999596152,4014.956632024928,121073.70598233353,164321.6793173846,11128.308956765237,80450.91493366518,171951.75579840748,437505.2856769544,138748.73145957003,39378.81555929338,333392.1714959004,82.0823018606649,201.46123637512926,8619.66245058272,49801.7812560736,209.47762055744556,2112.4148113957076,12733.287925789147,98008.97289609235,50835.23392073254,29600.95328801066,159098.91435570954,79.75467770634128,196.390612420119,7847.3017558189,33727.172461872164,205.55208765564834,2071.442870131987,12680.981639919164,66768.51199810744,2343838.0659359368,298309.24544061464,888411.2587633593,8765.823106077643,18548.83574011217,153644.42276116757,269856.8809154342,38905.6653000896,160907.2189898469,194960.0206698777,547784.2144873417,2170974.74368231,278345.2301262838,670978.5260254584,8123.445690105336,16183.024232547446,149058.74085236498,186822.81900162942,34067.10650063552,149702.69765037548,191534.55958271248,470623.9285896434,212047.14750383602,18732.806650861814,33068.54832466989,1671.5374179200242,2026.8738496440521,15686.405848580534,7012.309120312208,3224.2149229334764,13105.905304933805,16168.31585504782,30188.646030106254,163351.1842532329,18588.042222014243,32873.51185412763,1665.0454546659455,2022.5398427990344,15568.083492919184,6974.214056350492,3214.778657791266,13085.727800799628,16072.712161194631,30095.09263787739,2322766.1891434947,156714.51804720363,341639.20301759505,778.1817381910138,2439.1540206282834,99121.00228506111,36852.23508086673,8015.701926401298,67434.76637063516,133618.98607083238,311405.93405773153,2152701.675562159,155998.15990520426,340807.75642751897,776.8677360954259,2436.86105749391,98756.65780058813,36779.52001254286,8013.822629344791,67423.91678473633,133489.41484888224,311231.2482611744
DZ_S_var_all_3.2,2358598.9666201407,349600.1325798548,1356319.4742544016,92246.89766177663,72574.530260746,151044.8075516639,269311.9630130076,106835.20459527262,277684.3601311993,208199.9082559916,590593.5612942148,3592206.7354523106,336672.5869553024,1324510.8547442262,63920.30122338858,56769.18733445753,127803.16966439049,181039.36246507586,87997.49058068664,250771.8372663293,179963.11016257945,470987.8038594034,256914.07693529478,127422.69605729578,699176.4550381424,7037.5181412378915,7322.5920966933,25505.682564258233,93291.00795326057,8556.064610716956,23112.77127944197,33749.572652703246,162689.67173333297,269804.01863172214,75636.7901769952,300517.30525002966,5462.203107741141,6201.8063415335155,23932.259139320857,65273.95260194368,6788.353684549821,20546.89080762173,30775.60087851467,113347.27408816933,2328916.3064313987,251147.3943110248,999207.0983860414,1182.881809422215,4097.935710325989,99736.59396972021,201948.8027088067,11242.636684814937,80889.63903646698,175888.30500337048,522101.2029234094,2185635.569704133,244423.61283166308,647284.1779198953,1178.6958999596152,4014.956632024928,99094.7559941611,142567.2377689792,11128.308956765237,80450.91493366518,155971.49264657346,416158.24770659074,138748.73145957003,39378.81555929338,333392.1714959004,82.0823018606649,201.46123637512926,7622.177365152464,44031.22243236789,209.47762055744556,2112.4148113957076,11916.616308578607,87092.68594261355,50835.23392073254,29600.95328801066,159098.91435570954,79.75467770634128,196.390612420119,7117.3728210867675,31484.694485485084,205.55208765564834,2071.442870131987,11881.772540539994,62737.75125064385,2343838.0659359368,298309.24544061464,888411.2587633593,8765.823106077643,18548.83574011217,112476.41987916596,223661.80668925555,38905.6653000896,160907.2189898469,169680.1237173975,508881.00597109454,2170974.74368231,278345.2301262838,670978.5260254584,8123.445690105336,16183.024232547446,110315.98673548904,156691.75028827152,34067.10650063552,149702.69765037548,155738.45175982045,419122.03109838784,212047.14750383602,18732.806650861814,33068.54832466989,1671.5374179200242,2026.8738496440521,14065.98478907347,6596.637610025254,3224.2149229334764,13105.905304933805,14650.215138817135,28686.71463477034,163351.1842532329,18588.042222014243,32873.51185412763,1665.0454546659455,2022.5398427990344,13983.006032163543,6567.861935376558,3214.778657791266,13085.727800799628,14589.893401251265,28623.21572538182,2322766.1891434947,156714.51804720363,341639.20301759505,778.1817381910138,2439.1540206282834,77568.0914125547,31679.743506518927,8015.701926401298,67434.76637063516,110598.45169407639,277893.34901857184,2152701.675562159,155998.15990520426,340807.75642751897,776.8677360954259,2436.86105749391,77430.44068006615,31650.300893756073,8013.822629344791,67423.91678473633,110561.06972232259,277830.29280407034
DZ_S_var_all_5.6,2358598.9666201407,349600.1325798548,1356319.4742544016,92246.89766177663,72574.530260746,135186.0515393261,243024.440427364,106835.20459527262,277684.3601311993,203211.20719493975,580337.3158496156,3592206.7354523106,336672.5869553024,1324510.8547442262,63920.30122338858,56769.18733445753,110856.30275036233,165656.83070849805,87997.49058068664,250771.8372663293,168510.82632031402,455131.8175707172,256914.07693529478,127422.69605729578,699176.4550381424,7037.5181412378915,7322.5920966933,18008.609963409257,70237.74123738706,8556.064610716956,23112.77127944197,28867.552036027522,135120.43120112809,269804.01863172214,75636.7901769952,300517.30525002966,5462.203107741141,6201.8063415335155,16219.851188215951,51037.24708838532,6788.353684549821,20546.89080762173,24715.51730714929,97268.24166622746,2328916.3064313987,251147.3943110248,999207.0983860414,1182.881809422215,4097.935710325989,71445.63222429501,153199.8816545462,11242.636684814937,80889.63903646698,169224.3888969616,505489.7817085307,2185635.569704133,244423.61283166308,647284.1779198953,1178.6958999596152,4014.956632024928,70614.94092826969,113169.19506828893,11128.308956765237,80450.91493366518,139032.14809816531,392200.69294738665,138748.73145957003,39378.81555929338,333392.1714959004,82.0823018606649,201.46123637512926,5869.743313200771,34450.051255521066,209.47762055744556,2112.4148113957076,10597.13977487264,70622.56983567784,50835.23392073254,29600.95328801066,159098.91435570954,79.75467770634128,196.390612420119,5697.4914866350355,26827.41193577231,205.55208765564834,2071.442870131987,10425.732768712514,55159.75303645897,2343838.0659359368,298309.24544061464,888411.2587633593,8765.823106077643,18548.83574011217,74319.33906423567,175570.8350332203,38905.6653000896,160907.2189898469,150404.10176628717,477627.53547267104,2170974.74368231,278345.2301262838,670978.5260254584,8123.445690105336,16183.024232547446,71535.62430045176,123085.86259567973,34067.10650063552,149702.69765037548,123180.91549254558,368051.4721914801,212047.14750383602,18732.806650861814,33068.54832466989,1671.5374179200242,2026.8738496440521,11352.096014535193,5901.613434009413,3224.2149229334764,13105.905304933805,12144.076248765994,26060.06459087736,163351.1842532329,18588.042222014243,32873.51185412763,1665.0454546659455,2022.5398427990344,11306.43643941937,5882.51632699372,3214.778657791266,13085.727800799628,12117.54326899223,26026.852887723162,2322766.1891434947,156714.51804720363,341639.20301759505,778.1817381910138,2439.1540206282834,53180.24374825388,24925.303349991882,8015.701926401298,67434.76637063516,76459.69668381916,223648.64179425163,2152701.675562159,155998.15990520426,340807.75642751897,776.8677360954259,2436.86105749391,53135.28862734188,24914.12682310331,8013.822629344791,67423.91678473633,76451.5290581537,223626.1229105405
DZ_S_var_all_10.0,2358598.9666201407,349600.1325798548,1356319.4742544016,92246.89766177663,72574.530260746,127350.76592634093,229368.18089063623,106835.20459527262,277684.3601311993,201292.49107978083,576397.6574261533,3592206.7354523106,336672.5869553024,1324510.8547442262,63920.30122338858,56769.18733445753,102859.17358380095,157730.7343582498,87997.49058068664,250771.8372663293,163655.27892387714,448234.9549176672,256914.07693529478,127422.69605729578,699176.4550381424,7037.5181412378915,7322.5920966933,13759.242753037794,53199.91899557213,8556.064610716956,23112.77127944197,26754.923836371836,112595.66403737696,269804.01863172214,75636.7901769952,300517.30525002966,5462.203107741141,6201.8063415335155,11584.24316868061,39861.30193179162,6788.353684549821,20546.89080762173,21912.511733114123,85236.89656385237,2328916.3064313987,251147.3943110248,999207.0983860414,1182.881809422215,4097.935710325989,42128.86912316745,106724.86029763542,11242.636684814937,80889.63903646698,165103.1793177252,495954.5505908861,2185635.569704133,244423.61283166308,647284.1779198953,1178.6958999596152,4014.956632024928,41613.277664622736,81273.04486946129,11128.308956765237,80450.91493366518,127225.51567860549,374505.37627262797,138748.73145957003,39378.81555929338,333392.1714959004,82.0823018606649,201.46123637512926,3884.1812577182836,23692.68854762301,209.47762055744556,2112.4148113957076,9241.958707794289,53778.3712802994,50835.23392073254,29600.95328801066,159098.91435570954,79.75467770634128,196.390612420119,3868.499493960212,20010.075560556925,205.55208765564834,2071.442870131987,8756.461040358301,45000.86299373542,2343838.0659359368,298309.24544061464,888411.2587633593,8765.823106077643,18548.83574011217,44485.561970232244,131691.87944311055,38905.6653000896,160907.2189898469,138884.02641160114,457922.8879692305,2170974.74368231,278345.2301262838,670978.5260254584,8123.445690105336,16183.024232547446,41446.21383638161,91581.20449907519,34067.10650063552,149702.69765037548,102119.67519861025,331945.4922148977,212047.14750383602,18732.806650861814,33068.54832466989,1671.5374179200242,2026.8738496440521,7880.4124576698305,4905.380249323737,3224.2149229334764,13105.905304933805,8996.728606427469,22369.417546572884,163351.1842532329,18588.042222014243,32873.51185412763,1665.0454546659455,2022.5398427990344,7860.561445880657,4893.83359004319,3214.778657791266,13085.727800799628,8988.007158141214,22353.542883998976,2322766.1891434947,156714.51804720363,341639.20301759505,778.1817381910138,2439.1540206282834,30457.240262907828,17531.91214600991,8015.701926401298,67434.76637063516,42847.29583261961,161814.59929853634,2152701.675562159,155998.15990520426,340807.75642751897,776.8677360954259,2436.86105749391,30445.65505803622,17527.877036758087,8013.822629344791,67423.91678473633,42845.70163184064,161804.53050829723
DZ_S_var_0_0.1,2358598.9666201407,349600.1325798548,1356319.4742544016,92246.89766177663,72574.530260746,238176.72081869928,389331.87931891833,106835.20459527262,277684.3601311993,256921.7985337589,680947.5406176536,3592206.7354523106,336672.5869553024,1324510.8547442262,63920.30122338858,56769.18733445753,201465.2137188106,254943.04998114437,87997.49058068664,250771.8372663293,249869.65781419884,570131.3458137045,256914.07693529478,127422.69605729578,699176.4550381424,7037.5181412378915,7322.5920966933,62846.53155086628,166575.61411876697,8556.064610716956,23112.77127944197,72786.52875478247,274589.7638252392,269804.01863172214,75636.7901769952,300517.30525002966,5462.203107741141,6201.8063415335155,45476.553794375715,102077.85216458823,6788.353684549821,20546.89080762173,56480.72398050543,167941.82064323436,2328916.3064313987,251147.3943110248,999207.0983860414,1182.881809422215,4097.935710325989,147230.03792125228,278007.42995179875,11242.636684814937,80889.63903646698,194838.2334683417,568649.9058002193,2185635.569704133,244423.61283166308,647284.1779198953,1178.6958999596152,4014.956632024928,144633.3288595727,184912.13145224538,11128.308956765237,80450.91493366518,189611.01082650616,459742.31545363826,138748.73145957003,39378.81555929338,333392.1714959004,82.0823018606649,201.46123637512926,9067.823202499696,52416.96580358984,209.47762055744556,2112.4148113957076,13113.123389167968,103145.15591063217,50835.23392073254,29600.95328801066,159098.91435570954,79.75467770634128,196.390612420119,8161.5823778152735,34650.73467336227,205.55208765564834,2071.442870131987,13022.015694663518,68560.95141343513,2343838.0659359368,298309.24544061464,888411.2587633593,8765.823106077643,18548.83574011217,224172.11973566384,338447.56947447534,38905.6653000896,160907.2189898469,241157.6137366928,620408.4038633063,2170974.74368231,278345.2301262838,670978.5260254584,8123.445690105336,16183.024232547446,191863.64294942253,219444.2072442823,34067.10650063552,149702.69765037548,231918.54218740787,523156.62226474786,212047.14750383602,18732.806650861814,33068.54832466989,1671.5374179200242,2026.8738496440521,16904.39416536108,7359.037263419754,3224.2149229334764,13105.905304933805,17273.429740973483,31275.536077261655,163351.1842532329,18588.042222014243,32873.51185412763,1665.0454546659455,2022.5398427990344,16713.179005750193,7300.3476941199415,3214.778657791266,13085.727800799628,17105.770537871642,31118.078418291458,2322766.1891434947,156714.51804720363,341639.20301759505,778.1817381910138,2439.1540206282834,127874.58635169383,42728.42079941884,8015.701926401298,67434.76637063516,152364.1265247919,335509.8421017648,2152701.675562159,155998.15990520426,340807.75642751897,776.8677360954259,2436.86105749391,126410.71025882501,42453.8689324994,8013.822629344791,67423.91678473633,151662.75745428854,334688.8067329548
DZ_S_var_0_0.2,2358598.9666201407,349600.1325798548,1356319.4742544016,92246.89766177663,72574.530260746,234409.27309351022,385577.8382740795,106835.20459527262,277684.3601311993,254183.78349589027,676602.4988357325,3592206.7354523106,336672.5869553024,1324510.8547442262,63920.30122338858,56769.18733445753,200032.36449188407,252731.18341571922,87997.49058068664,250771.8372663293,247596.46258398573,566584.4798921131,256914.07693529478,127422.69605729578,699176.4550381424,7037.5181412378915,7322.5920966933,61705.64837799971,164970.90512736866,8556.064610716956,23112.77127944197,71218.2757591322,271262.1731722775,269804.01863172214,75636.7901769952,300517.30525002966,5462.203107741141,6201.8063415335155,45354.401041748715,101671.97010950973,6788.353684549821,20546.89080762173,56195.86037139418,167208.38208963381,2328916.3064313987,251147.3943110248,999207.0983860414,1182.881809422215,4097.935710325989,146874.86256627427,277667.7805274891,11242.636684814937,80889.63903646698,194664.78539497458,568300.1218630852,2185635.569704133,244423.61283166308,647284.1779198953,1178.6958999596152,4014.956632024928,144335.27765497912,184685.2777885326,11128.308956765237,80450.91493366518,189379.73943979305,459461.37940487475,138748.73145957003,39378.81555929338,333392.1714959004,82.0823018606649,201.46123637512926,9067.317391355722,52415.43664887971,209.47762055744556,2112.4148113957076,13112.874181504585,103143.6755389983,50835.23392073254,29600.95328801066,159098.91435570954,79.75467770634128,196.390612420119,8161.3529587704925,34650.15849371076,205.55208765564834,2071.442870131987,13021.75874969577,68560.10748107712,2343838.0659359368,298309.24544061464,888411.2587633593,8765.823106077643,18548.83574011217,222301.13392579817,336790.5373278856,38905.6653000896,160907.2189898469,239896.2467600087,618341.7659423349,2170974.74368231,278345.2301262838,670978.5260254584,8123.445690105336,16183.024232547446,191209.12432721202,218966.68725725389,34067.10650063552,149702.69765037548,231283.7867326522,522410.9834345213,212047.14750383602,18732.806650861814,33068.54832466989,1671.5374179200242,2026.8738496440521,16890.040161214405,7355.197018306874,3224.2149229334764,13105.905304933805,17260.78130183513,31262.93654152764,163351.1842532329,18588.042222014243,32873.51185412763,1665.0454546659455,2022.5398427990344,16700.619043864488,7297.009631345741,3214.778657791266,13085.727800799628,17094.935642060438,31107.14262880573,2322766.1891434947,156714.51804720363,341639.20301759505,778.1817381910138,2439.1540206282834,127488.64379052285,42655.80918164099,8015.701926401298,67434.76637063516,152170.32542443334,335289.66090891603,2152701.675562159,155998.15990520426,340807.75642751897,776.8677360954259,2436.86105749391,126050.03041376214,42385.79184907778,8013.822629344791,67423.91678473633,151483.72855457728,334485.02821287385
DZ_S_var_0_0.3,2358598.9666201407,349600.1325798548,1356319.4742544016,92246.89766177663,72574.530260746,226049.26191565182,377207.84828957595,106835.20459527262,277684.3601311993,248201.0907587342,667073.7970045615,3592206.7354523106,336672.5869553024,1324510.8547442262,63920.30122338858,56769.18733445753,196396.16382996878,247232.67085881525,87997.49058068664,250771.8372663293,241987.26352646243,557838.2884741563,256914.07693529478,127422.69605729578,699176.4550381424,7037.5181412378915,7322.5920966933,58971.30037743591,161073.7855396763,8556.064610716956,23112.77127944197,67590.72097543458,263472.31368695694,269804.01863172214,75636.7901769952,300517.30525002966,5462.203107741141,6201.8063415335155,45011.206083634694,100545.68999408552,6788.353684549821,20546.89080762173,55409.349070612654,165194.6682233948,2328916.3064313987,251147.3943110248,999207.0983860414,1182.881809422215,4097.935710325989,145811.9765578317,276648.98660535616,11242.636684814937,80889.63903646698,194148.37640683146,567258.8386131075,2185635.569704133,244423.61283166308,647284.1779198953,1178.6958999596152,4014.956632024928,143438.4989754265,184002.10860182584,11128.308956765237,80450.91493366518,188687.92954797103,458619.9855194618,138748.73145957003,39378.81555929338,333392.1714959004,82.0823018606649,201.46123637512926,9065.724444907932,52410.62065556406,209.47762055744556,2112.4148113957076,13112.08999261542,103139.01725994586,50835.23392073254,29600.95328801066,159098.91435570954,79.75467770634128,196.390612420119,8160.630074786556,34648.34296649847,205.55208765564834,2071.442870131987,13020.94976763532,68557.45037619171,2343838.0659359368,298309.24544061464,888411.2587633593,8765.823106077643,18548.83574011217,217174.48347589702,332232.4344859837,38905.6653000896,160907.2189898469,236486.29911673427,612749.7300530742,2170974.74368231,278345.2301262838,670978.5260254584,8123.445690105336,16183.024232547446,189327.30543726648,217592.94285051932,34067.10650063552,149702.69765037548,229472.3821172022,520278.1956602619,212047.14750383602,18732.806650861814,33068.54832466989,1671.5374179200242,2026.8738496440521,16847.064084256377,7343.696207417907,3224.2149229334764,13105.905304933805,17223.04584724176,31225.327773349065,163351.1842532329,18588.042222014243,32873.51185412763,1665.0454546659455,2022.5398427990344,16662.909929814436,7286.9850294960415,3214.778657791266,13085.727800799628,17062.501614134628,31074.392652614515,2322766.1891434947,156714.51804720363,341639.20301759505,778.1817381910138,2439.1540206282834,126317.33483628402,42435.01573807582,8015.701926401298,67434.76637063516,151585.87716312552,334624.888006016,2152701.675562159,155998.15990520426,340807.75642751897,776.8677360954259,2436.86105749391,124953.8642804676,42178.51562547843,8013.822629344791,67423.91678473633,150942.8306111659,333868.6906403725
DZ_S_var_0_0.6,2358598.9666201407,349600.1325798548,1356319.4742544016,92246.89766177663,72574.530260746,214139.08190881583,365177.6558713013,106835.20459527262,277684.3601311993,239892.60626117405,653756.9098983592,3592206.7354523106,336672.5869553024,1324510.8547442262,63920.30122338858,56769.18733445753,189767.87907447494,237603.1069933983,87997.49058068664,250771.8372663293,232315.23513327417,542768.7450609272,256914.07693529478,127422.69605729578,699176.4550381424,7037.5181412378915,7322.5920966933,54509.923978016486,154548.03414588686,8556.064610716956,23112.77127944197,62040.43462548846,251276.36943309466,269804.01863172214,75636.7901769952,300517.30525002966,5462.203107741141,6201.8063415335155,44227.8270227024,98049.15503120935,6788.353684549821,20546.89080762173,53687.02884577951,160840.3869302844,2328916.3064313987,251147.3943110248,999207.0983860414,1182.881809422215,4097.935710325989,142956.10910923957,273893.72624726675,11242.636684814937,80889.63903646698,192780.18549118185,564500.9540519619,2185635.569704133,244423.61283166308,647284.1779198953,1178.6958999596152,4014.956632024928,140992.4093364635,182133.90163827105,11128.308956765237,80450.91493366518,186831.22122405327,456354.2002891508,138748.73145957003,39378.81555929338,333392.1714959004,82.0823018606649,201.46123637512926,9060.75188535185,52395.584649472585,209.47762055744556,2112.4148113957076,13109.648278262952,103124.51333684452,50835.23392073254,29600.95328801066,159098.91435570954,79.75467770634128,196.390612420119,8158.369827278459,34642.666108200836,205.55208765564834,2071.442870131987,13018.426512404973,68549.16259773087,2343838.0659359368,298309.24544061464,888411.2587633593,8765.823106077643,18548.83574011217,206144.91642007526,322332.01345854526,38905.6653000896,160907.2189898469,229372.2797167513,601056.5074810159,2170974.74368231,278345.2301262838,670978.5260254584,8123.445690105336,16183.024232547446,184779.2615870099,214267.38544598495,34067.10650063552,149702.69765037548,225176.090098295,515189.8449436981,212047.14750383602,18732.806650861814,33068.54832466989,1671.5374179200242,2026.8738496440521,16731.437336360716,7312.7302534194205,3224.2149229334764,13105.905304933805,17122.506772027224,31124.984999807166,163351.1842532329,18588.042222014243,32873.51185412763,1665.0454546659455,2022.5398427990344,16560.67010716957,7259.785387228932,3214.778657791266,13085.727800799628,16975.28124537946,30986.218595509297,2322766.1891434947,156714.51804720363,341639.20301759505,778.1817381910138,2439.1540206282834,123043.4130345351,41814.42157634905,8015.701926401298,67434.76637063516,149981.42955453382,332793.93708051904,2152701.675562159,155998.15990520426,340807.75642751897,776.8677360954259,2436.86105749391,121877.73134087215,41593.727117602284,8013.822629344791,67423.91678473633,149450.1863116478,332162.6510799835
DZ_S_var_0_1.0,2358598.9666201407,349600.1325798548,1356319.4742544016,92246.89766177663,72574.530260746,204682.75731067968,355524.91797203966,106835.20459527262,277684.3601311993,233469.13943187645,643389.2049966872,3592206.7354523106,336672.5869553024,1324510.8547442262,63920.30122338858,56769.18733445753,182722.23970409823,227868.3448247341,87997.49058068664,250771.8372663293,222748.1188801754,527862.7916718734,256914.07693529478,127422.69605729578,699176.4550381424,7037.5181412378915,7322.5920966933,50385.936361314976,148310.24723126378,8556.064610716956,23112.77127944197,57277.82272641161,240505.55028074814,269804.01863172214,75636.7901769952,300517.30525002966,5462.203107741141,6201.8063415335155,43056.768886269834,94494.880980478,6788.353684549821,20546.89080762173,51286.56691559696,154888.2613257681,2328916.3064313987,251147.3943110248,999207.0983860414,1182.881809422215,4097.935710325989,137079.09534648966,268138.9240507375,11242.636684814937,80889.63903646698,190050.32076822448,559002.00255162,2185635.569704133,244423.61283166308,647284.1779198953,1178.6958999596152,4014.956632024928,135784.61694628475,178131.88764317252,11128.308956765237,80450.91493366518,183020.02240852755,451667.93202775065,138748.73145957003,39378.81555929338,333392.1714959004,82.0823018606649,201.46123637512926,9045.64757005716,52349.89045049128,209.47762055744556,2112.4148113957076,13102.288769160166,103080.80176504848,50835.23392073254,29600.95328801066,159098.91435570954,79.75467770634128,196.390612420119,8151.469839149551,34625.333839980165,205.55208765564834,2071.442870131987,13010.781237008936,68524.04998406288,2343838.0659359368,298309.24544061464,888411.2587633593,8765.823106077643,18548.83574011217,191208.31769724787,308694.72756462597,38905.6653000896,160907.2189898469,220194.44728546366,585908.2248744873,2170974.74368231,278345.2301262838,670978.5260254584,8123.445690105336,16183.024232547446,177241.7313558009,208736.1617946273,34067.10650063552,149702.69765037548,218299.83061291042,506955.94524680864,212047.14750383602,18732.806650861814,33068.54832466989,1671.5374179200242,2026.8738496440521,16492.781840572316,7248.706170312878,3224.2149229334764,13105.905304933805,16919.437494790614,30921.678256826694,163351.1842532329,18588.042222014243,32873.51185412763,1665.0454546659455,2022.5398427990344,16345.960997506065,7202.566367726358,3214.778657791266,13085.727800799628,16795.455408009602,30803.942403376863,2322766.1891434947,156714.51804720363,341639.20301759505,778.1817381910138,2439.1540206282834,115662.64464765403,40395.46146429106,8015.701926401298,67434.76637063516,146514.55480068622,328807.03716452274,2152701.675562159,155998.15990520426,340807.75642751897,776.8677360954259,2436.86105749391,114875.99906289042,40244.473451865495,8013.822629344791,67423.91678473633,146185.5563583225,328404.11693546316
DZ_S_var_0_1.8,2358598.9666201407,349600.1325798548,1356319.4742544016,92246.89766177663,72574.530260746,200078.550953384,350788.8289614385,106835.20459527262,277684.3601311993,230395.34572220212,638404.25473579,3592206.7354523106,336672.5869553024,1324510.8547442262,63920.30122338858,56769.18733445753,178466.71537579983,222212.98585290095,87997.49058068664,250771.8372663293,217294.25345807066,519358.8665038364,256914.07693529478,127422.69605729578,699176.4550381424,7037.5181412378915,7322.5920966933,48153.01249005096,144840.94040817488,8556.064610716956,23112.77127944197,54833.5401667347,234853.26077898004,269804.01863172214,75636.7901769952,300517.30525002966,5462.203107741141,6201.8063415335155,42077.540487984596,91670.61764524858,6788.353684549821,20546.89080762173,49423.841744556266,150353.38625332914,2328916.3064313987,251147.3943110248,999207.0983860414,1182.881809422215,4097.935710325989,129654.9332443789,260695.98174841583,11242.636684814937,80889.63903646698,186757.6481315599,552374.9151644469,2185635.569704133,244423.61283166308,647284.1779198953,1178.6958999596152,4014.956632024928,128848.89441050698,172745.10163841973,11128.308956765237,80450.91493366518,178224.03223251,445701.20956463204,138748.73145957003,39378.81555929338,333392.1714959004,82.0823018606649,201.46123637512926,9003.326018151838,52221.6819461431,209.47762055744556,2112.4148113957076,13082.116005232678,102961.01954811251,50835.23392073254,29600.95328801066,159098.91435570954,79.75467770634128,196.390612420119,8131.856283958804,34576.04790026615,205.55208765564834,2071.442870131987,12989.51220651468,68454.17708222648,2343838.0659359368,298309.24544061464,888411.2587633593,8765.823106077643,18548.83574011217,179953.14623775714,298218.04067332216,38905.6653000896,160907.2189898469,213602.36408039046,574976.2445354232,2170974.74368231,278345.2301262838,670978.5260254584,8123.445690105336,16183.024232547446,170142.0487688007,203499.13862806026,34067.10650063552,149702.69765037548,212086.55282803922,499416.6845577734,212047.14750383602,18732.806650861814,33068.54832466989,1671.5374179200242,2026.8738496440521,16189.925084145596,7167.235175212723,3224.2149229334764,13105.905304933805,16670.025492786415,30670.791082708263,163351.1842532329,18588.042222014243,32873.51185412763,1665.0454546659455,2022.5398427990344,16066.110991305193,7127.779456620071,3214.778657791266,13085.727800799628,16567.638306888537,30572.067531953217,2322766.1891434947,156714.51804720363,341639.20301759505,778.1817381910138,2439.1540206282834,104862.71162403631,38263.316059107514,8015.701926401298,67434.76637063516,141786.59510319278,323300.08528014924,2152701.675562159,155998.15990520426,340807.75642751897,776.8677360954259,2436.86105749391,104460.4769989802,38185.03510115798,8013.822629344791,67423.91678473633,141644.65079054,323112.118961624
DZ_S_var_0_3.2,2358598.9666201407,349600.1325798548,1356319.4742544016,92246.89766177663,72574.530260746,198363.466039533,349018.12665127876,106835.20459527262,277684.3601311993,229259.16925564676,636557.6097339481,3592206.7354523106,336672.5869553024,1324510.8547442262,63920.30122338858,56769.18733445753,176704.9872249721,219917.46827065144,87997.49058068664,250771.8372663293,215103.37624661622,515940.4138676974,256914.07693529478,127422.69605729578,699176.4550381424,7037.5181412378915,7322.5920966933,47278.77192718832,143463.65342284885,8556.064610716956,23112.77127944197,53900.75793063017,232672.04061074666,269804.01863172214,75636.7901769952,300517.30525002966,5462.203107741141,6201.8063415335155,41583.88444471048,90293.49740724642,6788.353684549821,20546.89080762173,48530.349013827115,148201.66357323827,2328916.3064313987,251147.3943110248,999207.0983860414,1182.881809422215,4097.935710325989,124428.97595219366,255332.4417122585,11242.636684814937,80889.63903646698,184537.7721433826,547909.7875321854,2185635.569704133,244423.61283166308,647284.1779198953,1178.6958999596152,4014.956632024928,123709.33414622387,168706.61592134723,11128.308956765237,80450.91493366518,174860.410613404,441468.70481623185,138748.73145957003,39378.81555929338,333392.1714959004,82.0823018606649,201.46123637512926,8907.352711701522,51929.973616861396,209.47762055744556,2112.4148113957076,13038.68055505029,102703.27216734832,50835.23392073254,29600.95328801066,159098.91435570954,79.75467770634128,196.390612420119,8085.787786273572,34460.17838691515,205.55208765564834,2071.442870131987,12942.098067300434,68298.3588450118,2343838.0659359368,298309.24544061464,888411.2587633593,8765.823106077643,18548.83574011217,174654.78198930563,293219.03549767006,38905.6653000896,160907.2189898469,210590.0801721725,569964.5682739126,2170974.74368231,278345.2301262838,670978.5260254584,8123.445690105336,16183.024232547446,166243.67932720715,200610.40829021673,34067.10650063552,149702.69765037548,208778.0896758407,495362.1569784329,212047.14750383602,18732.806650861814,33068.54832466989,1671.5374179200242,2026.8738496440521,15975.81473352668,7109.478317839908,3224.2149229334764,13105.905304933805,16499.04321759583,30498.026681713407,163351.1842532329,18588.042222014243,32873.51185412763,1665.0454546659455,2022.5398427990344,15863.093370402314,7073.37079435181,3214.778657791266,13085.727800799628,16406.837296627367,30407.747130698892,2322766.1891434947,156714.51804720363,341639.20301759505,778.1817381910138,2439.1540206282834,96039.91082587157,36464.12560165515,8015.701926401298,67434.76637063516,138198.59688236477,319064.82930525794,2152701.675562159,155998.15990520426,340807.75642751897,776.8677360954259,2436.86105749391,95797.89676831709,36416.91610921734,8013.822629344791,67423.91678473633,138128.27650428133,318960.74007851374
DZ_S_var_0_5.6,2358598.9666201407,349600.1325798548,1356319.4742544016,92246.89766177663,72574.530260746,197790.16845002037,348425.4289505505,106835.20459527262,277684.3601311993,228880.4412123124,635941.5644023218,3592206.7354523106,336672.5869553024,1324510.8547442262,63920.30122338858,56769.18733445753,176092.10805130508,219124.92570282638,87997.49058068664,250771.8372663293,214350.09411251746,514764.6837752879,256914.07693529478,127422.69605729578,699176.4550381424,7037.5181412378915,7322.5920966933,46981.11329626192,142992.19003882405,8556.064610716956,23112.77127944197,53586.19016230072,231933.31889840396,269804.01863172214,75636.7901769952,300517.30525002966,5462.203107741141,6201.8063415335155,41397.05729871145,89780.04121604245,6788.353684549821,20546.89080762173,48199.73426741593,147409.09713440773,2328916.3064313987,251147.3943110248,999207.0983860414,1182.881809422215,4097.935710325989,122069.89489481735,252875.54925428616,11242.636684814937,80889.63903646698,183560.85958297906,545945.3650330687,2185635.569704133,244423.61283166308,647284.1779198953,1178.6958999596152,4014.956632024928,121315.17557381511,166810.51679388157,11128.308956765237,80450.91493366518,173345.34170298328,439549.0374261032,138748.73145957003,39378.81555929338,333392.1714959004,82.0823018606649,201.46123637512926,8765.496701297945,51496.30473348463,209.47762055744556,2112.4148113957076,12979.781670325317,102354.11894083366,50835.23392073254,29600.95328801066,159098.91435570954,79.75467770634128,196.390612420119,8013.348064691602,34277.675102620124,205.55208765564834,2071.442870131987,12874.025345121176,68074.51835451873,2343838.0659359368,298309.24544061464,888411.2587633593,8765.823106077643,18548.83574011217,172710.41078287904,291372.96516522946,38905.6653000896,160907.2189898469,209498.76942890213,568146.211733656,2170974.74368231,278345.2301262838,670978.5260254584,8123.445690105336,16183.024232547446,164706.8276369905,199468.75611755773,34067.10650063552,149702.69765037548,207493.21042909817,493779.838046,212047.14750383602,18732.806650861814,33068.54832466989,1671.5374179200242,2026.8738496440521,15878.909996967195,7083.292679693166,3224.2149229334764,13105.905304933805,16423.061024394352,30421.047672271074,163351.1842532329,18588.042222014243,32873.51185412763,1665.0454546659455,2022.5398427990344,15769.756828917138,7048.311402147164,3214.778657791266,13085.727800799628,16334.13025354749,30333.267653829243,2322766.1891434947,156714.51804720363,341639.20301759505,778.1817381910138,2439.1540206282834,91661.89763182533,35549.289451483266,8015.701926401298,67434.76637063516,136501.94548514092,317044.62400123174,2152701.675562159,155998.15990520426,340807.75642751897,776.8677360954259,2436.86105749391,91446.90061631288,35507.0947853107,8013.822629344791,67423.91678473633,136443.8383299124,316955.01186711615
DZ_S_var_0_10.0,2358598.9666201407,349600.1325798548,1356319.4742544016,92246.89766177663,72574.530260746,197605.59107996267,348234.5183987609,106835.20459527262,277684.3601311993,228758.61952710123,635743.3545331211,3592206.7354523106,336672.5869553024,1324510.8547442262,63920.30122338858,56769.18733445753,175892.11610501178,218866.97064021335,87997.49058068664,250771.8372663293,214105.26718996133,514382.5114464458,256914.07693529478,127422.69605729578,699176.4550381424,7037.5181412378915,7322.5920966933,46884.68948534456,142839.18432018557,8556.064610716956,23112.77127944197,53484.61470099674,231694.43930240965,269804.01863172214,75636.7901769952,300517.30525002966,5462.203107741141,6201.8063415335155,41334.24512228415,89608.34455999012,6788.353684549821,20546.89080762173,48089.486567615175,147145.22877631485,2328916.3064313987,251147.3943110248,999207.0983860414,1182.881809422215,4097.935710325989,121219.65100242943,251984.41890484822,11242.636684814937,80889.63903646698,183212.49955544615,545244.9391541571,2185635.569704133,244423.61283166308,647284.1779198953,1178.6958999596152,4014.956632024928,120440.59008760248,166115.3922567512,11128.308956765237,80450.91493366518,172799.79655513522,438855.76123803423,138748.73145957003,39378.81555929338,333392.1714959004,82.0823018606649,201.46123637512926,8648.336661065709,51135.835572107324,209.47762055744556,2112.4148113957076,12935.340832247137,102090.9396887312,50835.23392073254,29600.95328801066,159098.91435570954,79.75467770634128,196.390612420119,7949.2248818329235,34115.805975447394,205.55208765564834,2071.442870131987,12819.534395794513,67895.22425997723,2343838.0659359368,298309.24544061464,888411.2587633593,8765.823106077643,18548.83574011217,172063.958366464,290757.7785313444,38905.6653000896,160907.2189898469,209137.59370496756,567544.0916919762,2170974.74368231,278345.2301262838,670978.5260254584,8123.445690105336,16183.024232547446,164182.2000863894,199078.65210442388,34067.10650063552,149702.69765037548,207057.07012004103,493241.74326410046,212047.14750383602,18732.806650861814,33068.54832466989,1671.5374179200242,2026.8738496440521,15843.945730550115,7073.837519123653,3224.2149229334764,13105.905304933805,16395.856164286553,30393.454956388043,163351.1842532329,18588.042222014243,32873.51185412763,1665.0454546659455,2022.5398427990344,15735.853917569062,7039.201798796117,3214.778657791266,13085.727800799628,16307.907515015544,30306.377717449755,2322766.1891434947,156714.51804720363,341639.20301759505,778.1817381910138,2439.1540206282834,90017.00156594598,35201.43026639652,8015.701926401298,67434.76637063516,135878.08853463375,316298.91026664793,2152701.675562159,155998.15990520426,340807.75642751897,776.8677360954259,2436.86105749391,89803.03415966108,35159.212466128054,8013.822629344791,67423.91678473633,135820.92472946877,316210.415348543
DZ_S_var_1_0.1,2358598.9666201407,349600.1325798548,1356319.4742544016,92246.89766177663,72574.530260746,225167.80679719432,387502.75207199,106835.20459527262,277684.3601311993,245633.39171041796,672062.6061323228,3592206.7354523106,336672.5869553024,1324510.8547442262,63920.30122338858,56769.18733445753,195656.80265050795,236368.58454466524,87997.49058068664,250771.8372663293,233904.7997929757,541431.6519690185,256914.07693529478,127422.69605729578,699176.4550381424,7037.5181412378915,7322.5920966933,62887.13527805144,169802.12214560513,8556.064610716956,23112.77127944197,72042.3558873335,278822.296624423,269804.01863172214,75636.7901769952,300517.30525002966,5462.203107741141,6201.8063415335155,47815.04423875572,100306.09737952023,6788.353684549821,20546.89080762173,57124.10062614789,165199.44663955865,2328916.3064313987,251147.3943110248,999207.0983860414,1182.881809422215,4097.935710325989,139007.1189262262,270911.90691767674,11242.636684814937,80889.63903646698,190825.62827856123,562120.2755634922,2185635.569704133,244423.61283166308,647284.1779198953,1178.6958999596152,4014.956632024928,137240.555692626,179427.2463548054,11128.308956765237,80450.91493366518,184570.13639927396,453629.2366119609,138748.73145957003,39378.81555929338,333392.1714959004,82.0823018606649,201.46123637512926,9058.408639896254,52515.8191847224,209.47762055744556,2112.4148113957076,13153.615368546818,103576.39391462677,50835.23392073254,29600.95328801066,159098.91435570954,79.75467770634128,196.390612420119,8151.95629796428,34627.59274113298,205.55208765564834,2071.442870131987,13043.24433381319,68709.22050580468,2343838.0659359368,298309.24544061464,888411.2587633593,8765.823106077643,18548.83574011217,205037.2835730522,322926.0325604918,38905.6653000896,160907.2189898469,229523.04823465305,600396.4082001083,2170974.74368231,278345.2301262838,670978.5260254584,8123.445690105336,16183.024232547446,181052.67922788986,214505.4213631516,34067.10650063552,149702.69765037548,223990.93938486162,516312.29883147747,212047.14750383602,18732.806650861814,33068.54832466989,1671.5374179200242,2026.8738496440521,16614.54594136737,7283.968715900933,3224.2149229334764,13105.905304933805,17048.565521328957,31040.64133483973,163351.1842532329,18588.042222014243,32873.51185412763,1665.0454546659455,2022.5398427990344,16470.861378380727,7238.726514421368,3214.778657791266,13085.727800799628,16925.19404542303,30923.734372236115,2322766.1891434947,156714.51804720363,341639.20301759505,778.1817381910138,2439.1540206282834,116730.30801061896,40589.12759905317,8015.701926401298,67434.76637063516,147002.5259863825,329403.1102911636,2152701.675562159,155998.15990520426,340807.75642751897,776.8677360954259,2436.86105749391,115937.18177071503,40437.632408288875,8013.822629344791,67423.91678473633,146668.43639159566,328993.92565179546
DZ_S_var_1_0.2,2358598.9666201407,349600.1325798548,1356319.4742544016,92246.89766177663,72574.530260746,223531.24904813047,384865.54098433256,106835.20459527262,277684.3601311993,244591.1045186232,669572.2698290691,3592206.7354523106,336672.5869553024,1324510.8547442262,63920.30122338858,56769.18733445753,194758.74241310227,235785.67396396125,87997.49058068664,250771.8372663293,233117.84700091125,540484.056187407,256914.07693529478,127422.69605729578,699176.4550381424,7037.5181412378915,7322.5920966933,62093.93940408584,168459.54299693363,8556.064610716956,23112.77127944197,71018.84254022413,276178.9511804797,269804.01863172214,75636.7901769952,300517.30525002966,5462.203107741141,6201.8063415335155,47562.367620739955,100001.8317878946,6788.353684549821,20546.89080762173,56806.0864562689,164643.3531582448,2328916.3064313987,251147.3943110248,999207.0983860414,1182.881809422215,4097.935710325989,138945.73405037654,270823.49359941436,11242.636684814937,80889.63903646698,190800.76539302137,562019.8627121729,2185635.569704133,244423.61283166308,647284.1779198953,1178.6958999596152,4014.956632024928,137195.78278473282,179387.40351223233,11128.308956765237,80450.91493366518,184522.09355308115,453568.5634095387,138748.73145957003,39378.81555929338,333392.1714959004,82.0823018606649,201.46123637512926,9058.060384592854,52511.27618780379,209.47762055744556,2112.4148113957076,13152.058689159076,103561.31516145731,50835.23392073254,29600.95328801066,159098.91435570954,79.75467770634128,196.390612420119,8151.9431587697345,34627.53172621586,205.55208765564834,2071.442870131987,13042.292439866853,68703.78266182702,2343838.0659359368,298309.24544061464,888411.2587633593,8765.823106077643,18548.83574011217,204203.45324603975,322069.5530508037,38905.6653000896,160907.2189898469,228935.1793529476,599487.4796014244,2170974.74368231,278345.2301262838,670978.5260254584,8123.445690105336,16183.024232547446,180878.2441835129,214236.33982821513,34067.10650063552,149702.69765037548,223723.44739664337,515871.8069687185,212047.14750383602,18732.806650861814,33068.54832466989,1671.5374179200242,2026.8738496440521,16609.377881160584,7282.4721656977845,3224.2149229334764,13105.905304933805,17043.06143071291,31035.579458094515,163351.1842532329,18588.042222014243,32873.51185412763,1665.0454546659455,2022.5398427990344,16465.604043415544,7237.204595236742,3214.778657791266,13085.727800799628,16919.71026487169,30918.6800831234,2322766.1891434947,156714.51804720363,341639.20301759505,778.1817381910138,2439.1540206282834,116705.56627354129,40584.64844351641,8015.701926401298,67434.76637063516,146991.17661654716,329389.25488439604,2152701.675562159,155998.15990520426,340807.75642751897,776.8677360954259,2436.86105749391,115912.59763462786,40433.16632520523,8013.822629344791,67423.91678473633,146657.20936305754,328980.2206284493
DZ_S_var_1_0.3,2358598.9666201407,349600.1325798548,1356319.4742544016,92246.89766177663,72574.530260746,219432.35141975438,378327.281282291,106835.20459527262,277684.3601311993,242037.324403114,663497.9151431316,3592206.7354523106,336672.5869553024,1324510.8547442262,63920.30122338858,56769.18733445753,192417.24168747276,234260.90211236113,87997.49058068664,250771.8372663293,231074.80026873402,538017.3508241951,256914.07693529478,127422.69605729578,699176.4550381424,7037.5181412378915,7322.5920966933,59977.08061207024,164865.47804347434,8556.064610716956,23112.77127944197,68349.12564681079,269281.7957856153,269804.01863172214,75636.7901769952,300517.30525002966,5462.203107741141,6201.8063415335155,46859.868382250424,99153.50186062999,6788.353684549821,20546.89080762173,55926.767374450865,163102.6395835509,2328916.3064313987,251147.3943110248,999207.0983860414,1182.881809422215,4097.935710325989,138759.6171244045,270555.47900637874,11242.636684814937,80889.63903646698,190725.4541513791,561715.874476869,2185635.569704133,244423.61283166308,647284.1779198953,1178.6958999596152,4014.956632024928,137059.41656316927,179266.05627406877,11128.308956765237,80450.91493366518,184375.9151803573,453383.91050255246,138748.73145957003,39378.81555929338,333392.1714959004,82.0823018606649,201.46123637512926,9056.98419878099,52497.24256553344,209.47762055744556,2112.4148113957076,13147.309080152585,103515.32677432048,50835.23392073254,29600.95328801066,159098.91435570954,79.75467770634128,196.390612420119,8151.902507811219,34627.34295479705,205.55208765564834,2071.442870131987,13039.37584900249,68687.12427352885,2343838.0659359368,298309.24544061464,888411.2587633593,8765.823106077643,18548.83574011217,201950.40991943283,319754.479133291,38905.6653000896,160907.2189898469,227363.63514585394,597055.0245005427,2170974.74368231,278345.2301262838,670978.5260254584,8123.445690105336,16183.024232547446,180378.7697619501,213468.5791598399,34067.10650063552,149702.69765037548,222961.31441364932,514617.17534275725,212047.14750383602,18732.806650861814,33068.54832466989,1671.5374179200242,2026.8738496440521,16594.37828721739,7278.128582143622,3224.2149229334764,13105.905304933805,17027.09838641395,31020.89444487453,163351.1842532329,18588.042222014243,32873.51185412763,1665.0454546659455,2022.5398427990344,16450.323492137395,7232.781039125972,3214.778657791266,13085.727800799628,16903.78295822417,30903.995685233822,2322766.1891434947,156714.51804720363,341639.20301759505,778.1817381910138,2439.1540206282834,116627.76776839721,40570.56136871795,8015.701926401298,67434.76637063516,146955.50218768817,329345.7006924602,2152701.675562159,155998.15990520426,340807.75642751897,776.8677360954259,2436.86105749391,115835.29240041938,40419.11994948383,8013.822629344791,67423.91678473633,146621.91827078114,328937.1376855144
DZ_S_var_1_0.6,2358598.9666201407,349600.1325798548,1356319.4742544016,92246.89766177663,72574.530260746,212154.98985996592,366941.7965253686,106835.20459527262,277684.3601311993,237693.38264684516,653252.2363395216,3592206.7354523106,336672.5869553024,1324510.8547442262,63920.30122338858,56769.18733445753,187903.35673529227,231300.80085261542,87997.49058068664,250771.8372663293,227171.66026170627,533277.9065535851,256914.07693529478,127422.69605729578,699176.4550381424,7037.5181412378915,7322.5920966933,55685.691082205456,157520.78807588114,8556.064610716956,23112.77127944197,63197.92442021649,255943.25308478498,269804.01863172214,75636.7901769952,300517.30525002966,5462.203107741141,6201.8063415335155,45296.15864793765,97252.00054254543,6788.353684549821,20546.89080762173,53994.6323292144,159700.28115987792,2328916.3064313987,251147.3943110248,999207.0983860414,1182.881809422215,4097.935710325989,138240.849435239,269808.8433645695,11242.636684814937,80889.63903646698,190516.1090444227,560872.1969966061,2185635.569704133,244423.61283166308,647284.1779198953,1178.6958999596152,4014.956632024928,136674.35880357973,178923.434125966,11128.308956765237,80450.91493366518,183964.34354599004,452863.65115309646,138748.73145957003,39378.81555929338,333392.1714959004,82.0823018606649,201.46123637512926,9053.813495979939,52455.94210711812,209.47762055744556,2112.4148113957076,13133.829077965593,103384.95838955346,50835.23392073254,29600.95328801066,159098.91435570954,79.75467770634128,196.390612420119,8151.782317527723,34626.784832559715,205.55208765564834,2071.442870131987,13030.996326076804,68639.2897722764,2343838.0659359368,298309.24544061464,888411.2587633593,8765.823106077643,18548.83574011217,197255.2101280451,314925.43309477984,38905.6653000896,160907.2189898469,224165.8232978175,592093.3701081424,2170974.74368231,278345.2301262838,670978.5260254584,8123.445690105336,16183.024232547446,179184.02331826836,211648.23134332674,34067.10650063552,149702.69765037548,221160.8216936951,511655.5338386837,212047.14750383602,18732.806650861814,33068.54832466989,1671.5374179200242,2026.8738496440521,16557.24082282098,7267.373982650095,3224.2149229334764,13105.905304933805,16987.65109268569,30984.576721588503,163351.1842532329,18588.042222014243,32873.51185412763,1665.0454546659455,2022.5398427990344,16412.349984869456,7221.787669783675,3214.778657791266,13085.727800799628,16864.275602166377,30867.542238804253,2322766.1891434947,156714.51804720363,341639.20301759505,778.1817381910138,2439.1540206282834,116386.08094270158,40526.77253676253,8015.701926401298,67434.76637063516,146844.80066314622,329210.52281010547,2152701.675562159,155998.15990520426,340807.75642751897,776.8677360954259,2436.86105749391,115595.11575752523,40375.45361452711,8013.822629344791,67423.91678473633,146512.39451051745,328803.40811975725
DZ_S_var_1_1.0,2358598.9666201407,349600.1325798548,1356319.4742544016,92246.89766177663,72574.530260746,204682.75731067968,355524.91797203966,106835.20459527262,277684.3601311993,233469.13943187645,643389.2049966872,3592206.7354523106,336672.5869553024,1324510.8547442262,63920.30122338858,56769.18733445753,182722.23970409823,227868.3448247341,87997.49058068664,250771.8372663293,222748.1188801754,527862.7916718734,256914.07693529478,127422.69605729578,699176.4550381424,7037.5181412378915,7322.5920966933,50385.936361314976,148310.24723126378,8556.064610716956,23112.77127944197,57277.82272641161,240505.55028074814,269804.01863172214,75636.7901769952,300517.30525002966,5462.203107741141,6201.8063415335155,43056.768886269834,94494.880980478,6788.353684549821,20546.89080762173,51286.56691559696,154888.2613257681,2328916.3064313987,251147.3943110248,999207.0983860414,1182.881809422215,4097.935710325989,137079.09534648966,268138.9240507375,11242.636684814937,80889.63903646698,190050.32076822448,559002.00255162,2185635.569704133,244423.61283166308,647284.1779198953,1178.6958999596152,4014.956632024928,135784.61694628475,178131.88764317252,11128.308956765237,80450.91493366518,183020.02240852755,451667.93202775065,138748.73145957003,39378.81555929338,333392.1714959004,82.0823018606649,201.46123637512926,9045.64757005716,52349.89045049128,209.47762055744556,2112.4148113957076,13102.288769160166,103080.80176504848,50835.23392073254,29600.95328801066,159098.91435570954,79.75467770634128,196.390612420119,8151.469839149551,34625.333839980165,205.55208765564834,2071.442870131987,13010.781237008936,68524.04998406288,2343838.0659359368,298309.24544061464,888411.2587633593,8765.823106077643,18548.83574011217,191208.31769724787,308694.72756462597,38905.6653000896,160907.2189898469,220194.44728546366,585908.2248744873,2170974.74368231,278345.2301262838,670978.5260254584,8123.445690105336,16183.024232547446,177241.7313558009,208736.1617946273,34067.10650063552,149702.69765037548,218299.83061291042,506955.94524680864,212047.14750383602,18732.806650861814,33068.54832466989,1671.5374179200242,2026.8738496440521,16492.781840572316,7248.706170312878,3224.2149229334764,13105.905304933805,16919.437494790614,30921.678256826694,163351.1842532329,18588.042222014243,32873.51185412763,1665.0454546659455,2022.5398427990344,16345.960997506065,7202.566367726358,3214.778657791266,13085.727800799628,16795.455408009602,30803.942403376863,2322766.1891434947,156714.51804720363,341639.20301759505,778.1817381910138,2439.1540206282834,115662.64464765403,40395.46146429106,8015.701926401298,67434.76637063516,146514.55480068622,328807.03716452274,2152701.675562159,155998.15990520426,340807.75642751897,776.8677360954259,2436.86105749391,114875.99906289042,40244.473451865495,8013.822629344791,67423.91678473633,146185.5563583225,328404.11693546316
DZ_S_var_1_1.8,2358598.9666201407,349600.1325798548,1356319.4742544016,92246.89766177663,72574.530260746,200295.22866508403,348939.7808357345,106835.20459527262,277684.3601311993,231092.65855816667,637882.0846620915,3592206.7354523106,336672.5869553024,1324510.8547442262,63920.30122338858,56769.18733445753,179381.15949596866,225634.38540042835,87997.49058068664,250771.8372663293,219927.08130090873,524384.4717656391,256914.07693529478,127422.69605729578,699176.4550381424,7037.5181412378915,7322.5920966933,46734.109717436135,141846.8457620067,8556.064610716956,23112.77127944197,53455.96612481577,230437.19188572536,269804.01863172214,75636.7901769952,300517.30525002966,5462.203107741141,6201.8063415335155,41268.94954360678,92262.3855736519,6788.353684549821,20546.89080762173,49172.8677929717,151092.82999671486,2328916.3064313987,251147.3943110248,999207.0983860414,1182.881809422215,4097.935710325989,135398.27803708264,265727.94038504054,11242.636684814937,80889.63903646698,189383.74044277074,556342.1585082978,2185635.569704133,244423.61283166308,647284.1779198953,1178.6958999596152,4014.956632024928,134425.82179443084,176923.3885695959,11128.308956765237,80450.91493366518,181595.6241813429,449858.9592313965,138748.73145957003,39378.81555929338,333392.1714959004,82.0823018606649,201.46123637512926,9030.305709751317,52151.860331249554,209.47762055744556,2112.4148113957076,13053.036019585457,102608.2727321001,50835.23392073254,29600.95328801066,159098.91435570954,79.75467770634128,196.390612420119,8150.871066255055,34622.55363834251,205.55208765564834,2071.442870131987,12977.392782081497,68334.19980070984,2343838.0659359368,298309.24544061464,888411.2587633593,8765.823106077643,18548.83574011217,186872.287108551,304217.030866462,38905.6653000896,160907.2189898469,217443.58487163877,581608.2673648575,2170974.74368231,278345.2301262838,670978.5260254584,8123.445690105336,16183.024232547446,175454.0689124204,206105.7516120667,34067.10650063552,149702.69765037548,215736.37100099275,502751.4010680762,212047.14750383602,18732.806650861814,33068.54832466989,1671.5374179200242,2026.8738496440521,16428.49049432972,7230.085227457588,3224.2149229334764,13105.905304933805,16851.72106040721,30859.11647307526,163351.1842532329,18588.042222014243,32873.51185412763,1665.0454546659455,2022.5398427990344,16279.132136364404,7183.215448551865,3214.778657791266,13085.727800799628,16726.499095805164,30740.08939331604,2322766.1891434947,156714.51804720363,341639.20301759505,778.1817381910138,2439.1540206282834,113717.56404023149,40040.61008192023,8015.701926401298,67434.76637063516,145634.83682470277,327730.59207827464,2152701.675562159,155998.15990520426,340807.75642751897,776.8677360954259,2436.86105749391,112941.03842386273,39890.24273052913,8013.822629344791,67423.91678473633,145314.1417760846,327337.91909231775
DZ_S_var_1_3.2,2358598.9666201407,349600.1325798548,1356319.4742544016,92246.89766177663,72574.530260746,198505.66263986367,346277.53508157015,106835.20459527262,277684.3601311993,230144.3651406606,635692.6819678122,3592206.7354523106,336672.5869553024,1324510.8547442262,63920.30122338858,56769.18733445753,177947.6426131336,224670.80357863853,87997.49058068664,250771.8372663293,218724.17075191395,522895.2695339866,256914.07693529478,127422.69605729578,699176.4550381424,7037.5181412378915,7322.5920966933,45106.39606582471,138928.64302893108,8556.064610716956,23112.77127944197,51815.148542240146,226081.43594834884,269804.01863172214,75636.7901769952,300517.30525002966,5462.203107741141,6201.8063415335155,40395.31037755254,91160.51533215938,6788.353684549821,20546.89080762173,48155.155979815354,149251.7183398171,2328916.3064313987,251147.3943110248,999207.0983860414,1182.881809422215,4097.935710325989,134041.74731411072,263786.2742955057,11242.636684814937,80889.63903646698,188851.9767499108,554234.0659899281,2185635.569704133,244423.61283166308,647284.1779198953,1178.6958999596152,4014.956632024928,133262.30469018198,175888.83281529124,11128.308956765237,80450.91493366518,180392.66465442337,448326.12993792474,138748.73145957003,39378.81555929338,333392.1714959004,82.0823018606649,201.46123637512926,9013.317233589156,51934.404251820095,209.47762055744556,2112.4148113957076,13009.783299689414,102195.72781691454,50835.23392073254,29600.95328801066,159098.91435570954,79.75467770634128,196.390612420119,8150.189590510696,34619.38975153296,205.55208765564834,2071.442870131987,12946.073477350485,68156.66229847826,2343838.0659359368,298309.24544061464,888411.2587633593,8765.823106077643,18548.83574011217,184892.92232200215,302169.8012561146,38905.6653000896,160907.2189898469,216213.65510147045,579681.4484042522,2170974.74368231,278345.2301262838,670978.5260254584,8123.445690105336,16183.024232547446,174489.23121396583,204705.22093832854,34067.10650063552,149702.69765037548,214379.68489860726,500528.438790658,212047.14750383602,18732.806650861814,33068.54832466989,1671.5374179200242,2026.8738496440521,16391.601215692124,7219.4000189574435,3224.2149229334764,13105.905304933805,16813.009840519855,30823.297217477695,163351.1842532329,18588.042222014243,32873.51185412763,1665.0454546659455,2022.5398427990344,16240.507379383505,7172.0301730954025,3214.778657791266,13085.727800799628,16686.790216808782,30703.261115263074,2322766.1891434947,156714.51804720363,341639.20301759505,778.1817381910138,2439.1540206282834,109708.9533407934,39300.763304266184,8015.701926401298,67434.76637063516,143858.68988914305,325549.9473008201,2152701.675562159,155998.15990520426,340807.75642751897,776.8677360954259,2436.86105749391,108946.40113906283,39150.4023361332,8013.822629344791,67423.91678473633,143551.32099298586,325173.82038038527
DZ_S_var_1_5.6,2358598.9666201407,349600.1325798548,1356319.4742544016,92246.89766177663,72574.530260746,197886.71998739147,345359.85850797856,106835.20459527262,277684.3601311993,229819.1531580072,634942.889048926,3592206.7354523106,336672.5869553024,1324510.8547442262,63920.30122338858,56769.18733445753,177441.751716298,224330.01292438956,87997.49058068664,250771.8372663293,218300.72589325559,522370.1792838129,256914.07693529478,127422.69605729578,699176.4550381424,7037.5181412378915,7322.5920966933,44522.87104821587,137876.2625234364,8556.064610716956,23112.77127944197,51235.95454202014,224538.41091981446,269804.01863172214,75636.7901769952,300517.30525002966,5462.203107741141,6201.8063415335155,40069.344381227354,90747.46470783332,6788.353684549821,20546.89080762173,47777.94423130692,148566.91951417175,2328916.3064313987,251147.3943110248,999207.0983860414,1182.881809422215,4097.935710325989,133374.0689111087,262831.9027684224,11242.636684814937,80889.63903646698,188592.2536323361,553208.8349824366,2185635.569704133,244423.61283166308,647284.1779198953,1178.6958999596152,4014.956632024928,132666.0348212017,175358.7282747875,11128.308956765237,80450.91493366518,179782.06315576946,447546.2953075362,138748.73145957003,39378.81555929338,333392.1714959004,82.0823018606649,201.46123637512926,9002.697709494823,51799.43483439329,209.47762055744556,2112.4148113957076,12987.219696673847,101981.4041296006,50835.23392073254,29600.95328801066,159098.91435570954,79.75467770634128,196.390612420119,8149.753390083811,34617.364781785334,205.55208765564834,2071.442870131987,12928.929549867471,68059.70257850112,2343838.0659359368,298309.24544061464,888411.2587633593,8765.823106077643,18548.83574011217,184176.13458143963,301427.9021140166,38905.6653000896,160907.2189898469,215772.16067482968,578989.1436623124,2170974.74368231,278345.2301262838,670978.5260254584,8123.445690105336,16183.024232547446,174112.06410936982,204161.3023980937,34067.10650063552,149702.69765037548,213854.34689959278,499668.0590559043,212047.14750383602,18732.806650861814,33068.54832466989,1671.5374179200242,2026.8738496440521,16376.733137773901,7215.093206622067,3224.2149229334764,13105.905304933805,16797.43685916411,30808.876351998184,163351.1842532329,18588.042222014243,32873.51185412763,1665.0454546659455,2022.5398427990344,16224.88171740899,7167.504920471284,3214.778657791266,13085.727800799628,16670.75612138837,30688.378087777117,2322766.1891434947,156714.51804720363,341639.20301759505,778.1817381910138,2439.1540206282834,104633.71290284344,38346.67817358727,8015.701926401298,67434.76637063516,141678.50720258694,322859.62668062304,2152701.675562159,155998.15990520426,340807.75642751897,776.8677360954259,2436.86105749391,103875.51394716969,38193.742935422895,8013.822629344791,67423.91678473633,141381.18633645633,322496.1150768767
DZ_S_var_1_10.0,2358598.9666201407,349600.1325798548,1356319.4742544016,92246.89766177663,72574.530260746,197685.1513535165,345061.34130674734,106835.20459527262,277684.3601311993,229713.54677523725,634699.5228779302,3592206.7354523106,336672.5869553024,1324510.8547442262,63920.30122338858,56769.18733445753,177275.8557978638,224218.17334373307,87997.49058068664,250771.8372663293,218161.98696085202,522198.0384229509,256914.07693529478,127422.69605729578,699176.4550381424,7037.5181412378915,7322.5920966933,44330.46503614031,137528.5086338152,8556.064610716956,23112.77127944197,51046.00384398978,224031.7073589068,269804.01863172214,75636.7901769952,300517.30525002966,5462.203107741141,6201.8063415335155,39960.31994847932,90609.07455442059,6788.353684549821,20546.89080762173,47652.08202834604,148338.13045653107,2328916.3064313987,251147.3943110248,999207.0983860414,1182.881809422215,4097.935710325989,133124.1368223547,262474.8689512955,11242.636684814937,80889.63903646698,188495.36937191026,552827.1284791997,2185635.569704133,244423.61283166308,647284.1779198953,1178.6958999596152,4014.956632024928,132438.6435372922,175156.58105113992,11128.308956765237,80450.91493366518,179550.2449217585,447249.90802205785,138748.73145957003,39378.81555929338,333392.1714959004,82.0823018606649,201.46123637512926,8998.21912204651,51742.733785016564,209.47762055744556,2112.4148113957076,12978.542477943422,101899.14325956356,50835.23392073254,29600.95328801066,159098.91435570954,79.75467770634128,196.390612420119,8149.567010299026,34616.49959465959,205.55208765564834,2071.442870131987,12922.181240620212,68021.5796777088,2343838.0659359368,298309.24544061464,888411.2587633593,8765.823106077643,18548.83574011217,183938.94575328685,301182.3390297521,38905.6653000896,160907.2189898469,215626.5201615072,578760.6891553781,2170974.74368231,278345.2301262838,670978.5260254584,8123.445690105336,16183.024232547446,173983.7229454008,203976.67176849415,34067.10650063552,149702.69765037548,213676.2218500177,499376.38164930313,212047.14750383602,18732.806650861814,33068.54832466989,1671.5374179200242,2026.8738496440521,16371.614549658736,7213.610488614018,3224.2149229334764,13105.905304933805,16792.079499511095,30803.913840003184,163351.1842532329,18588.042222014243,32873.51185412763,1665.0454546659455,2022.5398427990344,16219.494561628728,7165.9447456869975,3214.778657791266,13085.727800799628,16665.23217037188,30683.249080123704,2322766.1891434947,156714.51804720363,341639.20301759505,778.1817381910138,2439.1540206282834,101053.57033307363,37661.226909202756,8015.701926401298,67434.76637063516,140184.72962823047,321007.457465192,2152701.675562159,155998.15990520426,340807.75642751897,776.8677360954259,2436.86105749391,100289.44402245797,37504.63367210889,8013.822629344791,67423.91678473633,139890.26263202235,320647.6051704293
DZ_S_var_2_0.1,2358598.9666201407,349600.1325798548,1356319.4742544016,92246.89766177663,72574.530260746,219796.44162087044,382697.7432474061,106835.20459527262,277684.3601311993,242224.60431431103,664903.9308376854,3592206.7354523106,336672.5869553024,1324510.8547442262,63920.30122338858,56769.18733445753,193042.18661010134,234319.2817697585,87997.49058068664,250771.8372663293,230592.80652596688,537172.7430936559,256914.07693529478,127422.69605729578,699176.4550381424,7037.5181412378915,7322.5920966933,57988.125483597454,162595.6635807667,8556.064610716956,23112.77127944197,66087.36626803674,265305.9703427197,269804.01863172214,75636.7901769952,300517.30525002966,5462.203107741141,6201.8063415335155,47650.87343756669,99416.58080228842,6788.353684549821,20546.89080762173,56073.699279914006,162048.4180652455,2328916.3064313987,251147.3943110248,999207.0983860414,1182.881809422215,4097.935710325989,137751.19209612274,270458.42193977145,11242.636684814937,80889.63903646698,190281.47293222937,560747.5377878697,2185635.569704133,244423.61283166308,647284.1779198953,1178.6958999596152,4014.956632024928,136313.50461836276,178504.28620433927,11128.308956765237,80450.91493366518,183583.3543497442,452365.3559422891,138748.73145957003,39378.81555929338,333392.1714959004,82.0823018606649,201.46123637512926,9135.863661286436,52878.656696235696,209.47762055744556,2112.4148113957076,13187.58178982301,103941.42129092643,50835.23392073254,29600.95328801066,159098.91435570954,79.75467770634128,196.390612420119,8211.463744559513,34768.57050452874,205.55208765564834,2071.442870131987,13080.641939104447,68708.47487755485,2343838.0659359368,298309.24544061464,888411.2587633593,8765.823106077643,18548.83574011217,200487.22589260546,318740.4236743873,38905.6653000896,160907.2189898469,227088.8753737994,595785.7323183422,2170974.74368231,278345.2301262838,670978.5260254584,8123.445690105336,16183.024232547446,180726.45659879124,211535.11931773,34067.10650063552,149702.69765037548,222936.33347378916,514138.26589723554,212047.14750383602,18732.806650861814,33068.54832466989,1671.5374179200242,2026.8738496440521,16552.242716745593,7276.614534363021,3224.2149229334764,13105.905304933805,17006.369325517495,31002.81863937841,163351.1842532329,18588.042222014243,32873.51185412763,1665.0454546659455,2022.5398427990344,16406.239169170814,7230.663591168131,3214.778657791266,13085.727800799628,16882.425298021077,30885.479235337178,2322766.1891434947,156714.51804720363,341639.20301759505,778.1817381910138,2439.1540206282834,115713.17475307341,40404.66358880697,8015.701926401298,67434.76637063516,146639.79972332914,328966.57720751053,2152701.675562159,155998.15990520426,340807.75642751897,776.8677360954259,2436.86105749391,114925.79490326105,40253.57849103443,8013.822629344791,67423.91678473633,146310.716375258,328563.7144571823
DZ_S_var_2_0.2,2358598.9666201407,349600.1325798548,1356319.4742544016,92246.89766177663,72574.530260746,218787.4405071064,380815.07335285237,106835.20459527262,277684.3601311993,241608.11196308662,663371.1328878339,3592206.7354523106,336672.5869553024,1324510.8547442262,63920.30122338858,56769.18733445753,192370.40596008376,233904.42348778486,87997.49058068664,250771.8372663293,230078.51161630376,536567.1331183237,256914.07693529478,127422.69605729578,699176.4550381424,7037.5181412378915,7322.5920966933,57580.19231035745,161830.29576024076,8556.064610716956,23112.77127944197,65587.3955056947,263891.51918386784,269804.01863172214,75636.7901769952,300517.30525002966,5462.203107741141,6201.8063415335155,47414.87992836385,99169.67199878798,6788.353684549821,20546.89080762173,55822.73808864184,161680.53011652376,2328916.3064313987,251147.3943110248,999207.0983860414,1182.881809422215,4097.935710325989,137731.8730418256,270391.226786258,11242.636684814937,80889.63903646698,190274.7800771844,560696.8267985733,2185635.569704133,244423.61283166308,647284.1779198953,1178.6958999596152,4014.956632024928,136298.41289593122,178493.6676575877,11128.308956765237,80450.91493366518,183567.26237010944,452345.44820568664,138748.73145957003,39378.81555929338,333392.1714959004,82.0823018606649,201.46123637512926,9133.382165863057,52864.039180952044,209.47762055744556,2112.4148113957076,13185.200319025433,103917.25155303867,50835.23392073254,29600.95328801066,159098.91435570954,79.75467770634128,196.390612420119,8209.819899594526,34764.65013520602,205.55208765564834,2071.442870131987,13078.708935092043,68703.37850874482,2343838.0659359368,298309.24544061464,888411.2587633593,8765.823106077643,18548.83574011217,199997.65814824688,318210.0153950049,38905.6653000896,160907.2189898469,226718.7715267087,595258.3560399234,2170974.74368231,278345.2301262838,670978.5260254584,8123.445690105336,16183.024232547446,180560.639940697,211401.86689314296,34067.10650063552,149702.69765037548,222714.3036025333,513794.28822716995,212047.14750383602,18732.806650861814,33068.54832466989,1671.5374179200242,2026.8738496440521,16549.79520336863,7275.463388159164,3224.2149229334764,13105.905304933805,17002.687700124272,30999.386210134344,163351.1842532329,18588.042222014243,32873.51185412763,1665.0454546659455,2022.5398427990344,16403.761998294693,7229.506522329459,3214.778657791266,13085.727800799628,16878.749517939264,30882.037037856306,2322766.1891434947,156714.51804720363,341639.20301759505,778.1817381910138,2439.1540206282834,115712.03730370603,40404.45646520105,8015.701926401298,67434.76637063516,146636.97853911654,328962.9839595084,2152701.675562159,155998.15990520426,340807.75642751897,776.8677360954259,2436.86105749391,114924.67399000278,40253.373553817866,8013.822629344791,67423.91678473633,146307.8971113089,328560.11992512975
DZ_S_var_2_0.3,2358598.9666201407,349600.1325798548,1356319.4742544016,92246.89766177663,72574.530260746,216129.24842679323,375904.8502493505,106835.20459527262,277684.3601311993,240006.8367614179,659402.8370693583,3592206.7354523106,336672.5869553024,1324510.8547442262,63920.30122338858,56769.18733445753,190589.08117376975,232801.02131593047,87997.49058068664,250771.8372663293,228717.2531262053,534961.0055247111,256914.07693529478,127422.69605729578,699176.4550381424,7037.5181412378915,7322.5920966933,56448.563713214826,159707.11983432597,8556.064610716956,23112.77127944197,64217.40589994491,260021.53272716774,269804.01863172214,75636.7901769952,300517.30525002966,5462.203107741141,6201.8063415335155,46754.19890639678,98475.16268363445,6788.353684549821,20546.89080762173,55123.114552101055,160650.727992839,2328916.3064313987,251147.3943110248,999207.0983860414,1182.881809422215,4097.935710325989,137672.53622902159,270185.03778021317,11242.636684814937,80889.63903646698,190254.24162170797,560541.2728900588,2185635.569704133,244423.61283166308,647284.1779198953,1178.6958999596152,4014.956632024928,136252.0192116197,178461.02216970164,11128.308956765237,80450.91493366518,183517.8001862663,452284.25207015185,138748.73145957003,39378.81555929338,333392.1714959004,82.0823018606649,201.46123637512926,9125.720746835703,52818.935131542865,209.47762055744556,2112.4148113957076,13177.86052360658,103842.81049383717,50835.23392073254,29600.95328801066,159098.91435570954,79.75467770634128,196.390612420119,8204.742399107266,34752.53937829328,205.55208765564834,2071.442870131987,13072.745032937572,68687.65232252608,2343838.0659359368,298309.24544061464,888411.2587633593,8765.823106077643,18548.83574011217,198634.69102244716,316733.6324581237,38905.6653000896,160907.2189898469,225692.17206254127,593793.8354551268,2170974.74368231,278345.2301262838,670978.5260254584,8123.445690105336,16183.024232547446,180089.30720619668,211023.13697786172,34067.10650063552,149702.69765037548,222083.95727762362,512817.75673744833,212047.14750383602,18732.806650861814,33068.54832466989,1671.5374179200242,2026.8738496440521,16542.654385083737,7272.106002126637,3224.2149229334764,13105.905304933805,16991.998252463305,30989.418330712204,163351.1842532329,18588.042222014243,32873.51185412763,1665.0454546659455,2022.5398427990344,16396.532699868694,7226.130946255926,3214.778657791266,13085.727800799628,16868.073310898853,30872.037290675824,2322766.1891434947,156714.51804720363,341639.20301759505,778.1817381910138,2439.1540206282834,115708.45059257495,40403.80333797722,8015.701926401298,67434.76637063516,146628.0830859086,328951.6539838536,2152701.675562159,155998.15990520426,340807.75642751897,776.8677360954259,2436.86105749391,114921.13941979133,40252.72732062962,8013.822629344791,67423.91678473633,146299.007710537,328548.78589752805
DZ_S_var_2_0.6,2358598.9666201407,349600.1325798548,1356319.4742544016,92246.89766177663,72574.530260746,210890.0924872628,366428.7578445529,106835.20459527262,277684.3601311993,236944.58838152708,651865.1216931593,3592206.7354523106,336672.5869553024,1324510.8547442262,63920.30122338858,56769.18733445753,187028.45142580383,230580.6732892945,87997.49058068664,250771.8372663293,226006.9825313854,531749.3484568787,256914.07693529478,127422.69605729578,699176.4550381424,7037.5181412378915,7322.5920966933,53942.87367822511,155003.50306005077,8556.064610716956,23112.77127944197,61269.83777775613,251718.8249395109,269804.01863172214,75636.7901769952,300517.30525002966,5462.203107741141,6201.8063415335155,45259.01934008873,96885.17026320694,6788.353684549821,20546.89080762173,53555.73377946506,158320.60287707386,2328916.3064313987,251147.3943110248,999207.0983860414,1182.881809422215,4097.935710325989,137500.84538262096,269590.0825893611,11242.636684814937,80889.63903646698,190194.96684536,560092.8753987602,2185635.569704133,244423.61283166308,647284.1779198953,1178.6958999596152,4014.956632024928,136117.43189898838,178366.2937215652,11128.308956765237,80450.91493366518,183374.36588312755,452106.74466344656,138748.73145957003,39378.81555929338,333392.1714959004,82.0823018606649,201.46123637512926,9103.209230313218,52686.63567475129,209.47762055744556,2112.4148113957076,13156.405337874194,103625.65062426454,50835.23392073254,29600.95328801066,159098.91435570954,79.75467770634128,196.390612420119,8189.803414104215,34716.89369029,205.55208765564834,2071.442870131987,13055.257024234892,68641.51781725684,2343838.0659359368,298309.24544061464,888411.2587633593,8765.823106077643,18548.83574011217,195590.99327689275,313437.9672426678,38905.6653000896,160907.2189898469,223419.50415571732,590542.8547392563,2170974.74368231,278345.2301262838,670978.5260254584,8123.445690105336,16183.024232547446,178982.2904571928,210133.83515480853,34067.10650063552,149702.69765037548,220607.94329176884,510531.2464475939,212047.14750383602,18732.806650861814,33068.54832466989,1671.5374179200242,2026.8738496440521,16524.73248502588,7263.687395774158,3224.2149229334764,13105.905304933805,16965.506453424423,30964.702204626938,163351.1842532329,18588.042222014243,32873.51185412763,1665.0454546659455,2022.5398427990344,16378.375918424425,7217.660722380669,3214.778657791266,13085.727800799628,16841.590379446363,30847.21965770373,2322766.1891434947,156714.51804720363,341639.20301759505,778.1817381910138,2439.1540206282834,115697.20963073669,40401.75634204764,8015.701926401298,67434.76637063516,146600.2097954847,328916.1509637305,2152701.675562159,155998.15990520426,340807.75642751897,776.8677360954259,2436.86105749391,114910.06184820547,40250.70192814362,8013.822629344791,67423.91678473633,146271.15336204835,328513.27014922106
DZ_S_var_2_1.0,2358598.9666201407,349600.1325798548,1356319.4742544016,92246.89766177663,72574.530260746,204682.75731067968,355524.91797203966,106835.20459527262,277684.3601311993,233469.13943187645,643389.2049966872,3592206.7354523106,336672.5869553024,1324510.8547442262,63920.30122338858,56769.18733445753,182722.23970409823,227868.3448247341,87997.49058068664,250771.8372663293,222748.1188801754,527862.7916718734,256914.07693529478,127422.69605729578,699176.4550381424,7037.5181412378915,7322.5920966933,50385.936361314976,148310.24723126378,8556.064610716956,23112.77127944197,57277.82272641161,240505.55028074814,269804.01863172214,75636.7901769952,300517.30525002966,5462.203107741141,6201.8063415335155,43056.768886269834,94494.880980478,6788.353684549821,20546.89080762173,51286.56691559696,154888.2613257681,2328916.3064313987,251147.3943110248,999207.0983860414,1182.881809422215,4097.935710325989,137079.09534648966,268138.9240507375,11242.636684814937,80889.63903646698,190050.32076822448,559002.00255162,2185635.569704133,244423.61283166308,647284.1779198953,1178.6958999596152,4014.956632024928,135784.61694628475,178131.88764317252,11128.308956765237,80450.91493366518,183020.02240852755,451667.93202775065,138748.73145957003,39378.81555929338,333392.1714959004,82.0823018606649,201.46123637512926,9045.64757005716,52349.89045049128,209.47762055744556,2112.4148113957076,13102.288769160166,103080.80176504848,50835.23392073254,29600.95328801066,159098.91435570954,79.75467770634128,196.390612420119,8151.469839149551,34625.333839980165,205.55208765564834,2071.442870131987,13010.781237008936,68524.04998406288,2343838.0659359368,298309.24544061464,888411.2587633593,8765.823106077643,18548.83574011217,191208.31769724787,308694.72756462597,38905.6653000896,160907.2189898469,220194.44728546366,585908.2248744873,2170974.74368231,278345.2301262838,670978.5260254584,8123.445690105336,16183.024232547446,177241.7313558009,208736.1617946273,34067.10650063552,149702.69765037548,218299.83061291042,506955.94524680864,212047.14750383602,18732.806650861814,33068.54832466989,1671.5374179200242,2026.8738496440521,16492.781840572316,7248.706170312878,3224.2149229334764,13105.905304933805,16919.437494790614,30921.678256826694,163351.1842532329,18588.042222014243,32873.51185412763,1665.0454546659455,2022.5398427990344,16345.960997506065,7202.566367726358,3214.778657791266,13085.727800799628,16795.455408009602,30803.942403376863,2322766.1891434947,156714.51804720363,341639.20301759505,778.1817381910138,2439.1540206282834,115662.64464765403,40395.46146429106,8015.701926401298,67434.76637063516,146514.55480068622,328807.03716452274,2152701.675562159,155998.15990520426,340807.75642751897,776.8677360954259,2436.86105749391,114875.99906289042,40244.473451865495,8013.822629344791,67423.91678473633,146185.5563583225,328404.11693546316
DZ_S_var_2_1.8,2358598.9666201407,349600.1325798548,1356319.4742544016,92246.89766177663,72574.530260746,200565.28137719491,348471.4929174242,106835.20459527262,277684.3601311993,231249.99959736582,638019.562764795,3592206.7354523106,336672.5869553024,1324510.8547442262,63920.30122338858,56769.18733445753,179811.92792920984,226017.97007937593,87997.49058068664,250771.8372663293,220557.28881931215,525234.4676321519,256914.07693529478,127422.69605729578,699176.4550381424,7037.5181412378915,7322.5920966933,47572.50876227459,142990.896330339,8556.064610716956,23112.77127944197,54269.475590324946,232059.96987737037,269804.01863172214,75636.7901769952,300517.30525002966,5462.203107741141,6201.8063415335155,41244.83896251678,92482.21920448403,6788.353684549821,20546.89080762173,49453.91143082554,152062.44013089137,2328916.3064313987,251147.3943110248,999207.0983860414,1182.881809422215,4097.935710325989,136358.16639988066,265691.6399064197,11242.636684814937,80889.63903646698,189806.1786773996,557171.41042018,2185635.569704133,244423.61283166308,647284.1779198953,1178.6958999596152,4014.956632024928,135208.33587912665,177725.4762927625,11128.308956765237,80450.91493366518,182407.63607363572,450908.57337850943,138748.73145957003,39378.81555929338,333392.1714959004,82.0823018606649,201.46123637512926,8939.093236754497,51732.263256101185,209.47762055744556,2112.4148113957076,13004.847123487985,102110.02204450959,50835.23392073254,29600.95328801066,159098.91435570954,79.75467770634128,196.390612420119,8079.9936742436885,34454.25296455033,205.55208765564834,2071.442870131987,12929.352926953163,68308.46897431751,2343838.0659359368,298309.24544061464,888411.2587633593,8765.823106077643,18548.83574011217,187689.12650817915,304886.9337638093,38905.6653000896,160907.2189898469,217644.43672570612,582225.6275759225,2170974.74368231,278345.2301262838,670978.5260254584,8123.445690105336,16183.024232547446,175701.15536721185,207499.59414616262,34067.10650063552,149702.69765037548,216269.67346572486,503811.2419606322,212047.14750383602,18732.806650861814,33068.54832466989,1671.5374179200242,2026.8738496440521,16459.79961178658,7233.277639184525,3224.2149229334764,13105.905304933805,16873.37739097848,30878.607967184114,163351.1842532329,18588.042222014243,32873.51185412763,1665.0454546659455,2022.5398427990344,16312.438157122944,7186.992787973966,3214.778657791266,13085.727800799628,16749.225630250072,30760.52077539671,2322766.1891434947,156714.51804720363,341639.20301759505,778.1817381910138,2439.1540206282834,115562.29547434293,40377.18151027889,8015.701926401298,67434.76637063516,146266.3328734371,328490.72625340754,2152701.675562159,155998.15990520426,340807.75642751897,776.8677360954259,2436.86105749391,114777.10604963795,40226.38604184141,8013.822629344791,67423.91678473633,145937.50062914658,328087.68923894945
DZ_S_var_2_3.2,2358598.9666201407,349600.1325798548,1356319.4742544016,92246.89766177663,72574.530260746,198770.16412418082,345438.5746770302,106835.20459527262,277684.3601311993,230303.09456775626,635738.1352723036,3592206.7354523106,336672.5869553024,1324510.8547442262,63920.30122338858,56769.18733445753,178529.34901683798,225197.97794813255,87997.49058068664,250771.8372663293,219594.7489418164,524075.7126774227,256914.07693529478,127422.69605729578,699176.4550381424,7037.5181412378915,7322.5920966933,46206.078290578575,140395.82429526706,8556.064610716956,23112.77127944197,52853.22532597681,228080.24064625578,269804.01863172214,75636.7901769952,300517.30525002966,5462.203107741141,6201.8063415335155,40341.40592207432,91462.25554158817,6788.353684549821,20546.89080762173,48551.46375991889,150652.38168156854,2328916.3064313987,251147.3943110248,999207.0983860414,1182.881809422215,4097.935710325989,135652.79449906244,263336.698425667,11242.636684814937,80889.63903646698,189571.02914209457,555420.7462512273,2185635.569704133,244423.61283166308,647284.1779198953,1178.6958999596152,4014.956632024928,134635.29256473546,177320.67941344948,11128.308956765237,80450.91493366518,181800.159315032,450154.05758648843,138748.73145957003,39378.81555929338,333392.1714959004,82.0823018606649,201.46123637512926,8823.464122059195,51070.20020953806,209.47762055744556,2112.4148113957076,12902.94184955278,101108.53393416016,50835.23392073254,29600.95328801066,159098.91435570954,79.75467770634128,196.390612420119,8001.663295079629,34266.21993082294,205.55208765564834,2071.442870131987,12842.290755477228,68077.2286164513,2343838.0659359368,298309.24544061464,888411.2587633593,8765.823106077643,18548.83574011217,185962.8373257822,303019.0829284045,38905.6653000896,160907.2189898469,216406.23292798994,580431.6177282732,2170974.74368231,278345.2301262838,670978.5260254584,8123.445690105336,16183.024232547446,174892.9667354474,206851.06036429934,34067.10650063552,149702.69765037548,215209.40534557117,502168.842816817,212047.14750383602,18732.806650861814,33068.54832466989,1671.5374179200242,2026.8738496440521,16440.34949677665,7224.196436675428,3224.2149229334764,13105.905304933805,16846.8987014831,30853.823231707,163351.1842532329,18588.042222014243,32873.51185412763,1665.0454546659455,2022.5398427990344,16292.639954006083,7177.812636342015,3214.778657791266,13085.727800799628,16722.602337892164,30735.489395200544,2322766.1891434947,156714.51804720363,341639.20301759505,778.1817381910138,2439.1540206282834,115313.65540616556,40331.85855397139,8015.701926401298,67434.76637063516,145654.18292393896,327709.9758155291,2152701.675562159,155998.15990520426,340807.75642751897,776.8677360954259,2436.86105749391,114532.06230121748,40181.538666093795,8013.822629344791,67423.91678473633,145325.7487532105,327306.63445176923
DZ_S_var_2_5.6,2358598.9666201407,349600.1325798548,1356319.4742544016,92246.89766177663,72574.530260746,198132.50809463326,344367.20391600806,106835.20459527262,277684.3601311993,229969.67572216596,634936.187111688,3592206.7354523106,336672.5869553024,1324510.8547442262,63920.30122338858,56769.18733445753,178071.72069088902,224904.72251824025,87997.49058068664,250771.8372663293,219251.7487732165,523662.19622529915,256914.07693529478,127422.69605729578,699176.4550381424,7037.5181412378915,7322.5920966933,45697.64591280888,139427.91439710045,8556.064610716956,23112.77127944197,52333.48411185298,226618.6232545976,269804.01863172214,75636.7901769952,300517.30525002966,5462.203107741141,6201.8063415335155,40001.224965372225,91075.2528681851,6788.353684549821,20546.89080762173,48213.5787014913,150121.19220727845,2328916.3064313987,251147.3943110248,999207.0983860414,1182.881809422215,4097.935710325989,135254.08343167137,262022.39767255093,11242.636684814937,80889.63903646698,189439.70815762438,554448.3551803842,2185635.569704133,244423.61283166308,647284.1779198953,1178.6958999596152,4014.956632024928,134307.271191792,177088.66359795738,11128.308956765237,80450.91493366518,181453.0847487025,449722.41500588495,138748.73145957003,39378.81555929338,333392.1714959004,82.0823018606649,201.46123637512926,8752.411443689565,50667.45043590405,209.47762055744556,2112.4148113957076,12842.208660918986,100518.18529581913,50835.23392073254,29600.95328801066,159098.91435570954,79.75467770634128,196.390612420119,7953.129103277599,34149.421642087065,205.55208765564834,2071.442870131987,12789.450853203478,67936.50583505745,2343838.0659359368,298309.24544061464,888411.2587633593,8765.823106077643,18548.83574011217,185317.62284000515,302320.92928840645,38905.6653000896,160907.2189898469,215945.5605149109,579763.1697876579,2170974.74368231,278345.2301262838,670978.5260254584,8123.445690105336,16183.024232547446,174581.33404593405,206601.01837503407,34067.10650063552,149702.69765037548,214801.44216129035,501536.87432461366,212047.14750383602,18732.806650861814,33068.54832466989,1671.5374179200242,2026.8738496440521,16432.39840243515,7220.487761016712,3224.2149229334764,13105.905304933805,16836.216200668914,30843.81899545115,163351.1842532329,18588.042222014243,32873.51185412763,1665.0454546659455,2022.5398427990344,16284.540297031313,7174.060652951118,3214.778657791266,13085.727800799628,16711.851752363134,30725.376380594666,2322766.1891434947,156714.51804720363,341639.20301759505,778.1817381910138,2439.1540206282834,114881.46497723843,40252.975938051386,8015.701926401298,67434.76637063516,144599.80338608054,326362.8941101569,2152701.675562159,155998.15990520426,340807.75642751897,776.8677360954259,2436.86105749391,114106.08344744796,40103.477630454516,8013.822629344791,67423.91678473633,144272.0155149726,325958.973738665
DZ_S_var_2_10.0,2358598.9666201407,349600.1325798548,1356319.4742544016,92246.89766177663,72574.530260746,197922.927260594,344015.7473379309,106835.20459527262,277684.3601311993,229860.4227706746,634673.5638456738,3592206.7354523106,336672.5869553024,1324510.8547442262,63920.30122338858,56769.18733445753,177921.07623037946,224808.10856241154,87997.49058068664,250771.8372663293,219138.88843768623,523526.064692105,256914.07693529478,127422.69605729578,699176.4550381424,7037.5181412378915,7322.5920966933,45527.76207242712,139104.20298881226,8556.064610716956,23112.77127944197,52160.68240089013,226132.50960308276,269804.01863172214,75636.7901769952,300517.30525002966,5462.203107741141,6201.8063415335155,39887.066557893944,90945.0150377357,6788.353684549821,20546.89080762173,48100.42528569848,149942.90219281596,2328916.3064313987,251147.3943110248,999207.0983860414,1182.881809422215,4097.935710325989,135094.60440102097,261500.03458124938,11242.636684814937,80889.63903646698,189387.50008567784,554062.8141151959,2185635.569704133,244423.61283166308,647284.1779198953,1178.6958999596152,4014.956632024928,134175.22407917815,176995.20178873176,11128.308956765237,80450.91493366518,181313.5024366453,449548.7071705538,138748.73145957003,39378.81555929338,333392.1714959004,82.0823018606649,201.46123637512926,8722.723773550222,50500.068958644544,209.47762055744556,2112.4148113957076,12817.243289783146,100276.89726385416,50835.23392073254,29600.95328801066,159098.91435570954,79.75467770634128,196.390612420119,7932.758927194882,34100.333269345225,205.55208765564834,2071.442870131987,12767.519371047627,67878.0137047329,2343838.0659359368,298309.24544061464,888411.2587633593,8765.823106077643,18548.83574011217,185101.68541044122,302087.269199529,38905.6653000896,160907.2189898469,215791.64068171853,579539.7079406776,2170974.74368231,278345.2301262838,670978.5260254584,8123.445690105336,16183.024232547446,174475.83545557046,206516.37385790268,34067.10650063552,149702.69765037548,214663.44175658652,501323.09781796875,212047.14750383602,18732.806650861814,33068.54832466989,1671.5374179200242,2026.8738496440521,16429.64600673858,7219.204439840073,3224.2149229334764,13105.905304933805,16832.537188451297,30840.37288992825,163351.1842532329,18588.042222014243,32873.51185412763,1665.0454546659455,2022.5398427990344,16281.73562601549,7172.76195417267,3214.778657791266,13085.727800799628,16708.14799350942,30721.891575429905,2322766.1891434947,156714.51804720363,341639.20301759505,778.1817381910138,2439.1540206282834,114449.6012026342,40174.02359329775,8015.701926401298,67434.76637063516,143558.30275851945,325029.37089686113,2152701.675562159,155998.15990520426,340807.75642751897,776.8677360954259,2436.86105749391,113680.37631446867,40025.33977838396,8013.822629344791,67423.91678473633,143231.10440590204,324624.8100337065
DZ_S_var_3_0.1,2358598.9666201407,349600.1325798548,1356319.4742544016,92246.89766177663,72574.530260746,214632.41628433779,374134.8837893175,106835.20459527262,277684.3601311993,239444.87250065643,657334.594659869,3592206.7354523106,336672.5869553024,1324510.8547442262,63920.30122338858,56769.18733445753,192046.53847147225,235102.58499337733,87997.49058068664,250771.8372663293,229005.13038261991,535274.6435083279,256914.07693529478,127422.69605729578,699176.4550381424,7037.5181412378915,7322.5920966933,52755.79673435796,153908.00460810107,8556.064610716956,23112.77127944197,60507.22851854319,251448.89766128024,269804.01863172214,75636.7901769952,300517.30525002966,5462.203107741141,6201.8063415335155,45100.930706700594,97108.76074315562,6788.353684549821,20546.89080762173,53657.03884841663,158642.37203910504,2328916.3064313987,251147.3943110248,999207.0983860414,1182.881809422215,4097.935710325989,137902.46277030403,270789.22935068206,11242.636684814937,80889.63903646698,190384.47024266157,560307.3222970029,2185635.569704133,244423.61283166308,647284.1779198953,1178.6958999596152,4014.956632024928,136577.92454584164,179094.66332791356,11128.308956765237,80450.91493366518,183593.31377460953,452379.30599944637,138748.73145957003,39378.81555929338,333392.1714959004,82.0823018606649,201.46123637512926,9130.350372698116,52823.59466138558,209.47762055744556,2112.4148113957076,13153.32928249467,103807.9442319857,50835.23392073254,29600.95328801066,159098.91435570954,79.75467770634128,196.390612420119,8221.260856726798,34806.105316493646,205.55208765564834,2071.442870131987,13058.030290395029,68718.4692183375,2343838.0659359368,298309.24544061464,888411.2587633593,8765.823106077643,18548.83574011217,198865.37505907737,316785.4231633822,38905.6653000896,160907.2189898469,226552.8061722359,594535.5559986975,2170974.74368231,278345.2301262838,670978.5260254584,8123.445690105336,16183.024232547446,183006.15881672662,212158.452582366,34067.10650063552,149702.69765037548,223803.39912068576,513800.40928235935,212047.14750383602,18732.806650861814,33068.54832466989,1671.5374179200242,2026.8738496440521,16636.03382634652,7324.774265242424,3224.2149229334764,13105.905304933805,17038.540246928,31030.439329648252,163351.1842532329,18588.042222014243,32873.51185412763,1665.0454546659455,2022.5398427990344,16486.967478004553,7278.003881441476,3214.778657791266,13085.727800799628,16914.556943736177,30913.09470401283,2322766.1891434947,156714.51804720363,341639.20301759505,778.1817381910138,2439.1540206282834,115737.46297799649,40501.60290597857,8015.701926401298,67434.76637063516,146930.36534243505,329356.8645430812,2152701.675562159,155998.15990520426,340807.75642751897,776.8677360954259,2436.86105749391,114948.67235657398,40350.15371571495,8013.822629344791,67423.91678473633,146601.1778734506,328954.12192753836
DZ_S_var_3_0.2,2358598.9666201407,349600.1325798548,1356319.4742544016,92246.89766177663,72574.530260746,214103.28695343726,373117.32130327896,106835.20459527262,277684.3601311993,239110.12613857086,656548.2715015732,3592206.7354523106,336672.5869553024,1324510.8547442262,63920.30122338858,56769.18733445753,191540.80480741843,234711.24302419834,87997.49058068664,250771.8372663293,228659.00836047137,534867.2513202376,256914.07693529478,127422.69605729578,699176.4550381424,7037.5181412378915,7322.5920966933,52655.00530308345,153667.69225814403,8556.064610716956,23112.77127944197,60360.20085647664,250944.875604847,269804.01863172214,75636.7901769952,300517.30525002966,5462.203107741141,6201.8063415335155,45014.33480867772,96998.59809618932,6788.353684549821,20546.89080762173,53550.8746114209,158475.71067144081,2328916.3064313987,251147.3943110248,999207.0983860414,1182.881809422215,4097.935710325989,137880.02887614272,270716.39872256375,11242.636684814937,80889.63903646698,190375.2614247326,560271.2880122744,2185635.569704133,244423.61283166308,647284.1779198953,1178.6958999596152,4014.956632024928,136556.32304578973,179068.3894831922,11128.308956765237,80450.91493366518,183577.5962709421,452359.8173230768,138748.73145957003,39378.81555929338,333392.1714959004,82.0823018606649,201.46123637512926,9128.15598721649,52811.27213728556,209.47762055744556,2112.4148113957076,13151.996834067784,103788.838119539,50835.23392073254,29600.95328801066,159098.91435570954,79.75467770634128,196.390612420119,8219.454705009908,34801.430294273814,205.55208765564834,2071.442870131987,13056.79819407761,68713.39632790588,2343838.0659359368,298309.24544061464,888411.2587633593,8765.823106077643,18548.83574011217,198512.39539419944,316412.5888528011,38905.6653000896,160907.2189898469,226253.63057565028,594132.1334707638,2170974.74368231,278345.2301262838,670978.5260254584,8123.445690105336,16183.024232547446,182746.91469977188,212005.65217312504,34067.10650063552,149702.69765037548,223554.20570013134,513491.9079716787,212047.14750383602,18732.806650861814,33068.54832466989,1671.5374179200242,2026.8738496440521,16630.581363319805,7321.859333855035,3224.2149229334764,13105.905304933805,17033.930734472953,31026.237122416034,163351.1842532329,18588.042222014243,32873.51185412763,1665.0454546659455,2022.5398427990344,16481.603143037028,7275.114466487209,3214.778657791266,13085.727800799628,16909.949514626158,30908.87929441928,2322766.1891434947,156714.51804720363,341639.20301759505,778.1817381910138,2439.1540206282834,115735.75846686152,40499.1770043934,8015.701926401298,67434.76637063516,146920.82635903422,329344.25515530136,2152701.675562159,155998.15990520426,340807.75642751897,776.8677360954259,2436.86105749391,114947.01674848446,40347.73837737561,8013.822629344791,67423.91678473633,146591.64324005504,328941.50849922496
DZ_S_var_3_0.3,2358598.9666201407,349600.1325798548,1356319.4742544016,92246.89766177663,72574.530260746,212632.64394816718,370306.27186579484,106835.20459527262,277684.3601311993,238190.19295382957,654390.5349402828,3592206.7354523106,336672.5869553024,1324510.8547442262,63920.30122338858,56769.18733445753,190141.1024224167,233627.56628771737,87997.49058068664,250771.8372663293,227705.16341103867,533742.991615029,256914.07693529478,127422.69605729578,699176.4550381424,7037.5181412378915,7322.5920966933,52362.57591232233,152971.63296359155,8556.064610716956,23112.77127944197,59938.78754540395,249503.43532248706,269804.01863172214,75636.7901769952,300517.30525002966,5462.203107741141,6201.8063415335155,44762.91930761395,96678.48546504615,6788.353684549821,20546.89080762173,53245.66859686672,157995.832033765,2328916.3064313987,251147.3943110248,999207.0983860414,1182.881809422215,4097.935710325989,137810.69037973456,270491.5159011946,11242.636684814937,80889.63903646698,190346.83624880158,560160.0816015318,2185635.569704133,244423.61283166308,647284.1779198953,1178.6958999596152,4014.956632024928,136489.55257447503,178987.1972974535,11128.308956765237,80450.91493366518,183529.05139780857,452299.6196889996,138748.73145957003,39378.81555929338,333392.1714959004,82.0823018606649,201.46123637512926,9121.335225490859,52772.98752726206,209.47762055744556,2112.4148113957076,13147.858683642824,103729.5433129905,50835.23392073254,29600.95328801066,159098.91435570954,79.75467770634128,196.390612420119,8213.840031986594,34786.89625002257,205.55208765564834,2071.442870131987,13052.9712356536,68697.6407124118,2343838.0659359368,298309.24544061464,888411.2587633593,8765.823106077643,18548.83574011217,197503.0140849035,315346.38475456805,38905.6653000896,160907.2189898469,225401.39943346198,592981.6003705603,2170974.74368231,278345.2301262838,670978.5260254584,8123.445690105336,16183.024232547446,182002.19229090115,211566.13320293324,34067.10650063552,149702.69765037548,222839.24138848594,512606.0510261156,212047.14750383602,18732.806650861814,33068.54832466989,1671.5374179200242,2026.8738496440521,16614.469973970557,7313.255211777042,3224.2149229334764,13105.905304933805,17020.345931085467,31013.84940047747,163351.1842532329,18588.042222014243,32873.51185412763,1665.0454546659455,2022.5398427990344,16465.75093253875,7266.585033784392,3214.778657791266,13085.727800799628,16896.369897835484,30896.451758539493,2322766.1891434947,156714.51804720363,341639.20301759505,778.1817381910138,2439.1540206282834,115730.3898425746,40491.5386291306,8015.701926401298,67434.76637063516,146890.8020759437,329304.5654332148,2152701.675562159,155998.15990520426,340807.75642751897,776.8677360954259,2436.86105749391,114941.80214136631,40340.133255353045,8013.822629344791,67423.91678473633,146561.63264459092,328901.80604899925
DZ_S_var_3_0.6,2358598.9666201407,349600.1325798548,1356319.4742544016,92246.89766177663,72574.530260746,209361.5241518971,364141.60964503366,106835.20459527262,277684.3601311993,236197.51142075806,649732.5037017575,3592206.7354523106,336672.5869553024,1324510.8547442262,63920.30122338858,56769.18733445753,187058.62980938194,231237.9396298146,87997.49058068664,250771.8372663293,225625.60454400323,531283.8698755133,256914.07693529478,127422.69605729578,699176.4550381424,7037.5181412378915,7322.5920966933,51639.2160213626,151257.14717920657,8556.064610716956,23112.77127944197,58928.25089841715,246065.7338288334,269804.01863172214,75636.7901769952,300517.30525002966,5462.203107741141,6201.8063415335155,44139.91066905504,95883.44656973127,6788.353684549821,20546.89080762173,52508.212702195,156831.65833505744,2328916.3064313987,251147.3943110248,999207.0983860414,1182.881809422215,4097.935710325989,137606.28988178933,269830.53122697084,11242.636684814937,80889.63903646698,190263.3698219397,559833.7306834866,2185635.569704133,244423.61283166308,647284.1779198953,1178.6958999596152,4014.956632024928,136292.6806510308,178747.9835657999,11128.308956765237,80450.91493366518,183386.2517339331,452122.49696558865,138748.73145957003,39378.81555929338,333392.1714959004,82.0823018606649,201.46123637512926,9100.884893808618,52658.35657065693,209.47762055744556,2112.4148113957076,13135.4828768607,103552.59561203663,50835.23392073254,29600.95328801066,159098.91435570954,79.75467770634128,196.390612420119,8196.99995465373,34743.2943974123,205.55208765564834,2071.442870131987,13041.521863616397,68650.513120281,2343838.0659359368,298309.24544061464,888411.2587633593,8765.823106077643,18548.83574011217,195096.56438035538,312804.0954952823,38905.6653000896,160907.2189898469,223389.07878271816,590256.9631210371,2170974.74368231,278345.2301262838,670978.5260254584,8123.445690105336,16183.024232547446,180206.20480932904,210502.64943383096,34067.10650063552,149702.69765037548,221120.40643782145,510471.90561967844,212047.14750383602,18732.806650861814,33068.54832466989,1671.5374179200242,2026.8738496440521,16572.649475285198,7290.984963084068,3224.2149229334764,13105.905304933805,16985.331213104113,30981.897412203285,163351.1842532329,18588.042222014243,32873.51185412763,1665.0454546659455,2022.5398427990344,16424.59461307401,7244.50374452984,3214.778657791266,13085.727800799628,16861.361983748506,30864.39090846077,2322766.1891434947,156714.51804720363,341639.20301759505,778.1817381910138,2439.1540206282834,115713.62500002519,40467.70917259915,8015.701926401298,67434.76637063516,146797.24120550367,329180.87335735234,2152701.675562159,155998.15990520426,340807.75642751897,776.8677360954259,2436.86105749391,114925.51815143133,40316.40747090191,8013.822629344791,67423.91678473633,146468.11438657754,328778.07420856034
DZ_S_var_3_1.0,2358598.9666201407,349600.1325798548,1356319.4742544016,92246.89766177663,72574.530260746,204682.75731067968,355524.91797203966,106835.20459527262,277684.3601311993,233469.13943187645,643389.2049966872,3592206.7354523106,336672.5869553024,1324510.8547442262,63920.30122338858,56769.18733445753,182722.23970409823,227868.3448247341,87997.49058068664,250771.8372663293,222748.1188801754,527862.7916718734,256914.07693529478,127422.69605729578,699176.4550381424,7037.5181412378915,7322.5920966933,50385.936361314976,148310.24723126378,8556.064610716956,23112.77127944197,57277.82272641161,240505.55028074814,269804.01863172214,75636.7901769952,300517.30525002966,5462.203107741141,6201.8063415335155,43056.768886269834,94494.880980478,6788.353684549821,20546.89080762173,51286.56691559696,154888.2613257681,2328916.3064313987,251147.3943110248,999207.0983860414,1182.881809422215,4097.935710325989,137079.09534648966,268138.9240507375,11242.636684814937,80889.63903646698,190050.32076822448,559002.00255162,2185635.569704133,244423.61283166308,647284.1779198953,1178.6958999596152,4014.956632024928,135784.61694628475,178131.88764317252,11128.308956765237,80450.91493366518,183020.02240852755,451667.93202775065,138748.73145957003,39378.81555929338,333392.1714959004,82.0823018606649,201.46123637512926,9045.64757005716,52349.89045049128,209.47762055744556,2112.4148113957076,13102.288769160166,103080.80176504848,50835.23392073254,29600.95328801066,159098.91435570954,79.75467770634128,196.390612420119,8151.469839149551,34625.333839980165,205.55208765564834,2071.442870131987,13010.781237008936,68524.04998406288,2343838.0659359368,298309.24544061464,888411.2587633593,8765.823106077643,18548.83574011217,191208.31769724787,308694.72756462597,38905.6653000896,160907.2189898469,220194.44728546366,585908.2248744873,2170974.74368231,278345.2301262838,670978.5260254584,8123.445690105336,16183.024232547446,177241.7313558009,208736.1617946273,34067.10650063552,149702.69765037548,218299.83061291042,506955.94524680864,212047.14750383602,18732.806650861814,33068.54832466989,1671.5374179200242,2026.8738496440521,16492.781840572316,7248.706170312878,3224.2149229334764,13105.905304933805,16919.437494790614,30921.678256826694,163351.1842532329,18588.042222014243,32873.51185412763,1665.0454546659455,2022.5398427990344,16345.960997506065,7202.566367726358,3214.778657791266,13085.727800799628,16795.455408009602,30803.942403376863,2322766.1891434947,156714.51804720363,341639.20301759505,778.1817381910138,2439.1540206282834,115662.64464765403,40395.46146429106,8015.701926401298,67434.76637063516,146514.55480068622,328807.03716452274,2152701.675562159,155998.15990520426,340807.75642751897,776.8677360954259,2436.86105749391,114875.99906289042,40244.473451865495,8013.822629344791,67423.91678473633,146185.5563583225,328404.11693546316
DZ_S_var_3_1.8,2358598.9666201407,349600.1325798548,1356319.4742544016,92246.89766177663,72574.530260746,200952.3579736483,348814.25339185336,106835.20459527262,277684.3601311993,231390.2054653686,638581.8328652247,3592206.7354523106,336672.5869553024,1324510.8547442262,63920.30122338858,56769.18733445753,179324.53678424656,225221.05254420443,87997.49058068664,250771.8372663293,220531.8041921442,525212.9950036485,256914.07693529478,127422.69605729578,699176.4550381424,7037.5181412378915,7322.5920966933,49138.74676263255,145405.53722754872,8556.064610716956,23112.77127944197,55750.405164594966,235415.69161380717,269804.01863172214,75636.7901769952,300517.30525002966,5462.203107741141,6201.8063415335155,41974.16985543736,93098.52445180673,6788.353684549821,20546.89080762173,50136.51131431824,153041.2440914274,2328916.3064313987,251147.3943110248,999207.0983860414,1182.881809422215,4097.935710325989,136085.58995758183,265001.62589572,11242.636684814937,80889.63903646698,189657.34990350367,557472.6973555741,2185635.569704133,244423.61283166308,647284.1779198953,1178.6958999596152,4014.956632024928,134826.03797067777,176974.28717272534,11128.308956765237,80450.91493366518,182337.9092804812,450820.1003825538,138748.73145957003,39378.81555929338,333392.1714959004,82.0823018606649,201.46123637512926,8930.631619484833,51712.91070627054,209.47762055744556,2112.4148113957076,13034.246307723577,102126.26527838872,50835.23392073254,29600.95328801066,159098.91435570954,79.75467770634128,196.390612420119,8056.458557995723,34378.81410452732,205.55208765564834,2071.442870131987,12947.624738886127,68264.55197420326,2343838.0659359368,298309.24544061464,888411.2587633593,8765.823106077643,18548.83574011217,187655.5306714768,304937.3292289132,38905.6653000896,160907.2189898469,217335.12127766936,581991.2415964211,2170974.74368231,278345.2301262838,670978.5260254584,8123.445690105336,16183.024232547446,174463.10726235848,207067.60413697863,34067.10650063552,149702.69765037548,215674.62388854678,503667.7453509442,212047.14750383602,18732.806650861814,33068.54832466989,1671.5374179200242,2026.8738496440521,16402.310530750954,7201.207903994726,3224.2149229334764,13105.905304933805,16846.304626311972,30854.70634721899,163351.1842532329,18588.042222014243,32873.51185412763,1665.0454546659455,2022.5398427990344,16256.832935262764,7155.424602608105,3214.778657791266,13085.727800799628,16722.269003804053,30736.678285075486,2322766.1891434947,156714.51804720363,341639.20301759505,778.1817381910138,2439.1540206282834,115519.34513344531,40194.10058374787,8015.701926401298,67434.76637063516,145734.36885081246,327774.41681263136,2152701.675562159,155998.15990520426,340807.75642751897,776.8677360954259,2436.86105749391,114736.7992028347,40043.981849862874,8013.822629344791,67423.91678473633,145405.72180399403,327371.1550944882
DZ_S_var_3_3.2,2358598.9666201407,349600.1325798548,1356319.4742544016,92246.89766177663,72574.530260746,199131.03372115694,345586.6132484699,106835.20459527262,277684.3601311993,230404.60603610333,636310.3940070237,3592206.7354523106,336672.5869553024,1324510.8547442262,63920.30122338858,56769.18733445753,177684.49392098348,223940.8075656484,87997.49058068664,250771.8372663293,219473.79914279317,523943.45514616667,256914.07693529478,127422.69605729578,699176.4550381424,7037.5181412378915,7322.5920966933,48424.403325953506,143753.54622430113,8556.064610716956,23112.77127944197,54922.664838736455,232678.27767245038,269804.01863172214,75636.7901769952,300517.30525002966,5462.203107741141,6201.8063415335155,41351.96476000004,92291.94210738347,6788.353684549821,20546.89080762173,49505.28460915513,152020.02630840876,2328916.3064313987,251147.3943110248,999207.0983860414,1182.881809422215,4097.935710325989,134980.81381918344,261587.78073378006,11242.636684814937,80889.63903646698,189232.97232029345,555828.1411255896,2185635.569704133,244423.61283166308,647284.1779198953,1178.6958999596152,4014.956632024928,133758.36890228646,175692.2141262558,11128.308956765237,80450.91493366518,181591.5072458827,449890.5765718152,138748.73145957003,39378.81555929338,333392.1714959004,82.0823018606649,201.46123637512926,8782.693070496434,50903.8014754262,209.47762055744556,2112.4148113957076,12948.801053447067,100950.7902736915,50835.23392073254,29600.95328801066,159098.91435570954,79.75467770634128,196.390612420119,7933.836343689237,34059.90232503204,205.55208765564834,2071.442870131987,12868.041183607555,67938.16264242567,2343838.0659359368,298309.24544061464,888411.2587633593,8765.823106077643,18548.83574011217,185748.24469916066,302918.88204982923,38905.6653000896,160907.2189898469,215823.02595570055,579910.2309179167,2170974.74368231,278345.2301262838,670978.5260254584,8123.445690105336,16183.024232547446,172942.9859075403,206149.4158269338,34067.10650063552,149702.69765037548,214245.9587996972,501871.76609155035,212047.14750383602,18732.806650861814,33068.54832466989,1671.5374179200242,2026.8738496440521,16344.63895177843,7171.1443269847005,3224.2149229334764,13105.905304933805,16800.499795590807,30812.686449466197,163351.1842532329,18588.042222014243,32873.51185412763,1665.0454546659455,2022.5398427990344,16199.987320477783,7125.571862367262,3214.778657791266,13085.727800799628,16676.409587928963,30694.455061434684,2322766.1891434947,156714.51804720363,341639.20301759505,778.1817381910138,2439.1540206282834,115191.8759286433,39743.21923934954,8015.701926401298,67434.76637063516,144027.50884008824,325510.76261868,2152701.675562159,155998.15990520426,340807.75642751897,776.8677360954259,2436.86105749391,114418.65547804051,39595.020305137754,8013.822629344791,67423.91678473633,143699.61566136387,325106.715947588
DZ_S_var_3_5.6,2358598.9666201407,349600.1325798548,1356319.4742544016,92246.89766177663,72574.530260746,198451.7396522762,344390.7438108923,106835.20459527262,277684.3601311993,230041.79135089717,635475.4686746727,3592206.7354523106,336672.5869553024,1324510.8547442262,63920.30122338858,56769.18733445753,177075.93756221834,223465.33862445725,87997.49058068664,250771.8372663293,219083.14332808304,523473.9343511913,256914.07693529478,127422.69605729578,699176.4550381424,7037.5181412378915,7322.5920966933,48136.75188705737,143090.61920818116,8556.064610716956,23112.77127944197,54598.44704975087,231609.86340295177,269804.01863172214,75636.7901769952,300517.30525002966,5462.203107741141,6201.8063415335155,41100.975062605794,91965.70816404607,6788.353684549821,20546.89080762173,49256.4867689746,151616.03010097548,2328916.3064313987,251147.3943110248,999207.0983860414,1182.881809422215,4097.935710325989,134287.726016322,259484.80486544117,11242.636684814937,80889.63903646698,188973.25477315826,554825.2215563769,2185635.569704133,244423.61283166308,647284.1779198953,1178.6958999596152,4014.956632024928,133087.6279333096,174890.62227730916,11128.308956765237,80450.91493366518,181129.61775733918,449314.4285616605,138748.73145957003,39378.81555929338,333392.1714959004,82.0823018606649,201.46123637512926,8676.74198614319,50331.11153047174,209.47762055744556,2112.4148113957076,12888.993497720827,100142.856096614,50835.23392073254,29600.95328801066,159098.91435570954,79.75467770634128,196.390612420119,7845.7283671458135,33830.20790989802,205.55208765564834,2071.442870131987,12812.154220657298,67709.3543051297,2343838.0659359368,298309.24544061464,888411.2587633593,8765.823106077643,18548.83574011217,185004.5998521539,302131.60721599526,38905.6653000896,160907.2189898469,215237.7284470783,579102.9161928454,2170974.74368231,278345.2301262838,670978.5260254584,8123.445690105336,16183.024232547446,172344.79498382827,205787.04064300712,34067.10650063552,149702.69765037548,213685.20784142808,501165.57583216764,212047.14750383602,18732.806650861814,33068.54832466989,1671.5374179200242,2026.8738496440521,16320.053284376585,7158.378205186096,3224.2149229334764,13105.905304933805,16781.161801957904,30794.929248122913,163351.1842532329,18588.042222014243,32873.51185412763,1665.0454546659455,2022.5398427990344,16175.746589151939,7112.891796035835,3214.778657791266,13085.727800799628,16657.04367834503,30676.607301038686,2322766.1891434947,156714.51804720363,341639.20301759505,778.1817381910138,2439.1540206282834,114701.37952480055,39090.87715639498,8015.701926401298,67434.76637063516,141652.27234156284,322350.0576223292,2152701.675562159,155998.15990520426,340807.75642751897,776.8677360954259,2436.86105749391,113942.01499491403,38945.39070994887,8013.822629344791,67423.91678473633,141325.394196577,321944.83055772336
DZ_S_var_3_10.0,2358598.9666201407,349600.1325798548,1356319.4742544016,92246.89766177663,72574.530260746,198224.5712870764,343991.7716875711,106835.20459527262,277684.3601311993,229921.03090475526,635197.7149469305,3592206.7354523106,336672.5869553024,1324510.8547442262,63920.30122338858,56769.18733445753,176872.80198494063,223306.57593726105,87997.49058068664,250771.8372663293,218952.97393218492,523317.3953972731,256914.07693529478,127422.69605729578,699176.4550381424,7037.5181412378915,7322.5920966933,48037.75777555676,142862.77296910854,8556.064610716956,23112.77127944197,54488.04060791109,231246.51127885925,269804.01863172214,75636.7901769952,300517.30525002966,5462.203107741141,6201.8063415335155,41014.539337922346,91853.24210008627,6788.353684549821,20546.89080762173,49171.56237207186,151477.93638640307,2328916.3064313987,251147.3943110248,999207.0983860414,1182.881809422215,4097.935710325989,133994.85229262977,258604.88688587776,11242.636684814937,80889.63903646698,188864.97525203487,554407.8815988186,2185635.569704133,244423.61283166308,647284.1779198953,1178.6958999596152,4014.956632024928,132803.9807239912,174552.51992909462,11128.308956765237,80450.91493366518,180935.89295301164,449072.567173619,138748.73145957003,39378.81555929338,333392.1714959004,82.0823018606649,201.46123637512926,8628.41240665066,50071.69799457653,209.47762055744556,2112.4148113957076,12862.086387697755,99783.24772958603,50835.23392073254,29600.95328801066,159098.91435570954,79.75467770634128,196.390612420119,7805.457771786776,33725.06640221667,205.55208765564834,2071.442870131987,12786.961808562344,67606.31880320824,2343838.0659359368,298309.24544061464,888411.2587633593,8765.823106077643,18548.83574011217,184751.80244210272,301863.9388120061,38905.6653000896,160907.2189898469,215039.30072818062,578828.9904644199,2170974.74368231,278345.2301262838,670978.5260254584,8123.445690105336,16183.024232547446,172140.7337418914,205663.2862568265,34067.10650063552,149702.69765037548,213494.10538779802,500924.74372377194,212047.14750383602,18732.806650861814,33068.54832466989,1671.5374179200242,2026.8738496440521,16311.399553571478,7153.891831152891,3224.2149229334764,13105.905304933805,16774.38173188677,30788.701003148606,163351.1842532329,18588.042222014243,32873.51185412763,1665.0454546659455,2022.5398427990344,16167.213248844275,7108.435172435941,3214.778657791266,13085.727800799628,16650.253135774772,30670.346640338823,2322766.1891434947,156714.51804720363,341639.20301759505,778.1817381910138,2439.1540206282834,114290.33663007701,38564.222129217545,8015.701926401298,67434.76637063516,139812.0663746878,319892.49624342204,2152701.675562159,155998.15990520426,340807.75642751897,776.8677360954259,2436.86105749391,113542.47993051785,38420.86951181454,8013.822629344791,67423.91678473633,139485.9473923227,319486.2825830742
DZ_S_var_4_0.1,2358598.9666201407,349600.1325798548,1356319.4742544016,92246.89766177663,72574.530260746,209366.92706950754,365501.76198761637,106835.20459527262,277684.3601311993,236244.20945685898,649677.151059762,3592206.7354523106,336672.5869553024,1324510.8547442262,63920.30122338858,56769.18733445753,187852.87558602277,232662.1459805429,87997.49058068664,250771.8372663293,225988.16364341343,531768.5119637429,256914.07693529478,127422.69605729578,699176.4550381424,7037.5181412378915,7322.5920966933,50568.30548272619,149625.46265855158,8556.064610716956,23112.77127944197,57513.875712210676,242973.57864653954,269804.01863172214,75636.7901769952,300517.30525002966,5462.203107741141,6201.8063415335155,43334.75683669469,95313.17981093598,6788.353684549821,20546.89080762173,51517.76222219,155735.91801202405,2328916.3064313987,251147.3943110248,999207.0983860414,1182.881809422215,4097.935710325989,137734.08287611546,270165.6176423402,11242.636684814937,80889.63903646698,190431.44349058124,559910.7185450959,2185635.569704133,244423.61283166308,647284.1779198953,1178.6958999596152,4014.956632024928,136447.66689203688,179019.6152788091,11128.308956765237,80450.91493366518,183576.18682493488,452354.37159208977,138748.73145957003,39378.81555929338,333392.1714959004,82.0823018606649,201.46123637512926,9074.11651761711,52552.57458628739,209.47762055744556,2112.4148113957076,13118.450228136004,103573.85956361778,50835.23392073254,29600.95328801066,159098.91435570954,79.75467770634128,196.390612420119,8179.557659701103,34720.41451585478,205.55208765564834,2071.442870131987,13027.614797341668,68708.52474044077,2343838.0659359368,298309.24544061464,888411.2587633593,8765.823106077643,18548.83574011217,196077.02655599025,313686.93004322215,38905.6653000896,160907.2189898469,224403.39279333147,591490.8487113934,2170974.74368231,278345.2301262838,670978.5260254584,8123.445690105336,16183.024232547446,181931.51651316215,211790.05605693362,34067.10650063552,149702.69765037548,222348.54535347974,511827.97839156963,212047.14750383602,18732.806650861814,33068.54832466989,1671.5374179200242,2026.8738496440521,16529.789190130756,7257.334429658169,3224.2149229334764,13105.905304933805,16959.447821025537,30962.27627897227,163351.1842532329,18588.042222014243,32873.51185412763,1665.0454546659455,2022.5398427990344,16382.822646830715,7211.173676888465,3214.778657791266,13085.727800799628,16835.36423740974,30844.571889467727,2322766.1891434947,156714.51804720363,341639.20301759505,778.1817381910138,2439.1540206282834,116116.72161019451,40486.04215358955,8015.701926401298,67434.76637063516,147341.8504243088,329921.4380922829,2152701.675562159,155998.15990520426,340807.75642751897,776.8677360954259,2436.86105749391,115325.50699441113,40334.38034527872,8013.822629344791,67423.91678473633,147012.42337157257,329518.79089886067
DZ_S_var_4_0.2,2358598.9666201407,349600.1325798548,1356319.4742544016,92246.89766177663,72574.530260746,209162.50010841322,365058.38200441404,106835.20459527262,277684.3601311993,236119.9634315247,649394.8763967921,3592206.7354523106,336672.5869553024,1324510.8547442262,63920.30122338858,56769.18733445753,187626.4599743759,232449.86848216917,87997.49058068664,250771.8372663293,225843.021562864,531594.1135801551,256914.07693529478,127422.69605729578,699176.4550381424,7037.5181412378915,7322.5920966933,50561.6952110441,149577.3456270788,8556.064610716956,23112.77127944197,57505.18901958615,242881.76971298916,269804.01863172214,75636.7901769952,300517.30525002966,5462.203107741141,6201.8063415335155,43324.71469152151,95283.4333103385,6788.353684549821,20546.89080762173,51509.28615302968,155704.73054264364,2328916.3064313987,251147.3943110248,999207.0983860414,1182.881809422215,4097.935710325989,137717.00756413842,270112.4450865025,11242.636684814937,80889.63903646698,190421.40302010867,559886.7688138946,2185635.569704133,244423.61283166308,647284.1779198953,1178.6958999596152,4014.956632024928,136430.39393387397,178996.4309221945,11128.308956765237,80450.91493366518,183561.57453487764,452336.3498116112,138748.73145957003,39378.81555929338,333392.1714959004,82.0823018606649,201.46123637512926,9073.411321143589,52547.54093320177,209.47762055744556,2112.4148113957076,13118.047943179157,103561.51541440238,50835.23392073254,29600.95328801066,159098.91435570954,79.75467770634128,196.390612420119,8178.8619750985645,34718.05798979498,205.55208765564834,2071.442870131987,13027.19592409785,68703.92213052626,2343838.0659359368,298309.24544061464,888411.2587633593,8765.823106077643,18548.83574011217,195882.57274571003,313487.744961465,38905.6653000896,160907.2189898469,224233.7206481991,591266.8132373507,2170974.74368231,278345.2301262838,670978.5260254584,8123.445690105336,16183.024232547446,181746.30585349738,211669.9482828831,34067.10650063552,149702.69765037548,222187.6684032013,511635.1324548598,212047.14750383602,18732.806650861814,33068.54832466989,1671.5374179200242,2026.8738496440521,16528.545555708082,7257.044604394851,3224.2149229334764,13105.905304933805,16958.103059587913,30960.91228386709,163351.1842532329,18588.042222014243,32873.51185412763,1665.0454546659455,2022.5398427990344,16381.584014359916,7210.884581172812,3214.778657791266,13085.727800799628,16834.023000817997,30843.20695584084,2322766.1891434947,156714.51804720363,341639.20301759505,778.1817381910138,2439.1540206282834,116106.35716679864,40483.97574879289,8015.701926401298,67434.76637063516,147322.84522420247,329895.8511668813,2152701.675562159,155998.15990520426,340807.75642751897,776.8677360954259,2436.86105749391,115315.24701911196,40332.32934665683,8013.822629344791,67423.91678473633,146993.42803735574,329493.19778729987
DZ_S_var_4_0.3,2358598.9666201407,349600.1325798548,1356319.4742544016,92246.89766177663,72574.530260746,208572.06693508127,363781.97973190434,106835.20459527262,277684.3601311993,235762.7548793393,648583.7289120523,3592206.7354523106,336672.5869553024,1324510.8547442262,63920.30122338858,56769.18733445753,186973.81404049962,231838.36165230756,87997.49058068664,250771.8372663293,225425.77744966737,531092.4729591715,256914.07693529478,127422.69605729578,699176.4550381424,7037.5181412378915,7322.5920966933,50542.016029919076,149434.2983783796,8556.064610716956,23112.77127944197,57479.38713174437,242609.52114626797,269804.01863172214,75636.7901769952,300517.30525002966,5462.203107741141,6201.8063415335155,43294.80352387101,95194.91472003351,6788.353684549821,20546.89080762173,51484.09556745681,155612.09244535977,2328916.3064313987,251147.3943110248,999207.0983860414,1182.881809422215,4097.935710325989,137663.96915665257,269947.39943535405,11242.636684814937,80889.63903646698,190390.25195391953,559812.4670502077,2185635.569704133,244423.61283166308,647284.1779198953,1178.6958999596152,4014.956632024928,136376.7373307668,178924.43119501267,11128.308956765237,80450.91493366518,183516.22557774585,452280.4150133659,138748.73145957003,39378.81555929338,333392.1714959004,82.0823018606649,201.46123637512926,9071.208832378012,52531.82396560874,209.47762055744556,2112.4148113957076,13116.792157863654,103523.00504152649,50835.23392073254,29600.95328801066,159098.91435570954,79.75467770634128,196.390612420119,8176.689170819358,34710.698453227604,205.55208765564834,2071.442870131987,13025.888309837565,68689.55801462794,2343838.0659359368,298309.24544061464,888411.2587633593,8765.823106077643,18548.83574011217,195312.39430003215,312903.60207003914,38905.6653000896,160907.2189898469,223736.96585320996,590610.4117949582,2170974.74368231,278345.2301262838,670978.5260254584,8123.445690105336,16183.024232547446,181202.23425951245,211316.88836823328,34067.10650063552,149702.69765037548,221715.54944008545,511068.8419666723,212047.14750383602,18732.806650861814,33068.54832466989,1671.5374179200242,2026.8738496440521,16524.802489058635,7256.172240320659,3224.2149229334764,13105.905304933805,16954.055711711688,30956.806830588746,163351.1842532329,18588.042222014243,32873.51185412763,1665.0454546659455,2022.5398427990344,16377.855958137594,7210.01440217942,3214.778657791266,13085.727800799628,16829.98621408596,30839.09862797586,2322766.1891434947,156714.51804720363,341639.20301759505,778.1817381910138,2439.1540206282834,116073.71873374113,40477.468137432734,8015.701926401298,67434.76637063516,147263.03381522125,329815.3221310044,2152701.675562159,155998.15990520426,340807.75642751897,776.8677360954259,2436.86105749391,115282.93750965972,40325.870242418656,8013.822629344791,67423.91678473633,146933.64767139364,329412.6492565584
DZ_S_var_4_0.6,2358598.9666201407,349600.1325798548,1356319.4742544016,92246.89766177663,72574.530260746,207128.44855294385,360686.96879506717,106835.20459527262,277684.3601311993,234899.52411462084,646625.9149617355,3592206.7354523106,336672.5869553024,1324510.8547442262,63920.30122338858,56769.18733445753,185386.1459656755,230353.12541449838,87997.49058068664,250771.8372663293,224417.71454481673,529878.7100062382,256914.07693529478,127422.69605729578,699176.4550381424,7037.5181412378915,7322.5920966933,50489.88936266823,149056.83184621634,8556.064610716956,23112.77127944197,57411.465927646714,241896.04695014714,269804.01863172214,75636.7901769952,300517.30525002966,5462.203107741141,6201.8063415335155,43215.46479478834,94960.72246914587,6788.353684549821,20546.89080762173,51417.681037060465,155368.21146110058,2328916.3064313987,251147.3943110248,999207.0983860414,1182.881809422215,4097.935710325989,137505.2764813236,269454.6227961369,11242.636684814937,80889.63903646698,190297.37186489778,559590.96001657,2185635.569704133,244423.61283166308,647284.1779198953,1178.6958999596152,4014.956632024928,136216.1563322386,178709.13426309018,11128.308956765237,80450.91493366518,183380.8908966894,452113.4480805841,138748.73145957003,39378.81555929338,333392.1714959004,82.0823018606649,201.46123637512926,9064.508096778858,52484.04725602846,209.47762055744556,2112.4148113957076,13112.977593198219,103406.24407303575,50835.23392073254,29600.95328801066,159098.91435570954,79.75467770634128,196.390612420119,8170.078529166751,34688.312184092334,205.55208765564834,2071.442870131987,13021.915878609683,68645.95848100164,2343838.0659359368,298309.24544061464,888411.2587633593,8765.823106077643,18548.83574011217,193862.44407668497,311417.5085013571,38905.6653000896,160907.2189898469,222478.8052406847,588944.6537178073,2170974.74368231,278345.2301262838,670978.5260254584,8123.445690105336,16183.024232547446,179811.94616344717,210413.10624881988,34067.10650063552,149702.69765037548,220512.3035630583,509623.19515473355,212047.14750383602,18732.806650861814,33068.54832466989,1671.5374179200242,2026.8738496440521,16514.58350552806,7253.790180219122,3224.2149229334764,13105.905304933805,16943.006686412915,30945.59751709788,163351.1842532329,18588.042222014243,32873.51185412763,1665.0454546659455,2022.5398427990344,16367.677615707707,7207.638225775113,3214.778657791266,13085.727800799628,16818.965656009837,30827.881085468838,2322766.1891434947,156714.51804720363,341639.20301759505,778.1817381910138,2439.1540206282834,115971.85585432,40457.154864240045,8015.701926401298,67434.76637063516,147076.7301164906,329564.44487328734,2152701.675562159,155998.15990520426,340807.75642751897,776.8677360954259,2436.86105749391,115182.1006519416,40305.7082782783,8013.822629344791,67423.91678473633,146747.44060869122,329161.7110184722
DZ_S_var_4_1.0,2358598.9666201407,349600.1325798548,1356319.4742544016,92246.89766177663,72574.530260746,204682.75731067968,355524.91797203966,106835.20459527262,277684.3601311993,233469.13943187645,643389.2049966872,3592206.7354523106,336672.5869553024,1324510.8547442262,63920.30122338858,56769.18733445753,182722.23970409823,227868.3448247341,87997.49058068664,250771.8372663293,222748.1188801754,527862.7916718734,256914.07693529478,127422.69605729578,699176.4550381424,7037.5181412378915,7322.5920966933,50385.936361314976,148310.24723126378,8556.064610716956,23112.77127944197,57277.82272641161,240505.55028074814,269804.01863172214,75636.7901769952,300517.30525002966,5462.203107741141,6201.8063415335155,43056.768886269834,94494.880980478,6788.353684549821,20546.89080762173,51286.56691559696,154888.2613257681,2328916.3064313987,251147.3943110248,999207.0983860414,1182.881809422215,4097.935710325989,137079.09534648966,268138.9240507375,11242.636684814937,80889.63903646698,190050.32076822448,559002.00255162,2185635.569704133,244423.61283166308,647284.1779198953,1178.6958999596152,4014.956632024928,135784.61694628475,178131.88764317252,11128.308956765237,80450.91493366518,183020.02240852755,451667.93202775065,138748.73145957003,39378.81555929338,333392.1714959004,82.0823018606649,201.46123637512926,9045.64757005716,52349.89045049128,209.47762055744556,2112.4148113957076,13102.288769160166,103080.80176504848,50835.23392073254,29600.95328801066,159098.91435570954,79.75467770634128,196.390612420119,8151.469839149551,34625.333839980165,205.55208765564834,2071.442870131987,13010.781237008936,68524.04998406288,2343838.0659359368,298309.24544061464,888411.2587633593,8765.823106077643,18548.83574011217,191208.31769724787,308694.72756462597,38905.6653000896,160907.2189898469,220194.44728546366,585908.2248744873,2170974.74368231,278345.2301262838,670978.5260254584,8123.445690105336,16183.024232547446,177241.7313558009,208736.1617946273,34067.10650063552,149702.69765037548,218299.83061291042,506955.94524680864,212047.14750383602,18732.806650861814,33068.54832466989,1671.5374179200242,2026.8738496440521,16492.781840572316,7248.706170312878,3224.2149229334764,13105.905304933805,16919.437494790614,30921.678256826694,163351.1842532329,18588.042222014243,32873.51185412763,1665.0454546659455,2022.5398427990344,16345.960997506065,7202.566367726358,3214.778657791266,13085.727800799628,16795.455408009602,30803.942403376863,2322766.1891434947,156714.51804720363,341639.20301759505,778.1817381910138,2439.1540206282834,115662.64464765403,40395.46146429106,8015.701926401298,67434.76637063516,146514.55480068622,328807.03716452274,2152701.675562159,155998.15990520426,340807.75642751897,776.8677360954259,2436.86105749391,114875.99906289042,40244.473451865495,8013.822629344791,67423.91678473633,146185.5563583225,328404.11693546316
DZ_S_var_4_1.8,2358598.9666201407,349600.1325798548,1356319.4742544016,92246.89766177663,72574.530260746,202316.31747632704,350623.83283426357,106835.20459527262,277684.3601311993,232122.1391951302,640349.5080328283,3592206.7354523106,336672.5869553024,1324510.8547442262,63920.30122338858,56769.18733445753,180175.09876991087,225500.59707438288,87997.49058068664,250771.8372663293,221176.73875422272,525958.981008365,256914.07693529478,127422.69605729578,699176.4550381424,7037.5181412378915,7322.5920966933,50260.64384463311,147421.1388041171,8556.064610716956,23112.77127944197,57119.86944699946,238884.48227895104,269804.01863172214,75636.7901769952,300517.30525002966,5462.203107741141,6201.8063415335155,42864.64935195678,93935.49465299312,6788.353684549821,20546.89080762173,51130.853727502654,154320.8539808444,2328916.3064313987,251147.3943110248,999207.0983860414,1182.881809422215,4097.935710325989,136203.03069256424,265468.8776060478,11242.636684814937,80889.63903646698,189553.1392078994,557817.7447997456,2185635.569704133,244423.61283166308,647284.1779198953,1178.6958999596152,4014.956632024928,134896.22194929342,176949.5860918511,11128.308956765237,80450.91493366518,182289.8299418921,450765.1195866473,138748.73145957003,39378.81555929338,333392.1714959004,82.0823018606649,201.46123637512926,9002.405170929489,52044.06844456764,209.47762055744556,2112.4148113957076,13078.046259658602,102352.01186703512,50835.23392073254,29600.95328801066,159098.91435570954,79.75467770634128,196.390612420119,8108.79508547088,34481.11803675254,205.55208765564834,2071.442870131987,12985.508695689703,68248.97971917811,2343838.0659359368,298309.24544061464,888411.2587633593,8765.823106077643,18548.83574011217,188371.28563435533,305780.43179210747,38905.6653000896,160907.2189898469,217779.04289612823,582680.5099841077,2170974.74368231,278345.2301262838,670978.5260254584,8123.445690105336,16183.024232547446,174457.59787076616,206910.45213920085,34067.10650063552,149702.69765037548,215920.56658894414,504074.33643333433,212047.14750383602,18732.806650861814,33068.54832466989,1671.5374179200242,2026.8738496440521,16463.65063138703,7241.908677086899,3224.2149229334764,13105.905304933805,16887.95159330611,30889.70734284504,163351.1842532329,18588.042222014243,32873.51185412763,1665.0454546659455,2022.5398427990344,16316.939900797764,7195.784258611804,3214.778657791266,13085.727800799628,16764.04446421323,30771.9415689683,2322766.1891434947,156714.51804720363,341639.20301759505,778.1817381910138,2439.1540206282834,114797.85510438692,40222.668844346575,8015.701926401298,67434.76637063516,144968.6443777227,326721.26995222253,2152701.675562159,155998.15990520426,340807.75642751897,776.8677360954259,2436.86105749391,114019.86694549672,40072.95748559477,8013.822629344791,67423.91678473633,144640.44217844453,326317.8187111464
DZ_S_var_4_3.2,2358598.9666201407,349600.1325798548,1356319.4742544016,92246.89766177663,72574.530260746,200990.10961060275,347915.95788615255,106835.20459527262,277684.3601311993,231382.635539225,638684.0986316369,3592206.7354523106,336672.5869553024,1324510.8547442262,63920.30122338858,56769.18733445753,178760.51705483024,224188.91199665258,87997.49058068664,250771.8372663293,220314.41571550426,524911.5348445638,256914.07693529478,127422.69605729578,699176.4550381424,7037.5181412378915,7322.5920966933,50176.23011432659,146828.6033554154,8556.064610716956,23112.77127944197,57015.3258447404,237824.58491299328,269804.01863172214,75636.7901769952,300517.30525002966,5462.203107741141,6201.8063415335155,42734.68719299142,93559.88109821254,6788.353684549821,20546.89080762173,51027.343539911395,153945.21102610565,2328916.3064313987,251147.3943110248,999207.0983860414,1182.881809422215,4097.935710325989,135098.18593442647,262165.7399895287,11242.636684814937,80889.63903646698,188945.79251778484,556372.8772653801,2185635.569704133,244423.61283166308,647284.1779198953,1178.6958999596152,4014.956632024928,133773.2956189959,175466.61606370306,11128.308956765237,80450.91493366518,181390.59591900453,449650.8228931714,138748.73145957003,39378.81555929338,333392.1714959004,82.0823018606649,201.46123637512926,8937.26248132922,51587.92040823571,209.47762055744556,2112.4148113957076,13042.205604214623,101297.56290827504,50835.23392073254,29600.95328801066,159098.91435570954,79.75467770634128,196.390612420119,8044.481875865047,34264.322212607105,205.55208765564834,2071.442870131987,12948.09706666968,67845.8745349101,2343838.0659359368,298309.24544061464,888411.2587633593,8765.823106077643,18548.83574011217,186649.79667076678,304009.9404921169,38905.6653000896,160907.2189898469,216326.4934501111,580730.8811991451,2170974.74368231,278345.2301262838,670978.5260254584,8123.445690105336,16183.024232547446,172749.34474081462,205785.40338214833,34067.10650063552,149702.69765037548,214469.57607805927,502310.13431204733,212047.14750383602,18732.806650861814,33068.54832466989,1671.5374179200242,2026.8738496440521,16441.992672418488,7236.851815578365,3224.2149229334764,13105.905304933805,16864.548243418143,30865.93058379729,163351.1842532329,18588.042222014243,32873.51185412763,1665.0454546659455,2022.5398427990344,16295.36119158079,7190.738200862484,3214.778657791266,13085.727800799628,16740.69402496952,30748.139619136542,2322766.1891434947,156714.51804720363,341639.20301759505,778.1817381910138,2439.1540206282834,112845.4796875147,39831.18057434779,8015.701926401298,67434.76637063516,141615.14651445797,322181.0129754478,2152701.675562159,155998.15990520426,340807.75642751897,776.8677360954259,2436.86105749391,112086.82317062792,39684.31966359067,8013.822629344791,67423.91678473633,141288.65066024376,321776.31412966375
DZ_S_var_4_5.6,2358598.9666201407,349600.1325798548,1356319.4742544016,92246.89766177663,72574.530260746,200461.93141887005,346845.07895306585,106835.20459527262,277684.3601311993,231091.1251730814,638028.2516238813,3592206.7354523106,336672.5869553024,1324510.8547442262,63920.30122338858,56769.18733445753,178199.69537714275,223669.50914485496,87997.49058068664,250771.8372663293,219974.5613908624,524498.1925228657,256914.07693529478,127422.69605729578,699176.4550381424,7037.5181412378915,7322.5920966933,50139.096205489266,146569.57323832676,8556.064610716956,23112.77127944197,56969.80486387989,237366.2658755395,269804.01863172214,75636.7901769952,300517.30525002966,5462.203107741141,6201.8063415335155,42677.381903164176,93394.96544867207,6788.353684549821,20546.89080762173,50982.16013974715,153781.6213620213,2328916.3064313987,251147.3943110248,999207.0983860414,1182.881809422215,4097.935710325989,134321.70636746028,259885.64263804958,11242.636684814937,80889.63903646698,188531.5157558642,555388.444806245,2185635.569704133,244423.61283166308,647284.1779198953,1178.6958999596152,4014.956632024928,132982.41359513014,174429.66912166594,11128.308956765237,80450.91493366518,180772.5972972395,448883.4251206331,138748.73145957003,39378.81555929338,333392.1714959004,82.0823018606649,201.46123637512926,8882.324950343338,51207.39422365159,209.47762055744556,2112.4148113957076,13012.59700815398,100446.41436242226,50835.23392073254,29600.95328801066,159098.91435570954,79.75467770634128,196.390612420119,7990.219897787657,34081.90811456611,205.55208765564834,2071.442870131987,12917.147246306598,67516.01516286706,2343838.0659359368,298309.24544061464,888411.2587633593,8765.823106077643,18548.83574011217,185935.3648652671,303274.6749170734,38905.6653000896,160907.2189898469,215726.5486704255,579923.7282149135,2170974.74368231,278345.2301262838,670978.5260254584,8123.445690105336,16183.024232547446,172036.168699453,205314.59584011688,34067.10650063552,149702.69765037548,213865.78130679158,501574.45657960424,212047.14750383602,18732.806650861814,33068.54832466989,1671.5374179200242,2026.8738496440521,16431.883059984113,7234.490417425045,3224.2149229334764,13105.905304933805,16853.625436334736,30854.82972450273,163351.1842532329,18588.042222014243,32873.51185412763,1665.0454546659455,2022.5398427990344,16285.287808228679,7188.381660393318,3214.778657791266,13085.727800799628,16729.795093475463,30737.02614015265,2322766.1891434947,156714.51804720363,341639.20301759505,778.1817381910138,2439.1540206282834,109981.69003165425,39253.33467640057,8015.701926401298,67434.76637063516,137012.69499992806,315912.5821483422,2152701.675562159,155998.15990520426,340807.75642751897,776.8677360954259,2436.86105749391,109250.85379217648,39110.575267180604,8013.822629344791,67423.91678473633,136688.49436302757,315505.9478539116
DZ_S_var_4_10.0,2358598.9666201407,349600.1325798548,1356319.4742544016,92246.89766177663,72574.530260746,200280.92959746838,346479.077847377,106835.20459527262,277684.3601311993,230991.61677060768,637804.4593650736,3592206.7354523106,336672.5869553024,1324510.8547442262,63920.30122338858,56769.18733445753,178007.83978638067,223491.90290373846,87997.49058068664,250771.8372663293,219858.5597604996,524357.0388406746,256914.07693529478,127422.69605729578,699176.4550381424,7037.5181412378915,7322.5920966933,50125.856660148136,146477.45847792155,8556.064610716956,23112.77127944197,56953.64342360531,237204.0084662972,269804.01863172214,75636.7901769952,300517.30525002966,5462.203107741141,6201.8063415335155,42656.93063086003,93336.21389713808,6788.353684549821,20546.89080762173,50966.10210433929,153723.53793434138,2328916.3064313987,251147.3943110248,999207.0983860414,1182.881809422215,4097.935710325989,133971.52439532412,258868.1960769022,11242.636684814937,80889.63903646698,188347.9577950776,554952.5518245866,2185635.569704133,244423.61283166308,647284.1779198953,1178.6958999596152,4014.956632024928,132625.27740289053,173963.41950612582,11128.308956765237,80450.91493366518,180497.5648616435,448541.4840048842,138748.73145957003,39378.81555929338,333392.1714959004,82.0823018606649,201.46123637512926,8854.46688684014,51015.85998142447,209.47762055744556,2112.4148113957076,12997.79332883339,100027.40708277404,50835.23392073254,29600.95328801066,159098.91435570954,79.75467770634128,196.390612420119,7962.696008285645,33989.5517963417,205.55208765564834,2071.442870131987,12901.658227781658,67352.14572509241,2343838.0659359368,298309.24544061464,888411.2587633593,8765.823106077643,18548.83574011217,185686.58243037653,303018.56722170697,38905.6653000896,160907.2189898469,215518.02717491545,579642.9263174016,2170974.74368231,278345.2301262838,670978.5260254584,8123.445690105336,16183.024232547446,171787.23626257258,205150.10576800053,34067.10650063552,149702.69765037548,213655.30135772066,501317.7878996013,212047.14750383602,18732.806650861814,33068.54832466989,1671.5374179200242,2026.8738496440521,16428.186733318445,7233.626883272543,3224.2149229334764,13105.905304933805,16849.6320281354,30850.770619373485,163351.1842532329,18588.042222014243,32873.51185412763,1665.0454546659455,2022.5398427990344,16281.604606488176,7187.5198728511095,3214.778657791266,13085.727800799628,16725.81028415401,30732.962284058005,2322766.1891434947,156714.51804720363,341639.20301759505,778.1817381910138,2439.1540206282834,107636.0033033228,38776.692574945235,8015.701926401298,67434.76637063516,133497.32018588381,311093.4056392738,2152701.675562159,155998.15990520426,340807.75642751897,776.8677360954259,2436.86105749391,106927.47937093845,38637.2221383535,8013.822629344791,67423.91678473633,133174.83630790867,310685.1089019141
DZ_S_var_5_0.1,2358598.9666201407,349600.1325798548,1356319.4742544016,92246.89766177663,72574.530260746,206872.18228261566,360540.33368631516,106835.20459527262,277684.3601311993,234701.08945867693,645724.9001209948,3592206.7354523106,336672.5869553024,1324510.8547442262,63920.30122338858,56769.18733445753,185521.4206109593,231062.31637550707,87997.49058068664,250771.8372663293,224286.72065526232,529694.1953896853,256914.07693529478,127422.69605729578,699176.4550381424,7037.5181412378915,7322.5920966933,50533.32550372918,148941.91339002288,8556.064610716956,23112.77127944197,57445.12868857528,241572.72490781068,269804.01863172214,75636.7901769952,300517.30525002966,5462.203107741141,6201.8063415335155,43099.09118338454,94965.1786992696,6788.353684549821,20546.89080762173,51380.07203589137,155522.56161297872,2328916.3064313987,251147.3943110248,999207.0983860414,1182.881809422215,4097.935710325989,137959.4501756092,270023.44811429724,11242.636684814937,80889.63903646698,190493.20492676683,559718.7366900856,2185635.569704133,244423.61283166308,647284.1779198953,1178.6958999596152,4014.956632024928,136715.0201966889,179263.9520351535,11128.308956765237,80450.91493366518,183611.47423649736,452416.11365798116,138748.73145957003,39378.81555929338,333392.1714959004,82.0823018606649,201.46123637512926,9048.775418362146,52403.682591439334,209.47762055744556,2112.4148113957076,13104.556640118552,103386.81973769682,50835.23392073254,29600.95328801066,159098.91435570954,79.75467770634128,196.390612420119,8156.300639030906,34660.46396539741,205.55208765564834,2071.442870131987,13013.749358929943,68677.21514805376,2343838.0659359368,298309.24544061464,888411.2587633593,8765.823106077643,18548.83574011217,194113.01788842288,311702.23830177216,38905.6653000896,160907.2189898469,222597.9287814122,589151.8080956691,2170974.74368231,278345.2301262838,670978.5260254584,8123.445690105336,16183.024232547446,180639.8331283038,211240.0202224216,34067.10650063552,149702.69765037548,220749.70912631106,509978.62696198723,212047.14750383602,18732.806650861814,33068.54832466989,1671.5374179200242,2026.8738496440521,16497.179395205232,7249.861118570019,3224.2149229334764,13105.905304933805,16922.51640663394,30929.41068249973,163351.1842532329,18588.042222014243,32873.51185412763,1665.0454546659455,2022.5398427990344,16350.314857970065,7203.7153192083715,3214.778657791266,13085.727800799628,16798.49948059074,30811.623478250338,2322766.1891434947,156714.51804720363,341639.20301759505,778.1817381910138,2439.1540206282834,116331.8252818159,40543.146108655485,8015.701926401298,67434.76637063516,147830.33957263856,330626.3614554755,2152701.675562159,155998.15990520426,340807.75642751897,776.8677360954259,2436.86105749391,115539.58387464705,40391.53770318497,8013.822629344791,67423.91678473633,147500.56089550743,330223.6953979927
DZ_S_var_5_0.2,2358598.9666201407,349600.1325798548,1356319.4742544016,92246.89766177663,72574.530260746,206792.13374761035,360355.1174248525,106835.20459527262,277684.3601311993,234655.19625300227,645637.875063197,3592206.7354523106,336672.5869553024,1324510.8547442262,63920.30122338858,56769.18733445753,185418.6969844,230944.45971415215,87997.49058068664,250771.8372663293,224229.35316953307,529626.0214634427,256914.07693529478,127422.69605729578,699176.4550381424,7037.5181412378915,7322.5920966933,50528.85804341595,148922.70290728015,8556.064610716956,23112.77127944197,57440.04635682762,241540.1894955058,269804.01863172214,75636.7901769952,300517.30525002966,5462.203107741141,6201.8063415335155,43097.81453372399,94950.90294300884,6788.353684549821,20546.89080762173,51377.239808700266,155503.2684739282,2328916.3064313987,251147.3943110248,999207.0983860414,1182.881809422215,4097.935710325989,137937.37841788967,269976.0107282665,11242.636684814937,80889.63903646698,190481.9827532676,559700.5826492073,2185635.569704133,244423.61283166308,647284.1779198953,1178.6958999596152,4014.956632024928,136691.717907787,179235.52492752174,11128.308956765237,80450.91493366518,183596.51451099,452397.2034376185,138748.73145957003,39378.81555929338,333392.1714959004,82.0823018606649,201.46123637512926,9048.700860629811,52402.398865213065,209.47762055744556,2112.4148113957076,13104.502509255928,103379.48498438079,50835.23392073254,29600.95328801066,159098.91435570954,79.75467770634128,196.390612420119,8156.185522926625,34659.626068699974,205.55208765564834,2071.442870131987,13013.678561843037,68673.5506293705,2343838.0659359368,298309.24544061464,888411.2587633593,8765.823106077643,18548.83574011217,194012.86630380552,311598.5942313459,38905.6653000896,160907.2189898469,222514.26637540606,589039.1826162827,2170974.74368231,278345.2301262838,670978.5260254584,8123.445690105336,16183.024232547446,180523.26582571713,211154.2189455839,34067.10650063552,149702.69765037548,220664.86663085606,509874.1735531817,212047.14750383602,18732.806650861814,33068.54832466989,1671.5374179200242,2026.8738496440521,16497.05216545501,7249.827704581959,3224.2149229334764,13105.905304933805,16922.427300732368,30929.186858628396,163351.1842532329,18588.042222014243,32873.51185412763,1665.0454546659455,2022.5398427990344,16350.188895581095,7203.682079541554,3214.778657791266,13085.727800799628,16798.411385485266,30811.40114722605,2322766.1891434947,156714.51804720363,341639.20301759505,778.1817381910138,2439.1540206282834,116316.4712903659,40539.75853481869,8015.701926401298,67434.76637063516,147800.02435770392,330584.47189055197,2152701.675562159,155998.15990520426,340807.75642751897,776.8677360954259,2436.86105749391,115524.35852278152,40388.164393031184,8013.822629344791,67423.91678473633,147470.26372263688,330181.8002129371
DZ_S_var_5_0.3,2358598.9666201407,349600.1325798548,1356319.4742544016,92246.89766177663,72574.530260746,206554.13364750758,359805.27093667403,106835.20459527262,277684.3601311993,234519.13472590418,645379.8749427482,3592206.7354523106,336672.5869553024,1324510.8547442262,63920.30122338858,56769.18733445753,185113.45096536714,230594.5390292189,87997.49058068664,250771.8372663293,224059.29645471543,529423.8805001243,256914.07693529478,127422.69605729578,699176.4550381424,7037.5181412378915,7322.5920966933,50515.22626527651,148864.10997019202,8556.064610716956,23112.77127944197,57424.542720315236,241440.98595274982,269804.01863172214,75636.7901769952,300517.30525002966,5462.203107741141,6201.8063415335155,43093.91665826602,94907.3506851663,6788.353684549821,20546.89080762173,51368.596934505214,155444.42441545372,2328916.3064313987,251147.3943110248,999207.0983860414,1182.881809422215,4097.935710325989,137868.5308637426,269828.10425103235,11242.636684814937,80889.63903646698,190447.0173918423,559644.0170105991,2185635.569704133,244423.61283166308,647284.1779198953,1178.6958999596152,4014.956632024928,136619.0240000628,179146.86823439147,11128.308956765237,80450.91493366518,183549.89493355903,452338.26822243904,138748.73145957003,39378.81555929338,333392.1714959004,82.0823018606649,201.46123637512926,9048.467077614318,52398.37409135253,209.47762055744556,2112.4148113957076,13104.332799563988,103356.49897680873,50835.23392073254,29600.95328801066,159098.91435570954,79.75467770634128,196.390612420119,8155.824554286709,34656.99892342131,205.55208765564834,2071.442870131987,13013.45658549726,68662.06448447071,2343838.0659359368,298309.24544061464,888411.2587633593,8765.823106077643,18548.83574011217,193712.52227496187,311287.75506888377,38905.6653000896,160907.2189898469,222263.71389721258,588701.771231041,2170974.74368231,278345.2301262838,670978.5260254584,8123.445690105336,16183.024232547446,180173.43856801227,210896.68548427967,34067.10650063552,149702.69765037548,220410.59321300153,509561.0295138058,212047.14750383602,18732.806650861814,33068.54832466989,1671.5374179200242,2026.8738496440521,16496.661697149142,7249.725156666533,3224.2149229334764,13105.905304933805,16922.153844640678,30928.499983706362,163351.1842532329,18588.042222014243,32873.51185412763,1665.0454546659455,2022.5398427990344,16349.802315616804,7203.580066312084,3214.778657791266,13085.727800799628,16798.141030474355,30810.718851183297,2322766.1891434947,156714.51804720363,341639.20301759505,778.1817381910138,2439.1540206282834,116268.14483958716,40529.09590390734,8015.701926401298,67434.76637063516,147704.64622680648,330452.6701647442,2152701.675562159,155998.15990520426,340807.75642751897,776.8677360954259,2436.86105749391,115476.4368875615,40377.546647911295,8013.822629344791,67423.91678473633,147374.9423356974,330049.9807327545
DZ_S_var_5_0.6,2358598.9666201407,349600.1325798548,1356319.4742544016,92246.89766177663,72574.530260746,205925.9423370125,358359.958910355,106835.20459527262,277684.3601311993,234162.77191637206,644704.1865589032,3592206.7354523106,336672.5869553024,1324510.8547442262,63920.30122338858,56769.18733445753,184308.99838120272,229674.44125167825,87997.49058068664,250771.8372663293,223614.05947207875,528894.284827315,256914.07693529478,127422.69605729578,699176.4550381424,7037.5181412378915,7322.5920966933,50476.52899189017,148697.98331591696,8556.064610716956,23112.77127944197,57380.56719639861,241159.97176984145,269804.01863172214,75636.7901769952,300517.30525002966,5462.203107741141,6201.8063415335155,43082.83203682779,94783.78243126557,6788.353684549821,20546.89080762173,51344.05567847745,155277.59383437518,2328916.3064313987,251147.3943110248,999207.0983860414,1182.881809422215,4097.935710325989,137659.88494139546,269380.4483083905,11242.636684814937,80889.63903646698,190341.417289622,559473.1591922366,2185635.569704133,244423.61283166308,647284.1779198953,1178.6958999596152,4014.956632024928,136398.64742785614,178878.32673282086,11128.308956765237,80450.91493366518,183409.01493636312,452160.1295748213,138748.73145957003,39378.81555929338,333392.1714959004,82.0823018606649,201.46123637512926,9047.74712345059,52385.98398438186,209.47762055744556,2112.4148113957076,13103.81038243588,103285.83357785204,50835.23392073254,29600.95328801066,159098.91435570954,79.75467770634128,196.390612420119,8154.712817545366,34648.90994732383,205.55208765564834,2071.442870131987,13012.773131902997,68626.73294490561,2343838.0659359368,298309.24544061464,888411.2587633593,8765.823106077643,18548.83574011217,192900.79266331284,310447.4958205238,38905.6653000896,160907.2189898469,221589.11205812843,587792.4076367138,2170974.74368231,278345.2301262838,670978.5260254584,8123.445690105336,16183.024232547446,179226.0602573486,210198.9654689543,34067.10650063552,149702.69765037548,219724.57754279597,508715.4595811926,212047.14750383602,18732.806650861814,33068.54832466989,1671.5374179200242,2026.8738496440521,16495.53448052535,7249.429115182529,3224.2149229334764,13105.905304933805,16921.36450782517,30926.51743682311,163351.1842532329,18588.042222014243,32873.51185412763,1665.0454546659455,2022.5398427990344,16348.686313893968,7203.285565785777,3214.778657791266,13085.727800799628,16797.360637051315,30808.749500174672,2322766.1891434947,156714.51804720363,341639.20301759505,778.1817381910138,2439.1540206282834,116117.55876662684,40495.86807958917,8015.701926401298,67434.76637063516,147407.82089293114,330042.4111710054,2152701.675562159,155998.15990520426,340807.75642751897,776.8677360954259,2436.86105749391,115327.11149172774,40344.45860162724,8013.822629344791,67423.91678473633,147078.2933977719,329639.6657832128
DZ_S_var_5_1.0,2358598.9666201407,349600.1325798548,1356319.4742544016,92246.89766177663,72574.530260746,204682.75731067968,355524.91797203966,106835.20459527262,277684.3601311993,233469.13943187645,643389.2049966872,3592206.7354523106,336672.5869553024,1324510.8547442262,63920.30122338858,56769.18733445753,182722.23970409823,227868.3448247341,87997.49058068664,250771.8372663293,222748.1188801754,527862.7916718734,256914.07693529478,127422.69605729578,699176.4550381424,7037.5181412378915,7322.5920966933,50385.936361314976,148310.24723126378,8556.064610716956,23112.77127944197,57277.82272641161,240505.55028074814,269804.01863172214,75636.7901769952,300517.30525002966,5462.203107741141,6201.8063415335155,43056.768886269834,94494.880980478,6788.353684549821,20546.89080762173,51286.56691559696,154888.2613257681,2328916.3064313987,251147.3943110248,999207.0983860414,1182.881809422215,4097.935710325989,137079.09534648966,268138.9240507375,11242.636684814937,80889.63903646698,190050.32076822448,559002.00255162,2185635.569704133,244423.61283166308,647284.1779198953,1178.6958999596152,4014.956632024928,135784.61694628475,178131.88764317252,11128.308956765237,80450.91493366518,183020.02240852755,451667.93202775065,138748.73145957003,39378.81555929338,333392.1714959004,82.0823018606649,201.46123637512926,9045.64757005716,52349.89045049128,209.47762055744556,2112.4148113957076,13102.288769160166,103080.80176504848,50835.23392073254,29600.95328801066,159098.91435570954,79.75467770634128,196.390612420119,8151.469839149551,34625.333839980165,205.55208765564834,2071.442870131987,13010.781237008936,68524.04998406288,2343838.0659359368,298309.24544061464,888411.2587633593,8765.823106077643,18548.83574011217,191208.31769724787,308694.72756462597,38905.6653000896,160907.2189898469,220194.44728546366,585908.2248744873,2170974.74368231,278345.2301262838,670978.5260254584,8123.445690105336,16183.024232547446,177241.7313558009,208736.1617946273,34067.10650063552,149702.69765037548,218299.83061291042,506955.94524680864,212047.14750383602,18732.806650861814,33068.54832466989,1671.5374179200242,2026.8738496440521,16492.781840572316,7248.706170312878,3224.2149229334764,13105.905304933805,16919.437494790614,30921.678256826694,163351.1842532329,18588.042222014243,32873.51185412763,1665.0454546659455,2022.5398427990344,16345.960997506065,7202.566367726358,3214.778657791266,13085.727800799628,16795.455408009602,30803.942403376863,2322766.1891434947,156714.51804720363,341639.20301759505,778.1817381910138,2439.1540206282834,115662.64464765403,40395.46146429106,8015.701926401298,67434.76637063516,146514.55480068622,328807.03716452274,2152701.675562159,155998.15990520426,340807.75642751897,776.8677360954259,2436.86105749391,114875.99906289042,40244.473451865495,8013.822629344791,67423.91678473633,146185.5563583225,328404.11693546316
DZ_S_var_5_1.8,2358598.9666201407,349600.1325798548,1356319.4742544016,92246.89766177663,72574.530260746,203201.094593237,352188.80583547964,106835.20459527262,277684.3601311993,232662.00397397825,641859.3578146312,3592206.7354523106,336672.5869553024,1324510.8547442262,63920.30122338858,56769.18733445753,180840.14622013652,225740.85358471528,87997.49058068664,250771.8372663293,221741.60658248657,526661.3766086876,256914.07693529478,127422.69605729578,699176.4550381424,7037.5181412378915,7322.5920966933,50244.33023605409,147707.4472204051,8556.064610716956,23112.77127944197,57117.79466264321,239492.1821077877,269804.01863172214,75636.7901769952,300517.30525002966,5462.203107741141,6201.8063415335155,43015.70810777072,94044.35023452202,6788.353684549821,20546.89080762173,51196.60393206222,154283.1093331227,2328916.3064313987,251147.3943110248,999207.0983860414,1182.881809422215,4097.935710325989,135782.5623837251,265391.28534208966,11242.636684814937,80889.63903646698,189415.25286175372,557973.2336280354,2185635.569704133,244423.61283166308,647284.1779198953,1178.6958999596152,4014.956632024928,134410.75262403936,176471.1745665431,11128.308956765237,80450.91493366518,182168.08785512164,450588.2795382618,138748.73145957003,39378.81555929338,333392.1714959004,82.0823018606649,201.46123637512926,9040.384510288925,52259.6665719359,209.47762055744556,2112.4148113957076,13098.486700711277,102573.57244712776,50835.23392073254,29600.95328801066,159098.91435570954,79.75467770634128,196.390612420119,8143.3346259728,34566.320715666036,205.55208765564834,2071.442870131987,13005.795985691297,68268.92913099693,2343838.0659359368,298309.24544061464,888411.2587633593,8765.823106077643,18548.83574011217,189026.841699197,306433.80960096564,38905.6653000896,160907.2189898469,218420.17334934132,583502.9880358769,2170974.74368231,278345.2301262838,670978.5260254584,8123.445690105336,16183.024232547446,174665.93078671358,206834.36608650876,34067.10650063552,149702.69765037548,216474.54368502912,504695.00698219065,212047.14750383602,18732.806650861814,33068.54832466989,1671.5374179200242,2026.8738496440521,16488.129540005557,7247.484247579873,3224.2149229334764,13105.905304933805,16916.1823182927,30913.506403519816,163351.1842532329,18588.042222014243,32873.51185412763,1665.0454546659455,2022.5398427990344,16341.354673922297,7201.350725375191,3214.778657791266,13085.727800799628,16792.236870027304,30795.82432109056,2322766.1891434947,156714.51804720363,341639.20301759505,778.1817381910138,2439.1540206282834,114407.66687291571,40118.25303992984,8015.701926401298,67434.76637063516,144076.70367800802,325429.67501973786,2152701.675562159,155998.15990520426,340807.75642751897,776.8677360954259,2436.86105749391,113631.45638261488,39968.42153600445,8013.822629344791,67423.91678473633,143749.13539871972,325026.22766054724
DZ_S_var_5_3.2,2358598.9666201407,349600.1325798548,1356319.4742544016,92246.89766177663,72574.530260746,202212.9995058997,349989.2153373303,106835.20459527262,277684.3601311993,232135.18177186992,640860.9924899903,3592206.7354523106,336672.5869553024,1324510.8547442262,63920.30122338858,56769.18733445753,179590.44545706065,224336.84941294746,87997.49058068664,250771.8372663293,221085.3027652066,525876.543392671,256914.07693529478,127422.69605729578,699176.4550381424,7037.5181412378915,7322.5920966933,50119.835385194936,147180.74848043785,8556.064610716956,23112.77127944197,56977.67778880956,238610.7459189042,269804.01863172214,75636.7901769952,300517.30525002966,5462.203107741141,6201.8063415335155,42979.28139817835,93649.30739558207,6788.353684549821,20546.89080762173,51117.409069951675,153754.48573286147,2328916.3064313987,251147.3943110248,999207.0983860414,1182.881809422215,4097.935710325989,133916.75733806434,261493.44608548007,11242.636684814937,80889.63903646698,188535.55050427245,556546.1797438803,2185635.569704133,244423.61283166308,647284.1779198953,1178.6958999596152,4014.956632024928,132426.05070200015,174094.4285232363,11128.308956765237,80450.91493366518,180980.4630708679,449079.31404355593,138748.73145957003,39378.81555929338,333392.1714959004,82.0823018606649,201.46123637512926,9031.02418874933,52100.09322486742,209.47762055744556,2112.4148113957076,13091.767662031172,101694.51482072819,50835.23392073254,29600.95328801066,159098.91435570954,79.75467770634128,196.390612420119,8128.8454253902455,34461.66948743103,205.55208765564834,2071.442870131987,12996.95767441217,67823.0778730484,2343838.0659359368,298309.24544061464,888411.2587633593,8765.823106077643,18548.83574011217,187461.35650537393,304810.0198452188,38905.6653000896,160907.2189898469,217162.81813916427,581792.875420011,2170974.74368231,278345.2301262838,670978.5260254584,8123.445690105336,16183.024232547446,172804.7465858828,205457.97643483063,34067.10650063552,149702.69765037548,215172.31351922918,503077.2639019631,212047.14750383602,18732.806650861814,33068.54832466989,1671.5374179200242,2026.8738496440521,16483.641180659302,7246.305316108065,3224.2149229334764,13105.905304933805,16913.04388827309,30905.63078906668,163351.1842532329,18588.042222014243,32873.51185412763,1665.0454546659455,2022.5398427990344,16336.910429370626,7200.177790807753,3214.778657791266,13085.727800799628,16789.13357444501,30788.000044086195,2322766.1891434947,156714.51804720363,341639.20301759505,778.1817381910138,2439.1540206282834,111664.83368393454,39511.21193359585,8015.701926401298,67434.76637063516,138879.89757742986,318199.2504374682,2152701.675562159,155998.15990520426,340807.75642751897,776.8677360954259,2436.86105749391,110911.16053018988,39363.87666251664,8013.822629344791,67423.91678473633,138555.3110749585,317794.4266246754
DZ_S_var_5_5.6,2358598.9666201407,349600.1325798548,1356319.4742544016,92246.89766177663,72574.530260746,201780.88998581946,349033.51434395515,106835.20459527262,277684.3601311993,231907.599988223,640429.7506027792,3592206.7354523106,336672.5869553024,1324510.8547442262,63920.30122338858,56769.18733445753,179045.29137843192,223726.50328689447,87997.49058068664,250771.8372663293,220801.94556441362,525537.3407287113,256914.07693529478,127422.69605729578,699176.4550381424,7037.5181412378915,7322.5920966933,50054.83848587426,146906.96639439007,8556.064610716956,23112.77127944197,56904.737133149705,238154.03273613146,269804.01863172214,75636.7901769952,300517.30525002966,5462.203107741141,6201.8063415335155,42960.14038605659,93443.44575284774,6788.353684549821,20546.89080762173,51076.02435683534,153479.75130848587,2328916.3064313987,251147.3943110248,999207.0983860414,1182.881809422215,4097.935710325989,132419.49315016554,258411.74285199709,11242.636684814937,80889.63903646698,187857.22062284604,555444.200615126,2185635.569704133,244423.61283166308,647284.1779198953,1178.6958999596152,4014.956632024928,130826.84197730922,172197.8785388447,11128.308956765237,80450.91493366518,180058.68057713122,447904.9683190879,138748.73145957003,39378.81555929338,333392.1714959004,82.0823018606649,201.46123637512926,9021.391784327772,51937.057160242075,209.47762055744556,2112.4148113957076,13084.910077150329,100819.34102941588,50835.23392073254,29600.95328801066,159098.91435570954,79.75467770634128,196.390612420119,8113.907230125436,34354.37839647077,205.55208765564834,2071.442870131987,12987.899588296936,67374.473457979,2343838.0659359368,298309.24544061464,888411.2587633593,8765.823106077643,18548.83574011217,186746.38558367896,304068.0387607792,38905.6653000896,160907.2189898469,216592.9298544485,581016.2294991702,2170974.74368231,278345.2301262838,670978.5260254584,8123.445690105336,16183.024232547446,171951.16231449172,204826.07802615094,34067.10650063552,149702.69765037548,214579.68354713518,502339.7386796204,212047.14750383602,18732.806650861814,33068.54832466989,1671.5374179200242,2026.8738496440521,16481.13144912166,7245.64607036824,3224.2149229334764,13105.905304933805,16911.289861195866,30901.23056110096,163351.1842532329,18588.042222014243,32873.51185412763,1665.0454546659455,2022.5398427990344,16334.425261649007,7199.521871705531,3214.778657791266,13085.727800799628,16787.399102259224,30783.628292138834,2322766.1891434947,156714.51804720363,341639.20301759505,778.1817381910138,2439.1540206282834,107854.24129410295,38664.809208474486,8015.701926401298,67434.76637063516,131944.9250913511,308476.3612436172,2152701.675562159,155998.15990520426,340807.75642751897,776.8677360954259,2436.86105749391,107131.26580703474,38520.87142572678,8013.822629344791,67423.91678473633,131624.17575651628,308069.129581689
DZ_S_var_5_10.0,2358598.9666201407,349600.1325798548,1356319.4742544016,92246.89766177663,72574.530260746,201627.20311279045,348694.5055684351,106835.20459527262,277684.3601311993,231827.06285380333,640277.1477283951,3592206.7354523106,336672.5869553024,1324510.8547442262,63920.30122338858,56769.18733445753,178851.59726955043,223509.9531452296,87997.49058068664,250771.8372663293,220701.69351636857,525417.2793548742,256914.07693529478,127422.69605729578,699176.4550381424,7037.5181412378915,7322.5920966933,50029.83335534244,146801.85662901108,8556.064610716956,23112.77127944197,56876.71459832062,237978.95756715088,269804.01863172214,75636.7901769952,300517.30525002966,5462.203107741141,6201.8063415335155,42952.753924455035,93364.31780950783,6788.353684549821,20546.89080762173,51060.0961350071,153374.28471651688,2328916.3064313987,251147.3943110248,999207.0983860414,1182.881809422215,4097.935710325989,131685.33600628457,256915.23743152033,11242.636684814937,80889.63903646698,187533.17183176993,554917.2757368814,2185635.569704133,244423.61283166308,647284.1779198953,1178.6958999596152,4014.956632024928,130040.56217676582,171271.2933784139,11128.308956765237,80450.91493366518,179616.46679114347,447340.60532325145,138748.73145957003,39378.81555929338,333392.1714959004,82.0823018606649,201.46123637512926,9015.725701327125,51841.705175102565,209.47762055744556,2112.4148113957076,13080.902838377266,100317.86206926744,50835.23392073254,29600.95328801066,159098.91435570954,79.75467770634128,196.390612420119,8105.106897295396,34291.45538529702,205.55208765564834,2071.442870131987,12982.5888390864,67115.27601888536,2343838.0659359368,298309.24544061464,888411.2587633593,8765.823106077643,18548.83574011217,186487.4206071048,303799.22956364905,38905.6653000896,160907.2189898469,216387.18260388618,580735.5979640852,2170974.74368231,278345.2301262838,670978.5260254584,8123.445690105336,16183.024232547446,171641.4370508376,204596.6878314778,34067.10650063552,149702.69765037548,214365.3560060116,502072.8063652905,212047.14750383602,18732.806650861814,33068.54832466989,1671.5374179200242,2026.8738496440521,16480.133045398325,7245.383808079846,3224.2149229334764,13105.905304933805,16910.592260257486,30899.480798002496,163351.1842532329,18588.042222014243,32873.51185412763,1665.0454546659455,2022.5398427990344,16333.436609065897,7199.2609274876495,3214.778657791266,13085.727800799628,16786.709262372973,30781.88981136769,2322766.1891434947,156714.51804720363,341639.20301759505,778.1817381910138,2439.1540206282834,104907.0158188841,38007.3922789298,8015.701926401298,67434.76637063516,126795.66266868035,301193.9930504646,2152701.675562159,155998.15990520426,340807.75642751897,776.8677360954259,2436.86105749391,104207.29361164561,37866.02684814344,8013.822629344791,67423.91678473633,126477.65749023786,300784.5158070181
DZ_S_var_6_0.1,2358598.9666201407,349600.1325798548,1356319.4742544016,92246.89766177663,72574.530260746,205025.63591714887,357014.1357239367,106835.20459527262,277684.3601311993,233568.6428632924,643539.5403614362,3592206.7354523106,336672.5869553024,1324510.8547442262,63920.30122338858,56769.18733445753,183319.58458501205,229075.36573722467,87997.49058068664,250771.8372663293,222911.7641002551,528076.8668507729,256914.07693529478,127422.69605729578,699176.4550381424,7037.5181412378915,7322.5920966933,50898.63119748614,149124.7564829215,8556.064610716956,23112.77127944197,57912.78838033734,242029.45288347852,269804.01863172214,75636.7901769952,300517.30525002966,5462.203107741141,6201.8063415335155,43393.40045562425,95003.94631458246,6788.353684549821,20546.89080762173,51729.00105353996,155897.51104188757,2328916.3064313987,251147.3943110248,999207.0983860414,1182.881809422215,4097.935710325989,137535.95577118872,269217.3632810825,11242.636684814937,80889.63903646698,190192.54638078902,559211.4757736681,2185635.569704133,244423.61283166308,647284.1779198953,1178.6958999596152,4014.956632024928,136265.12403427475,178764.3872392457,11128.308956765237,80450.91493366518,183237.6963132489,452030.2449294762,138748.73145957003,39378.81555929338,333392.1714959004,82.0823018606649,201.46123637512926,9047.535599686373,52372.66586797236,209.47762055744556,2112.4148113957076,13104.211184095073,103248.10057467184,50835.23392073254,29600.95328801066,159098.91435570954,79.75467770634128,196.390612420119,8152.0398852432445,34643.08013945436,205.55208765564834,2071.442870131987,13012.197314308538,68621.89932999594,2343838.0659359368,298309.24544061464,888411.2587633593,8765.823106077643,18548.83574011217,191865.1216714338,309535.9869426926,38905.6653000896,160907.2189898469,220615.17751173876,586682.2888322135,2170974.74368231,278345.2301262838,670978.5260254584,8123.445690105336,16183.024232547446,178208.1311790333,209706.07358275034,34067.10650063552,149702.69765037548,218747.29006470746,507696.86425670737,212047.14750383602,18732.806650861814,33068.54832466989,1671.5374179200242,2026.8738496440521,16495.242336256415,7250.068224923416,3224.2149229334764,13105.905304933805,16921.894248480374,30924.850710492792,163351.1842532329,18588.042222014243,32873.51185412763,1665.0454546659455,2022.5398427990344,16348.43552732685,7203.920781231363,3214.778657791266,13085.727800799628,16797.960402242534,30807.15663382208,2322766.1891434947,156714.51804720363,341639.20301759505,778.1817381910138,2439.1540206282834,116386.2784983053,40522.03786474425,8015.701926401298,67434.76637063516,147436.14991872024,330357.45611814567,2152701.675562159,155998.15990520426,340807.75642751897,776.8677360954259,2436.86105749391,115595.92517637638,40370.77988163033,8013.822629344791,67423.91678473633,147106.38162507844,329954.1689614005
DZ_S_var_6_0.2,2358598.9666201407,349600.1325798548,1356319.4742544016,92246.89766177663,72574.530260746,205015.22818180046,356968.7300280936,106835.20459527262,277684.3601311993,233565.5940603411,643534.93439671,3592206.7354523106,336672.5869553024,1324510.8547442262,63920.30122338858,56769.18733445753,183301.4670393091,229038.59071072694,87997.49058068664,250771.8372663293,222906.74979922353,528070.3081128589,256914.07693529478,127422.69605729578,699176.4550381424,7037.5181412378915,7322.5920966933,50885.6824632047,149104.22322164124,8556.064610716956,23112.77127944197,57896.715906498815,241990.93739259083,269804.01863172214,75636.7901769952,300517.30525002966,5462.203107741141,6201.8063415335155,43384.92076698086,94991.11961663232,6788.353684549821,20546.89080762173,51717.83938094905,155872.02107199206,2328916.3064313987,251147.3943110248,999207.0983860414,1182.881809422215,4097.935710325989,137525.13411121236,269191.75096358923,11242.636684814937,80889.63903646698,190189.15403107126,559206.4803487832,2185635.569704133,244423.61283166308,647284.1779198953,1178.6958999596152,4014.956632024928,136253.7490924739,178749.38808504253,11128.308956765237,80450.91493366518,183232.5110030521,452021.61398752034,138748.73145957003,39378.81555929338,333392.1714959004,82.0823018606649,201.46123637512926,9047.492350767436,52372.143927337675,209.47762055744556,2112.4148113957076,13104.167115685561,103244.2569306864,50835.23392073254,29600.95328801066,159098.91435570954,79.75467770634128,196.390612420119,8152.026832786264,34642.673521463934,205.55208765564834,2071.442870131987,13012.164870796847,68619.65306498545,2343838.0659359368,298309.24544061464,888411.2587633593,8765.823106077643,18548.83574011217,191846.00238025616,309511.48267698707,38905.6653000896,160907.2189898469,220602.8631884569,586659.6312319125,2170974.74368231,278345.2301262838,670978.5260254584,8123.445690105336,16183.024232547446,178180.08094586837,209677.87987109536,34067.10650063552,149702.69765037548,218734.20933690813,507675.20171769225,212047.14750383602,18732.806650861814,33068.54832466989,1671.5374179200242,2026.8738496440521,16495.181587311825,7250.034591827924,3224.2149229334764,13105.905304933805,16921.833575142307,30924.772361170784,163351.1842532329,18588.042222014243,32873.51185412763,1665.0454546659455,2022.5398427990344,16348.37443368864,7203.88733787005,3214.778657791266,13085.727800799628,16797.898539767168,30807.077255722445,2322766.1891434947,156714.51804720363,341639.20301759505,778.1817381910138,2439.1540206282834,116369.94681097442,40519.18546797312,8015.701926401298,67434.76637063516,147415.32149847475,330322.3890108443,2152701.675562159,155998.15990520426,340807.75642751897,776.8677360954259,2436.86105749391,115579.67728952866,40367.933597974166,8013.822629344791,67423.91678473633,147085.57063645375,329919.1102719878
DZ_S_var_6_0.3,2358598.9666201407,349600.1325798548,1356319.4742544016,92246.89766177663,72574.530260746,204983.47630524033,356830.28503902024,106835.20459527262,277684.3601311993,233556.30389501236,643520.8991914802,3592206.7354523106,336672.5869553024,1324510.8547442262,63920.30122338858,56769.18733445753,183246.18859297843,228926.45092044727,87997.49058068664,250771.8372663293,222891.47053394804,528050.3224232676,256914.07693529478,127422.69605729578,699176.4550381424,7037.5181412378915,7322.5920966933,50845.32350922404,149040.21199292186,8556.064610716956,23112.77127944197,57846.63267298006,241870.90055238162,269804.01863172214,75636.7901769952,300517.30525002966,5462.203107741141,6201.8063415335155,43358.483637756704,94951.13098064615,6788.353684549821,20546.89080762173,51683.046222105135,155792.5733894784,2328916.3064313987,251147.3943110248,999207.0983860414,1182.881809422215,4097.935710325989,137491.180209147,269111.4113643158,11242.636684814937,80889.63903646698,190178.5176711935,559190.8174259664,2185635.569704133,244423.61283166308,647284.1779198953,1178.6958999596152,4014.956632024928,136218.0570681822,178702.33234348282,11128.308956765237,80450.91493366518,183216.25090585154,451994.54911552893,138748.73145957003,39378.81555929338,333392.1714959004,82.0823018606649,201.46123637512926,9047.356203758663,52370.5009346174,209.47762055744556,2112.4148113957076,13104.028398682045,103232.16067511372,50835.23392073254,29600.95328801066,159098.91435570954,79.75467770634128,196.390612420119,8151.985742135166,34641.3935257656,205.55208765564834,2071.442870131987,13012.062740765738,68612.583337937,2343838.0659359368,298309.24544061464,888411.2587633593,8765.823106077643,18548.83574011217,191787.36890054063,309436.3408314394,38905.6653000896,160907.2189898469,220565.1238209569,586590.1937036396,2170974.74368231,278345.2301262838,670978.5260254584,8123.445690105336,16183.024232547446,178094.0284759857,209591.4028041055,34067.10650063552,149702.69765037548,218694.11521350406,507608.8043665646,212047.14750383602,18732.806650861814,33068.54832466989,1671.5374179200242,2026.8738496440521,16494.991789560103,7249.929513464735,3224.2149229334764,13105.905304933805,16921.64401908395,30924.527581898856,163351.1842532329,18588.042222014243,32873.51185412763,1665.0454546659455,2022.5398427990344,16348.183558423405,7203.782851941244,3214.778657791266,13085.727800799628,16797.705267867,30806.829261368384,2322766.1891434947,156714.51804720363,341639.20301759505,778.1817381910138,2439.1540206282834,116318.4610493584,40510.19196904347,8015.701926401298,67434.76637063516,147349.66851492974,330211.8626865874,2152701.675562159,155998.15990520426,340807.75642751897,776.8677360954259,2436.86105749391,115528.45567308781,40358.95936461629,8013.822629344791,67423.91678473633,147019.97258899763,329808.6104437968
DZ_S_var_6_0.6,2358598.9666201407,349600.1325798548,1356319.4742544016,92246.89766177663,72574.530260746,204893.3876900848,356438.12184254645,106835.20459527262,277684.3601311993,233530.0359568331,643481.2135824952,3592206.7354523106,336672.5869553024,1324510.8547442262,63920.30122338858,56769.18733445753,183089.3035618158,228608.71634292373,87997.49058068664,250771.8372663293,222848.26899713374,527993.811104612,256914.07693529478,127422.69605729578,699176.4550381424,7037.5181412378915,7322.5920966933,50723.30446656666,148846.56748803955,8556.064610716956,23112.77127944197,57695.32304093346,241508.07254310913,269804.01863172214,75636.7901769952,300517.30525002966,5462.203107741141,6201.8063415335155,43278.48673711925,94830.13883157987,6788.353684549821,20546.89080762173,51577.816121959346,155552.37649307243,2328916.3064313987,251147.3943110248,999207.0983860414,1182.881809422215,4097.935710325989,137386.4107825799,268863.7156639523,11242.636684814937,80889.63903646698,190145.768618121,559142.5889899145,2185635.569704133,244423.61283166308,647284.1779198953,1178.6958999596152,4014.956632024928,136107.90384742132,178557.18707500535,11128.308956765237,80450.91493366518,183166.16655549683,451911.18426185165,138748.73145957003,39378.81555929338,333392.1714959004,82.0823018606649,201.46123637512926,9046.931755906631,52365.37946455483,209.47762055744556,2112.4148113957076,13103.596033657952,103194.48365043272,50835.23392073254,29600.95328801066,159098.91435570954,79.75467770634128,196.390612420119,8151.857622642063,34637.40336308759,205.55208765564834,2071.442870131987,13011.744359814109,68590.55742031343,2343838.0659359368,298309.24544061464,888411.2587633593,8765.823106077643,18548.83574011217,191618.4724461688,309219.94037745474,38905.6653000896,160907.2189898469,220456.6257364743,586390.5705787186,2170974.74368231,278345.2301262838,670978.5260254584,8123.445690105336,16183.024232547446,177845.89459313866,209342.17579916335,34067.10650063552,149702.69765037548,218578.79714007396,507417.84289243683,212047.14750383602,18732.806650861814,33068.54832466989,1671.5374179200242,2026.8738496440521,16494.413752705026,7249.609506238696,3224.2149229334764,13105.905304933805,16921.066769417655,30923.78216457619,163351.1842532329,18588.042222014243,32873.51185412763,1665.0454546659455,2022.5398427990344,16347.602234459917,7203.464645718134,3214.778657791266,13085.727800799628,16797.11669564241,30806.074044223165,2322766.1891434947,156714.51804720363,341639.20301759505,778.1817381910138,2439.1540206282834,116157.22780791446,40482.01509383608,8015.701926401298,67434.76637063516,147144.1550999032,329865.9629489367,2152701.675562159,155998.15990520426,340807.75642751897,776.8677360954259,2436.86105749391,115368.04927284532,40330.84276195905,8013.822629344791,67423.91678473633,146814.63104326595,329462.79327516473
DZ_S_var_6_1.0,2358598.9666201407,349600.1325798548,1356319.4742544016,92246.89766177663,72574.530260746,204682.75731067968,355524.91797203966,106835.20459527262,277684.3601311993,233469.13943187645,643389.2049966872,3592206.7354523106,336672.5869553024,1324510.8547442262,63920.30122338858,56769.18733445753,182722.23970409823,227868.3448247341,87997.49058068664,250771.8372663293,222748.1188801754,527862.7916718734,256914.07693529478,127422.69605729578,699176.4550381424,7037.5181412378915,7322.5920966933,50385.936361314976,148310.24723126378,8556.064610716956,23112.77127944197,57277.82272641161,240505.55028074814,269804.01863172214,75636.7901769952,300517.30525002966,5462.203107741141,6201.8063415335155,43056.768886269834,94494.880980478,6788.353684549821,20546.89080762173,51286.56691559696,154888.2613257681,2328916.3064313987,251147.3943110248,999207.0983860414,1182.881809422215,4097.935710325989,137079.09534648966,268138.9240507375,11242.636684814937,80889.63903646698,190050.32076822448,559002.00255162,2185635.569704133,244423.61283166308,647284.1779198953,1178.6958999596152,4014.956632024928,135784.61694628475,178131.88764317252,11128.308956765237,80450.91493366518,183020.02240852755,451667.93202775065,138748.73145957003,39378.81555929338,333392.1714959004,82.0823018606649,201.46123637512926,9045.64757005716,52349.89045049128,209.47762055744556,2112.4148113957076,13102.288769160166,103080.80176504848,50835.23392073254,29600.95328801066,159098.91435570954,79.75467770634128,196.390612420119,8151.469839149551,34625.333839980165,205.55208765564834,2071.442870131987,13010.781237008936,68524.04998406288,2343838.0659359368,298309.24544061464,888411.2587633593,8765.823106077643,18548.83574011217,191208.31769724787,308694.72756462597,38905.6653000896,160907.2189898469,220194.44728546366,585908.2248744873,2170974.74368231,278345.2301262838,670978.5260254584,8123.445690105336,16183.024232547446,177241.7313558009,208736.1617946273,34067.10650063552,149702.69765037548,218299.83061291042,506955.94524680864,212047.14750383602,18732.806650861814,33068.54832466989,1671.5374179200242,2026.8738496440521,16492.781840572316,7248.706170312878,3224.2149229334764,13105.905304933805,16919.437494790614,30921.678256826694,163351.1842532329,18588.042222014243,32873.51185412763,1665.0454546659455,2022.5398427990344,16345.960997506065,7202.566367726358,3214.778657791266,13085.727800799628,16795.455408009602,30803.942403376863,2322766.1891434947,156714.51804720363,341639.20301759505,778.1817381910138,2439.1540206282834,115662.64464765403,40395.46146429106,8015.701926401298,67434.76637063516,146514.55480068622,328807.03716452274,2152701.675562159,155998.15990520426,340807.75642751897,776.8677360954259,2436.86105749391,114875.99906289042,40244.473451865495,8013.822629344791,67423.91678473633,146185.5563583225,328404.11693546316
DZ_S_var_6_1.8,2358598.9666201407,349600.1325798548,1356319.4742544016,92246.89766177663,72574.530260746,204354.28192805202,354110.9936929245,106835.20459527262,277684.3601311993,233375.59722881342,643247.8554390876,3592206.7354523106,336672.5869553024,1324510.8547442262,63920.30122338858,56769.18733445753,182149.0772963747,226720.67104089112,87997.49058068664,250771.8372663293,222594.2887958103,527661.5070260959,256914.07693529478,127422.69605729578,699176.4550381424,7037.5181412378915,7322.5920966933,49644.729298907,147127.1448759631,8556.064610716956,23112.77127944197,56364.938516412156,238306.2400857796,269804.01863172214,75636.7901769952,300517.30525002966,5462.203107741141,6201.8063415335155,42566.86641975162,93754.50171692767,6788.353684549821,20546.89080762173,50645.12995595395,153429.1088163432,2328916.3064313987,251147.3943110248,999207.0983860414,1182.881809422215,4097.935710325989,136296.85974932802,266305.78781447234,11242.636684814937,80889.63903646698,189811.4225501571,558649.97204167,2185635.569704133,244423.61283166308,647284.1779198953,1178.6958999596152,4014.956632024928,134960.5183798304,177052.32656825188,11128.308956765237,80450.91493366518,182653.10768981103,451057.2340307547,138748.73145957003,39378.81555929338,333392.1714959004,82.0823018606649,201.46123637512926,9042.089630527322,52307.0256716557,209.47762055744556,2112.4148113957076,13098.673745232509,102768.26183802699,50835.23392073254,29600.95328801066,159098.91435570954,79.75467770634128,196.390612420119,8150.39425698607,34591.91693202983,205.55208765564834,2071.442870131987,13008.114028387867,68340.82268453517,2343838.0659359368,298309.24544061464,888411.2587633593,8765.823106077643,18548.83574011217,190522.39328125308,307817.33637677337,38905.6653000896,160907.2189898469,219760.0708117705,585109.1694364141,2170974.74368231,278345.2301262838,670978.5260254584,8123.445690105336,16183.024232547446,176226.30876474702,207720.19286790694,34067.10650063552,149702.69765037548,217836.6784108516,506189.26349961775,212047.14750383602,18732.806650861814,33068.54832466989,1671.5374179200242,2026.8738496440521,16489.01267978982,7246.62037950672,3224.2149229334764,13105.905304933805,16915.67676736673,30916.822063385167,163351.1842532329,18588.042222014243,32873.51185412763,1665.0454546659455,2022.5398427990344,16342.170047421572,7200.492108662816,3214.778657791266,13085.727800799628,16791.62047545885,30799.02178241908,2322766.1891434947,156714.51804720363,341639.20301759505,778.1817381910138,2439.1540206282834,114236.91002228411,40144.922460532085,8015.701926401298,67434.76637063516,144706.43532734757,325772.1437362101,2152701.675562159,155998.15990520426,340807.75642751897,776.8677360954259,2436.86105749391,113457.53758995926,39994.46094429827,8013.822629344791,67423.91678473633,144378.9386961026,325369.91035842145
DZ_S_var_6_3.2,2358598.9666201407,349600.1325798548,1356319.4742544016,92246.89766177663,72574.530260746,204066.26435566816,352881.31826912856,106835.20459527262,277684.3601311993,233294.97283045016,643126.0095433306,3592206.7354523106,336672.5869553024,1324510.8547442262,63920.30122338858,56769.18733445753,181645.77599916467,225721.2055838387,87997.49058068664,250771.8372663293,222461.71073017185,527487.9919907122,256914.07693529478,127422.69605729578,699176.4550381424,7037.5181412378915,7322.5920966933,48606.078151719325,145457.91200580943,8556.064610716956,23112.77127944197,55095.740440945214,235231.4218688334,269804.01863172214,75636.7901769952,300517.30525002966,5462.203107741141,6201.8063415335155,41873.861467064904,92708.00153717256,6788.353684549821,20546.89080762173,49742.67476369586,151383.91820065572,2328916.3064313987,251147.3943110248,999207.0983860414,1182.881809422215,4097.935710325989,134862.22449410884,262986.5819879239,11242.636684814937,80889.63903646698,189387.8313751368,558025.2432666406,2185635.569704133,244423.61283166308,647284.1779198953,1178.6958999596152,4014.956632024928,133444.5769614823,175083.30740042028,11128.308956765237,80450.91493366518,181998.539994059,449967.8281338466,138748.73145957003,39378.81555929338,333392.1714959004,82.0823018606649,201.46123637512926,9034.234782458847,52212.64613230447,209.47762055744556,2112.4148113957076,13090.728375124523,102090.61720271943,50835.23392073254,29600.95328801066,159098.91435570954,79.75467770634128,196.390612420119,8148.013451950216,34518.26012516373,205.55208765564834,2071.442870131987,13002.231880456444,67941.6209204068,2343838.0659359368,298309.24544061464,888411.2587633593,8765.823106077643,18548.83574011217,189869.17321258943,306982.87490104896,38905.6653000896,160907.2189898469,219351.08095661155,584356.9186667283,2170974.74368231,278345.2301262838,670978.5260254584,8123.445690105336,16183.024232547446,175253.3814798607,206749.71750819156,34067.10650063552,149702.69765037548,217399.4950877725,505465.7741224257,212047.14750383602,18732.806650861814,33068.54832466989,1671.5374179200242,2026.8738496440521,16483.260940917517,7243.439095104443,3224.2149229334764,13105.905304933805,16909.944188671976,30909.41988432595,163351.1842532329,18588.042222014243,32873.51185412763,1665.0454546659455,2022.5398427990344,16336.384379718405,7197.328017652872,3214.778657791266,13085.727800799628,16785.773946076613,30791.520284813552,2322766.1891434947,156714.51804720363,341639.20301759505,778.1817381910138,2439.1540206282834,110768.00506814648,39528.797930169436,8015.701926401298,67434.76637063516,140349.0694449813,318493.8681890489,2152701.675562159,155998.15990520426,340807.75642751897,776.8677360954259,2436.86105749391,110006.15142418553,39379.58641297732,8013.822629344791,67423.91678473633,140025.14522550898,318093.1083921401
DZ_S_var_6_5.6,2358598.9666201407,349600.1325798548,1356319.4742544016,92246.89766177663,72574.530260746,203916.1784576357,352244.22847487347,106835.20459527262,277684.3601311993,233253.46566078954,643063.2748299233,3592206.7354523106,336672.5869553024,1324510.8547442262,63920.30122338858,56769.18733445753,181383.2333339116,225202.8897229674,87997.49058068664,250771.8372663293,222393.4598381428,527398.6529713358,256914.07693529478,127422.69605729578,699176.4550381424,7037.5181412378915,7322.5920966933,47795.56767454394,144145.83916760556,8556.064610716956,23112.77127944197,54113.35710555075,232837.25375683524,269804.01863172214,75636.7901769952,300517.30525002966,5462.203107741141,6201.8063415335155,41327.727853359786,91883.85365562422,6788.353684549821,20546.89080762173,49035.499492054885,149787.24305253677,2328916.3064313987,251147.3943110248,999207.0983860414,1182.881809422215,4097.935710325989,133324.7672775973,259488.92765339196,11242.636684814937,80889.63903646698,188953.6401261977,557384.1591592722,2185635.569704133,244423.61283166308,647284.1779198953,1178.6958999596152,4014.956632024928,131813.44659598198,172988.35107138404,11128.308956765237,80450.91493366518,181322.24265182417,448842.3371013167,138748.73145957003,39378.81555929338,333392.1714959004,82.0823018606649,201.46123637512926,9023.139196814576,52079.916877707044,209.47762055744556,2112.4148113957076,13079.587465603436,101161.28154390269,50835.23392073254,29600.95328801066,159098.91435570954,79.75467770634128,196.390612420119,8144.635650791109,34414.48819966515,205.55208765564834,2071.442870131987,12993.937486785668,67389.81788014049,2343838.0659359368,298309.24544061464,888411.2587633593,8765.823106077643,18548.83574011217,189507.50891171937,306521.3196310718,38905.6653000896,160907.2189898469,219126.57200034725,583944.024210482,2170974.74368231,278345.2301262838,670978.5260254584,8123.445690105336,16183.024232547446,174712.2038074355,206211.1471388294,34067.10650063552,149702.69765037548,217159.05493023054,505067.9564733783,212047.14750383602,18732.806650861814,33068.54832466989,1671.5374179200242,2026.8738496440521,16478.340072391275,7240.718928165243,3224.2149229334764,13105.905304933805,16905.04573568024,30903.095005196803,163351.1842532329,18588.042222014243,32873.51185412763,1665.0454546659455,2022.5398427990344,16331.433832880228,7194.622173457271,3214.778657791266,13085.727800799628,16780.777321061065,30785.109476350055,2322766.1891434947,156714.51804720363,341639.20301759505,778.1817381910138,2439.1540206282834,104945.79894129565,38472.800142113214,8015.701926401298,67434.76637063516,133166.43026380436,306592.368845759,2152701.675562159,155998.15990520426,340807.75642751897,776.8677360954259,2436.86105749391,104212.78399006792,38325.58108494111,8013.822629344791,67423.91678473633,132848.2504226756,306193.4642495952
DZ_S_var_6_10.0,2358598.9666201407,349600.1325798548,1356319.4742544016,92246.89766177663,72574.530260746,203858.4902522598,352000.01963454916,106835.20459527262,277684.3601311993,233237.60265271444,643039.2981350217,3592206.7354523106,336672.5869553024,1324510.8547442262,63920.30122338858,56769.18733445753,181282.2706287011,225004.11875004487,87997.49058068664,250771.8372663293,222367.37660808288,527364.5080667416,256914.07693529478,127422.69605729578,699176.4550381424,7037.5181412378915,7322.5920966933,47405.37551962074,143511.1418815143,8556.064610716956,23112.77127944197,53642.9095457531,231686.18272976825,269804.01863172214,75636.7901769952,300517.30525002966,5462.203107741141,6201.8063415335155,41063.11900835047,91484.68928329472,6788.353684549821,20546.89080762173,48694.12917409249,149018.26825191895,2328916.3064313987,251147.3943110248,999207.0983860414,1182.881809422215,4097.935710325989,132389.85072273258,257391.0590764606,11242.636684814937,80889.63903646698,188699.0425766821,557007.9045276912,2185635.569704133,244423.61283166308,647284.1779198953,1178.6958999596152,4014.956632024928,130818.24245681571,171721.84511789674,11128.308956765237,80450.91493366518,180923.13595484925,448178.17932970397,138748.73145957003,39378.81555929338,333392.1714959004,82.0823018606649,201.46123637512926,9014.40808146953,51975.95345098797,209.47762055744556,2112.4148113957076,13070.887915887564,100451.91954807194,50835.23392073254,29600.95328801066,159098.91435570954,79.75467770634128,196.390612420119,8141.965456013054,34333.05402187855,205.55208765564834,2071.442870131987,12987.42261760032,66965.2260114701,2343838.0659359368,298309.24544061464,888411.2587633593,8765.823106077643,18548.83574011217,189364.34269458672,306338.7003812786,38905.6653000896,160907.2189898469,219038.07635661727,583781.2800478924,2170974.74368231,278345.2301262838,670978.5260254584,8123.445690105336,16183.024232547446,174497.4810369334,205997.7029073057,34067.10650063552,149702.69765037548,217064.19084831333,504911.01639506477,212047.14750383602,18732.806650861814,33068.54832466989,1671.5374179200242,2026.8738496440521,16475.819788381657,7239.326318525636,3224.2149229334764,13105.905304933805,16902.539079606817,30899.858496949335,163351.1842532329,18588.042222014243,32873.51185412763,1665.0454546659455,2022.5398427990344,16328.898116363058,7193.236761377455,3214.778657791266,13085.727800799628,16778.22014212655,30781.828617314124,2322766.1891434947,156714.51804720363,341639.20301759505,778.1817381910138,2439.1540206282834,99376.65723000979,37435.17092217302,8015.701926401298,67434.76637063516,126444.99683131541,295542.15831605374,2152701.675562159,155998.15990520426,340807.75642751897,776.8677360954259,2436.86105749391,98670.56498459801,37289.72134445477,8013.822629344791,67423.91678473633,126132.02975620038,295144.31531707733
DZ_S_var_7_0.1,2358598.9666201407,349600.1325798548,1356319.4742544016,92246.89766177663,72574.530260746,204945.87635996361,355756.4116766166,106835.20459527262,277684.3601311993,233659.87335351924,643741.7653614872,3592206.7354523106,336672.5869553024,1324510.8547442262,63920.30122338858,56769.18733445753,182891.91523083055,228048.34541703243,87997.49058068664,250771.8372663293,222920.24166590886,528069.7276807546,256914.07693529478,127422.69605729578,699176.4550381424,7037.5181412378915,7322.5920966933,50542.16460338341,148540.40149995076,8556.064610716956,23112.77127944197,57510.377570490644,240996.83220079858,269804.01863172214,75636.7901769952,300517.30525002966,5462.203107741141,6201.8063415335155,43177.27585216612,94633.48322143633,6788.353684549821,20546.89080762173,51448.86241610758,155196.1558011321,2328916.3064313987,251147.3943110248,999207.0983860414,1182.881809422215,4097.935710325989,137147.73942547405,268294.68499210104,11242.636684814937,80889.63903646698,190070.31052954405,559032.5868625672,2185635.569704133,244423.61283166308,647284.1779198953,1178.6958999596152,4014.956632024928,135858.03326671445,178241.48432291852,11128.308956765237,80450.91493366518,183049.65013465268,451722.968410159,138748.73145957003,39378.81555929338,333392.1714959004,82.0823018606649,201.46123637512926,9058.709487424267,52394.827495050995,209.47762055744556,2112.4148113957076,13119.029404277035,103155.51469203131,50835.23392073254,29600.95328801066,159098.91435570954,79.75467770634128,196.390612420119,8161.588254414817,34654.101556805246,205.55208765564834,2071.442870131987,13027.441417275288,68571.9054361494,2343838.0659359368,298309.24544061464,888411.2587633593,8765.823106077643,18548.83574011217,191391.91166331517,308844.6804502617,38905.6653000896,160907.2189898469,220315.7219615175,586160.35881029,2170974.74368231,278345.2301262838,670978.5260254584,8123.445690105336,16183.024232547446,177344.93165906172,208855.8403900409,34067.10650063552,149702.69765037548,218414.37517278627,507097.56795990915,212047.14750383602,18732.806650861814,33068.54832466989,1671.5374179200242,2026.8738496440521,16493.004563260412,7248.814122766639,3224.2149229334764,13105.905304933805,16919.659947362146,30921.922383257323,163351.1842532329,18588.042222014243,32873.51185412763,1665.0454546659455,2022.5398427990344,16346.171770681472,7202.673347024496,3214.778657791266,13085.727800799628,16795.6713408199,30804.181394808853,2322766.1891434947,156714.51804720363,341639.20301759505,778.1817381910138,2439.1540206282834,115722.94193793509,40450.48033789401,8015.701926401298,67434.76637063516,146669.64092118855,329102.71090310544,2152701.675562159,155998.15990520426,340807.75642751897,776.8677360954259,2436.86105749391,114935.7055559089,40299.29834787869,8013.822629344791,67423.91678473633,146340.49684890578,328699.6796173361
DZ_S_var_7_0.2,2358598.9666201407,349600.1325798548,1356319.4742544016,92246.89766177663,72574.530260746,204939.70895056994,355750.9871862554,106835.20459527262,277684.3601311993,233655.39778664487,643733.4924994258,3592206.7354523106,336672.5869553024,1324510.8547442262,63920.30122338858,56769.18733445753,182887.9428441769,228044.13024832224,87997.49058068664,250771.8372663293,222916.20539152072,528064.8759114435,256914.07693529478,127422.69605729578,699176.4550381424,7037.5181412378915,7322.5920966933,50538.684017540814,148535.27778390178,8556.064610716956,23112.77127944197,57505.17198699941,240985.84582940725,269804.01863172214,75636.7901769952,300517.30525002966,5462.203107741141,6201.8063415335155,43174.59217962948,94630.39836818278,6788.353684549821,20546.89080762173,51445.234600450785,155189.27460216024,2328916.3064313987,251147.3943110248,999207.0983860414,1182.881809422215,4097.935710325989,137146.20841073847,268291.2096931754,11242.636684814937,80889.63903646698,190069.86365651817,559031.9031628178,2185635.569704133,244423.61283166308,647284.1779198953,1178.6958999596152,4014.956632024928,135856.3961909636,178239.03956531428,11128.308956765237,80450.91493366518,183048.9879558434,451721.7383234956,138748.73145957003,39378.81555929338,333392.1714959004,82.0823018606649,201.46123637512926,9058.421505550272,52393.836899107344,209.47762055744556,2112.4148113957076,13118.660138582372,103153.86697706826,50835.23392073254,29600.95328801066,159098.91435570954,79.75467770634128,196.390612420119,8161.365221397722,34653.467447250565,205.55208765564834,2071.442870131987,13027.07395256992,68570.85015386438,2343838.0659359368,298309.24544061464,888411.2587633593,8765.823106077643,18548.83574011217,191387.63234730336,308841.186049546,38905.6653000896,160907.2189898469,220312.89268127878,586154.4761015931,2170974.74368231,278345.2301262838,670978.5260254584,8123.445690105336,16183.024232547446,177342.52891172224,208853.05323311206,34067.10650063552,149702.69765037548,218411.70433142458,507094.26607638283,212047.14750383602,18732.806650861814,33068.54832466989,1671.5374179200242,2026.8738496440521,16492.99966431785,7248.811748255683,3224.2149229334764,13105.905304933805,16919.65505426704,30921.917013428047,163351.1842532329,18588.042222014243,32873.51185412763,1665.0454546659455,2022.5398427990344,16346.167134600495,7202.670993929791,3214.778657791266,13085.727800799628,16795.666591153782,30804.176137950686,2322766.1891434947,156714.51804720363,341639.20301759505,778.1817381910138,2439.1540206282834,115721.61371337801,40449.26658225901,8015.701926401298,67434.76637063516,146666.21186730385,329096.1715098034,2152701.675562159,155998.15990520426,340807.75642751897,776.8677360954259,2436.86105749391,114934.39034836863,40298.088871891334,8013.822629344791,67423.91678473633,146337.07101576385,328693.14268325863
DZ_S_var_7_0.3,2358598.9666201407,349600.1325798548,1356319.4742544016,92246.89766177663,72574.530260746,204920.3378607268,355733.9490060735,106835.20459527262,277684.3601311993,233641.3420818281,643707.5112435446,3592206.7354523106,336672.5869553024,1324510.8547442262,63920.30122338858,56769.18733445753,182875.46457745662,228030.889671322,87997.49058068664,250771.8372663293,222903.5284966162,528049.6374848085,256914.07693529478,127422.69605729578,699176.4550381424,7037.5181412378915,7322.5920966933,50527.69790784786,148519.10415210453,8556.064610716956,23112.77127944197,57488.74846523478,240951.18083764464,269804.01863172214,75636.7901769952,300517.30525002966,5462.203107741141,6201.8063415335155,43166.12112045355,94620.66043836955,6788.353684549821,20546.89080762173,51433.787390928155,155167.56130531512,2328916.3064313987,251147.3943110248,999207.0983860414,1182.881809422215,4097.935710325989,137141.37643063173,268280.24180504214,11242.636684814937,80889.63903646698,190068.45360503346,559029.7458298398,2185635.569704133,244423.61283166308,647284.1779198953,1178.6958999596152,4014.956632024928,135851.22936260427,178231.32385916938,11128.308956765237,80450.91493366518,183046.89848859623,451717.8568631272,138748.73145957003,39378.81555929338,333392.1714959004,82.0823018606649,201.46123637512926,9057.511625633739,52390.707062470494,209.47762055744556,2112.4148113957076,13117.493494713372,103148.66115894388,50835.23392073254,29600.95328801066,159098.91435570954,79.75467770634128,196.390612420119,8160.6605322104515,34651.46393256992,205.55208765564834,2071.442870131987,13025.912990878825,68567.51604205456,2343838.0659359368,298309.24544061464,888411.2587633593,8765.823106077643,18548.83574011217,191374.18406049133,308830.2042123132,38905.6653000896,160907.2189898469,220304.00210304046,586135.9907631706,2170974.74368231,278345.2301262838,670978.5260254584,8123.445690105336,16183.024232547446,177334.9771372859,208844.29350376735,34067.10650063552,149702.69765037548,218403.31117906672,507083.8897603342,212047.14750383602,18732.806650861814,33068.54832466989,1671.5374179200242,2026.8738496440521,16492.98418268195,7248.804244333808,3224.2149229334764,13105.905304933805,16919.639591138737,30921.90004372558,163351.1842532329,18588.042222014243,32873.51185412763,1665.0454546659455,2022.5398427990344,16346.152483652506,7202.663557683899,3214.778657791266,13085.727800799628,16795.65158128283,30804.15952525219,2322766.1891434947,156714.51804720363,341639.20301759505,778.1817381910138,2439.1540206282834,115717.41683413472,40445.43193293656,8015.701926401298,67434.76637063516,146655.3806691592,329075.5163745151,2152701.675562159,155998.15990520426,340807.75642751897,776.8677360954259,2436.86105749391,114930.2345989801,40294.267743262666,8013.822629344791,67423.91678473633,146326.24999060278,328672.49531471235
DZ_S_var_7_0.6,2358598.9666201407,349600.1325798548,1356319.4742544016,92246.89766177663,72574.530260746,204860.37090836678,355681.1991253786,106835.20459527262,277684.3601311993,233597.84446217967,643627.1082306452,3592206.7354523106,336672.5869553024,1324510.8547442262,63920.30122338858,56769.18733445753,182836.821463395,227989.88897732613,87997.49058068664,250771.8372663293,222864.29007108876,528002.4678001953,256914.07693529478,127422.69605729578,699176.4550381424,7037.5181412378915,7322.5920966933,50493.16018073224,148468.24668858448,8556.064610716956,23112.77127944197,57437.189550527306,240842.32437804673,269804.01863172214,75636.7901769952,300517.30525002966,5462.203107741141,6201.8063415335155,43139.48691068185,94590.03769469836,6788.353684549821,20546.89080762173,51397.83580800711,155099.36404385866,2328916.3064313987,251147.3943110248,999207.0983860414,1182.881809422215,4097.935710325989,137126.19087072287,268245.77652986586,11242.636684814937,80889.63903646698,190064.02525376767,559022.9705504911,2185635.569704133,244423.61283166308,647284.1779198953,1178.6958999596152,4014.956632024928,135834.99035188495,178207.0765910585,11128.308956765237,80450.91493366518,183040.33594190987,451705.66614348645,138748.73145957003,39378.81555929338,333392.1714959004,82.0823018606649,201.46123637512926,9054.642296215221,52380.83659850593,209.47762055744556,2112.4148113957076,13113.814977037862,103132.24591252409,50835.23392073254,29600.95328801066,159098.91435570954,79.75467770634128,196.390612420119,8158.438123224235,34645.145370883954,205.55208765564834,2071.442870131987,13022.25231197532,68557.00240191471,2343838.0659359368,298309.24544061464,888411.2587633593,8765.823106077643,18548.83574011217,191332.48030828708,308796.14666802424,38905.6653000896,160907.2189898469,220276.43962751463,586078.684347729,2170974.74368231,278345.2301262838,670978.5260254584,8123.445690105336,16183.024232547446,177311.5506340789,208817.12204654774,34067.10650063552,149702.69765037548,218377.2865364422,507051.7149026013,212047.14750383602,18732.806650861814,33068.54832466989,1671.5374179200242,2026.8738496440521,16492.935327031708,7248.7805641456325,3224.2149229334764,13105.905304933805,16919.590794168886,30921.846492441815,163351.1842532329,18588.042222014243,32873.51185412763,1665.0454546659455,2022.5398427990344,16346.106249348195,7202.640091029883,3214.778657791266,13085.727800799628,16795.60421459923,30804.10710050354,2322766.1891434947,156714.51804720363,341639.20301759505,778.1817381910138,2439.1540206282834,115704.17840275062,40433.341423072685,8015.701926401298,67434.76637063516,146621.25315383152,329010.4405567838,2152701.675562159,155998.15990520426,340807.75642751897,776.8677360954259,2436.86105749391,114917.1258968321,40282.21986258174,8013.822629344791,67423.91678473633,146292.154526581,328607.4439579682
DZ_S_var_7_1.0,2358598.9666201407,349600.1325798548,1356319.4742544016,92246.89766177663,72574.530260746,204682.75731067968,355524.91797203966,106835.20459527262,277684.3601311993,233469.13943187645,643389.2049966872,3592206.7354523106,336672.5869553024,1324510.8547442262,63920.30122338858,56769.18733445753,182722.23970409823,227868.3448247341,87997.49058068664,250771.8372663293,222748.1188801754,527862.7916718734,256914.07693529478,127422.69605729578,699176.4550381424,7037.5181412378915,7322.5920966933,50385.936361314976,148310.24723126378,8556.064610716956,23112.77127944197,57277.82272641161,240505.55028074814,269804.01863172214,75636.7901769952,300517.30525002966,5462.203107741141,6201.8063415335155,43056.768886269834,94494.880980478,6788.353684549821,20546.89080762173,51286.56691559696,154888.2613257681,2328916.3064313987,251147.3943110248,999207.0983860414,1182.881809422215,4097.935710325989,137079.09534648966,268138.9240507375,11242.636684814937,80889.63903646698,190050.32076822448,559002.00255162,2185635.569704133,244423.61283166308,647284.1779198953,1178.6958999596152,4014.956632024928,135784.61694628475,178131.88764317252,11128.308956765237,80450.91493366518,183020.02240852755,451667.93202775065,138748.73145957003,39378.81555929338,333392.1714959004,82.0823018606649,201.46123637512926,9045.64757005716,52349.89045049128,209.47762055744556,2112.4148113957076,13102.288769160166,103080.80176504848,50835.23392073254,29600.95328801066,159098.91435570954,79.75467770634128,196.390612420119,8151.469839149551,34625.333839980165,205.55208765564834,2071.442870131987,13010.781237008936,68524.04998406288,2343838.0659359368,298309.24544061464,888411.2587633593,8765.823106077643,18548.83574011217,191208.31769724787,308694.72756462597,38905.6653000896,160907.2189898469,220194.44728546366,585908.2248744873,2170974.74368231,278345.2301262838,670978.5260254584,8123.445690105336,16183.024232547446,177241.7313558009,208736.1617946273,34067.10650063552,149702.69765037548,218299.83061291042,506955.94524680864,212047.14750383602,18732.806650861814,33068.54832466989,1671.5374179200242,2026.8738496440521,16492.781840572316,7248.706170312878,3224.2149229334764,13105.905304933805,16919.437494790614,30921.678256826694,163351.1842532329,18588.042222014243,32873.51185412763,1665.0454546659455,2022.5398427990344,16345.960997506065,7202.566367726358,3214.778657791266,13085.727800799628,16795.455408009602,30803.942403376863,2322766.1891434947,156714.51804720363,341639.20301759505,778.1817381910138,2439.1540206282834,115662.64464765403,40395.46146429106,8015.701926401298,67434.76637063516,146514.55480068622,328807.03716452274,2152701.675562159,155998.15990520426,340807.75642751897,776.8677360954259,2436.86105749391,114875.99906289042,40244.473451865495,8013.822629344791,67423.91678473633,146185.5563583225,328404.11693546316
DZ_S_var_7_1.8,2358598.9666201407,349600.1325798548,1356319.4742544016,92246.89766177663,72574.530260746,204218.78668579995,355116.36558721325,106835.20459527262,277684.3601311993,233133.83559587775,642769.4241528627,3592206.7354523106,336672.5869553024,1324510.8547442262,63920.30122338858,56769.18733445753,182422.02964598377,227550.09200980148,87997.49058068664,250771.8372663293,222444.98536274614,527498.1611268396,256914.07693529478,127422.69605729578,699176.4550381424,7037.5181412378915,7322.5920966933,50065.61880413319,147837.2452498308,8556.064610716956,23112.77127944197,56807.95217570091,239509.94242871497,269804.01863172214,75636.7901769952,300517.30525002966,5462.203107741141,6201.8063415335155,42809.37959238347,94209.82380640974,6788.353684549821,20546.89080762173,50957.23628622801,154263.1338847379,2328916.3064313987,251147.3943110248,999207.0983860414,1182.881809422215,4097.935710325989,136938.84057987903,267821.02885322255,11242.636684814937,80889.63903646698,190009.768407764,558939.9531453334,2185635.569704133,244423.61283166308,647284.1779198953,1178.6958999596152,4014.956632024928,135634.50374224564,177908.05728286298,11128.308956765237,80450.91493366518,182959.8752105814,451556.2098296172,138748.73145957003,39378.81555929338,333392.1714959004,82.0823018606649,201.46123637512926,9017.969789416486,52254.6238387269,209.47762055744556,2112.4148113957076,13066.870229784907,102922.6361145748,50835.23392073254,29600.95328801066,159098.91435570954,79.75467770634128,196.390612420119,8130.013243403832,34564.331388738756,205.55208765564834,2071.442870131987,12975.524875143155,68422.70451149099,2343838.0659359368,298309.24544061464,888411.2587633593,8765.823106077643,18548.83574011217,190879.3750114409,308425.8854840782,38905.6653000896,160907.2189898469,219977.71758127148,585457.7557045295,2170974.74368231,278345.2301262838,670978.5260254584,8123.445690105336,16183.024232547446,177056.23241272697,208521.21058552773,34067.10650063552,149702.69765037548,218094.81554765892,506702.3902210642,212047.14750383602,18732.806650861814,33068.54832466989,1671.5374179200242,2026.8738496440521,16492.306339880997,7248.475704143994,3224.2149229334764,13105.905304933805,16918.962599951723,30921.157090199682,163351.1842532329,18588.042222014243,32873.51185412763,1665.0454546659455,2022.5398427990344,16345.51100103415,7202.3379758051515,3214.778657791266,13085.727800799628,16794.994425621997,30803.432192530447,2322766.1891434947,156714.51804720363,341639.20301759505,778.1817381910138,2439.1540206282834,115534.51500694909,40279.101117442784,8015.701926401298,67434.76637063516,146188.90966738996,328186.74765667104,2152701.675562159,155998.15990520426,340807.75642751897,776.8677360954259,2436.86105749391,114749.123928273,40128.52324022121,8013.822629344791,67423.91678473633,145860.216782241,327784.0595110235
DZ_S_var_7_3.2,2358598.9666201407,349600.1325798548,1356319.4742544016,92246.89766177663,72574.530260746,203320.74557891965,354324.3217358566,106835.20459527262,277684.3601311993,232488.533055764,641576.66435121,3592206.7354523106,336672.5869553024,1324510.8547442262,63920.30122338858,56769.18733445753,181837.25568269042,226930.99597893978,87997.49058068664,250771.8372663293,221859.6236919663,526793.3740184545,256914.07693529478,127422.69605729578,699176.4550381424,7037.5181412378915,7322.5920966933,49209.071316304435,146564.96484284775,8556.064610716956,23112.77127944197,55595.508086572234,236922.12340055112,269804.01863172214,75636.7901769952,300517.30525002966,5462.203107741141,6201.8063415335155,42145.78072518208,93441.68541557608,6788.353684549821,20546.89080762173,50098.576691292066,152630.95916676713,2328916.3064313987,251147.3943110248,999207.0983860414,1182.881809422215,4097.935710325989,136566.97909878416,266980.5009784629,11242.636684814937,80889.63903646698,189904.1056067112,558778.2505259175,2185635.569704133,244423.61283166308,647284.1779198953,1178.6958999596152,4014.956632024928,135235.8028081951,177315.25160442505,11128.308956765237,80450.91493366518,182802.88697611977,451264.65193845594,138748.73145957003,39378.81555929338,333392.1714959004,82.0823018606649,201.46123637512926,8937.446062377972,51977.09854076708,209.47762055744556,2112.4148113957076,12964.24396166056,102463.62104465948,50835.23392073254,29600.95328801066,159098.91435570954,79.75467770634128,196.390612420119,8067.46506713846,34386.507613267095,205.55208765564834,2071.442870131987,12873.306803482046,68128.3072484247,2343838.0659359368,298309.24544061464,888411.2587633593,8765.823106077643,18548.83574011217,190223.1337520301,307888.8771173088,38905.6653000896,160907.2189898469,219547.46265558238,584563.9276970791,2170974.74368231,278345.2301262838,670978.5260254584,8123.445690105336,16183.024232547446,176683.85761952802,208090.35764736097,34067.10650063552,149702.69765037548,217686.6241698291,506197.26825721766,212047.14750383602,18732.806650861814,33068.54832466989,1671.5374179200242,2026.8738496440521,16490.894829739238,7247.791623142208,3224.2149229334764,13105.905304933805,16917.5531222261,30919.610261691923,163351.1842532329,18588.042222014243,32873.51185412763,1665.0454546659455,2022.5398427990344,16344.175140601934,7201.660024992353,3214.778657791266,13085.727800799628,16793.626191431456,30801.917828527727,2322766.1891434947,156714.51804720363,341639.20301759505,778.1817381910138,2439.1540206282834,115158.92594058838,39942.27113040758,8015.701926401298,67434.76637063516,145263.89762070565,326428.8640687667,2152701.675562159,155998.15990520426,340807.75642751897,776.8677360954259,2436.86105749391,114377.2050315475,39792.87962054216,8013.822629344791,67423.91678473633,144936.070971792,326026.82696866675
DZ_S_var_7_5.6,2358598.9666201407,349600.1325798548,1356319.4742544016,92246.89766177663,72574.530260746,202284.05572213113,353407.902578558,106835.20459527262,277684.3601311993,231749.60360300954,640210.8847797819,3592206.7354523106,336672.5869553024,1324510.8547442262,63920.30122338858,56769.18733445753,181156.0616953084,226211.18139022985,87997.49058068664,250771.8372663293,221186.12557422736,525981.368690557,256914.07693529478,127422.69605729578,699176.4550381424,7037.5181412378915,7322.5920966933,47465.04532358267,143939.9451435807,8556.064610716956,23112.77127944197,53308.51118197424,231964.4347073132,269804.01863172214,75636.7901769952,300517.30525002966,5462.203107741141,6201.8063415335155,40785.25290353602,91850.42189881198,6788.353684549821,20546.89080762173,48443.274180980916,149474.25295644437,2328916.3064313987,251147.3943110248,999207.0983860414,1182.881809422215,4097.935710325989,135823.8717552012,265310.80723598547,11242.636684814937,80889.63903646698,189700.69195983247,558466.84208446,2185635.569704133,244423.61283166308,647284.1779198953,1178.6958999596152,4014.956632024928,134435.99573889098,176133.37485082867,11128.308956765237,80450.91493366518,182499.56513572735,450701.5057853338,138748.73145957003,39378.81555929338,333392.1714959004,82.0823018606649,201.46123637512926,8736.83553767563,51283.26516283043,209.47762055744556,2112.4148113957076,12711.24266324645,101327.32222322913,50835.23392073254,29600.95328801066,159098.91435570954,79.75467770634128,196.390612420119,7910.830765833746,33941.188076056256,205.55208765564834,2071.442870131987,12620.919180687863,67397.72306144013,2343838.0659359368,298309.24544061464,888411.2587633593,8765.823106077643,18548.83574011217,189431.734145182,307240.0782050689,38905.6653000896,160907.2189898469,219032.31894834165,583494.5311398032,2170974.74368231,278345.2301262838,670978.5260254584,8123.445690105336,16183.024232547446,176230.66015588178,207567.14473456456,34067.10650063552,149702.69765037548,217195.7997526888,505589.38529307453,212047.14750383602,18732.806650861814,33068.54832466989,1671.5374179200242,2026.8738496440521,16487.185286203003,7245.994177314821,3224.2149229334764,13105.905304933805,16913.850587834208,30915.546800801923,163351.1842532329,18588.042222014243,32873.51185412763,1665.0454546659455,2022.5398427990344,16340.663989920306,7199.878496091589,3214.778657791266,13085.727800799628,16790.031654619444,30797.939277372836,2322766.1891434947,156714.51804720363,341639.20301759505,778.1817381910138,2439.1540206282834,114204.57250857272,39113.77548327316,8015.701926401298,67434.76637063516,143094.99716643197,322330.2664006781,2152701.675562159,155998.15990520426,340807.75642751897,776.8677360954259,2436.86105749391,113432.12908229927,38967.29655761658,8013.822629344791,67423.91678473633,142769.19165678424,321929.70830435026
DZ_S_var_7_10.0,2358598.9666201407,349600.1325798548,1356319.4742544016,92246.89766177663,72574.530260746,201612.16731779545,352812.7578434935,106835.20459527262,277684.3601311993,231274.0942784221,639332.0075802961,3592206.7354523106,336672.5869553024,1324510.8547442262,63920.30122338858,56769.18733445753,180711.01801923686,225741.68965623638,87997.49058068664,250771.8372663293,220750.90015769252,525456.0090638718,256914.07693529478,127422.69605729578,699176.4550381424,7037.5181412378915,7322.5920966933,45297.06725345148,140608.96665805302,8556.064610716956,23112.77127944197,50762.102603629595,226320.14124536834,269804.01863172214,75636.7901769952,300517.30525002966,5462.203107741141,6201.8063415335155,39076.25760447828,89818.7885294703,6788.353684549821,20546.89080762173,46543.287691829035,145831.90703753784,2328916.3064313987,251147.3943110248,999207.0983860414,1182.881809422215,4097.935710325989,134925.50593364428,263309.7010516729,11242.636684814937,80889.63903646698,189467.66421879732,558109.9166177742,2185635.569704133,244423.61283166308,647284.1779198953,1178.6958999596152,4014.956632024928,133463.59026311635,174709.35131790422,11128.308956765237,80450.91493366518,182150.29230814037,450053.3425366829,138748.73145957003,39378.81555929338,333392.1714959004,82.0823018606649,201.46123637512926,8384.378953038093,50055.30391827313,209.47762055744556,2112.4148113957076,12275.76615920128,99355.12756217559,50835.23392073254,29600.95328801066,159098.91435570954,79.75467770634128,196.390612420119,7632.816047129151,33150.44401475435,205.55208765564834,2071.442870131987,12185.186051914468,66123.60214431789,2343838.0659359368,298309.24544061464,888411.2587633593,8765.823106077643,18548.83574011217,188898.26755454205,306801.9983592118,38905.6653000896,160907.2189898469,218687.3468753382,582778.8709391947,2170974.74368231,278345.2301262838,670978.5260254584,8123.445690105336,16183.024232547446,175922.58946597652,207212.1990846584,34067.10650063552,149702.69765037548,216865.8280552432,505180.40609673667,212047.14750383602,18732.806650861814,33068.54832466989,1671.5374179200242,2026.8738496440521,16479.912158528517,7242.4715433576175,3224.2149229334764,13105.905304933805,16906.5982079317,30907.586939947327,163351.1842532329,18588.042222014243,32873.51185412763,1665.0454546659455,2022.5398427990344,16333.778076651814,7196.386256150518,3214.778657791266,13085.727800799628,16782.989370182535,30790.144177572336,2322766.1891434947,156714.51804720363,341639.20301759505,778.1817381910138,2439.1540206282834,112460.45692402267,37692.62844930192,8015.701926401298,67434.76637063516,139695.21665789656,315968.287655652,2152701.675562159,155998.15990520426,340807.75642751897,776.8677360954259,2436.86105749391,111704.78954034371,37551.12672444938,8013.822629344791,67423.91678473633,139372.55124422154,315569.9139021995
DZ_S_corr_all_0.1,2358598.9666201407,349600.1325798548,1356319.4742544016,92246.89766177663,72574.530260746,195091.41244292672,339095.99477611127,106835.20459527262,277684.3601311993,228356.7109269202,632847.7619277886,3592206.7354523106,336672.5869553024,1324510.8547442262,63920.30122338858,56769.18733445753,173614.62213869503,222649.37632240736,87997.49058068664,250771.8372663293,216052.5240593826,519839.15603967255,256914.07693529478,127422.69605729578,699176.4550381424,7037.5181412378915,7322.5920966933,48680.90210945624,143795.65789463057,8556.064610716956,23112.77127944197,55486.497960647685,232663.07806107006,269804.01863172214,75636.7901769952,300517.30525002966,5462.203107741141,6201.8063415335155,42033.67197362872,93688.47580431364,6788.353684549821,20546.89080762173,50145.57537696024,153534.07682378942,2328916.3064313987,251147.3943110248,999207.0983860414,1182.881809422215,4097.935710325989,132428.962207663,260359.30259334593,11242.636684814937,80889.63903646698,188130.49033705372,554370.4849817785,2185635.569704133,244423.61283166308,647284.1779198953,1178.6958999596152,4014.956632024928,131437.15048464944,175300.3857661272,11128.308956765237,80450.91493366518,179800.02751539036,447633.7590761616,138748.73145957003,39378.81555929338,333392.1714959004,82.0823018606649,201.46123637512926,8997.4555891967,51879.16216184993,209.47762055744556,2112.4148113957076,13065.19813271162,101910.56354629279,50835.23392073254,29600.95328801066,159098.91435570954,79.75467770634128,196.390612420119,8120.967937517131,34520.53280616333,205.55208765564834,2071.442870131987,12978.231052248913,68355.70410102402,2343838.0659359368,298309.24544061464,888411.2587633593,8765.823106077643,18548.83574011217,179059.17396860017,295987.5008502062,38905.6653000896,160907.2189898469,211711.01812489724,574329.2540871453,2170974.74368231,278345.2301262838,670978.5260254584,8123.445690105336,16183.024232547446,168669.5680515068,203923.35652288215,34067.10650063552,149702.69765037548,210340.4885267551,496311.72203208006,212047.14750383602,18732.806650861814,33068.54832466989,1671.5374179200242,2026.8738496440521,16345.10686765521,7219.727458689674,3224.2149229334764,13105.905304933805,16776.99744848942,30794.119973914043,163351.1842532329,18588.042222014243,32873.51185412763,1665.0454546659455,2022.5398427990344,16201.853463395675,7174.304863998724,3214.778657791266,13085.727800799628,16657.183961296618,30679.72082542645,2322766.1891434947,156714.51804720363,341639.20301759505,778.1817381910138,2439.1540206282834,112109.47250056978,39804.525075918726,8015.701926401298,67434.76637063516,142611.08270143793,324205.07481084706,2152701.675562159,155998.15990520426,340807.75642751897,776.8677360954259,2436.86105749391,111395.10057804734,39663.34159862993,8013.822629344791,67423.91678473633,142334.42522041037,323851.53072614584
DZ_S_corr_all_0.2,2358598.9666201407,349600.1325798548,1356319.4742544016,92246.89766177663,72574.530260746,187730.62360047383,327170.49350800575,106835.20459527262,277684.3601311993,224697.92779319783,625384.0102027225,3592206.7354523106,336672.5869553024,1324510.8547442262,63920.30122338858,56769.18733445753,166356.7749855733,218621.19892335517,87997.49058068664,250771.8372663293,210812.56854424631,513566.6685802691,256914.07693529478,127422.69605729578,699176.4550381424,7037.5181412378915,7322.5920966933,47177.66074155614,139992.65772349515,8556.064610716956,23112.77127944197,53966.37927369912,226373.4001084334,269804.01863172214,75636.7901769952,300517.30525002966,5462.203107741141,6201.8063415335155,41099.0226839636,92996.25400144057,6788.353684549821,20546.89080762173,49111.15609077941,152350.1767695269,2328916.3064313987,251147.3943110248,999207.0983860414,1182.881809422215,4097.935710325989,128244.71264829813,253589.83506764824,11242.636684814937,80889.63903646698,186474.3386937451,550400.7659431146,2185635.569704133,244423.61283166308,647284.1779198953,1178.6958999596152,4014.956632024928,127478.82979287006,172729.08347139013,11128.308956765237,80450.91493366518,176894.3198680665,443965.3620259686,138748.73145957003,39378.81555929338,333392.1714959004,82.0823018606649,201.46123637512926,8950.197025653473,51424.37912291873,209.47762055744556,2112.4148113957076,13028.909129028707,100800.85449314305,50835.23392073254,29600.95328801066,159098.91435570954,79.75467770634128,196.390612420119,8091.050227164174,34417.901396410605,205.55208765564834,2071.442870131987,12946.209123251967,68193.50254943431,2343838.0659359368,298309.24544061464,888411.2587633593,8765.823106077643,18548.83574011217,169087.4226437288,285523.0768650342,38905.6653000896,160907.2189898469,205053.3349086357,565110.7660972936,2170974.74368231,278345.2301262838,670978.5260254584,8123.445690105336,16183.024232547446,161200.4912051157,199665.70665051468,34067.10650063552,149702.69765037548,203398.33182685022,486955.59861117194,212047.14750383602,18732.806650861814,33068.54832466989,1671.5374179200242,2026.8738496440521,16201.199141884801,7191.913226595947,3224.2149229334764,13105.905304933805,16638.455516435348,30669.768120673394,163351.1842532329,18588.042222014243,32873.51185412763,1665.0454546659455,2022.5398427990344,16061.374777878458,7147.1790046161,3214.778657791266,13085.727800799628,16522.658751345025,30558.600101546355,2322766.1891434947,156714.51804720363,341639.20301759505,778.1817381910138,2439.1540206282834,108817.80082948381,39251.27674525786,8015.701926401298,67434.76637063516,139027.43965623213,319959.6556086555,2152701.675562159,155998.15990520426,340807.75642751897,776.8677360954259,2436.86105749391,108167.69531181637,39118.90827244598,8013.822629344791,67423.91678473633,138795.91081262857,319648.31565403694
DZ_S_corr_all_0.3,2358598.9666201407,349600.1325798548,1356319.4742544016,92246.89766177663,72574.530260746,181942.60123332017,318247.8229282432,106835.20459527262,277684.3601311993,221958.19350468772,619864.3922143229,3592206.7354523106,336672.5869553024,1324510.8547442262,63920.30122338858,56769.18733445753,160453.05115803593,215541.29575586144,87997.49058068664,250771.8372663293,206638.77117062412,508625.47385011724,256914.07693529478,127422.69605729578,699176.4550381424,7037.5181412378915,7322.5920966933,45858.08679677195,136801.0862560771,8556.064610716956,23112.77127944197,52675.33104206123,221311.76025443227,269804.01863172214,75636.7901769952,300517.30525002966,5462.203107741141,6201.8063415335155,40248.69484218259,92420.52131316451,6788.353684549821,20546.89080762173,48172.82416924946,151328.60051597797,2328916.3064313987,251147.3943110248,999207.0983860414,1182.881809422215,4097.935710325989,124464.15408875022,247661.54412346458,11242.636684814937,80889.63903646698,185031.80055543882,546964.1027889663,2185635.569704133,244423.61283166308,647284.1779198953,1178.6958999596152,4014.956632024928,123862.4107295947,170390.50356935532,11128.308956765237,80450.91493366518,174259.60325094103,440615.8992685943,138748.73145957003,39378.81555929338,333392.1714959004,82.0823018606649,201.46123637512926,8903.868586484545,50984.8054684052,209.47762055744556,2112.4148113957076,12993.404685401927,99747.32297794502,50835.23392073254,29600.95328801066,159098.91435570954,79.75467770634128,196.390612420119,8061.72571089277,34317.442097162304,205.55208765564834,2071.442870131987,12914.709777125314,68037.46755678736,2343838.0659359368,298309.24544061464,888411.2587633593,8765.823106077643,18548.83574011217,160802.65585374468,276794.84488745406,38905.6653000896,160907.2189898469,199727.19503994274,557655.7410574608,2170974.74368231,278345.2301262838,670978.5260254584,8123.445690105336,16183.024232547446,154649.69170846572,195888.0195060868,34067.10650063552,149702.69765037548,197301.3432997107,478685.0218917449,212047.14750383602,18732.806650861814,33068.54832466989,1671.5374179200242,2026.8738496440521,16060.997826116947,7165.361920509047,3224.2149229334764,13105.905304933805,16503.72501988326,30548.60280726044,163351.1842532329,18588.042222014243,32873.51185412763,1665.0454546659455,2022.5398427990344,15924.464354180196,7121.286243774663,3214.778657791266,13085.727800799628,16391.799025542783,30440.562122468953,2322766.1891434947,156714.51804720363,341639.20301759505,778.1817381910138,2439.1540206282834,105760.7723004702,38732.501504527194,8015.701926401298,67434.76637063516,135731.08557337258,316039.39767436,2152701.675562159,155998.15990520426,340807.75642751897,776.8677360954259,2436.86105749391,105168.03100908313,38608.07397081497,8013.822629344791,67423.91678473633,135538.47726737498,315763.9179734052
DZ_S_corr_all_0.4,2358598.9666201407,349600.1325798548,1356319.4742544016,92246.89766177663,72574.530260746,177315.39517917167,311474.0140778327,106835.20459527262,277684.3601311993,219838.45925424257,615665.2064506649,3592206.7354523106,336672.5869553024,1324510.8547442262,63920.30122338858,56769.18733445753,155576.17115896204,213269.18349094538,87997.49058068664,250771.8372663293,203286.48816157802,504761.77104210533,256914.07693529478,127422.69605729578,699176.4550381424,7037.5181412378915,7322.5920966933,44710.45246712906,134155.07493709202,8556.064610716956,23112.77127944197,51583.98640528978,217265.3367916838,269804.01863172214,75636.7901769952,300517.30525002966,5462.203107741141,6201.8063415335155,39480.36896934073,91966.76559947577,6788.353684549821,20546.89080762173,47322.41949588669,150465.3782428776,2328916.3064313987,251147.3943110248,999207.0983860414,1182.881809422215,4097.935710325989,121035.89477979085,242444.20728689322,11242.636684814937,80889.63903646698,183764.79319278614,543963.5432616493,2185635.569704133,244423.61283166308,647284.1779198953,1178.6958999596152,4014.956632024928,120548.12066147727,168261.5274199504,11128.308956765237,80450.91493366518,171860.24789802017,437546.3652635679,138748.73145957003,39378.81555929338,333392.1714959004,82.0823018606649,201.46123637512926,8858.469123938512,50559.76359856342,209.47762055744556,2112.4148113957076,12958.669267522373,98746.07805422915,50835.23392073254,29600.95328801066,159098.91435570954,79.75467770634128,196.390612420119,8033.005463825297,34219.16317188686,205.55208765564834,2071.442870131987,12883.728305293276,67887.64596418978,2343838.0659359368,298309.24544061464,888411.2587633593,8765.823106077643,18548.83574011217,153857.17611730107,269449.5179486453,38905.6653000896,160907.2189898469,195407.53686727487,551562.3745586748,2170974.74368231,278345.2301262838,670978.5260254584,8123.445690105336,16183.024232547446,148872.98600294883,192530.8673806215,34067.10650063552,149702.69765037548,191915.89653237598,471342.8059588305,212047.14750383602,18732.806650861814,33068.54832466989,1671.5374179200242,2026.8738496440521,15924.459523259962,7140.211617234043,3224.2149229334764,13105.905304933805,16372.732517468685,30430.620780055502,163351.1842532329,18588.042222014243,32873.51185412763,1665.0454546659455,2022.5398427990344,15791.077065538217,7096.762876964165,3214.778657791266,13085.727800799628,16264.536217212155,30325.604110528966,2322766.1891434947,156714.51804720363,341639.20301759505,778.1817381910138,2439.1540206282834,102915.13281351782,38245.379793226515,8015.701926401298,67434.76637063516,132694.10293222795,312417.314348323,2152701.675562159,155998.15990520426,340807.75642751897,776.8677360954259,2436.86105749391,102373.77478050733,38128.116466961095,8013.822629344791,67423.91678473633,132535.02659213098,312172.01952121843
DZ_S_corr_all_0.5,2358598.9666201407,349600.1325798548,1356319.4742544016,92246.89766177663,72574.530260746,173582.28376833576,306344.52224627655,106835.20459527262,277684.3601311993,218159.1893545734,612421.5267129939,3592206.7354523106,336672.5869553024,1324510.8547442262,63920.30122338858,56769.18733445753,151504.90668216994,211746.72536231508,87997.49058068664,250771.8372663293,200606.79614769729,501844.3245984544,256914.07693529478,127422.69605729578,699176.4550381424,7037.5181412378915,7322.5920966933,43729.741281929964,132018.26262184954,8556.064610716956,23112.77127944197,50673.7554715733,214101.17323967005,269804.01863172214,75636.7901769952,300517.30525002966,5462.203107741141,6201.8063415335155,38793.8276639421,91644.64285909692,6788.353684549821,20546.89080762173,46553.99576506023,149760.99282613696,2328916.3064313987,251147.3943110248,999207.0983860414,1182.881809422215,4097.935710325989,117917.11167541746,237835.91789305082,11242.636684814937,80889.63903646698,182643.84200311056,541324.729019532,2185635.569704133,244423.61283166308,647284.1779198953,1178.6958999596152,4014.956632024928,117502.24716843227,166322.6042906093,11128.308956765237,80450.91493366518,169666.6761161591,434724.0311799243,138748.73145957003,39378.81555929338,333392.1714959004,82.0823018606649,201.46123637512926,8813.999902229494,50148.63040132634,209.47762055744556,2112.4148113957076,12924.688984606828,97793.63587910577,50835.23392073254,29600.95328801066,159098.91435570954,79.75467770634128,196.390612420119,8004.902953854273,34123.07940477706,205.55208765564834,2071.442870131987,12853.261086725519,67744.11248100278,2343838.0659359368,298309.24544061464,888411.2587633593,8765.823106077643,18548.83574011217,147998.9114664808,263234.11266122246,38905.6653000896,160907.2189898469,191873.1458588744,546552.1906467017,2170974.74368231,278345.2301262838,670978.5260254584,8123.445690105336,16183.024232547446,143756.5093603882,189547.22424836774,34067.10650063552,149702.69765037548,187137.01789172998,464806.34966077196,212047.14750383602,18732.806650861814,33068.54832466989,1671.5374179200242,2026.8738496440521,15791.563073479152,7116.659069099726,3224.2149229334764,13105.905304933805,16245.420075046823,30315.840069514376,163351.1842532329,18588.042222014243,32873.51185412763,1665.0454546659455,2022.5398427990344,15661.187310971249,7073.802623171403,3214.778657791266,13085.727800799628,16140.815940521972,30213.742766309304,2322766.1891434947,156714.51804720363,341639.20301759505,778.1817381910138,2439.1540206282834,100260.65066872763,37787.429565426544,8015.701926401298,67434.76637063516,129892.4429401666,309070.139530016,2152701.675562159,155998.15990520426,340807.75642751897,776.8677360954259,2436.86105749391,99765.467431929,37676.63607850912,8013.822629344791,67423.91678473633,129762.18055250595,308849.8912055854
DZ_S_corr_all_0.6,2358598.9666201407,349600.1325798548,1356319.4742544016,92246.89766177663,72574.530260746,170569.52464043154,302570.4090439922,106835.20459527262,277684.3601311993,216807.24673392542,609915.9857928862,3592206.7354523106,336672.5869553024,1324510.8547442262,63920.30122338858,56769.18733445753,148090.81062025897,211004.7756978155,87997.49058068664,250771.8372663293,198527.95328510943,499861.55015740066,256914.07693529478,127422.69605729578,699176.4550381424,7037.5181412378915,7322.5920966933,42919.031710002055,130384.0524870184,8556.064610716956,23112.77127944197,49936.535732594486,211751.93933660493,269804.01863172214,75636.7901769952,300517.30525002966,5462.203107741141,6201.8063415335155,38191.53770367142,91469.63580467153,6788.353684549821,20546.89080762173,45863.92674339634,149221.39779616683,2328916.3064313987,251147.3943110248,999207.0983860414,1182.881809422215,4097.935710325989,115071.85137282057,233755.9313599929,11242.636684814937,80889.63903646698,181645.78713855866,538989.7338284691,2185635.569704133,244423.61283166308,647284.1779198953,1178.6958999596152,4014.956632024928,114696.036165525,164557.13660594134,11128.308956765237,80450.91493366518,167654.14183303583,432121.25032739976,138748.73145957003,39378.81555929338,333392.1714959004,82.0823018606649,201.46123637512926,8770.464926461815,49750.834135398065,209.47762055744556,2112.4148113957076,12891.451733243233,96886.87505993803,50835.23392073254,29600.95328801066,159098.91435570954,79.75467770634128,196.390612420119,7977.434431998466,34029.21301415029,205.55208765564834,2071.442870131987,12823.30574440922,67606.9737730003,2343838.0659359368,298309.24544061464,888411.2587633593,8765.823106077643,18548.83574011217,143042.32270072625,257964.35073453243,38905.6653000896,160907.2189898469,188969.96536759048,542428.6365471992,2170974.74368231,278345.2301262838,670978.5260254584,8123.445690105336,16183.024232547446,139209.47846969645,186900.20532209397,34067.10650063552,149702.69765037548,182881.61802602463,458980.4420891837,212047.14750383602,18732.806650861814,33068.54832466989,1671.5374179200242,2026.8738496440521,15662.317175596034,7094.991684742438,3224.2149229334764,13105.905304933805,16121.74892661198,30204.30721595927,163351.1842532329,18588.042222014243,32873.51185412763,1665.0454546659455,2022.5398427990344,15534.795480287887,7052.687735885109,3214.778657791266,13085.727800799628,16020.60119101589,30105.0206821354,2322766.1891434947,156714.51804720363,341639.20301759505,778.1817381910138,2439.1540206282834,97779.64497654833,37356.45867875881,8015.701926401298,67434.76637063516,127305.31952886654,305977.78591856745,2152701.675562159,155998.15990520426,340807.75642751897,776.8677360954259,2436.86105749391,97326.07942716051,37251.51056258293,8013.822629344791,67423.91678473633,127199.70214716745,305777.8726360172
DZ_S_corr_all_0.7,2358598.9666201407,349600.1325798548,1356319.4742544016,92246.89766177663,72574.530260746,168169.80496161198,300024.1222666511,106835.20459527262,277684.3601311993,215709.59142572826,608029.0325873318,3592206.7354523106,336672.5869553024,1324510.8547442262,63920.30122338858,56769.18733445753,145244.01557962346,211212.4412259946,87997.49058068664,250771.8372663293,197067.09614258516,498975.4619696739,256914.07693529478,127422.69605729578,699176.4550381424,7037.5181412378915,7322.5920966933,42292.75558341819,129282.327735809,8556.064610716956,23112.77127944197,49376.57835619415,210216.55884916242,269804.01863172214,75636.7901769952,300517.30525002966,5462.203107741141,6201.8063415335155,37679.73654701801,91465.9211133026,6788.353684549821,20546.89080762173,45251.33540859449,148859.96028371848,2328916.3064313987,251147.3943110248,999207.0983860414,1182.881809422215,4097.935710325989,112469.7214742429,230139.65322125534,11242.636684814937,80889.63903646698,180752.18801843288,536912.8316452563,2185635.569704133,244423.61283166308,647284.1779198953,1178.6958999596152,4014.956632024928,112104.82331750212,162950.99815421048,11128.308956765237,80450.91493366518,165801.79708036792,429714.5339123133,138748.73145957003,39378.81555929338,333392.1714959004,82.0823018606649,201.46123637512926,8727.871350104038,49365.851965246875,209.47762055744556,2112.4148113957076,12858.947391140968,96022.99968199414,50835.23392073254,29600.95328801066,159098.91435570954,79.75467770634128,196.390612420119,7950.619411211932,33937.59477992528,205.55208765564834,2071.442870131987,12793.861344929817,67476.37362093311,2343838.0659359368,298309.24544061464,888411.2587633593,8765.823106077643,18548.83574011217,138850.11719912445,253505.37821422308,38905.6653000896,160907.2189898469,186589.73320329463,539052.574319354,2170974.74368231,278345.2301262838,670978.5260254584,8123.445690105336,16183.024232547446,135159.05585676176,184561.71811648004,34067.10650063552,149702.69765037548,179083.78039870883,453792.7920067602,212047.14750383602,18732.806650861814,33068.54832466989,1671.5374179200242,2026.8738496440521,15536.77290180996,7075.644424451632,3224.2149229334764,13105.905304933805,16001.705535152038,30096.108954669806,163351.1842532329,18588.042222014243,32873.51185412763,1665.0454546659455,2022.5398427990344,15411.938589640453,7033.844136914467,3214.778657791266,13085.727800799628,15903.877624363877,29999.516671841928,2322766.1891434947,156714.51804720363,341639.20301759505,778.1817381910138,2439.1540206282834,95456.60011963439,36950.525510410786,8015.701926401298,67434.76637063516,124914.71923973016,303122.90813932737,2152701.675562159,155998.15990520426,340807.75642751897,776.8677360954259,2436.86105749391,95040.6471104489,36850.857730323514,8013.822629344791,67423.91678473633,124830.02672638626,302938.9514424015
DZ_S_corr_all_0.8,2358598.9666201407,349600.1325798548,1356319.4742544016,92246.89766177663,72574.530260746,166333.17327505545,298743.9348758684,106835.20459527262,277684.3601311993,214820.04125051806,606725.6539251182,3592206.7354523106,336672.5869553024,1324510.8547442262,63920.30122338858,56769.18733445753,142941.15422997624,212844.45258690167,87997.49058068664,250771.8372663293,196406.7013649175,499727.0136250959,256914.07693529478,127422.69605729578,699176.4550381424,7037.5181412378915,7322.5920966933,41883.82517753995,128797.72189598659,8556.064610716956,23112.77127944197,49016.17872018957,209580.51699408866,269804.01863172214,75636.7901769952,300517.30525002966,5462.203107741141,6201.8063415335155,37270.49343325286,91671.58099949559,6788.353684549821,20546.89080762173,44719.097349222604,148701.11776369766,2328916.3064313987,251147.3943110248,999207.0983860414,1182.881809422215,4097.935710325989,110084.87177459495,226935.06500089477,11242.636684814937,80889.63903646698,179948.19043101382,535057.528566287,2185635.569704133,244423.61283166308,647284.1779198953,1178.6958999596152,4014.956632024928,109707.34336836982,161492.15432176532,11128.308956765237,80450.91493366518,164091.9706942421,427483.8303636658,138748.73145957003,39378.81555929338,333392.1714959004,82.0823018606649,201.46123637512926,8686.229982700568,48993.208162397525,209.47762055744556,2112.4148113957076,12827.168076184389,95199.50911230333,50835.23392073254,29600.95328801066,159098.91435570954,79.75467770634128,196.390612420119,7924.481258132499,33848.26544374606,205.55208765564834,2071.442870131987,12764.928654587924,67352.499470544,2343838.0659359368,298309.24544061464,888411.2587633593,8765.823106077643,18548.83574011217,135322.099856812,249760.35091742297,38905.6653000896,160907.2189898469,184657.648369467,536328.1701350886,2170974.74368231,278345.2301262838,670978.5260254584,8123.445690105336,16183.024232547446,131546.7331766583,182512.07282297526,34067.10650063552,149702.69765037548,175691.5959322276,449192.08093898406,212047.14750383602,18732.806650861814,33068.54832466989,1671.5374179200242,2026.8738496440521,15415.045154084575,7059.308838702495,3224.2149229334764,13105.905304933805,15885.312058104077,29991.392079116686,163351.1842532329,18588.042222014243,32873.51185412763,1665.0454546659455,2022.5398427990344,15292.708591500072,7017.9465242956785,3214.778657791266,13085.727800799628,15790.662661473309,29897.363295767533,2322766.1891434947,156714.51804720363,341639.20301759505,778.1817381910138,2439.1540206282834,93277.8485428572,36567.90621030567,8015.701926401298,67434.76637063516,122705.00285116435,300490.5496751424,2152701.675562159,155998.15990520426,340807.75642751897,776.8677360954259,2436.86105749391,92895.97280868514,36473.00430136893,8013.822629344791,67423.91678473633,122637.88005940859,300318.4223210902
DZ_S_corr_all_0.9,2358598.9666201407,349600.1325798548,1356319.4742544016,92246.89766177663,72574.530260746,165078.25811818874,299028.5313710694,106835.20459527262,277684.3601311993,214114.06577150774,606084.5196866705,3592206.7354523106,336672.5869553024,1324510.8547442262,63920.30122338858,56769.18733445753,141294.3088955292,217341.10820045244,87997.49058068664,250771.8372663293,197227.5359626357,503881.81750049256,256914.07693529478,127422.69605729578,699176.4550381424,7037.5181412378915,7322.5920966933,41760.03577393697,129114.37422338857,8556.064610716956,23112.77127944197,48910.16187581988,210076.34592099168,269804.01863172214,75636.7901769952,300517.30525002966,5462.203107741141,6201.8063415335155,36985.85633341912,92148.79966016246,6788.353684549821,20546.89080762173,44276.03593323589,148787.56932996266,2328916.3064313987,251147.3943110248,999207.0983860414,1182.881809422215,4097.935710325989,107895.19328517625,224100.14311461145,11242.636684814937,80889.63903646698,179221.70762225453,533394.4451118022,2185635.569704133,244423.61283166308,647284.1779198953,1178.6958999596152,4014.956632024928,107485.17663306117,160170.36188273257,11128.308956765237,80450.91493366518,162509.6063797086,425411.96067665605,138748.73145957003,39378.81555929338,333392.1714959004,82.0823018606649,201.46123637512926,8645.555926815443,48632.473015697076,209.47762055744556,2112.4148113957076,12796.108492244397,94414.17398395464,50835.23392073254,29600.95328801066,159098.91435570954,79.75467770634128,196.390612420119,7899.0479304476185,33761.27745990486,205.55208765564834,2071.442870131987,12736.510470559992,67235.5908146538,2343838.0659359368,298309.24544061464,888411.2587633593,8765.823106077643,18548.83574011217,132389.98471031387,246665.43343981623,38905.6653000896,160907.2189898469,183126.55932071598,534196.8838024731,2170974.74368231,278345.2301262838,670978.5260254584,8123.445690105336,16183.024232547446,128325.96382786676,180741.04824673725,34067.10650063552,149702.69765037548,172665.41802241,445149.3214429869,212047.14750383602,18732.806650861814,33068.54832466989,1671.5374179200242,2026.8738496440521,15297.351528815658,7047.164040968958,3224.2149229334764,13105.905304933805,15772.64550347823,29890.399403574622,163351.1842532329,18588.042222014243,32873.51185412763,1665.0454546659455,2022.5398427990344,15177.285834419312,7006.139353011004,3214.778657791266,13085.727800799628,15681.02222255408,29798.778658235355,2322766.1891434947,156714.51804720363,341639.20301759505,778.1817381910138,2439.1540206282834,91231.3082087631,36207.06735177269,8015.701926401298,67434.76637063516,120662.58035520125,298067.8576517493,2152701.675562159,155998.15990520426,340807.75642751897,776.8677360954259,2436.86105749391,90880.3761530995,36116.459841768105,8013.822629344791,67423.91678473633,120609.96601840283,297903.61065532675
DZ_S_corr_all_-0.1,2358598.9666201407,349600.1325798548,1356319.4742544016,92246.89766177663,72574.530260746,217612.62777428233,379317.22285651794,106835.20459527262,277684.3601311993,241091.04353734717,659284.2576088299,3592206.7354523106,336672.5869553024,1324510.8547442262,63920.30122338858,56769.18733445753,194461.28958428281,234673.218237367,87997.49058068664,250771.8372663293,231534.9842879349,538322.7306456888,256914.07693529478,127422.69605729578,699176.4550381424,7037.5181412378915,7322.5920966933,52317.72287897213,153681.28632068506,8556.064610716956,23112.77127944197,59399.13459388251,250398.67735430805,269804.01863172214,75636.7901769952,300517.30525002966,5462.203107741141,6201.8063415335155,44174.13095285765,95415.76114024447,6788.353684549821,20546.89080762173,52547.23066901704,156424.5990956786,2328916.3064313987,251147.3943110248,999207.0983860414,1182.881809422215,4097.935710325989,142271.07621480175,277152.07504361554,11242.636684814937,80889.63903646698,192300.97767773436,564469.9801712766,2185635.569704133,244423.61283166308,647284.1779198953,1178.6958999596152,4014.956632024928,140577.77154003343,181256.4516947229,11128.308956765237,80450.91493366518,186607.43112282755,456124.6181050495,138748.73145957003,39378.81555929338,333392.1714959004,82.0823018606649,201.46123637512926,9094.778189227995,52837.36258834899,209.47762055744556,2112.4148113957076,13140.199574870812,104316.44559880046,50835.23392073254,29600.95328801066,159098.91435570954,79.75467770634128,196.390612420119,8182.5487368494405,34732.30718053013,205.55208765564834,2071.442870131987,13043.866217427472,68698.53998675357,2343838.0659359368,298309.24544061464,888411.2587633593,8765.823106077643,18548.83574011217,206246.88779646053,324397.8061939433,38905.6653000896,160907.2189898469,231289.9337905597,600771.1907414182,2170974.74368231,278345.2301262838,670978.5260254584,8123.445690105336,16183.024232547446,187157.36028840306,214199.95898153508,34067.10650063552,149702.69765037548,227500.98517620677,519152.20172328776,212047.14750383602,18732.806650861814,33068.54832466989,1671.5374179200242,2026.8738496440521,16644.299247111863,7278.7786664355845,3224.2149229334764,13105.905304933805,17065.874153343575,31052.476413753426,163351.1842532329,18588.042222014243,32873.51185412763,1665.0454546659455,2022.5398427990344,16493.77080956627,7231.893285677901,3214.778657791266,13085.727800799628,16937.5647756735,30931.295510840246,2322766.1891434947,156714.51804720363,341639.20301759505,778.1817381910138,2439.1540206282834,119508.49855022352,41027.76713815133,8015.701926401298,67434.76637063516,150775.96295658656,333802.1648848511,2152701.675562159,155998.15990520426,340807.75642751897,776.8677360954259,2436.86105749391,118640.23783789472,40865.84744703459,8013.822629344791,67423.91678473633,150386.17555231805,333341.67160281114
DZ_S_corr_all_-0.2,2358598.9666201407,349600.1325798548,1356319.4742544016,92246.89766177663,72574.530260746,235893.52959912893,416696.12313466397,106835.20459527262,277684.3601311993,253636.03114722203,685860.4374564206,3592206.7354523106,336672.5869553024,1324510.8547442262,63920.30122338858,56769.18733445753,210135.50743684225,243717.47175494305,87997.49058068664,250771.8372663293,243508.4070621829,552378.2926312537,256914.07693529478,127422.69605729578,699176.4550381424,7037.5181412378915,7322.5920966933,54509.158361196285,160116.8819024494,8556.064610716956,23112.77127944197,61932.37174054485,263130.8454021915,269804.01863172214,75636.7901769952,300517.30525002966,5462.203107741141,6201.8063415335155,45393.278720814065,96453.67764686633,6788.353684549821,20546.89080762173,53943.75185605528,158159.08554797072,2328916.3064313987,251147.3943110248,999207.0983860414,1182.881809422215,4097.935710325989,148098.6513446258,287700.7234281008,11242.636684814937,80889.63903646698,194974.64088173985,571017.4524436696,2185635.569704133,244423.61283166308,647284.1779198953,1178.6958999596152,4014.956632024928,145884.84670074325,184713.67496112222,11128.308956765237,80450.91493366518,190628.15445263375,461073.20707988326,138748.73145957003,39378.81555929338,333392.1714959004,82.0823018606649,201.46123637512926,9144.854418598848,53342.44511796095,209.47762055744556,2112.4148113957076,13178.950499946524,105622.97314335714,50835.23392073254,29600.95328801066,159098.91435570954,79.75467770634128,196.390612420119,8214.199023030727,34841.4601812564,205.55208765564834,2071.442870131987,13077.493323499595,68879.19383850052,2343838.0659359368,298309.24544061464,888411.2587633593,8765.823106077643,18548.83574011217,225247.15086770576,344270.2903040417,38905.6653000896,160907.2189898469,246325.60180940814,620425.0434495445,2170974.74368231,278345.2301262838,670978.5260254584,8123.445690105336,16183.024232547446,198734.5740718206,220438.33760394805,34067.10650063552,149702.69765037548,238242.40918976974,533249.911735801,212047.14750383602,18732.806650861814,33068.54832466989,1671.5374179200242,2026.8738496440521,16799.746606270066,7309.894308064331,3224.2149229334764,13105.905304933805,17216.416871630223,31186.559355142028,163351.1842532329,18588.042222014243,32873.51185412763,1665.0454546659455,2022.5398427990344,16645.367466116528,7262.235071605945,3214.778657791266,13085.727800799628,17083.613904747323,31061.821503563886,2322766.1891434947,156714.51804720363,341639.20301759505,778.1817381910138,2439.1540206282834,123683.44089449805,41705.676922015744,8015.701926401298,67434.76637063516,155440.17345239184,339233.3868533336,2152701.675562159,155998.15990520426,340807.75642751897,776.8677360954259,2436.86105749391,122722.60145350794,41531.53350541552,8013.822629344791,67423.91678473633,154979.62025978015,338705.852770917
DZ_S_corr_all_-0.3,2358598.9666201407,349600.1325798548,1356319.4742544016,92246.89766177663,72574.530260746,263591.58939370635,484596.73053110193,106835.20459527262,277684.3601311993,278087.248340188,739250.4004107037,3592206.7354523106,336672.5869553024,1324510.8547442262,63920.30122338858,56769.18733445753,232089.611943521,256140.78365331652,87997.49058068664,250771.8372663293,260716.02332387606,572130.8279350577,256914.07693529478,127422.69605729578,699176.4550381424,7037.5181412378915,7322.5920966933,57002.916641776996,167920.64845132147,8556.064610716956,23112.77127944197,64993.339785039905,280021.11224890547,269804.01863172214,75636.7901769952,300517.30525002966,5462.203107741141,6201.8063415335155,46723.54994168666,97613.31294898293,6788.353684549821,20546.89080762173,55496.08020897229,160112.34313059878,2328916.3064313987,251147.3943110248,999207.0983860414,1182.881809422215,4097.935710325989,154678.85136393836,300204.2806209004,11242.636684814937,80889.63903646698,198201.36999331694,578992.9746000835,2185635.569704133,244423.61283166308,647284.1779198953,1178.6958999596152,4014.956632024928,151788.93673035462,188551.68479986885,11128.308956765237,80450.91493366518,195164.93936496135,466599.4881703446,138748.73145957003,39378.81555929338,333392.1714959004,82.0823018606649,201.46123637512926,9195.884836297157,53866.07854270887,209.47762055744556,2112.4148113957076,13218.562877819333,107006.55637799433,50835.23392073254,29600.95328801066,159098.91435570954,79.75467770634128,196.390612420119,8246.416494005756,34952.80445725681,205.55208765564834,2071.442870131987,13111.670614655884,69066.04955740142,2343838.0659359368,298309.24544061464,888411.2587633593,8765.823106077643,18548.83574011217,249899.84337623193,370259.43802458927,38905.6653000896,160907.2189898469,267731.27350990166,647510.940237835,2170974.74368231,278345.2301262838,670978.5260254584,8123.445690105336,16183.024232547446,212403.0272364991,227613.18517021803,34067.10650063552,149702.69765037548,250928.92894180756,549721.2009067158,212047.14750383602,18732.806650861814,33068.54832466989,1671.5374179200242,2026.8738496440521,16959.222454149134,7342.017367158334,3224.2149229334764,13105.905304933805,17371.185547146448,31323.982023853194,163351.1842532329,18588.042222014243,32873.51185412763,1665.0454546659455,2022.5398427990344,16800.84556224656,7293.555813752652,3214.778657791266,13085.727800799628,17233.714341983024,31195.571114082515,2322766.1891434947,156714.51804720363,341639.20301759505,778.1817381910138,2439.1540206282834,128230.2411089495,42434.08774230917,8015.701926401298,67434.76637063516,160560.33072264885,345151.29567341326,2152701.675562159,155998.15990520426,340807.75642751897,776.8677360954259,2436.86105749391,127163.87212294582,42246.229715184905,8013.822629344791,67423.91678473633,160017.13074476545,344545.6705484495
DZ_S_corr_all_-0.4,2358598.9666201407,349600.1325798548,1356319.4742544016,92246.89766177663,72574.530260746,310329.9232235008,656217.2003832449,106835.20459527262,277684.3601311993,346517.0399281457,904284.1460967339,3592206.7354523106,336672.5869553024,1324510.8547442262,63920.30122338858,56769.18733445753,265003.15726469696,274113.53360713826,87997.49058068664,250771.8372663293,287466.3019315994,601811.2651002934,256914.07693529478,127422.69605729578,699176.4550381424,7037.5181412378915,7322.5920966933,59854.234338333656,177549.50563016333,8556.064610716956,23112.77127944197,68749.67022885669,303463.3746813627,269804.01863172214,75636.7901769952,300517.30525002966,5462.203107741141,6201.8063415335155,48176.30899420243,98901.45939049087,6788.353684549821,20546.89080762173,57228.87643375708,162310.4286485097,2328916.3064313987,251147.3943110248,999207.0983860414,1182.881809422215,4097.935710325989,162159.67256926422,315264.874643769,11242.636684814937,80889.63903646698,202170.772946865,588915.1113633916,2185635.569704133,244423.61283166308,647284.1779198953,1178.6958999596152,4014.956632024928,158392.26306140923,192829.56569011064,11128.308956765237,80450.91493366518,200323.11711813314,472810.83028949605,138748.73145957003,39378.81555929338,333392.1714959004,82.0823018606649,201.46123637512926,9247.879508659049,54409.28424299601,209.47762055744556,2112.4148113957076,13259.05941147915,108474.17232331356,50835.23392073254,29600.95328801066,159098.91435570954,79.75467770634128,196.390612420119,8279.198195797691,35066.35554939521,205.55208765564834,2071.442870131987,13146.406832147051,69259.16214191972,2343838.0659359368,298309.24544061464,888411.2587633593,8765.823106077643,18548.83574011217,283032.45622131537,405886.0597760568,38905.6653000896,160907.2189898469,300474.8687418772,687142.4934755412,2170974.74368231,278345.2301262838,670978.5260254584,8123.445690105336,16183.024232547446,228757.0965711115,235940.74052056597,34067.10650063552,149702.69765037548,266123.2818479508,569220.3391457213,212047.14750383602,18732.806650861814,33068.54832466989,1671.5374179200242,2026.8738496440521,17122.835503011804,7375.123494291385,3224.2149229334764,13105.905304933805,17530.310290084584,31464.80840840313,163351.1842532329,18588.042222014243,32873.51185412763,1665.0454546659455,2022.5398427990344,16960.309017801166,7325.8307633250115,3214.778657791266,13085.727800799628,17387.98712209952,31332.60354766828,2322766.1891434947,156714.51804720363,341639.20301759505,778.1817381910138,2439.1540206282834,133199.47979734486,43218.694597400994,8015.701926401298,67434.76637063516,166199.81107983727,351615.8917783962,2152701.675562159,155998.15990520426,340807.75642751897,776.8677360954259,2436.86105749391,132012.17582171244,43015.389630677164,8013.822629344791,67423.91678473633,165559.69309989247,350919.1425271914
DZ_S_corr_all_-0.5,2358598.9666201407,349600.1325798548,1356319.4742544016,92246.89766177663,72574.530260746,405686.9638718365,,106835.20459527262,277684.3601311993,1622141.482161695,,3592206.7354523106,336672.5869553024,1324510.8547442262,63920.30122338858,56769.18733445753,319755.13633996155,302375.49002309697,87997.49058068664,250771.8372663293,334621.71694198815,651442.9346487503,256914.07693529478,127422.69605729578,699176.4550381424,7037.5181412378915,7322.5920966933,63135.029194315066,189723.39159050936,8556.064610716956,23112.77127944197,73452.1335215342,338359.57640976325,269804.01863172214,75636.7901769952,300517.30525002966,5462.203107741141,6201.8063415335155,49765.256465777624,100327.12660780583,6788.353684549821,20546.89080762173,59172.82071702746,164786.0147969476,2328916.3064313987,251147.3943110248,999207.0983860414,1182.881809422215,4097.935710325989,170731.016930658,333783.2442240673,11242.636684814937,80889.63903646698,207170.47320181498,601591.1873171469,2185635.569704133,244423.61283166308,647284.1779198953,1178.6958999596152,4014.956632024928,165821.9993773202,197620.69482092196,11128.308956765237,80450.91493366518,206238.8605598291,479843.48378944164,138748.73145957003,39378.81555929338,333392.1714959004,82.0823018606649,201.46123637512926,9300.849894204563,54973.17240263679,209.47762055744556,2112.4148113957076,13300.464173660483,110033.73764773952,50835.23392073254,29600.95328801066,159098.91435570954,79.75467770634128,196.390612420119,8312.54229419563,35182.132649039224,205.55208765564834,2071.442870131987,13181.71136201787,69458.60254664278,2343838.0659359368,298309.24544061464,888411.2587633593,8765.823106077643,18548.83574011217,329754.42805805063,458358.4243746218,38905.6653000896,160907.2189898469,356540.72801525245,750799.0468133074,2170974.74368231,278345.2301262838,670978.5260254584,8123.445690105336,16183.024232547446,248642.79119246276,245716.85045004365,34067.10650063552,149702.69765037548,284630.9623589143,592682.7592233409,212047.14750383602,18732.806650861814,33068.54832466989,1671.5374179200242,2026.8738496440521,17290.70413251498,7409.197238855394,3224.2149229334764,13105.905304933805,17693.931380584072,31609.11087153773,163351.1842532329,18588.042222014243,32873.51185412763,1665.0454546659455,2022.5398427990344,17123.870658102416,7359.043894167792,3214.778657791266,13085.727800799628,17546.562722346775,31472.985861492783,2322766.1891434947,156714.51804720363,341639.20301759505,778.1817381910138,2439.1540206282834,138651.4122266402,44066.162558743985,8015.701926401298,67434.76637063516,172434.76294790677,358698.8500650256,2152701.675562159,155998.15990520426,340807.75642751897,776.8677360954259,2436.86105749391,137324.7084377825,43845.382834487085,8013.822629344791,67423.91678473633,171680.42854838286,357895.4392343354
DZ_S_corr_all_-0.6,2358598.9666201407,349600.1325798548,1356319.4742544016,92246.89766177663,72574.530260746,706539.2580158877,,106835.20459527262,277684.3601311993,20088.267472035273,155534.25648952092,3592206.7354523106,336672.5869553024,1324510.8547442262,63920.30122338858,56769.18733445753,428766.60469273204,353947.6217884673,87997.49058068664,250771.8372663293,439680.66583792627,752529.4617800594,256914.07693529478,127422.69605729578,699176.4550381424,7037.5181412378915,7322.5920966933,66940.00921802835,205651.49635018545,8556.064610716956,23112.77127944197,79492.26735804314,396882.0069843522,269804.01863172214,75636.7901769952,300517.30525002966,5462.203107741141,6201.8063415335155,51506.8545012556,101901.76439011855,6788.353684549821,20546.89080762173,61366.4312047345,167580.06492092018,2328916.3064313987,251147.3943110248,999207.0983860414,1182.881809422215,4097.935710325989,180640.62544565642,357179.23367623374,11242.636684814937,80889.63903646698,213658.82328737667,618352.7294959722,2185635.569704133,244423.61283166308,647284.1779198953,1178.6958999596152,4014.956632024928,174238.3651130365,203017.41597293032,11128.308956765237,80450.91493366518,213091.3522612507,487873.10099310626,138748.73145957003,39378.81555929338,333392.1714959004,82.0823018606649,201.46123637512926,9354.808765948228,55558.95108285748,209.47762055744556,2112.4148113957076,13342.802619073975,111694.27260073186,50835.23392073254,29600.95328801066,159098.91435570954,79.75467770634128,196.390612420119,8346.447964831978,35300.158373394996,205.55208765564834,2071.442870131987,13217.59420676066,69664.45689547641,2343838.0659359368,298309.24544061464,888411.2587633593,8765.823106077643,18548.83574011217,400337.0193086428,545653.7932376965,38905.6653000896,160907.2189898469,474064.16931765585,871485.3170101942,2170974.74368231,278345.2301262838,670978.5260254584,8123.445690105336,16183.024232547446,273306.2585325726,257358.33695470437,34067.10650063552,149702.69765037548,307646.4724711557,621498.84157857,212047.14750383602,18732.806650861814,33068.54832466989,1671.5374179200242,2026.8738496440521,17462.956121738007,7444.230275421906,3224.2149229334764,13105.905304933805,17862.1993775198,31756.969708525903,163351.1842532329,18588.042222014243,32873.51185412763,1665.0454546659455,2022.5398427990344,17291.65200186483,7393.186155035224,3214.778657791266,13085.727800799628,17709.581152357718,31616.79255105769,2322766.1891434947,156714.51804720363,341639.20301759505,778.1817381910138,2439.1540206282834,144658.3925271485,44984.346612147114,8015.701926401298,67434.76637063516,179357.44900682638,366486.5026507418,2152701.675562159,155998.15990520426,340807.75642751897,776.8677360954259,2436.86105749391,143169.973283985,44743.699505043514,8013.822629344791,67423.91678473633,178467.72700763517,365557.69895340106
DZ_S_corr_all_-0.7,2358598.9666201407,349600.1325798548,1356319.4742544016,92246.89766177663,72574.530260746,-7529869.399451533,,106835.20459527262,277684.3601311993,116375.64196700355,404691.380180711,3592206.7354523106,336672.5869553024,1324510.8547442262,63920.30122338858,56769.18733445753,751573.4657555948,486644.07536910294,87997.49058068664,250771.8372663293,877627.9892899602,1100242.8067177897,256914.07693529478,127422.69605729578,699176.4550381424,7037.5181412378915,7322.5920966933,71395.88767664076,227555.23178555488,8556.064610716956,23112.77127944197,87516.10251144893,522567.71941427945,269804.01863172214,75636.7901769952,300517.30525002966,5462.203107741141,6201.8063415335155,53420.894958839446,103639.61100774574,6788.353684549821,20546.89080762173,63858.62270812854,170744.19320611653,2328916.3064313987,251147.3943110248,999207.0983860414,1182.881809422215,4097.935710325989,192217.88241443207,387850.37842745415,11242.636684814937,80889.63903646698,222413.63141437943,641569.2096837743,2185635.569704133,244423.61283166308,647284.1779198953,1178.6958999596152,4014.956632024928,183846.08922422555,209137.73394469154,11128.308956765237,80450.91493366518,221121.2091738664,497130.279910748,138748.73145957003,39378.81555929338,333392.1714959004,82.0823018606649,201.46123637512926,9409.770149115326,56167.9366109303,209.47762055744556,2112.4148113957076,13386.101607257422,113466.10196182266,50835.23392073254,29600.95328801066,159098.91435570954,79.75467770634128,196.390612420119,8380.91529989744,35420.45858344008,205.55208765564834,2071.442870131987,13254.06596415673,69876.82589591258,2343838.0659359368,298309.24544061464,888411.2587633593,8765.823106077643,18548.83574011217,518928.3225530956,733045.1253560531,38905.6653000896,160907.2189898469,874229.0793266627,1211634.9013099687,2170974.74368231,278345.2301262838,670978.5260254584,8123.445690105336,16183.024232547446,304661.6191428647,271474.1636438945,34067.10650063552,149702.69765037548,337019.90126948303,657839.4665685148,212047.14750383602,18732.806650861814,33068.54832466989,1671.5374179200242,2026.8738496440521,17639.728562172808,7480.220115665032,3224.2149229334764,13105.905304933805,18035.275351175464,31908.47287819958,163351.1842532329,18588.042222014243,32873.51185412763,1665.0454546659455,2022.5398427990344,17463.783205674536,7428.254198482767,3214.778657791266,13085.727800799628,17877.19215497937,31764.10529314072,2322766.1891434947,156714.51804720363,341639.20301759505,778.1817381910138,2439.1540206282834,151308.0657725093,45982.57585505201,8015.701926401298,67434.76637063516,187080.70120348944,375083.8193836087,2152701.675562159,155998.15990520426,340807.75642751897,776.8677360954259,2436.86105749391,149630.71583442437,45719.2139481768,8013.822629344791,67423.91678473633,186029.40949213112,374006.77171999787
DZ_S_corr_all_-0.8,2358598.9666201407,349600.1325798548,1356319.4742544016,92246.89766177663,72574.530260746,-378669.4177127806,,106835.20459527262,277684.3601311993,145934.7523465435,465372.1008386284,3592206.7354523106,336672.5869553024,1324510.8547442262,63920.30122338858,56769.18733445753,32980653.321758956,,87997.49058068664,250771.8372663293,-1062429.9083399235,,256914.07693529478,127422.69605729578,699176.4550381424,7037.5181412378915,7322.5920966933,76675.63685931145,260092.15431790985,8556.064610716956,23112.77127944197,98669.83159892481,1263414.6201316987,269804.01863172214,75636.7901769952,300517.30525002966,5462.203107741141,6201.8063415335155,55531.25160669747,105558.19031696314,6788.353684549821,20546.89080762173,66712.369414779,174344.01562344097,2328916.3064313987,251147.3943110248,999207.0983860414,1182.881809422215,4097.935710325989,205910.4334641317,430247.019783991,11242.636684814937,80889.63903646698,234869.16637649736,675924.7406382014,2185635.569704133,244423.61283166308,647284.1779198953,1178.6958999596152,4014.956632024928,194911.00348146886,216135.14730662265,11128.308956765237,80450.91493366518,230659.26821629907,507924.2050348398,138748.73145957003,39378.81555929338,333392.1714959004,82.0823018606649,201.46123637512926,9465.749271915065,56801.56548553599,209.47762055744556,2112.4148113957076,13430.389434995777,115361.10315346417,50835.23392073254,29600.95328801066,159098.91435570954,79.75467770634128,196.390612420119,8415.945228761908,35543.062238020226,205.55208765564834,2071.442870131987,13291.137812132354,70095.8244259791,2343838.0659359368,298309.24544061464,888411.2587633593,8765.823106077643,18548.83574011217,758929.3771175586,1959464.4616179306,38905.6653000896,160907.2189898469,-3531400.585968697,,2170974.74368231,278345.2301262838,670978.5260254584,8123.445690105336,16183.024232547446,345807.27267458214,288995.5461034222,34067.10650063552,149702.69765037548,375777.6582394477,705319.0197335603,212047.14750383602,18732.806650861814,33068.54832466989,1671.5374179200242,2026.8738496440521,17821.16791197067,7517.169161658345,3224.2149229334764,13105.905304933805,18213.331222123736,32063.71586815673,163351.1842532329,18588.042222014243,32873.51185412763,1665.0454546659455,2022.5398427990344,17640.403131391486,7464.249445025165,3214.778657791266,13085.727800799628,18049.55550242579,31915.01281071568,2322766.1891434947,156714.51804720363,341639.20301759505,778.1817381910138,2439.1540206282834,158707.62746660403,47072.025516808695,8015.701926401298,67434.76637063516,195743.9455949521,384619.80398693157,2152701.675562159,155998.15990520426,340807.75642751897,776.8677360954259,2436.86105749391,156807.82298677057,46782.528244679146,8013.822629344791,67423.91678473633,194498.33558565806,383366.27623911604
DZ_S_corr_all_-0.9,2358598.9666201407,349600.1325798548,1356319.4742544016,92246.89766177663,72574.530260746,-135238.18945055982,,106835.20459527262,277684.3601311993,160273.13791121388,494267.8123145124,3592206.7354523106,336672.5869553024,1324510.8547442262,63920.30122338858,56769.18733445753,-579918.4892565027,,87997.49058068664,250771.8372663293,-167014.2219270691,,256914.07693529478,127422.69605729578,699176.4550381424,7037.5181412378915,7322.5920966933,83021.25415124145,315366.8407384245,8556.064610716956,23112.77127944197,115198.62068295742,,269804.01863172214,75636.7901769952,300517.30525002966,5462.203107741141,6201.8063415335155,57866.87691713625,107678.99691462016,6788.353684549821,20546.89080762173,70010.05997692657,178463.9817642881,2328916.3064313987,251147.3943110248,999207.0983860414,1182.881809422215,4097.935710325989,222342.4572731953,493863.9043011803,11242.636684814937,80889.63903646698,253993.87187320957,732251.632416389,2185635.569704133,244423.61283166308,647284.1779198953,1178.6958999596152,4014.956632024928,207784.65865620782,224213.51708427546,11128.308956765237,80450.91493366518,242173.23275401667,520679.84090220626,138748.73145957003,39378.81555929338,333392.1714959004,82.0823018606649,201.46123637512926,9522.76252747716,57461.408043033574,209.47762055744556,2112.4148113957076,13475.695877556767,117393.01504588335,50835.23392073254,29600.95328801066,159098.91435570954,79.75467770634128,196.390612420119,8451.539450283326,35668.00127893237,205.55208765564834,2071.442870131987,13328.82149870421,70321.58127173354,2343838.0659359368,298309.24544061464,888411.2587633593,8765.823106077643,18548.83574011217,1499173.1837056738,,38905.6653000896,160907.2189898469,-384646.01604786236,,2170974.74368231,278345.2301262838,670978.5260254584,8123.445690105336,16183.024232547446,402108.7640349963,311432.8997615411,34067.10650063552,149702.69765037548,429233.42239533894,770504.4347650856,212047.14750383602,18732.806650861814,33068.54832466989,1671.5374179200242,2026.8738496440521,18007.430164910777,7555.0840041236615,3224.2149229334764,13105.905304933805,18396.55019536282,32222.801667681786,163351.1842532329,18588.042222014243,32873.51185412763,1665.0454546659455,2022.5398427990344,17821.65951401915,7501.177387935111,3214.778657791266,13085.727800799628,18226.84137794256,32069.610836039687,2322766.1891434947,156714.51804720363,341639.20301759505,778.1817381910138,2439.1540206282834,166989.5913793603,48266.21073146696,8015.701926401298,67434.76637063516,205521.4819178041,395254.9397597015,2152701.675562159,155998.15990520426,340807.75642751897,776.8677360954259,2436.86105749391,164825.5780630885,47946.42643426052,8013.822629344791,67423.91678473633,204040.0765697301,393789.5489066662
DZ_S_corr_pair_0.1,2358598.9666201407,349600.1325798548,1356319.4742544016,92246.89766177663,72574.530260746,200924.91599649677,349222.14942908526,106835.20459527262,277684.3601311993,231362.44590018998,638818.8308662169,3592206.7354523106,336672.5869553024,1324510.8547442262,63920.30122338858,56769.18733445753,179472.09326429566,225239.92466781207,87997.49058068664,250771.8372663293,220245.2527268426,524772.8160933792,256914.07693529478,127422.69605729578,699176.4550381424,7037.5181412378915,7322.5920966933,48588.571307131046,144853.60376712063,8556.064610716956,23112.77127944197,55286.0613137996,234762.93101461636,269804.01863172214,75636.7901769952,300517.30525002966,5462.203107741141,6201.8063415335155,42029.898568010874,93084.06726595659,6788.353684549821,20546.89080762173,50057.42506455335,152620.97659065516,2328916.3064313987,251147.3943110248,999207.0983860414,1182.881809422215,4097.935710325989,135851.4292309654,265821.6762249277,11242.636684814937,80889.63903646698,189533.0088122039,557462.859492631,2185635.569704133,244423.61283166308,647284.1779198953,1178.6958999596152,4014.956632024928,134677.81659208902,177071.84383162242,11128.308956765237,80450.91493366518,182120.08138808658,450536.5304672001,138748.73145957003,39378.81555929338,333392.1714959004,82.0823018606649,201.46123637512926,9012.388296506886,52132.27108135669,209.47762055744556,2112.4148113957076,13071.273337239872,102612.34986501448,50835.23392073254,29600.95328801066,159098.91435570954,79.75467770634128,196.390612420119,8129.727253833529,34558.54106463167,205.55208765564834,2071.442870131987,12984.336808653119,68391.10636380537,2343838.0659359368,298309.24544061464,888411.2587633593,8765.823106077643,18548.83574011217,187102.8416930511,304454.84045110067,38905.6653000896,160907.2189898469,217268.17187810526,581607.4627302132,2170974.74368231,278345.2301262838,670978.5260254584,8123.445690105336,16183.024232547446,174652.970674669,206698.20557741483,34067.10650063552,149702.69765037548,215682.49829267047,503432.81061550137,212047.14750383602,18732.806650861814,33068.54832466989,1671.5374179200242,2026.8738496440521,16439.64801291615,7238.488210127833,3224.2149229334764,13105.905304933805,16865.679299570722,30870.999183554275,163351.1842532329,18588.042222014243,32873.51185412763,1665.0454546659455,2022.5398427990344,16293.358456347238,7192.469906070777,3214.778657791266,13085.727800799628,16742.619005845125,30753.971687367783,2322766.1891434947,156714.51804720363,341639.20301759505,778.1817381910138,2439.1540206282834,114714.2539208646,40233.400661767504,8015.701926401298,67434.76637063516,145565.16641350306,327521.6170442659,2152701.675562159,155998.15990520426,340807.75642751897,776.8677360954259,2436.86105749391,113945.78379013529,40085.171649721684,8013.822629344791,67423.91678473633,145244.746761273,327128.0145553504
DZ_S_corr_pair_0.2,2358598.9666201407,349600.1325798548,1356319.4742544016,92246.89766177663,72574.530260746,197630.17215023877,343706.04694798833,106835.20459527262,277684.3601311993,229568.9309196401,634929.9265921197,3592206.7354523106,336672.5869553024,1324510.8547442262,63920.30122338858,56769.18733445753,176579.865885984,222920.57609028113,87997.49058068664,250771.8372663293,218056.72716466876,522087.91839045665,256914.07693529478,127422.69605729578,699176.4550381424,7037.5181412378915,7322.5920966933,47003.666738068576,141758.11405931905,8556.064610716956,23112.77127944197,53568.60126395709,229737.32182740557,269804.01863172214,75636.7901769952,300517.30525002966,5462.203107741141,6201.8063415335155,41083.96359454909,91788.75190597492,6788.353684549821,20546.89080762173,48942.492847955145,150558.62871525314,2328916.3064313987,251147.3943110248,999207.0983860414,1182.881809422215,4097.935710325989,134683.8810580378,263607.7947988769,11242.636684814937,80889.63903646698,189046.19433941002,556016.0960674724,2185635.569704133,244423.61283166308,647284.1779198953,1178.6958999596152,4014.956632024928,133616.21709553394,176052.09703264842,11128.308956765237,80450.91493366518,181257.0800243328,449448.8039743326,138748.73145957003,39378.81555929338,333392.1714959004,82.0823018606649,201.46123637512926,8979.654453531211,51918.45470907099,209.47762055744556,2112.4148113957076,13040.94822396514,102154.09280800351,50835.23392073254,29600.95328801066,159098.91435570954,79.75467770634128,196.390612420119,8108.286564816146,34492.53734590133,205.55208765564834,2071.442870131987,12958.328343787723,68260.31642771048,2343838.0659359368,298309.24544061464,888411.2587633593,8765.823106077643,18548.83574011217,183392.4720621341,300600.91384788,38905.6653000896,160907.2189898469,214638.56917507417,577745.7159340427,2170974.74368231,278345.2301262838,670978.5260254584,8123.445690105336,16183.024232547446,172211.19302093374,204783.36755502352,34067.10650063552,149702.69765037548,213214.261123693,500101.2534772725,212047.14750383602,18732.806650861814,33068.54832466989,1671.5374179200242,2026.8738496440521,16388.53328378944,7230.207116300894,3224.2149229334764,13105.905304933805,16813.83239920293,30822.17371735295,163351.1842532329,18588.042222014243,32873.51185412763,1665.0454546659455,2022.5398427990344,16242.579932367778,7184.208736923185,3214.778657791266,13085.727800799628,16691.493402672037,30705.675265464703,2322766.1891434947,156714.51804720363,341639.20301759505,778.1817381910138,2439.1540206282834,113788.6941964601,40075.16069007595,8015.701926401298,67434.76637063516,144633.466281692,326257.1243144187,2152701.675562159,155998.15990520426,340807.75642751897,776.8677360954259,2436.86105749391,113037.62460870823,39929.57497801145,8013.822629344791,67423.91678473633,144321.1989910647,325872.39276039466
DZ_S_corr_pair_0.3,2358598.9666201407,349600.1325798548,1356319.4742544016,92246.89766177663,72574.530260746,194714.50025646258,338826.9594470909,106835.20459527262,277684.3601311993,228026.72324234512,631582.5121593757,3592206.7354523106,336672.5869553024,1324510.8547442262,63920.30122338858,56769.18733445753,174003.79246990796,220885.70128194688,87997.49058068664,250771.8372663293,216155.01425858293,519787.8603044851,256914.07693529478,127422.69605729578,699176.4550381424,7037.5181412378915,7322.5920966933,45592.70147254048,138963.16589619423,8556.064610716956,23112.77127944197,52070.03856983508,225290.54656381096,269804.01863172214,75636.7901769952,300517.30525002966,5462.203107741141,6201.8063415335155,40209.1733218813,90598.46943903204,6788.353684549821,20546.89080762173,47926.985020389075,148676.93396661786,2328916.3064313987,251147.3943110248,999207.0983860414,1182.881809422215,4097.935710325989,133572.97582367287,261491.02839642524,11242.636684814937,80889.63903646698,188588.08459959697,554654.5999378706,2185635.569704133,244423.61283166308,647284.1779198953,1178.6958999596152,4014.956632024928,132598.27951178953,175071.1202665045,11128.308956765237,80450.91493366518,180429.3807551494,448403.00443411083,138748.73145957003,39378.81555929338,333392.1714959004,82.0823018606649,201.46123637512926,8947.44193892776,51708.364273912775,209.47762055744556,2112.4148113957076,13011.289320068448,101705.65127732375,50835.23392073254,29600.95328801066,159098.91435570954,79.75467770634128,196.390612420119,8087.152887943437,34427.332268046055,205.55208765564834,2071.442870131987,12932.746364557099,68131.66929749872,2343838.0659359368,298309.24544061464,888411.2587633593,8765.823106077643,18548.83574011217,180030.76857770712,297086.9989735565,38905.6653000896,160907.2189898469,212265.6587403606,574266.5135489715,2170974.74368231,278345.2301262838,670978.5260254584,8123.445690105336,16183.024232547446,169912.75181218272,202985.05201346905,34067.10650063552,149702.69765037548,210886.68570728909,496950.8594006703,212047.14750383602,18732.806650861814,33068.54832466989,1671.5374179200242,2026.8738496440521,16339.64421347845,7224.720834214189,3224.2149229334764,13105.905304933805,16764.076545707892,30775.388374247083,163351.1842532329,18588.042222014243,32873.51185412763,1665.0454546659455,2022.5398427990344,16193.779596898115,7178.591102162939,3214.778657791266,13085.727800799628,16642.202838983492,30659.187895490308,2322766.1891434947,156714.51804720363,341639.20301759505,778.1817381910138,2439.1540206282834,112885.12741892041,39920.63628883995,8015.701926401298,67434.76637063516,143718.8909656655,325012.9578940838,2152701.675562159,155998.15990520426,340807.75642751897,776.8677360954259,2436.86105749391,112150.71992865356,39777.58262844351,8013.822629344791,67423.91678473633,143414.37153177135,324636.6718696129
DZ_S_corr_pair_0.4,2358598.9666201407,349600.1325798548,1356319.4742544016,92246.89766177663,72574.530260746,192119.64564032792,334478.2637204538,106835.20459527262,277684.3601311993,226695.04473479945,628681.3989237399,3592206.7354523106,336672.5869553024,1324510.8547442262,63920.30122338858,56769.18733445753,171721.54898558685,219138.59645465447,87997.49058068664,250771.8372663293,214538.38806239556,517896.71803650324,256914.07693529478,127422.69605729578,699176.4550381424,7037.5181412378915,7322.5920966933,44326.30332474204,136422.90282263214,8556.064610716956,23112.77127944197,50749.359967704164,221320.27786283576,269804.01863172214,75636.7901769952,300517.30525002966,5462.203107741141,6201.8063415335155,39397.46846670828,89508.0797729538,6788.353684549821,20546.89080762173,46999.339102876016,146958.85334111837,2328916.3064313987,251147.3943110248,999207.0983860414,1182.881809422215,4097.935710325989,132516.05789260232,259466.25694554823,11242.636684814937,80889.63903646698,188157.32066440838,553372.4877561223,2185635.569704133,244423.61283166308,647284.1779198953,1178.6958999596152,4014.956632024928,131622.98789064563,174127.81799558672,11128.308956765237,80450.91493366518,179635.7182356358,447397.82552074903,138748.73145957003,39378.81555929338,333392.1714959004,82.0823018606649,201.46123637512926,8915.7486100064,51501.93235566472,209.47762055744556,2112.4148113957076,12982.274310455592,101266.66915869796,50835.23392073254,29600.95328801066,159098.91435570954,79.75467770634128,196.390612420119,8066.333410118655,34362.93996042681,205.55208765564834,2071.442870131987,12907.582353797956,68005.16518768546,2343838.0659359368,298309.24544061464,888411.2587633593,8765.823106077643,18548.83574011217,176994.24399061032,293888.4832926897,38905.6653000896,160907.2189898469,210125.13069238482,571138.7223245472,2170974.74368231,278345.2301262838,670978.5260254584,8123.445690105336,16183.024232547446,167760.74695406616,201301.57729530506,34067.10650063552,149702.69765037548,208696.05283184416,493977.46487680136,212047.14750383602,18732.806650861814,33068.54832466989,1671.5374179200242,2026.8738496440521,16293.327309184819,7223.750729610124,3224.2149229334764,13105.905304933805,16716.758094364704,30730.994737748577,163351.1842532329,18588.042222014243,32873.51185412763,1665.0454546659455,2022.5398427990344,16147.213580381762,7177.231813363455,3214.778657791266,13085.727800799628,16594.98891537975,30614.763719357183,2322766.1891434947,156714.51804720363,341639.20301759505,778.1817381910138,2439.1540206282834,112002.76037644222,39769.72847700699,8015.701926401298,67434.76637063516,142820.90627385303,323788.5465358984,2152701.675562159,155998.15990520426,340807.75642751897,776.8677360954259,2436.86105749391,111284.310416391,39629.099725491214,8013.822629344791,67423.91678473633,142523.75038001605,323420.3003288234
DZ_S_corr_pair_0.5,2358598.9666201407,349600.1325798548,1356319.4742544016,92246.89766177663,72574.530260746,189812.21921101594,330589.44951922016,106835.20459527262,277684.3601311993,225554.40555732272,626171.7809547215,3592206.7354523106,336672.5869553024,1324510.8547442262,63920.30122338858,56769.18733445753,169743.27450620953,217746.6081047746,87997.49058068664,250771.8372663293,213260.09652442503,516546.7309929354,256914.07693529478,127422.69605729578,699176.4550381424,7037.5181412378915,7322.5920966933,43181.74101530937,134103.82665858485,8556.064610716956,23112.77127944197,49575.5799551741,217750.55045893553,269804.01863172214,75636.7901769952,300517.30525002966,5462.203107741141,6201.8063415335155,38642.32456963761,88522.41414873101,6788.353684549821,20546.89080762173,46151.25655514512,145397.27154625475,2328916.3064313987,251147.3943110248,999207.0983860414,1182.881809422215,4097.935710325989,131511.3256509144,257529.4990685907,11242.636684814937,80889.63903646698,187752.99783304895,552165.0474938288,2185635.569704133,244423.61283166308,647284.1779198953,1178.6958999596152,4014.956632024928,130689.93101547251,173221.58495606916,11128.308956765237,80450.91493366518,178875.2374032354,446432.4572639378,138748.73145957003,39378.81555929338,333392.1714959004,82.0823018606649,201.46123637512926,8884.574695558027,51299.10244247428,209.47762055744556,2112.4148113957076,12953.88267178376,100836.8124551608,50835.23392073254,29600.95328801066,159098.91435570954,79.75467770634128,196.390612420119,8045.837939093083,34299.38028810531,205.55208765564834,2071.442870131987,12882.828858561497,67880.81797951837,2343838.0659359368,298309.24544061464,888411.2587633593,8765.823106077643,18548.83574011217,174299.38649433813,291016.8574958764,38905.6653000896,160907.2189898469,208215.95068513186,568371.9142390776,2170974.74368231,278345.2301262838,670978.5260254584,8123.445690105336,16183.024232547446,165774.049845961,199741.53538604223,34067.10650063552,149702.69765037548,206648.34143819343,491189.76601319667,212047.14750383602,18732.806650861814,33068.54832466989,1671.5374179200242,2026.8738496440521,16250.203855961574,7231.334933815543,3224.2149229334764,13105.905304933805,16672.607301322292,30689.72038042349,163351.1842532329,18588.042222014243,32873.51185412763,1665.0454546659455,2022.5398427990344,16103.32503574243,7183.892104341213,3214.778657791266,13085.727800799628,16550.35162130749,30572.916386662262,2322766.1891434947,156714.51804720363,341639.20301759505,778.1817381910138,2439.1540206282834,111140.84199690765,39622.344266926506,8015.701926401298,67434.76637063516,141939.00548233683,322583.34716002014,2152701.675562159,155998.15990520426,340807.75642751897,776.8677360954259,2436.86105749391,110437.67646201373,39484.03705743982,8013.822629344791,67423.91678473633,141648.84738977646,322222.7531577218
DZ_S_corr_pair_0.6,2358598.9666201407,349600.1325798548,1356319.4742544016,92246.89766177663,72574.530260746,187815.23171690095,327151.813178018,106835.20459527262,277684.3601311993,224638.53666629872,624083.0768229018,3592206.7354523106,336672.5869553024,1324510.8547442262,63920.30122338858,56769.18733445753,168195.37242163406,217059.29622261037,87997.49058068664,250771.8372663293,212604.0147429722,516356.4327748549,256914.07693529478,127422.69605729578,699176.4550381424,7037.5181412378915,7322.5920966933,42141.429280823104,131988.7678473478,8556.064610716956,23112.77127944197,48524.96393599397,214530.02016566618,269804.01863172214,75636.7901769952,300517.30525002966,5462.203107741141,6201.8063415335155,37938.99571457459,87678.28876036484,6788.353684549821,20546.89080762173,45379.873104081635,144010.47919640783,2328916.3064313987,251147.3943110248,999207.0983860414,1182.881809422215,4097.935710325989,130557.94057438357,255678.00567029254,11242.636684814937,80889.63903646698,187374.7272863937,551028.7612197708,2185635.569704133,244423.61283166308,647284.1779198953,1178.6958999596152,4014.956632024928,129799.44739922427,172352.41410462867,11128.308956765237,80450.91493366518,178147.5705643423,445506.6901553546,138748.73145957003,39378.81555929338,333392.1714959004,82.0823018606649,201.46123637512926,,,209.47762055744556,2112.4148113957076,,,50835.23392073254,29600.95328801066,159098.91435570954,79.75467770634128,196.390612420119,,,205.55208765564834,2071.442870131987,,,2343838.0659359368,298309.24544061464,888411.2587633593,8765.823106077643,18548.83574011217,172109.12662469863,288613.42010969645,38905.6653000896,160907.2189898469,206613.9151711401,566117.5063773232,2170974.74368231,278345.2301262838,670978.5260254584,8123.445690105336,16183.024232547446,164031.02008029676,198350.29179168367,34067.10650063552,149702.69765037548,204784.09762998208,488642.03493432037,212047.14750383602,18732.806650861814,33068.54832466989,1671.5374179200242,2026.8738496440521,16211.604217099512,7259.823552547108,3224.2149229334764,13105.905304933805,16633.582160911665,30653.480914394022,163351.1842532329,18588.042222014243,32873.51185412763,1665.0454546659455,2022.5398427990344,16062.99207449776,7209.918670480674,3214.778657791266,13085.727800799628,16509.575057400794,30534.93572430003,2322766.1891434947,156714.51804720363,341639.20301759505,778.1817381910138,2439.1540206282834,110298.66086523286,39478.39640727366,8015.701926401298,67434.76637063516,141072.7077105116,321396.843336536,2152701.675562159,155998.15990520426,340807.75642751897,776.8677360954259,2436.86105749391,109610.13585018468,39342.31083394714,8013.822629344791,67423.91678473633,140789.19875913198,321043.53053200606
DZ_S_corr_pair_0.7,2358598.9666201407,349600.1325798548,1356319.4742544016,92246.89766177663,72574.530260746,,,106835.20459527262,277684.3601311993,,,3592206.7354523106,336672.5869553024,1324510.8547442262,63920.30122338858,56769.18733445753,,,87997.49058068664,250771.8372663293,,,256914.07693529478,127422.69605729578,699176.4550381424,7037.5181412378915,7322.5920966933,,,8556.064610716956,23112.77127944197,,,269804.01863172214,75636.7901769952,300517.30525002966,5462.203107741141,6201.8063415335155,,,6788.353684549821,20546.89080762173,,,2328916.3064313987,251147.3943110248,999207.0983860414,1182.881809422215,4097.935710325989,,,11242.636684814937,80889.63903646698,,,2185635.569704133,244423.61283166308,647284.1779198953,1178.6958999596152,4014.956632024928,,,11128.308956765237,80450.91493366518,,,138748.73145957003,39378.81555929338,333392.1714959004,82.0823018606649,201.46123637512926,,,209.47762055744556,2112.4148113957076,,,50835.23392073254,29600.95328801066,159098.91435570954,79.75467770634128,196.390612420119,,,205.55208765564834,2071.442870131987,,,2343838.0659359368,298309.24544061464,888411.2587633593,8765.823106077643,18548.83574011217,,,38905.6653000896,160907.2189898469,,,2170974.74368231,278345.2301262838,670978.5260254584,8123.445690105336,16183.024232547446,,,34067.10650063552,149702.69765037548,,,212047.14750383602,18732.806650861814,33068.54832466989,1671.5374179200242,2026.8738496440521,,,3224.2149229334764,13105.905304933805,,,163351.1842532329,18588.042222014243,32873.51185412763,1665.0454546659455,2022.5398427990344,,,3214.778657791266,13085.727800799628,,,2322766.1891434947,156714.51804720363,341639.20301759505,778.1817381910138,2439.1540206282834,,,8015.701926401298,67434.76637063516,,,2152701.675562159,155998.15990520426,340807.75642751897,776.8677360954259,2436.86105749391,,,8013.822629344791,67423.91678473633,,
DZ_S_corr_pair_0.8,2358598.9666201407,349600.1325798548,1356319.4742544016,92246.89766177663,72574.530260746,183644.94625097924,320504.01994138974,106835.20459527262,277684.3601311993,222431.54368376505,619568.9255722706,3592206.7354523106,336672.5869553024,1324510.8547442262,63920.30122338858,56769.18733445753,163628.3018596225,210503.14206576216,87997.49058068664,250771.8372663293,207512.28209879217,507192.50530387345,256914.07693529478,127422.69605729578,699176.4550381424,7037.5181412378915,7322.5920966933,40298.268713863115,127642.53140652478,8556.064610716956,23112.77127944197,46721.29530797137,208516.10373642278,269804.01863172214,75636.7901769952,300517.30525002966,5462.203107741141,6201.8063415335155,36610.69843833064,83460.82662936911,6788.353684549821,20546.89080762173,43773.44233256994,139960.55542982963,2328916.3064313987,251147.3943110248,999207.0983860414,1182.881809422215,4097.935710325989,128808.20370067835,252227.5220503274,11242.636684814937,80889.63903646698,186698.22496402537,548962.529160757,2185635.569704133,244423.61283166308,647284.1779198953,1178.6958999596152,4014.956632024928,128152.97425937599,170729.48806363792,11128.308956765237,80450.91493366518,176792.59294949187,443777.3702609247,138748.73145957003,39378.81555929338,333392.1714959004,82.0823018606649,201.46123637512926,,,209.47762055744556,2112.4148113957076,,,50835.23392073254,29600.95328801066,159098.91435570954,79.75467770634128,196.390612420119,,,205.55208765564834,2071.442870131987,,,2343838.0659359368,298309.24544061464,888411.2587633593,8765.823106077643,18548.83574011217,164848.02154916673,281316.91404552176,38905.6653000896,160907.2189898469,202113.19085991677,559022.6393211809,2170974.74368231,278345.2301262838,670978.5260254584,8123.445690105336,16183.024232547446,158890.28499430142,194614.99414555493,34067.10650063552,149702.69765037548,200265.02499400888,482521.3164577827,212047.14750383602,18732.806650861814,33068.54832466989,1671.5374179200242,2026.8738496440521,15876.647433958238,4791.346162555847,3224.2149229334764,13105.905304933805,16390.741141930946,30423.98756310232,163351.1842532329,18588.042222014243,32873.51185412763,1665.0454546659455,2022.5398427990344,15240.694382470934,2576.955135810512,3214.778657791266,13085.727800799628,16292.403484106042,30327.447743239638,2322766.1891434947,156714.51804720363,341639.20301759505,778.1817381910138,2439.1540206282834,108670.84948797256,39200.48806378521,8015.701926401298,67434.76637063516,139385.11816582264,319077.98172517394,2152701.675562159,155998.15990520426,340807.75642751897,776.8677360954259,2436.86105749391,108009.78009088249,39068.558386442346,8013.822629344791,67423.91678473633,139113.92291266008,318738.17776040547
DZ_S_corr_pair_0.9,2358598.9666201407,349600.1325798548,1356319.4742544016,92246.89766177663,72574.530260746,182432.51965583293,318161.38631928375,106835.20459527262,277684.3601311993,222110.80287160224,618539.1291662018,3592206.7354523106,336672.5869553024,1324510.8547442262,63920.30122338858,56769.18733445753,163585.4551952408,211804.99932003912,87997.49058068664,250771.8372663293,208943.7898661891,510529.2494204587,256914.07693529478,127422.69605729578,699176.4550381424,7037.5181412378915,7322.5920966933,39504.31095272208,126241.31957532639,8556.064610716956,23112.77127944197,45948.03533553246,206241.63980983006,269804.01863172214,75636.7901769952,300517.30525002966,5462.203107741141,6201.8063415335155,36070.92945729059,84423.34342913423,6788.353684549821,20546.89080762173,43328.9212027475,139817.05932862274,2328916.3064313987,251147.3943110248,999207.0983860414,1182.881809422215,4097.935710325989,128018.11660159584,250632.42873930806,11242.636684814937,80889.63903646698,186403.54704503514,548033.7410358774,2185635.569704133,244423.61283166308,647284.1779198953,1178.6958999596152,4014.956632024928,127404.70338044949,169981.21329846545,11128.308956765237,80450.91493366518,176168.87897876266,442978.87947583693,138748.73145957003,39378.81555929338,333392.1714959004,82.0823018606649,201.46123637512926,8765.20030450074,50523.183238618585,209.47762055744556,2112.4148113957076,12846.20667259202,99202.70306497687,50835.23392073254,29600.95328801066,159098.91435570954,79.75467770634128,196.390612420119,7967.4357842243235,34054.178074511714,205.55208765564834,2071.442870131987,12787.819409153239,67406.00806989848,2343838.0659359368,298309.24544061464,888411.2587633593,8765.823106077643,18548.83574011217,164282.62216707846,280412.83761362004,38905.6653000896,160907.2189898469,201479.81924111262,558441.6104608931,2170974.74368231,278345.2301262838,670978.5260254584,8123.445690105336,16183.024232547446,158418.4065923908,194055.37039562524,34067.10650063552,149702.69765037548,199225.65558223592,481078.0810550702,212047.14750383602,18732.806650861814,33068.54832466989,1671.5374179200242,2026.8738496440521,16105.265737467658,6930.475165224648,3224.2149229334764,13105.905304933805,16492.903085075635,30524.086240963232,163351.1842532329,18588.042222014243,32873.51185412763,1665.0454546659455,2022.5398427990344,15958.46141763413,6883.098916938294,3214.778657791266,13085.727800799628,16377.2203993261,30412.83154466345,2322766.1891434947,156714.51804720363,341639.20301759505,778.1817381910138,2439.1540206282834,107883.97512153404,39066.3798221383,8015.701926401298,67434.76637063516,138562.98116975353,317944.71254086675,2152701.675562159,155998.15990520426,340807.75642751897,776.8677360954259,2436.86105749391,107235.76906866556,38936.389852374115,8013.822629344791,67423.91678473633,138297.47796041318,317611.1626884422
DZ_S_corr_pair_-0.1,2358598.9666201407,349600.1325798548,1356319.4742544016,92246.89766177663,72574.530260746,209023.15431349413,362826.1503879689,106835.20459527262,277684.3601311993,235980.04023873864,648845.5492381275,3592206.7354523106,336672.5869553024,1324510.8547442262,63920.30122338858,56769.18733445753,186390.73512839424,230850.75651380068,87997.49058068664,250771.8372663293,225613.02823310468,531407.4748093053,256914.07693529478,127422.69605729578,699176.4550381424,7037.5181412378915,7322.5920966933,52447.31554762132,152208.7513307182,8556.064610716956,23112.77127944197,59620.65487290503,247155.72232870213,269804.01863172214,75636.7901769952,300517.30525002966,5462.203107741141,6201.8063415335155,44176.47882961026,96035.97269573285,6788.353684549821,20546.89080762173,52648.51428444011,157392.25016947975,2328916.3064313987,251147.3943110248,999207.0983860414,1182.881809422215,4097.935710325989,138371.1935441929,270566.97918052087,11242.636684814937,80889.63903646698,190600.36650791767,560641.9922399061,2185635.569704133,244423.61283166308,647284.1779198953,1178.6958999596152,4014.956632024928,136938.63966524354,179234.16044267642,11128.308956765237,80450.91493366518,183958.90114775577,452845.1769768409,138748.73145957003,39378.81555929338,333392.1714959004,82.0823018606649,201.46123637512926,9079.438036252786,52571.39864686247,209.47762055744556,2112.4148113957076,13134.02046180131,103559.85238909913,50835.23392073254,29600.95328801066,159098.91435570954,79.75467770634128,196.390612420119,8173.510868693868,34692.909750640545,205.55208765564834,2071.442870131987,13037.672000552579,68659.16741324466,2343838.0659359368,298309.24544061464,888411.2587633593,8765.823106077643,18548.83574011217,195777.13686518552,313387.22887408297,38905.6653000896,160907.2189898469,223474.15155298953,590730.2223194658,2170974.74368231,278345.2301262838,670978.5260254584,8123.445690105336,16183.024232547446,179985.17542689986,210907.2959991568,34067.10650063552,149702.69765037548,221078.076593427,510685.54013650364,212047.14750383602,18732.806650861814,33068.54832466989,1671.5374179200242,2026.8738496440521,16547.81099752377,7260.388511827572,3224.2149229334764,13105.905304933805,16975.015445957873,30974.112661617124,163351.1842532329,18588.042222014243,32873.51185412763,1665.0454546659455,2022.5398427990344,16400.296528280433,7214.051787819906,3214.778657791266,13085.727800799628,16849.943012629934,30855.519047676527,2322766.1891434947,156714.51804720363,341639.20301759505,778.1817381910138,2439.1540206282834,116634.75222091375,40561.45495383916,8015.701926401298,67434.76637063516,147482.2260818105,330114.01741657924,2152701.675562159,155998.15990520426,340807.75642751897,776.8677360954259,2436.86105749391,115829.11702746977,40407.58742255675,8013.822629344791,67423.91678473633,147144.19862098762,329701.3094078022
DZ_S_corr_pair_-0.2,2358598.9666201407,349600.1325798548,1356319.4742544016,92246.89766177663,72574.530260746,214119.73669319204,371434.9769147405,106835.20459527262,277684.3601311993,239031.88437668714,655495.2741094067,3592206.7354523106,336672.5869553024,1324510.8547442262,63920.30122338858,56769.18733445753,190560.66421592352,234253.3172755071,87997.49058068664,250771.8372663293,228909.69029814386,535484.8995074495,256914.07693529478,127422.69605729578,699176.4550381424,7037.5181412378915,7322.5920966933,54843.421326726515,156658.76687015028,8556.064610716956,23112.77127944197,62424.26133304286,254984.1622901434,269804.01863172214,75636.7901769952,300517.30525002966,5462.203107741141,6201.8063415335155,45403.60197573525,97726.65494750584,6788.353684549821,20546.89080762173,54166.69996097988,160173.75414037253,2328916.3064313987,251147.3943110248,999207.0983860414,1182.881809422215,4097.935710325989,139732.9422319547,273114.5876120369,11242.636684814937,80889.63903646698,191185.86081636962,562392.8425707286,2185635.569704133,244423.61283166308,647284.1779198953,1178.6958999596152,4014.956632024928,138142.37751542125,180380.99594447002,11128.308956765237,80450.91493366518,184939.08409090553,454070.8563246654,138748.73145957003,39378.81555929338,333392.1714959004,82.0823018606649,201.46123637512926,9113.766897786145,52796.8896934968,209.47762055744556,2112.4148113957076,13166.496258049508,104049.93180211008,50835.23392073254,29600.95328801066,159098.91435570954,79.75467770634128,196.390612420119,8195.848248388924,34761.26587586654,205.55208765564834,2071.442870131987,13065.020324526251,68796.48668960208,2343838.0659359368,298309.24544061464,888411.2587633593,8765.823106077643,18548.83574011217,200904.34275543044,318624.7302073886,38905.6653000896,160907.2189898469,227186.1195074331,596188.7908294469,2170974.74368231,278345.2301262838,670978.5260254584,8123.445690105336,16183.024232547446,182894.16956671703,213224.8516688288,34067.10650063552,149702.69765037548,224032.20147949984,514640.61402179766,212047.14750383602,18732.806650861814,33068.54832466989,1671.5374179200242,2026.8738496440521,16604.66573769648,7273.257975807402,3224.2149229334764,13105.905304933805,17032.375245035393,31028.258154335497,163351.1842532329,18588.042222014243,32873.51185412763,1665.0454546659455,2022.5398427990344,16456.31661694596,7226.663723255037,3214.778657791266,13085.727800799628,16906.06291588251,30908.675309543498,2322766.1891434947,156714.51804720363,341639.20301759505,778.1817381910138,2439.1540206282834,117631.51348088688,40731.49993150515,8015.701926401298,67434.76637063516,148468.8082325204,331443.22420445236,2152701.675562159,155998.15990520426,340807.75642751897,776.8677360954259,2436.86105749391,116806.03229058837,40574.62715676908,8013.822629344791,67423.91678473633,148121.27569115366,331020.23316400446
DZ_S_corr_pair_-0.3,2358598.9666201407,349600.1325798548,1356319.4742544016,92246.89766177663,72574.530260746,220234.9077147184,381823.27577095653,106835.20459527262,277684.3601311993,242838.99036803798,663822.5069933614,3592206.7354523106,336672.5869553024,1324510.8547442262,63920.30122338858,56769.18733445753,195345.80383611185,238169.21550229768,87997.49058068664,250771.8372663293,232736.4400754602,540207.7056113753,256914.07693529478,127422.69605729578,699176.4550381424,7037.5181412378915,7322.5920966933,57674.13980335061,161813.432183349,8556.064610716956,23112.77127944197,65851.40288056985,264390.3680316597,269804.01863172214,75636.7901769952,300517.30525002966,5462.203107741141,6201.8063415335155,46756.157989264175,99591.68940767761,6788.353684549821,20546.89080762173,55870.930637073056,163285.3428236634,2328916.3064313987,251147.3943110248,999207.0983860414,1182.881809422215,4097.935710325989,141170.57239770802,275791.97307703504,11242.636684814937,80889.63903646698,191810.0560958159,564266.3806118013,2185635.569704133,244423.61283166308,647284.1779198953,1178.6958999596152,4014.956632024928,139398.80569927022,181575.14462527397,11128.308956765237,80450.91493366518,185963.33045558984,455348.005788883,138748.73145957003,39378.81555929338,333392.1714959004,82.0823018606649,201.46123637512926,9148.642637368293,53026.46544485136,209.47762055744556,2112.4148113957076,13199.745994887628,104551.4981260748,50835.23392073254,29600.95328801066,159098.91435570954,79.75467770634128,196.390612420119,8218.481009862779,34830.401792287535,205.55208765564834,2071.442870131987,13092.838267242652,68936.0428015447,2343838.0659359368,298309.24544061464,888411.2587633593,8765.823106077643,18548.83574011217,206722.14811309343,324535.46503548237,38905.6653000896,160907.2189898469,231441.16000230602,602446.776541718,2170974.74368231,278345.2301262838,670978.5260254584,8123.445690105336,16183.024232547446,185982.5622054886,215705.49806482368,34067.10650063552,149702.69765037548,227180.56674890794,518844.6422845556,212047.14750383602,18732.806650861814,33068.54832466989,1671.5374179200242,2026.8738496440521,16663.31431909578,7287.146113765122,3224.2149229334764,13105.905304933805,17091.51531041529,31084.107265121755,163351.1842532329,18588.042222014243,32873.51185412763,1665.0454546659455,2022.5398427990344,16514.003596785562,7240.24243035629,3214.778657791266,13085.727800799628,16963.82465384465,30963.414367071382,2322766.1891434947,156714.51804720363,341639.20301759505,778.1817381910138,2439.1540206282834,118653.9197589264,40905.722527308244,8015.701926401298,67434.76637063516,149474.96490956887,332795.35978843103,2152701.675562159,155998.15990520426,340807.75642751897,776.8677360954259,2436.86105749391,117807.69072486223,40745.7131655034,8013.822629344791,67423.91678473633,149117.4231809543,332361.563112635
DZ_S_corr_pair_-0.4,2358598.9666201407,349600.1325798548,1356319.4742544016,92246.89766177663,72574.530260746,227787.05110606595,394755.81826985953,106835.20459527262,277684.3601311993,247758.24697788115,674640.0489928612,3592206.7354523106,336672.5869553024,1324510.8547442262,63920.30122338858,56769.18733445753,200904.1946631448,242729.76526060764,87997.49058068664,250771.8372663293,237232.5045775248,545736.3732873444,256914.07693529478,127422.69605729578,699176.4550381424,7037.5181412378915,7322.5920966933,61085.65510768842,167894.1513845746,8556.064610716956,23112.77127944197,70155.01687660968,275992.8187061474,269804.01863172214,75636.7901769952,300517.30525002966,5462.203107741141,6201.8063415335155,48256.70166456384,101662.86173027624,6788.353684549821,20546.89080762173,57799.647770650176,166795.54634189577,2328916.3064313987,251147.3943110248,999207.0983860414,1182.881809422215,4097.935710325989,142691.48198162325,278611.07273227896,11242.636684814937,80889.63903646698,192476.8276468946,566276.6009048241,2185635.569704133,244423.61283166308,647284.1779198953,1178.6958999596152,4014.956632024928,140711.41221046072,182819.80474370945,11128.308956765237,80450.91493366518,187034.83183795665,456680.14556161826,138748.73145957003,39378.81555929338,333392.1714959004,82.0823018606649,201.46123637512926,9184.074900697835,53260.235391603004,209.47762055744556,2112.4148113957076,13233.801619721573,105065.0396730704,50835.23392073254,29600.95328801066,159098.91435570954,79.75467770634128,196.390612420119,8241.409132194582,34900.31918781661,205.55208765564834,2071.442870131987,13121.138714895922,69077.87699593711,2343838.0659359368,298309.24544061464,888411.2587633593,8765.823106077643,18548.83574011217,213417.91446077923,331301.0053856056,38905.6653000896,160907.2189898469,236399.32013695687,609739.8780081606,2170974.74368231,278345.2301262838,670978.5260254584,8123.445690105336,16183.024232547446,189267.36962976406,218369.9296958177,34067.10650063552,149702.69765037548,230545.5151488874,523326.32895296084,212047.14750383602,18732.806650861814,33068.54832466989,1671.5374179200242,2026.8738496440521,16723.753531803657,7301.950051072185,3224.2149229334764,13105.905304933805,17152.461052432074,31141.6799241245,163351.1842532329,18588.042222014243,32873.51185412763,1665.0454546659455,2022.5398427990344,16573.363422484388,7254.690122485637,3214.778657791266,13085.727800799628,17023.259503397843,31019.761962062403,2322766.1891434947,156714.51804720363,341639.20301759505,778.1817381910138,2439.1540206282834,119703.02068749873,41084.25662185045,8015.701926401298,67434.76637063516,150501.39802212323,334171.1646887376,2152701.675562159,155998.15990520426,340807.75642751897,776.8677360954259,2436.86105749391,118835.09301774755,40920.97326955714,8013.822629344791,67423.91678473633,150133.31254586714,333726.01010201604
DZ_S_corr_pair_-0.5,2358598.9666201407,349600.1325798548,1356319.4742544016,92246.89766177663,72574.530260746,237492.61593259024,411576.0066119604,106835.20459527262,277684.3601311993,254435.3023171319,689436.9556957476,3592206.7354523106,336672.5869553024,1324510.8547442262,63920.30122338858,56769.18733445753,207460.87601908267,248123.67330458132,87997.49058068664,250771.8372663293,242599.29811140915,552302.8242185786,256914.07693529478,127422.69605729578,699176.4550381424,7037.5181412378915,7322.5920966933,65301.38452873022,175235.13870912086,8556.064610716956,23112.77127944197,75751.90014064447,290809.9570419786,269804.01863172214,75636.7901769952,300517.30525002966,5462.203107741141,6201.8063415335155,49933.873549423995,103981.40881274002,6788.353684549821,20546.89080762173,60003.297145540986,170795.30602920157,2328916.3064313987,251147.3943110248,999207.0983860414,1182.881809422215,4097.935710325989,144304.44374645242,281585.847845204,11242.636684814937,80889.63903646698,193190.78980200883,568440.1317545286,2185635.569704133,244423.61283166308,647284.1779198953,1178.6958999596152,4014.956632024928,142084.24628492858,184118.6688473128,11128.308956765237,80450.91493366518,188157.2677521756,458071.3379805376,138748.73145957003,39378.81555929338,333392.1714959004,82.0823018606649,201.46123637512926,9220.074412400365,53498.31659618823,209.47762055744556,2112.4148113957076,13268.697328800765,105591.07735329379,50835.23392073254,29600.95328801066,159098.91435570954,79.75467770634128,196.390612420119,8264.633403948344,34971.021562911985,205.55208765564834,2071.442870131987,13149.935388578273,69222.0362900844,2343838.0659359368,298309.24544061464,888411.2587633593,8765.823106077643,18548.83574011217,221265.30756921775,339186.62957437243,38905.6653000896,160907.2189898469,242300.81067315766,618422.0986678578,2170974.74368231,278345.2301262838,670978.5260254584,8123.445690105336,16183.024232547446,192769.23389125455,221243.81987031095,34067.10650063552,149702.69765037548,234154.29071583005,528120.8307390526,212047.14750383602,18732.806650861814,33068.54832466989,1671.5374179200242,2026.8738496440521,16786.00292375368,7317.609237553626,3224.2149229334764,13105.905304933805,17215.259679297043,31201.018217066616,163351.1842532329,18588.042222014243,32873.51185412763,1665.0454546659455,2022.5398427990344,16634.42126907368,7269.949010234478,3214.778657791266,13085.727800799628,17084.416747287883,31077.762512118104,2322766.1891434947,156714.51804720363,341639.20301759505,778.1817381910138,2439.1540206282834,120779.92835629564,41267.244308664674,8015.701926401298,67434.76637063516,151548.85055456441,335571.4203203008,2152701.675562159,155998.15990520426,340807.75642751897,776.8677360954259,2436.86105749391,119889.29853801208,41100.54303069724,8013.822629344791,67423.91678473633,151169.65368542942,335114.32335238974
DZ_S_corr_pair_-0.6,2358598.9666201407,349600.1325798548,1356319.4742544016,92246.89766177663,72574.530260746,250703.7009277802,434924.7312827412,106835.20459527262,277684.3601311993,264182.53263101133,711300.6831209001,3592206.7354523106,336672.5869553024,1324510.8547442262,63920.30122338858,56769.18733445753,215347.25721123483,254630.95752400803,87997.49058068664,250771.8372663293,249138.2149236125,560252.4165489915,256914.07693529478,127422.69605729578,699176.4550381424,7037.5181412378915,7322.5920966933,70681.79115746732,184369.25640545512,8556.064610716956,23112.77127944197,83383.40376003884,310662.79744129704,269804.01863172214,75636.7901769952,300517.30525002966,5462.203107741141,6201.8063415335155,51824.6558618525,106601.72074221243,6788.353684549821,20546.89080762173,62549.478333717656,175408.09212314675,2328916.3064313987,251147.3943110248,999207.0983860414,1182.881809422215,4097.935710325989,146019.87901735838,284732.6882167977,11242.636684814937,80889.63903646698,193957.45071061674,570776.8482589875,2185635.569704133,244423.61283166308,647284.1779198953,1178.6958999596152,4014.956632024928,143521.9855203309,185475.98662589333,11128.308956765237,80450.91493366518,189334.87900178778,459526.26486113435,138748.73145957003,39378.81555929338,333392.1714959004,82.0823018606649,201.46123637512926,,,209.47762055744556,2112.4148113957076,,,50835.23392073254,29600.95328801066,159098.91435570954,79.75467770634128,196.390612420119,,,205.55208765564834,2071.442870131987,,,2343838.0659359368,298309.24544061464,888411.2587633593,8765.823106077643,18548.83574011217,230680.54295640578,348596.4148990192,38905.6653000896,160907.2189898469,249524.6325052245,629051.8224683504,2170974.74368231,278345.2301262838,670978.5260254584,8123.445690105336,16183.024232547446,196513.1485676475,224359.21397447638,34067.10650063552,149702.69765037548,238040.3780008932,533271.5483981322,212047.14750383602,18732.806650861814,33068.54832466989,1671.5374179200242,2026.8738496440521,16850.10127772718,7334.092269143358,3224.2149229334764,13105.905304933805,17279.977378665557,31262.183528939437,163351.1842532329,18588.042222014243,32873.51185412763,1665.0454546659455,2022.5398427990344,16697.218848712044,7285.988826770932,3214.778657791266,13085.727800799628,17147.361684850006,31137.477026030618,2322766.1891434947,156714.51804720363,341639.20301759505,778.1817381910138,2439.1540206282834,121885.82184947586,41454.83640076332,8015.701926401298,67434.76637063516,152618.10966829796,336996.9518825571,2152701.675562159,155998.15990520426,340807.75642751897,776.8677360954259,2436.86105749391,120971.42955148633,41284.56622341234,8013.822629344791,67423.91678473633,152227.19779608058,336527.2931187453
DZ_S_corr_pair_-0.7,2358598.9666201407,349600.1325798548,1356319.4742544016,92246.89766177663,72574.530260746,,,106835.20459527262,277684.3601311993,,,3592206.7354523106,336672.5869553024,1324510.8547442262,63920.30122338858,56769.18733445753,,,87997.49058068664,250771.8372663293,,,256914.07693529478,127422.69605729578,699176.4550381424,7037.5181412378915,7322.5920966933,,,8556.064610716956,23112.77127944197,,,269804.01863172214,75636.7901769952,300517.30525002966,5462.203107741141,6201.8063415335155,,,6788.353684549821,20546.89080762173,,,2328916.3064313987,251147.3943110248,999207.0983860414,1182.881809422215,4097.935710325989,,,11242.636684814937,80889.63903646698,,,2185635.569704133,244423.61283166308,647284.1779198953,1178.6958999596152,4014.956632024928,,,11128.308956765237,80450.91493366518,,,138748.73145957003,39378.81555929338,333392.1714959004,82.0823018606649,201.46123637512926,,,209.47762055744556,2112.4148113957076,,,50835.23392073254,29600.95328801066,159098.91435570954,79.75467770634128,196.390612420119,,,205.55208765564834,2071.442870131987,,,2343838.0659359368,298309.24544061464,888411.2587633593,8765.823106077643,18548.83574011217,,,38905.6653000896,160907.2189898469,,,2170974.74368231,278345.2301262838,670978.5260254584,8123.445690105336,16183.024232547446,,,34067.10650063552,149702.69765037548,,,212047.14750383602,18732.806650861814,33068.54832466989,1671.5374179200242,2026.8738496440521,,,3224.2149229334764,13105.905304933805,,,163351.1842532329,18588.042222014243,32873.51185412763,1665.0454546659455,2022.5398427990344,,,3214.778657791266,13085.727800799628,,,2322766.1891434947,156714.51804720363,341639.20301759505,778.1817381910138,2439.1540206282834,,,8015.701926401298,67434.76637063516,,,2152701.675562159,155998.15990520426,340807.75642751897,776.8677360954259,2436.86105749391,,,8013.822629344791,67423.91678473633,,
DZ_S_corr_pair_-0.8,2358598.9666201407,349600.1325798548,1356319.4742544016,92246.89766177663,72574.530260746,304341.6058646598,538657.4055435738,106835.20459527262,277684.3601311993,312760.397189002,826549.8964026961,3592206.7354523106,336672.5869553024,1324510.8547442262,63920.30122338858,56769.18733445753,237466.87530410988,273000.62682492565,87997.49058068664,250771.8372663293,267934.7464280147,582797.9333873534,256914.07693529478,127422.69605729578,699176.4550381424,7037.5181412378915,7322.5920966933,87991.44713431053,212477.1785516433,8556.064610716956,23112.77127944197,112499.74566997535,385212.0765635986,269804.01863172214,75636.7901769952,300517.30525002966,5462.203107741141,6201.8063415335155,56458.72084835559,113068.9637372728,6788.353684549821,20546.89080762173,69079.61446026892,187239.37957708424,2328916.3064313987,251147.3943110248,999207.0983860414,1182.881809422215,4097.935710325989,149810.3579115139,291623.58100497385,11242.636684814937,80889.63903646698,195676.66954234793,576070.7077917958,2185635.569704133,244423.61283166308,647284.1779198953,1178.6958999596152,4014.956632024928,146614.58250825005,188386.27718694205,11128.308956765237,80450.91493366518,191875.99060084845,462649.77660096594,138748.73145957003,39378.81555929338,333392.1714959004,82.0823018606649,201.46123637512926,,,209.47762055744556,2112.4148113957076,,,50835.23392073254,29600.95328801066,159098.91435570954,79.75467770634128,196.390612420119,,,205.55208765564834,2071.442870131987,,,2343838.0659359368,298309.24544061464,888411.2587633593,8765.823106077643,18548.83574011217,257357.8794639661,375057.79043653863,38905.6653000896,160907.2189898469,271023.071843668,660689.1904917205,2170974.74368231,278345.2301262838,670978.5260254584,8123.445690105336,16183.024232547446,204855.57697266043,231487.4866114776,34067.10650063552,149702.69765037548,246822.0659653342,544873.1827655308,212047.14750383602,18732.806650861814,33068.54832466989,1671.5374179200242,2026.8738496440521,16984.084852542946,7369.506735787564,3224.2149229334764,13105.905304933805,17415.522751606393,31390.33027193977,163351.1842532329,18588.042222014243,32873.51185412763,1665.0454546659455,2022.5398427990344,16828.27433395328,7320.386731883537,3214.778657791266,13085.727800799628,17278.951564017407,31262.37032684229,2322766.1891434947,156714.51804720363,341639.20301759505,778.1817381910138,2439.1540206282834,124189.64782834268,41844.48403094575,8015.701926401298,67434.76637063516,154825.43798860902,339927.38186461903,2152701.675562159,155998.15990520426,340807.75642751897,776.8677360954259,2436.86105749391,123224.29963588055,41666.59220898049,8013.822629344791,67423.91678473633,154409.12530919025,339430.58618164994
DZ_S_corr_pair_-0.9,2358598.9666201407,349600.1325798548,1356319.4742544016,92246.89766177663,72574.530260746,384445.9232797021,751539.9224639869,106835.20459527262,277684.3601311993,427322.3709036816,1177127.1583112753,3592206.7354523106,336672.5869553024,1324510.8547442262,63920.30122338858,56769.18733445753,253979.1845182326,286840.681695806,87997.49058068664,250771.8372663293,282398.68029092555,599863.0854153185,256914.07693529478,127422.69605729578,699176.4550381424,7037.5181412378915,7322.5920966933,103670.85025878446,236925.1809426471,8556.064610716956,23112.77127944197,147184.44146444745,477539.89796523954,269804.01863172214,75636.7901769952,300517.30525002966,5462.203107741141,6201.8063415335155,59358.36580995002,117162.36889909129,6788.353684549821,20546.89080762173,73388.29121375267,195083.69426428963,2328916.3064313987,251147.3943110248,999207.0983860414,1182.881809422215,4097.935710325989,151918.3039670071,295418.1463633149,11242.636684814937,80889.63903646698,196646.92407593862,579092.5982621721,2185635.569704133,244423.61283166308,647284.1779198953,1178.6958999596152,4014.956632024928,148282.85291458303,189951.38044953087,11128.308956765237,80450.91493366518,193251.76774807583,464331.8728787687,138748.73145957003,39378.81555929338,333392.1714959004,82.0823018606649,201.46123637512926,9369.994443106561,54496.36499297204,209.47762055744556,2112.4148113957076,13417.45328409639,107831.90951012894,50835.23392073254,29600.95328801066,159098.91435570954,79.75467770634128,196.390612420119,8360.530678081497,35261.802602653785,205.55208765564834,2071.442870131987,13270.389183209863,69823.05141614813,2343838.0659359368,298309.24544061464,888411.2587633593,8765.823106077643,18548.83574011217,277906.14012499485,395357.1946497677,38905.6653000896,160907.2189898469,288884.3533382143,686959.4186129305,2170974.74368231,278345.2301262838,670978.5260254584,8123.445690105336,16183.024232547446,209537.60373066593,235619.35923823385,34067.10650063552,149702.69765037548,251838.0504578608,551482.0638218934,212047.14750383602,18732.806650861814,33068.54832466989,1671.5374179200242,2026.8738496440521,17054.130143444607,7388.465996962654,3224.2149229334764,13105.905304933805,17486.57076526356,31457.523997198117,163351.1842532329,18588.042222014243,32873.51185412763,1665.0454546659455,2022.5398427990344,16896.6884045015,7338.769529708749,3214.778657791266,13085.727800799628,17347.803304350724,31327.749963564453,2322766.1891434947,156714.51804720363,341639.20301759505,778.1817381910138,2439.1540206282834,125390.32044654546,42046.890052683964,8015.701926401298,67434.76637063516,155965.334881445,341434.17975464056,2152701.675562159,155998.15990520426,340807.75642751897,776.8677360954259,2436.86105749391,124397.64130013001,41864.92850358321,8013.822629344791,67423.91678473633,155535.2473776865,340922.7228639877
M_var_all_0.1,2358598.9666201407,349600.1325798548,1356319.4742544016,92246.89766177663,72574.530260746,233782.69091299182,611808.7838794712,106835.20459527262,277684.3601311993,285850.7791049542,1126279.3660218266,3592206.7354523106,336672.5869553024,1324510.8547442262,63920.30122338858,56769.18733445753,199331.0890219442,356337.663312203,87997.49058068664,250771.8372663293,277622.15694257786,758211.8503313694,256914.07693529478,127422.69605729578,699176.4550381424,7037.5181412378915,7322.5920966933,61835.35270736654,215499.82756243422,8556.064610716956,23112.77127944197,72899.87458191063,488326.59415746917,269804.01863172214,75636.7901769952,300517.30525002966,5462.203107741141,6201.8063415335155,47307.835481141876,127688.7497524289,6788.353684549821,20546.89080762173,59235.93126256043,239945.90152429938,2328916.3064313987,251147.3943110248,999207.0983860414,1182.881809422215,4097.935710325989,157460.43197988058,438531.7472333553,11242.636684814937,80889.63903646698,229409.78013879538,899340.9283080257,2185635.569704133,244423.61283166308,647284.1779198953,1178.6958999596152,4014.956632024928,148131.26881773229,256175.11213139907,11128.308956765237,80450.91493366518,221825.91545006967,587471.497886361,138748.73145957003,39378.81555929338,333392.1714959004,82.0823018606649,201.46123637512926,17736.219220885407,87928.43159246491,209.47762055744556,2112.4148113957076,24007.243579010064,237291.66298962198,50835.23392073254,29600.95328801066,159098.91435570954,79.75467770634128,196.390612420119,13671.365144343734,52560.12051681265,205.55208765564834,2071.442870131987,20837.82733942263,123162.38190826618,2343838.0659359368,298309.24544061464,888411.2587633593,8765.823106077643,18548.83574011217,213640.97008466048,427724.08820892684,38905.6653000896,160907.2189898469,252865.27746410872,772607.3122996939,2170974.74368231,278345.2301262838,670978.5260254584,8123.445690105336,16183.024232547446,188186.55519581027,267848.96001903276,34067.10650063552,149702.69765037548,249699.0203485668,607205.4170913686,212047.14750383602,18732.806650861814,33068.54832466989,1671.5374179200242,2026.8738496440521,16677.42617389573,7436.0281323415265,3224.2149229334764,13105.905304933805,17096.028135435303,31169.786703869097,163351.1842532329,18588.042222014243,32873.51185412763,1665.0454546659455,2022.5398427990344,16536.581007321878,7391.5641988950865,3214.778657791266,13085.727800799628,16973.009314192263,31053.808581703914,2322766.1891434947,156714.51804720363,341639.20301759505,778.1817381910138,2439.1540206282834,115662.64464765403,40395.46146429106,8015.701926401298,67434.76637063516,146514.55480068622,328807.03716452274,2152701.675562159,155998.15990520426,340807.75642751897,776.8677360954259,2436.86105749391,114875.99906289042,40244.473451865495,8013.822629344791,67423.91678473633,146185.5563583225,328404.11693546316
M_var_all_0.2,2358598.9666201407,349600.1325798548,1356319.4742544016,92246.89766177663,72574.530260746,231160.69690736625,592663.6624825654,106835.20459527262,277684.3601311993,281926.18403688195,1083038.3572017485,3592206.7354523106,336672.5869553024,1324510.8547442262,63920.30122338858,56769.18733445753,198092.7356881383,345574.69286206085,87997.49058068664,250771.8372663293,273348.22512772237,736856.9631205187,256914.07693529478,127422.69605729578,699176.4550381424,7037.5181412378915,7322.5920966933,60756.90278046192,211462.63187942328,8556.064610716956,23112.77127944197,71319.73863229557,466965.3677021167,269804.01863172214,75636.7901769952,300517.30525002966,5462.203107741141,6201.8063415335155,46956.429544467916,125621.32489164386,6788.353684549821,20546.89080762173,58599.15926599863,233308.44110646227,2328916.3064313987,251147.3943110248,999207.0983860414,1182.881809422215,4097.935710325989,155551.34307398373,427723.64493273373,11242.636684814937,80889.63903646698,226657.22939881805,874148.3612400704,2185635.569704133,244423.61283166308,647284.1779198953,1178.6958999596152,4014.956632024928,147145.89367943341,250974.43408854154,11128.308956765237,80450.91493366518,219010.59356362882,577239.0292192854,138748.73145957003,39378.81555929338,333392.1714959004,82.0823018606649,201.46123637512926,17007.16116323915,85669.24796867231,209.47762055744556,2112.4148113957076,22982.432894796522,226056.75174668836,50835.23392073254,29600.95328801066,159098.91435570954,79.75467770634128,196.390612420119,13241.664662398985,51427.16056399934,205.55208765564834,2071.442870131987,20209.118582021812,118974.33183984102,2343838.0659359368,298309.24544061464,888411.2587633593,8765.823106077643,18548.83574011217,212297.6709913272,422422.15702080267,38905.6653000896,160907.2189898469,251190.5568892142,763751.1044425194,2170974.74368231,278345.2301262838,670978.5260254584,8123.445690105336,16183.024232547446,187689.73373030164,265003.5204474685,34067.10650063552,149702.69765037548,248183.8172843395,602145.0143167102,212047.14750383602,18732.806650861814,33068.54832466989,1671.5374179200242,2026.8738496440521,16670.75883597585,7419.7760917706,3224.2149229334764,13105.905304933805,17089.29872116396,31154.57753960871,163351.1842532329,18588.042222014243,32873.51185412763,1665.0454546659455,2022.5398427990344,16529.740754201433,7375.330652646024,3214.778657791266,13085.727800799628,16966.31136912071,31038.629985503823,2322766.1891434947,156714.51804720363,341639.20301759505,778.1817381910138,2439.1540206282834,115662.64464765403,40395.46146429106,8015.701926401298,67434.76637063516,146514.55480068622,328807.03716452274,2152701.675562159,155998.15990520426,340807.75642751897,776.8677360954259,2436.86105749391,114875.99906289042,40244.473451865495,8013.822629344791,67423.91678473633,146185.5563583225,328404.11693546316
M_var_all_0.3,2358598.9666201407,349600.1325798548,1356319.4742544016,92246.89766177663,72574.530260746,225389.81330028633,547082.1939435095,106835.20459527262,277684.3601311993,272783.35305805545,984889.5294410691,3592206.7354523106,336672.5869553024,1324510.8547442262,63920.30122338858,56769.18733445753,195214.75936888493,320996.4534428727,87997.49058068664,250771.8372663293,263357.56903208356,689498.7415729233,256914.07693529478,127422.69605729578,699176.4550381424,7037.5181412378915,7322.5920966933,58357.007301701,201355.64075449703,8556.064610716956,23112.77127944197,67915.74615248131,418003.52741780045,269804.01863172214,75636.7901769952,300517.30525002966,5462.203107741141,6201.8063415335155,46153.44014977104,120502.94016399112,6788.353684549821,20546.89080762173,57143.77851450583,217905.07699862347,2328916.3064313987,251147.3943110248,999207.0983860414,1182.881809422215,4097.935710325989,151172.4319615038,400339.03076814965,11242.636684814937,80889.63903646698,219907.56673281908,812187.6841568558,2185635.569704133,244423.61283166308,647284.1779198953,1178.6958999596152,4014.956632024928,144791.71027980425,238032.23522859416,11128.308956765237,80450.91493366518,212101.77943963665,552432.0112962781,138748.73145957003,39378.81555929338,333392.1714959004,82.0823018606649,201.46123637512926,15277.68600216798,79947.33987946803,209.47762055744556,2112.4148113957076,20639.653424960285,199419.12777427252,50835.23392073254,29600.95328801066,159098.91435570954,79.75467770634128,196.390612420119,12202.327090850978,48555.151228190436,205.55208765564834,2071.442870131987,18713.68359375385,108881.7347740913,2343838.0659359368,298309.24544061464,888411.2587633593,8765.823106077643,18548.83574011217,208948.01755915798,407735.3093041704,38905.6653000896,160907.2189898469,246816.40418564164,739349.9981085369,2170974.74368231,278345.2301262838,670978.5260254584,8123.445690105336,16183.024232547446,186377.54984068696,257384.03070664566,34067.10650063552,149702.69765037548,244157.0772616475,588704.8835665118,212047.14750383602,18732.806650861814,33068.54832466989,1671.5374179200242,2026.8738496440521,16651.221184515074,7382.306170970132,3224.2149229334764,13105.905304933805,17069.83855244737,31116.62914017724,163351.1842532329,18588.042222014243,32873.51185412763,1665.0454546659455,2022.5398427990344,16509.674592390096,7337.821482624213,3214.778657791266,13085.727800799628,16946.90562451512,31000.68823511762,2322766.1891434947,156714.51804720363,341639.20301759505,778.1817381910138,2439.1540206282834,115662.64464765403,40395.46146429106,8015.701926401298,67434.76637063516,146514.55480068622,328807.03716452274,2152701.675562159,155998.15990520426,340807.75642751897,776.8677360954259,2436.86105749391,114875.99906289042,40244.473451865495,8013.822629344791,67423.91678473633,146185.5563583225,328404.11693546316
M_var_all_0.6,2358598.9666201407,349600.1325798548,1356319.4742544016,92246.89766177663,72574.530260746,216202.41515040043,464441.9675042626,106835.20459527262,277684.3601311993,256424.86364162303,823915.4002006185,3592206.7354523106,336672.5869553024,1324510.8547442262,63920.30122338858,56769.18733445753,190120.46866751628,279601.6474539079,87997.49058068664,250771.8372663293,245824.36890888106,614102.5157089198,256914.07693529478,127422.69605729578,699176.4550381424,7037.5181412378915,7322.5920966933,54594.202805774454,180939.46007953273,8556.064610716956,23112.77127944197,62827.81940588023,336150.11974864133,269804.01863172214,75636.7901769952,300517.30525002966,5462.203107741141,6201.8063415335155,44811.009261477506,110404.77393707173,6788.353684549821,20546.89080762173,54673.35794807736,190915.7251789942,2328916.3064313987,251147.3943110248,999207.0983860414,1182.881809422215,4097.935710325989,144184.51595096875,346156.16468952346,11242.636684814937,80889.63903646698,207291.7227810948,698722.4254960074,2185635.569704133,244423.61283166308,647284.1779198953,1178.6958999596152,4014.956632024928,140682.88228455393,213211.69586248675,11128.308956765237,80450.91493366518,199367.27763263677,507690.7266239735,138748.73145957003,39378.81555929338,333392.1714959004,82.0823018606649,201.46123637512926,12333.17998599657,68654.92380327432,209.47762055744556,2112.4148113957076,16913.555015056394,154030.8633999016,50835.23392073254,29600.95328801066,159098.91435570954,79.75467770634128,196.390612420119,10358.386509022643,42880.815991470125,205.55208765564834,2071.442870131987,16117.081849381926,90884.05527889643,2343838.0659359368,298309.24544061464,888411.2587633593,8765.823106077643,18548.83574011217,202261.2529184078,372836.3187425458,38905.6653000896,160907.2189898469,237255.2358508425,682757.0205410077,2170974.74368231,278345.2301262838,670978.5260254584,8123.445690105336,16183.024232547446,183381.6411197128,240148.19197296284,34067.10650063552,149702.69765037548,235083.62594098222,558893.8274824661,212047.14750383602,18732.806650861814,33068.54832466989,1671.5374179200242,2026.8738496440521,16600.20324871702,7320.56569043093,3224.2149229334764,13105.905304933805,17020.32246694892,31041.292914022026,163351.1842532329,18588.042222014243,32873.51185412763,1665.0454546659455,2022.5398427990344,16457.14835839982,7275.684743168291,3214.778657791266,13085.727800799628,16897.31247589718,30925.039434042013,2322766.1891434947,156714.51804720363,341639.20301759505,778.1817381910138,2439.1540206282834,115662.64464765403,40395.46146429106,8015.701926401298,67434.76637063516,146514.55480068622,328807.03716452274,2152701.675562159,155998.15990520426,340807.75642751897,776.8677360954259,2436.86105749391,114875.99906289042,40244.473451865495,8013.822629344791,67423.91678473633,146185.5563583225,328404.11693546316
M_var_all_1.0,2358598.9666201407,349600.1325798548,1356319.4742544016,92246.89766177663,72574.530260746,204682.75731067968,355524.91797203966,106835.20459527262,277684.3601311993,233469.13943187645,643389.2049966872,3592206.7354523106,336672.5869553024,1324510.8547442262,63920.30122338858,56769.18733445753,182722.23970409823,227868.3448247341,87997.49058068664,250771.8372663293,222748.1188801754,527862.7916718734,256914.07693529478,127422.69605729578,699176.4550381424,7037.5181412378915,7322.5920966933,50385.936361314976,148310.24723126378,8556.064610716956,23112.77127944197,57277.82272641161,240505.55028074814,269804.01863172214,75636.7901769952,300517.30525002966,5462.203107741141,6201.8063415335155,43056.768886269834,94494.880980478,6788.353684549821,20546.89080762173,51286.56691559696,154888.2613257681,2328916.3064313987,251147.3943110248,999207.0983860414,1182.881809422215,4097.935710325989,137079.09534648966,268138.9240507375,11242.636684814937,80889.63903646698,190050.32076822448,559002.00255162,2185635.569704133,244423.61283166308,647284.1779198953,1178.6958999596152,4014.956632024928,135784.61694628475,178131.88764317252,11128.308956765237,80450.91493366518,183020.02240852755,451667.93202775065,138748.73145957003,39378.81555929338,333392.1714959004,82.0823018606649,201.46123637512926,9045.64757005716,52349.89045049128,209.47762055744556,2112.4148113957076,13102.288769160166,103080.80176504848,50835.23392073254,29600.95328801066,159098.91435570954,79.75467770634128,196.390612420119,8151.469839149551,34625.333839980165,205.55208765564834,2071.442870131987,13010.781237008936,68524.04998406288,2343838.0659359368,298309.24544061464,888411.2587633593,8765.823106077643,18548.83574011217,191208.31769724787,308694.72756462597,38905.6653000896,160907.2189898469,220194.44728546366,585908.2248744873,2170974.74368231,278345.2301262838,670978.5260254584,8123.445690105336,16183.024232547446,177241.7313558009,208736.1617946273,34067.10650063552,149702.69765037548,218299.83061291042,506955.94524680864,212047.14750383602,18732.806650861814,33068.54832466989,1671.5374179200242,2026.8738496440521,16492.781840572316,7248.706170312878,3224.2149229334764,13105.905304933805,16919.437494790614,30921.678256826694,163351.1842532329,18588.042222014243,32873.51185412763,1665.0454546659455,2022.5398427990344,16345.960997506065,7202.566367726358,3214.778657791266,13085.727800799628,16795.455408009602,30803.942403376863,2322766.1891434947,156714.51804720363,341639.20301759505,778.1817381910138,2439.1540206282834,115662.64464765403,40395.46146429106,8015.701926401298,67434.76637063516,146514.55480068622,328807.03716452274,2152701.675562159,155998.15990520426,340807.75642751897,776.8677360954259,2436.86105749391,114875.99906289042,40244.473451865495,8013.822629344791,67423.91678473633,146185.5563583225,328404.11693546316
M_var_all_1.8,2358598.9666201407,349600.1325798548,1356319.4742544016,92246.89766177663,72574.530260746,189826.43652584933,251775.51155628287,106835.20459527262,277684.3601311993,208205.68890612398,503373.2931893446,3592206.7354523106,336672.5869553024,1324510.8547442262,63920.30122338858,56769.18733445753,171793.66922338135,175215.00830902584,87997.49058068664,250771.8372663293,198256.4752515111,450637.49640627945,256914.07693529478,127422.69605729578,699176.4550381424,7037.5181412378915,7322.5920966933,45908.84326173787,108597.95009721218,8556.064610716956,23112.77127944197,51082.2814162844,158726.73263017047,269804.01863172214,75636.7901769952,300517.30525002966,5462.203107741141,6201.8063415335155,40567.3841047785,73933.7515306915,6788.353684549821,20546.89080762173,46378.903362581,116048.15920029432,2328916.3064313987,251147.3943110248,999207.0983860414,1182.881809422215,4097.935710325989,132117.2094539267,186742.80388905358,11242.636684814937,80889.63903646698,172453.2033362355,444214.88632291293,2185635.569704133,244423.61283166308,647284.1779198953,1178.6958999596152,4014.956632024928,131500.6389679758,139435.1000981111,11128.308956765237,80450.91493366518,168099.34370358728,401105.1254091286,138748.73145957003,39378.81555929338,333392.1714959004,82.0823018606649,201.46123637512926,6535.182178283371,35116.947377923534,209.47762055744556,2112.4148113957076,10377.49341803437,63171.8639586029,50835.23392073254,29600.95328801066,159098.91435570954,79.75467770634128,196.390612420119,6286.958364323221,25485.863418162473,205.55208765564834,2071.442870131987,10261.161190089892,47921.605273338326,2343838.0659359368,298309.24544061464,888411.2587633593,8765.823106077643,18548.83574011217,174808.0266742394,229002.62579400165,38905.6653000896,160907.2189898469,197735.5551693975,480957.7333985788,2170974.74368231,278345.2301262838,670978.5260254584,8123.445690105336,16183.024232547446,166008.21729148217,166026.8059799041,34067.10650063552,149702.69765037548,195130.38238141412,442651.22343257983,212047.14750383602,18732.806650861814,33068.54832466989,1671.5374179200242,2026.8738496440521,16332.288931821766,7181.701873655276,3224.2149229334764,13105.905304933805,16772.88088482374,30771.036730152053,163351.1842532329,18588.042222014243,32873.51185412763,1665.0454546659455,2022.5398427990344,16178.188479388034,7133.229870972588,3214.778657791266,13085.727800799628,16645.705212316752,30649.56690180434,2322766.1891434947,156714.51804720363,341639.20301759505,778.1817381910138,2439.1540206282834,115662.64464765403,40395.46146429106,8015.701926401298,67434.76637063516,146514.55480068622,328807.03716452274,2152701.675562159,155998.15990520426,340807.75642751897,776.8677360954259,2436.86105749391,114875.99906289042,40244.473451865495,8013.822629344791,67423.91678473633,146185.5563583225,328404.11693546316
M_var_all_3.2,2358598.9666201407,349600.1325798548,1356319.4742544016,92246.89766177663,72574.530260746,170258.13038576132,179573.28987751968,106835.20459527262,277684.3601311993,188895.16377800188,425887.09902659,3592206.7354523106,336672.5869553024,1324510.8547442262,63920.30122338858,56769.18733445753,156001.88612683132,132325.93010673026,87997.49058068664,250771.8372663293,178390.26504301952,397519.9620936714,256914.07693529478,127422.69605729578,699176.4550381424,7037.5181412378915,7322.5920966933,39924.039564929015,73936.62341204184,8556.064610716956,23112.77127944197,42800.50547756001,103955.22194402825,269804.01863172214,75636.7901769952,300517.30525002966,5462.203107741141,6201.8063415335155,36268.58942489021,53230.738260574675,6788.353684549821,20546.89080762173,38965.690103779816,82780.65434264312,2328916.3064313987,251147.3943110248,999207.0983860414,1182.881809422215,4097.935710325989,128985.61977508437,122863.30420941664,11242.636684814937,80889.63903646698,159558.4441482412,378050.94309385226,2185635.569704133,244423.61283166308,647284.1779198953,1178.6958999596152,4014.956632024928,128128.50206647415,103551.54937852987,11128.308956765237,80450.91493366518,157740.009499262,365603.3348466346,138748.73145957003,39378.81555929338,333392.1714959004,82.0823018606649,201.46123637512926,5088.7772989683635,21558.0463840079,209.47762055744556,2112.4148113957076,8653.138479565654,38088.576585073584,50835.23392073254,29600.95328801066,159098.91435570954,79.75467770634128,196.390612420119,5053.936952649549,17373.866767932108,205.55208765564834,2071.442870131987,8210.057772649237,32232.214438678297,2343838.0659359368,298309.24544061464,888411.2587633593,8765.823106077643,18548.83574011217,154306.85988210095,165324.70182341858,38905.6653000896,160907.2189898469,179231.98037932886,411828.48707465193,2170974.74368231,278345.2301262838,670978.5260254584,8123.445690105336,16183.024232547446,149760.33023376082,126558.4775496339,34067.10650063552,149702.69765037548,174535.1997916541,391626.13474364876,212047.14750383602,18732.806650861814,33068.54832466989,1671.5374179200242,2026.8738496440521,16184.024365653806,7132.378450529206,3224.2149229334764,13105.905304933805,16640.173986627,30640.929927803645,163351.1842532329,18588.042222014243,32873.51185412763,1665.0454546659455,2022.5398427990344,16021.093336522646,7081.318546579898,3214.778657791266,13085.727800799628,16508.09355349042,30514.307763294735,2322766.1891434947,156714.51804720363,341639.20301759505,778.1817381910138,2439.1540206282834,115662.64464765403,40395.46146429106,8015.701926401298,67434.76637063516,146514.55480068622,328807.03716452274,2152701.675562159,155998.15990520426,340807.75642751897,776.8677360954259,2436.86105749391,114875.99906289042,40244.473451865495,8013.822629344791,67423.91678473633,146185.5563583225,328404.11693546316
M_var_all_5.6,2358598.9666201407,349600.1325798548,1356319.4742544016,92246.89766177663,72574.530260746,151525.0674173884,141530.8597212223,106835.20459527262,277684.3601311993,178794.20174342598,392884.71295893687,3592206.7354523106,336672.5869553024,1324510.8547442262,63920.30122338858,56769.18733445753,140135.7171175434,106888.88613176408,87997.49058068664,250771.8372663293,167182.08075694987,370914.0450214694,256914.07693529478,127422.69605729578,699176.4550381424,7037.5181412378915,7322.5920966933,32451.747449222887,51765.96195233938,8556.064610716956,23112.77127944197,33887.451687611705,73988.19780636307,269804.01863172214,75636.7901769952,300517.30525002966,5462.203107741141,6201.8063415335155,30087.971499859847,38072.027159929174,6788.353684549821,20546.89080762173,30844.307954604228,61355.19237539692,2328916.3064313987,251147.3943110248,999207.0983860414,1182.881809422215,4097.935710325989,126256.47938224685,83119.59841865899,11242.636684814937,80889.63903646698,152952.33143892142,349158.859698253,2185635.569704133,244423.61283166308,647284.1779198953,1178.6958999596152,4014.956632024928,124952.21506168124,75952.78303353944,11128.308956765237,80450.91493366518,152031.3148122044,345741.4871602599,138748.73145957003,39378.81555929338,333392.1714959004,82.0823018606649,201.46123637512926,4405.572280905108,13037.085789984392,209.47762055744556,2112.4148113957076,7312.0836869679315,24127.47539686631,50835.23392073254,29600.95328801066,159098.91435570954,79.75467770634128,196.390612420119,4376.224665471391,11353.084599662036,205.55208765564834,2071.442870131987,6671.484549418604,21789.6511961127,2343838.0659359368,298309.24544061464,888411.2587633593,8765.823106077643,18548.83574011217,136312.8335358787,130188.7425432149,38905.6653000896,160907.2189898469,169651.22564570946,380692.72199215664,2170974.74368231,278345.2301262838,670978.5260254584,8123.445690105336,16183.024232547446,134114.44529254086,102112.66933849273,34067.10650063552,149702.69765037548,162983.24726287957,365089.5003169659,212047.14750383602,18732.806650861814,33068.54832466989,1671.5374179200242,2026.8738496440521,16100.61282583035,7106.225681363259,3224.2149229334764,13105.905304933805,16566.08657214419,30566.85559598856,163351.1842532329,18588.042222014243,32873.51185412763,1665.0454546659455,2022.5398427990344,15931.115059819731,7053.549706377893,3214.778657791266,13085.727800799628,16429.622630527403,30435.957371312463,2322766.1891434947,156714.51804720363,341639.20301759505,778.1817381910138,2439.1540206282834,115662.64464765403,40395.46146429106,8015.701926401298,67434.76637063516,146514.55480068622,328807.03716452274,2152701.675562159,155998.15990520426,340807.75642751897,776.8677360954259,2436.86105749391,114875.99906289042,40244.473451865495,8013.822629344791,67423.91678473633,146185.5563583225,328404.11693546316
M_var_all_10.0,2358598.9666201407,349600.1325798548,1356319.4742544016,92246.89766177663,72574.530260746,139915.064612933,125157.50686431317,106835.20459527262,277684.3601311993,174500.36319714133,380550.67645071715,3592206.7354523106,336672.5869553024,1324510.8547442262,63920.30122338858,56769.18733445753,130353.29785346618,95609.53345556626,87997.49058068664,250771.8372663293,162277.15149826347,360191.6981706299,256914.07693529478,127422.69605729578,699176.4550381424,7037.5181412378915,7322.5920966933,26383.69198902983,40571.72020038316,8556.064610716956,23112.77127944197,27840.55232758789,60227.16519037719,269804.01863172214,75636.7901769952,300517.30525002966,5462.203107741141,6201.8063415335155,24705.820869331234,29939.571588469866,6788.353684549821,20546.89080762173,25441.061622749417,50874.779355032544,2328916.3064313987,251147.3943110248,999207.0983860414,1182.881809422215,4097.935710325989,123448.6574041435,62350.50792762282,11242.636684814937,80889.63903646698,150319.7251289611,338449.5521341372,2185635.569704133,244423.61283166308,647284.1779198953,1178.6958999596152,4014.956632024928,121820.79544301321,59390.877071060546,11128.308956765237,80450.91493366518,149535.01978875813,336963.2452384753,138748.73145957003,39378.81555929338,333392.1714959004,82.0823018606649,201.46123637512926,4095.948726744355,8264.59381214011,209.47762055744556,2112.4148113957076,6189.646331213192,17107.84420452819,50835.23392073254,29600.95328801066,159098.91435570954,79.75467770634128,196.390612420119,4020.4737906513396,7514.316413076533,205.55208765564834,2071.442870131987,5523.8431565781075,15890.41179991358,2343838.0659359368,298309.24544061464,888411.2587633593,8765.823106077643,18548.83574011217,126141.79283706192,115186.53329952588,38905.6653000896,160907.2189898469,165944.77403603337,369248.2351303748,2170974.74368231,278345.2301262838,670978.5260254584,8123.445690105336,16183.024232547446,124787.67731213215,91112.91910729454,34067.10650063552,149702.69765037548,158262.4446408402,354612.9507976245,212047.14750383602,18732.806650861814,33068.54832466989,1671.5374179200242,2026.8738496440521,16066.567741338667,7094.601062331421,3224.2149229334764,13105.905304933805,16535.11392037171,30530.740483168905,163351.1842532329,18588.042222014243,32873.51185412763,1665.0454546659455,2022.5398427990344,15892.578622625468,7041.291012581368,3214.778657791266,13085.727800799628,16394.699784560486,30396.225181180464,2322766.1891434947,156714.51804720363,341639.20301759505,778.1817381910138,2439.1540206282834,115662.64464765403,40395.46146429106,8015.701926401298,67434.76637063516,146514.55480068622,328807.03716452274,2152701.675562159,155998.15990520426,340807.75642751897,776.8677360954259,2436.86105749391,114875.99906289042,40244.473451865495,8013.822629344791,67423.91678473633,146185.5563583225,328404.11693546316
M_var_0_0.1,2358598.9666201407,349600.1325798548,1356319.4742544016,92246.89766177663,72574.530260746,204710.80973938026,355562.0906145928,106835.20459527262,277684.3601311993,233494.22771269124,643431.8341464988,3592206.7354523106,336672.5869553024,1324510.8547442262,63920.30122338858,56769.18733445753,182730.234449308,227924.11291452637,87997.49058068664,250771.8372663293,222748.12373135347,527895.9053410615,256914.07693529478,127422.69605729578,699176.4550381424,7037.5181412378915,7322.5920966933,50391.10334996547,148326.28221550098,8556.064610716956,23112.77127944197,57288.2280072169,240533.81243500434,269804.01863172214,75636.7901769952,300517.30525002966,5462.203107741141,6201.8063415335155,43063.485369912756,94509.60127785965,6788.353684549821,20546.89080762173,51289.303842809815,154895.11393202594,2328916.3064313987,251147.3943110248,999207.0983860414,1182.881809422215,4097.935710325989,137079.20297960975,268148.6024737463,11242.636684814937,80889.63903646698,190051.2215668858,559008.9811115693,2185635.569704133,244423.61283166308,647284.1779198953,1178.6958999596152,4014.956632024928,135784.85444077064,178132.12806070494,11128.308956765237,80450.91493366518,183020.0937037154,451668.7991997545,138748.73145957003,39378.81555929338,333392.1714959004,82.0823018606649,201.46123637512926,9050.058044114146,52364.27266636731,209.47762055744556,2112.4148113957076,13105.184780497384,103097.61409460427,50835.23392073254,29600.95328801066,159098.91435570954,79.75467770634128,196.390612420119,8152.846514683572,34629.60296165279,205.55208765564834,2071.442870131987,13013.437253605622,68531.04485938007,2343838.0659359368,298309.24544061464,888411.2587633593,8765.823106077643,18548.83574011217,191208.35941556576,308699.8911421248,38905.6653000896,160907.2189898469,220194.45707871355,585913.1428075304,2170974.74368231,278345.2301262838,670978.5260254584,8123.445690105336,16183.024232547446,177241.83148252842,208736.2481493538,34067.10650063552,149702.69765037548,218299.83895880496,506955.95885196404,212047.14750383602,18732.806650861814,33068.54832466989,1671.5374179200242,2026.8738496440521,16492.78550610889,7248.747485099874,3224.2149229334764,13105.905304933805,16919.457657634848,30921.860279530752,163351.1842532329,18588.042222014243,32873.51185412763,1665.0454546659455,2022.5398427990344,16345.979014861508,7202.601250551876,3214.778657791266,13085.727800799628,16795.49804647033,30804.14066674146,2322766.1891434947,156714.51804720363,341639.20301759505,778.1817381910138,2439.1540206282834,115662.64464765403,40395.46146429106,8015.701926401298,67434.76637063516,146514.55480068622,328807.03716452274,2152701.675562159,155998.15990520426,340807.75642751897,776.8677360954259,2436.86105749391,114875.99906289042,40244.473451865495,8013.822629344791,67423.91678473633,146185.5563583225,328404.11693546316
M_var_0_0.2,2358598.9666201407,349600.1325798548,1356319.4742544016,92246.89766177663,72574.530260746,204710.1834913301,355561.2607490044,106835.20459527262,277684.3601311993,233493.6675861765,643430.8824061673,3592206.7354523106,336672.5869553024,1324510.8547442262,63920.30122338858,56769.18733445753,182730.0565184065,227922.871348532,87997.49058068664,250771.8372663293,222748.123623347,527895.1680409933,256914.07693529478,127422.69605729578,699176.4550381424,7037.5181412378915,7322.5920966933,50390.988160665576,148325.9247217235,8556.064610716956,23112.77127944197,57287.99595677958,240533.18215785702,269804.01863172214,75636.7901769952,300517.30525002966,5462.203107741141,6201.8063415335155,43063.33631241731,94509.27456861279,6788.353684549821,20546.89080762173,51289.24308629882,154894.96181042842,2328916.3064313987,251147.3943110248,999207.0983860414,1182.881809422215,4097.935710325989,137079.20060607028,268148.3890327637,11242.636684814937,80889.63903646698,190051.20170091905,559008.8272062171,2185635.569704133,244423.61283166308,647284.1779198953,1178.6958999596152,4014.956632024928,135784.8492113054,178132.12276687406,11128.308956765237,80450.91493366518,183020.09213382236,451668.7801048942,138748.73145957003,39378.81555929338,333392.1714959004,82.0823018606649,201.46123637512926,9049.960844222387,52363.95572838845,209.47762055744556,2112.4148113957076,13105.120931282578,103097.24341965945,50835.23392073254,29600.95328801066,159098.91435570954,79.75467770634128,196.390612420119,8152.81622717848,34629.50903750562,205.55208765564834,2071.442870131987,13013.378788550664,68530.89089371196,2343838.0659359368,298309.24544061464,888411.2587633593,8765.823106077643,18548.83574011217,191208.35849891498,308699.7776832988,38905.6653000896,160907.2189898469,220194.45686352794,585913.034745458,2170974.74368231,278345.2301262838,670978.5260254584,8123.445690105336,16183.024232547446,177241.8292829566,208736.24625232327,34067.10650063552,149702.69765037548,218299.8387754624,506955.9585530856,212047.14750383602,18732.806650861814,33068.54832466989,1671.5374179200242,2026.8738496440521,16492.785425609258,7248.7465777694915,3224.2149229334764,13105.905304933805,16919.457214807084,30921.856281814766,163351.1842532329,18588.042222014243,32873.51185412763,1665.0454546659455,2022.5398427990344,16345.97861929536,7202.600484704361,3214.778657791266,13085.727800799628,16795.497110311335,30804.136313691986,2322766.1891434947,156714.51804720363,341639.20301759505,778.1817381910138,2439.1540206282834,115662.64464765403,40395.46146429106,8015.701926401298,67434.76637063516,146514.55480068622,328807.03716452274,2152701.675562159,155998.15990520426,340807.75642751897,776.8677360954259,2436.86105749391,114875.99906289042,40244.473451865495,8013.822629344791,67423.91678473633,146185.5563583225,328404.11693546316
M_var_0_0.3,2358598.9666201407,349600.1325798548,1356319.4742544016,92246.89766177663,72574.530260746,204708.20718506043,355558.641873702,106835.20459527262,277684.3601311993,233491.89996066035,643427.8789387159,3592206.7354523106,336672.5869553024,1324510.8547442262,63920.30122338858,56769.18733445753,182729.4948432896,227918.952209928,87997.49058068664,250771.8372663293,222748.12328241984,527892.8406996856,256914.07693529478,127422.69605729578,699176.4550381424,7037.5181412378915,7322.5920966933,50390.62459989046,148324.79640514625,8556.064610716956,23112.77127944197,57287.26358318052,240531.19294129443,269804.01863172214,75636.7901769952,300517.30525002966,5462.203107741141,6201.8063415335155,43062.86565564665,94508.24297461941,6788.353684549821,20546.89080762173,51289.0512493731,154894.48149146282,2328916.3064313987,251147.3943110248,999207.0983860414,1182.881809422215,4097.935710325989,137079.19310701196,268147.71468184644,11242.636684814937,80889.63903646698,190051.1389359933,559008.3409552396,2185635.569704133,244423.61283166308,647284.1779198953,1178.6958999596152,4014.956632024928,135784.83268680685,178132.10603899095,11128.308956765237,80450.91493366518,183020.08717314736,451668.71976747864,138748.73145957003,39378.81555929338,333392.1714959004,82.0823018606649,201.46123637512926,9049.653728982086,52362.954316199866,209.47762055744556,2112.4148113957076,13104.919199298454,103096.07227244582,50835.23392073254,29600.95328801066,159098.91435570954,79.75467770634128,196.390612420119,8152.720514559059,34629.21222491262,205.55208765564834,2071.442870131987,13013.19404036136,68530.40436357373,2343838.0659359368,298309.24544061464,888411.2587633593,8765.823106077643,18548.83574011217,191208.35560182837,308699.4190960033,38905.6653000896,160907.2189898469,220194.4561834345,585912.6932148638,2170974.74368231,278345.2301262838,670978.5260254584,8123.445690105336,16183.024232547446,177241.82233104893,208736.24025661987,34067.10650063552,149702.69765037548,218299.8381959967,506955.9576084634,212047.14750383602,18732.806650861814,33068.54832466989,1671.5374179200242,2026.8738496440521,16492.78517117698,7248.743710005957,3224.2149229334764,13105.905304933805,16919.45581518522,30921.84364646208,163351.1842532329,18588.042222014243,32873.51185412763,1665.0454546659455,2022.5398427990344,16345.977369009563,7202.598064052946,3214.778657791266,13085.727800799628,16795.494151359115,30804.122554857324,2322766.1891434947,156714.51804720363,341639.20301759505,778.1817381910138,2439.1540206282834,115662.64464765403,40395.46146429106,8015.701926401298,67434.76637063516,146514.55480068622,328807.03716452274,2152701.675562159,155998.15990520426,340807.75642751897,776.8677360954259,2436.86105749391,114875.99906289042,40244.473451865495,8013.822629344791,67423.91678473633,146185.5563583225,328404.11693546316
M_var_0_0.6,2358598.9666201407,349600.1325798548,1356319.4742544016,92246.89766177663,72574.530260746,204701.9979130517,355550.4137890792,106835.20459527262,277684.3601311993,233486.34648380204,643418.4427056952,3592206.7354523106,336672.5869553024,1324510.8547442262,63920.30122338858,56769.18733445753,182727.7285293428,227906.62875606635,87997.49058068664,250771.8372663293,222748.12221040105,527885.5228053747,256914.07693529478,127422.69605729578,699176.4550381424,7037.5181412378915,7322.5920966933,50389.48187199275,148321.2499928101,8556.064610716956,23112.77127944197,57284.96186271289,240524.94117624717,269804.01863172214,75636.7901769952,300517.30525002966,5462.203107741141,6201.8063415335155,43061.38431673739,94504.996222596,6788.353684549821,20546.89080762173,51288.447513010644,154892.96986939895,2328916.3064313987,251147.3943110248,999207.0983860414,1182.881809422215,4097.935710325989,137079.16946002594,268145.58826569736,11242.636684814937,80889.63903646698,190050.94102189108,559006.8076859167,2185635.569704133,244423.61283166308,647284.1779198953,1178.6958999596152,4014.956632024928,135784.7805567086,178132.05326727495,11128.308956765237,80450.91493366518,183020.0715236961,451668.52942103246,138748.73145957003,39378.81555929338,333392.1714959004,82.0823018606649,201.46123637512926,9048.685116035684,52359.79588627863,209.47762055744556,2112.4148113957076,13104.283031099756,103092.37904787887,50835.23392073254,29600.95328801066,159098.91435570954,79.75467770634128,196.390612420119,8152.418492001004,34628.275632818746,205.55208765564834,2071.442870131987,13012.611157442956,68528.86933208971,2343838.0659359368,298309.24544061464,888411.2587633593,8765.823106077643,18548.83574011217,191208.3464565813,308698.287149759,38905.6653000896,160907.2189898469,220194.45403659163,585911.6151134761,2170974.74368231,278345.2301262838,670978.5260254584,8123.445690105336,16183.024232547446,177241.80038459648,208736.22132880735,34067.10650063552,149702.69765037548,218299.8363666845,506955.95462638873,212047.14750383602,18732.806650861814,33068.54832466989,1671.5374179200242,2026.8738496440521,16492.78436788903,7248.734655986453,3224.2149229334764,13105.905304933805,16919.45139641039,30921.803755212673,163351.1842532329,18588.042222014243,32873.51185412763,1665.0454546659455,2022.5398427990344,16345.973421290393,7202.590420971754,3214.778657791266,13085.727800799628,16795.4848087316,30804.079112654774,2322766.1891434947,156714.51804720363,341639.20301759505,778.1817381910138,2439.1540206282834,115662.64464765403,40395.46146429106,8015.701926401298,67434.76637063516,146514.55480068622,328807.03716452274,2152701.675562159,155998.15990520426,340807.75642751897,776.8677360954259,2436.86105749391,114875.99906289042,40244.473451865495,8013.822629344791,67423.91678473633,146185.5563583225,328404.11693546316
M_var_0_1.0,2358598.9666201407,349600.1325798548,1356319.4742544016,92246.89766177663,72574.530260746,204682.75731067968,355524.91797203966,106835.20459527262,277684.3601311993,233469.13943187645,643389.2049966872,3592206.7354523106,336672.5869553024,1324510.8547442262,63920.30122338858,56769.18733445753,182722.23970409823,227868.3448247341,87997.49058068664,250771.8372663293,222748.1188801754,527862.7916718734,256914.07693529478,127422.69605729578,699176.4550381424,7037.5181412378915,7322.5920966933,50385.936361314976,148310.24723126378,8556.064610716956,23112.77127944197,57277.82272641161,240505.55028074814,269804.01863172214,75636.7901769952,300517.30525002966,5462.203107741141,6201.8063415335155,43056.768886269834,94494.880980478,6788.353684549821,20546.89080762173,51286.56691559696,154888.2613257681,2328916.3064313987,251147.3943110248,999207.0983860414,1182.881809422215,4097.935710325989,137079.09534648966,268138.9240507375,11242.636684814937,80889.63903646698,190050.32076822448,559002.00255162,2185635.569704133,244423.61283166308,647284.1779198953,1178.6958999596152,4014.956632024928,135784.61694628475,178131.88764317252,11128.308956765237,80450.91493366518,183020.02240852755,451667.93202775065,138748.73145957003,39378.81555929338,333392.1714959004,82.0823018606649,201.46123637512926,9045.64757005716,52349.89045049128,209.47762055744556,2112.4148113957076,13102.288769160166,103080.80176504848,50835.23392073254,29600.95328801066,159098.91435570954,79.75467770634128,196.390612420119,8151.469839149551,34625.333839980165,205.55208765564834,2071.442870131987,13010.781237008936,68524.04998406288,2343838.0659359368,298309.24544061464,888411.2587633593,8765.823106077643,18548.83574011217,191208.31769724787,308694.72756462597,38905.6653000896,160907.2189898469,220194.44728546366,585908.2248744873,2170974.74368231,278345.2301262838,670978.5260254584,8123.445690105336,16183.024232547446,177241.7313558009,208736.1617946273,34067.10650063552,149702.69765037548,218299.83061291042,506955.94524680864,212047.14750383602,18732.806650861814,33068.54832466989,1671.5374179200242,2026.8738496440521,16492.781840572316,7248.706170312878,3224.2149229334764,13105.905304933805,16919.437494790614,30921.678256826694,163351.1842532329,18588.042222014243,32873.51185412763,1665.0454546659455,2022.5398427990344,16345.960997506065,7202.566367726358,3214.778657791266,13085.727800799628,16795.455408009602,30803.942403376863,2322766.1891434947,156714.51804720363,341639.20301759505,778.1817381910138,2439.1540206282834,115662.64464765403,40395.46146429106,8015.701926401298,67434.76637063516,146514.55480068622,328807.03716452274,2152701.675562159,155998.15990520426,340807.75642751897,776.8677360954259,2436.86105749391,114875.99906289042,40244.473451865495,8013.822629344791,67423.91678473633,146185.5563583225,328404.11693546316
M_var_0_1.8,2358598.9666201407,349600.1325798548,1356319.4742544016,92246.89766177663,72574.530260746,204625.6038823571,355449.1877609003,106835.20459527262,277684.3601311993,233418.03946608174,643302.3755514808,3592206.7354523106,336672.5869553024,1324510.8547442262,63920.30122338858,56769.18733445753,182705.79527062832,227753.7484112047,87997.49058068664,250771.8372663293,222748.1089125448,527794.7731548981,256914.07693529478,127422.69605729578,699176.4550381424,7037.5181412378915,7322.5920966933,50375.363804125955,148277.442823071,8556.064610716956,23112.77127944197,57256.55520644031,240447.78386203203,269804.01863172214,75636.7901769952,300517.30525002966,5462.203107741141,6201.8063415335155,43042.82998292991,94464.33883642982,6788.353684549821,20546.89080762173,51280.89173407993,154874.05260631355,2328916.3064313987,251147.3943110248,999207.0983860414,1182.881809422215,4097.935710325989,137078.86742993727,268118.4330910952,11242.636684814937,80889.63903646698,190048.41373828767,558987.2292807965,2185635.569704133,244423.61283166308,647284.1779198953,1178.6958999596152,4014.956632024928,135784.11164744533,178131.37612563244,11128.308956765237,80450.91493366518,183019.8707262937,451666.08711277205,138748.73145957003,39378.81555929338,333392.1714959004,82.0823018606649,201.46123637512926,9036.28970828675,52319.36799412872,209.47762055744556,2112.4148113957076,13096.15208323777,103045.17884133045,50835.23392073254,29600.95328801066,159098.91435570954,79.75467770634128,196.390612420119,8148.532750942379,34616.226278971604,205.55208765564834,2071.442870131987,13005.12447457365,68509.14997683384,2343838.0659359368,298309.24544061464,888411.2587633593,8765.823106077643,18548.83574011217,191208.22832710444,308683.6668692572,38905.6653000896,160907.2189898469,220194.42630738099,585897.6906054211,2170974.74368231,278345.2301262838,670978.5260254584,8123.445690105336,16183.024232547446,177241.51672036355,208735.97668140408,34067.10650063552,149702.69765037548,218299.81272246977,506955.91608250455,212047.14750383602,18732.806650861814,33068.54832466989,1671.5374179200242,2026.8738496440521,16492.773975324617,7248.617522300933,3224.2149229334764,13105.905304933805,16919.394239356094,30921.287772139593,163351.1842532329,18588.042222014243,32873.51185412763,1665.0454546659455,2022.5398427990344,16345.922300353048,7202.491448858596,3214.778657791266,13085.727800799628,16795.363844001782,30803.516652040547,2322766.1891434947,156714.51804720363,341639.20301759505,778.1817381910138,2439.1540206282834,115662.64464765403,40395.46146429106,8015.701926401298,67434.76637063516,146514.55480068622,328807.03716452274,2152701.675562159,155998.15990520426,340807.75642751897,776.8677360954259,2436.86105749391,114875.99906289042,40244.473451865495,8013.822629344791,67423.91678473633,146185.5563583225,328404.11693546316
M_var_0_3.2,2358598.9666201407,349600.1325798548,1356319.4742544016,92246.89766177663,72574.530260746,204475.12746167465,355249.8305991483,106835.20459527262,277684.3601311993,233283.59302822393,643073.9094989892,3592206.7354523106,336672.5869553024,1324510.8547442262,63920.30122338858,56769.18733445753,182661.47098540416,227445.62223055583,87997.49058068664,250771.8372663293,222748.08211788206,527612.0582018796,256914.07693529478,127422.69605729578,699176.4550381424,7037.5181412378915,7322.5920966933,50347.2327844467,148190.1971642756,8556.064610716956,23112.77127944197,57200.1207188472,240294.4914051146,269804.01863172214,75636.7901769952,300517.30525002966,5462.203107741141,6201.8063415335155,43004.408574575406,94380.20289660142,6788.353684549821,20546.89080762173,51265.28230468375,154834.9758657223,2328916.3064313987,251147.3943110248,999207.0983860414,1182.881809422215,4097.935710325989,137078.20553786436,268058.951564225,11242.636684814937,80889.63903646698,190042.87892078722,558944.3574254063,2185635.569704133,244423.61283166308,647284.1779198953,1178.6958999596152,4014.956632024928,135782.62548867226,178129.87168021392,11128.308956765237,80450.91493366518,183019.42466220615,451660.6617368376,138748.73145957003,39378.81555929338,333392.1714959004,82.0823018606649,201.46123637512926,9008.969911609742,52230.203158635806,209.47762055744556,2112.4148113957076,13078.297438104311,102941.55440140307,50835.23392073254,29600.95328801066,159098.91435570954,79.75467770634128,196.390612420119,8139.830407567319,34589.24500044516,205.55208765564834,2071.442870131987,12988.441545138687,68465.1879876466,2343838.0659359368,298309.24544061464,888411.2587633593,8765.823106077643,18548.83574011217,191207.96057160778,308650.53576445335,38905.6653000896,160907.2189898469,220194.36346699798,585866.1383195816,2170974.74368231,278345.2301262838,670978.5260254584,8123.445690105336,16183.024232547446,177240.8725119306,208735.4210814337,34067.10650063552,149702.69765037548,218299.75902706097,506955.82855032396,212047.14750383602,18732.806650861814,33068.54832466989,1671.5374179200242,2026.8738496440521,16492.750305549474,7248.350762975615,3224.2149229334764,13105.905304933805,16919.264136357135,30920.113355710244,163351.1842532329,18588.042222014243,32873.51185412763,1665.0454546659455,2022.5398427990344,16345.805540961092,7202.265411136067,3214.778657791266,13085.727800799628,16795.0876843134,30802.232652524784,2322766.1891434947,156714.51804720363,341639.20301759505,778.1817381910138,2439.1540206282834,115662.64464765403,40395.46146429106,8015.701926401298,67434.76637063516,146514.55480068622,328807.03716452274,2152701.675562159,155998.15990520426,340807.75642751897,776.8677360954259,2436.86105749391,114875.99906289042,40244.473451865495,8013.822629344791,67423.91678473633,146185.5563583225,328404.11693546316
M_var_0_5.6,2358598.9666201407,349600.1325798548,1356319.4742544016,92246.89766177663,72574.530260746,204178.94086617758,354857.55385665724,106835.20459527262,277684.3601311993,233019.34808932428,642624.8178511983,3592206.7354523106,336672.5869553024,1324510.8547442262,63920.30122338858,56769.18733445753,182569.6112312222,226810.53674773383,87997.49058068664,250771.8372663293,222748.0269197972,527236.2552128267,256914.07693529478,127422.69605729578,699176.4550381424,7037.5181412378915,7322.5920966933,50290.579763025555,148014.66471553902,8556.064610716956,23112.77127944197,57087.13894573988,239987.5726572831,269804.01863172214,75636.7901769952,300517.30525002966,5462.203107741141,6201.8063415335155,42920.599498117816,94196.93452457996,6788.353684549821,20546.89080762173,51231.40405880229,154750.1847621969,2328916.3064313987,251147.3943110248,999207.0983860414,1182.881809422215,4097.935710325989,137076.56422685078,267911.6218262604,11242.636684814937,80889.63903646698,190029.1757783597,558838.2466566212,2185635.569704133,244423.61283166308,647284.1779198953,1178.6958999596152,4014.956632024928,135778.8155921186,178126.01492795028,11128.308956765237,80450.91493366518,183018.28151887623,451646.7587165847,138748.73145957003,39378.81555929338,333392.1714959004,82.0823018606649,201.46123637512926,8940.288296274151,52005.671927468706,209.47762055744556,2112.4148113957076,13033.80918992013,102683.48428276941,50835.23392073254,29600.95328801066,159098.91435570954,79.75467770634128,196.390612420119,8117.075807331884,34518.720892775396,205.55208765564834,2071.442870131987,12945.360363575517,68351.53198426859,2343838.0659359368,298309.24544061464,888411.2587633593,8765.823106077643,18548.83574011217,191207.23883450378,308561.2832475826,38905.6653000896,160907.2189898469,220194.19415896956,585781.1536840963,2170974.74368231,278345.2301262838,670978.5260254584,8123.445690105336,16183.024232547446,177239.12737326216,208733.9159820664,34067.10650063552,149702.69765037548,218299.61357626182,506955.591442065,212047.14750383602,18732.806650861814,33068.54832466989,1671.5374179200242,2026.8738496440521,16492.68570657798,7247.622875893937,3224.2149229334764,13105.905304933805,16918.909599691317,30916.913604256464,163351.1842532329,18588.042222014243,32873.51185412763,1665.0454546659455,2022.5398427990344,16345.484545563451,7201.644080328041,3214.778657791266,13085.727800799628,16794.329336940802,30798.707338601536,2322766.1891434947,156714.51804720363,341639.20301759505,778.1817381910138,2439.1540206282834,115662.64464765403,40395.46146429106,8015.701926401298,67434.76637063516,146514.55480068622,328807.03716452274,2152701.675562159,155998.15990520426,340807.75642751897,776.8677360954259,2436.86105749391,114875.99906289042,40244.473451865495,8013.822629344791,67423.91678473633,146185.5563583225,328404.11693546316
M_var_0_10.0,2358598.9666201407,349600.1325798548,1356319.4742544016,92246.89766177663,72574.530260746,203828.69573081777,354393.89033666876,106835.20459527262,277684.3601311993,232707.53916707615,642094.7908982397,3592206.7354523106,336672.5869553024,1324510.8547442262,63920.30122338858,56769.18733445753,182452.3097026944,226006.32130385318,87997.49058068664,250771.8372663293,222747.9570786501,526761.9070038473,256914.07693529478,127422.69605729578,699176.4550381424,7037.5181412378915,7322.5920966933,50221.300370729004,147800.32143538375,8556.064610716956,23112.77127944197,56950.18347429322,239615.47856441766,269804.01863172214,75636.7901769952,300517.30525002966,5462.203107741141,6201.8063415335155,42804.534910845214,93943.71369142116,6788.353684549821,20546.89080762173,51184.87012604647,154633.76311383105,2328916.3064313987,251147.3943110248,999207.0983860414,1182.881809422215,4097.935710325989,137073.7068266093,267655.7018967688,11242.636684814937,80889.63903646698,190005.39311854824,558654.1918726244,2185635.569704133,244423.61283166308,647284.1779198953,1178.6958999596152,4014.956632024928,135771.72552912612,178118.83775909603,11128.308956765237,80450.91493366518,183016.15563187053,451620.9064241004,138748.73145957003,39378.81555929338,333392.1714959004,82.0823018606649,201.46123637512926,8817.435635918448,51602.6975634811,209.47762055744556,2112.4148113957076,12955.624160524594,102230.38633961386,50835.23392073254,29600.95328801066,159098.91435570954,79.75467770634128,196.390612420119,8072.942694802291,34382.04192809315,205.55208765564834,2071.442870131987,12863.968296006049,68136.28774193754,2343838.0659359368,298309.24544061464,888411.2587633593,8765.823106077643,18548.83574011217,191205.7429347469,308376.5392249974,38905.6653000896,160907.2189898469,220193.84361003328,585605.3117470858,2170974.74368231,278345.2301262838,670978.5260254584,8123.445690105336,16183.024232547446,177235.46955176324,208730.76129390686,34067.10650063552,149702.69765037548,218299.30874950578,506955.09452534764,212047.14750383602,18732.806650861814,33068.54832466989,1671.5374179200242,2026.8738496440521,16492.547996183424,7246.071897986278,3224.2149229334764,13105.905304933805,16918.156422608263,30910.118908484226,163351.1842532329,18588.042222014243,32873.51185412763,1665.0454546659455,2022.5398427990344,16344.788612917966,7200.297475128989,3214.778657791266,13085.727800799628,16792.68958392118,30791.087701061144,2322766.1891434947,156714.51804720363,341639.20301759505,778.1817381910138,2439.1540206282834,115662.64464765403,40395.46146429106,8015.701926401298,67434.76637063516,146514.55480068622,328807.03716452274,2152701.675562159,155998.15990520426,340807.75642751897,776.8677360954259,2436.86105749391,114875.99906289042,40244.473451865495,8013.822629344791,67423.91678473633,146185.5563583225,328404.11693546316
M_var_1_0.1,2358598.9666201407,349600.1325798548,1356319.4742544016,92246.89766177663,72574.530260746,204686.96718141946,360702.45550102403,106835.20459527262,277684.3601311993,233624.46951619483,650105.9090246961,3592206.7354523106,336672.5869553024,1324510.8547442262,63920.30122338858,56769.18733445753,182722.41286485392,227940.90191839854,87997.49058068664,250771.8372663293,222760.74302967964,528077.2345277551,256914.07693529478,127422.69605729578,699176.4550381424,7037.5181412378915,7322.5920966933,50405.025767623585,149973.7787880845,8556.064610716956,23112.77127944197,57278.77564211614,243791.05436939414,269804.01863172214,75636.7901769952,300517.30525002966,5462.203107741141,6201.8063415335155,43061.91686473752,94512.609995406,6788.353684549821,20546.89080762173,51301.454513320394,154973.77677902227,2328916.3064313987,251147.3943110248,999207.0983860414,1182.881809422215,4097.935710325989,137181.52145728984,270343.44528221816,11242.636684814937,80889.63903646698,190058.815939372,561013.3960553843,2185635.569704133,244423.61283166308,647284.1779198953,1178.6958999596152,4014.956632024928,135819.26370558093,178219.86325513772,11128.308956765237,80450.91493366518,183137.43910004696,451926.9121028836,138748.73145957003,39378.81555929338,333392.1714959004,82.0823018606649,201.46123637512926,9134.445517743443,52868.15510672822,209.47762055744556,2112.4148113957076,13209.807425348692,104073.4801209191,50835.23392073254,29600.95328801066,159098.91435570954,79.75467770634128,196.390612420119,8179.279781482702,34686.161007619514,205.55208765564834,2071.442870131987,13090.614587048198,68771.57047355811,2343838.0659359368,298309.24544061464,888411.2587633593,8765.823106077643,18548.83574011217,191533.9758412114,314645.37492452323,38905.6653000896,160907.2189898469,220195.5388001503,593250.650988013,2170974.74368231,278345.2301262838,670978.5260254584,8123.445690105336,16183.024232547446,177374.10806982795,209600.31703609397,34067.10650063552,149702.69765037548,218309.04666651913,508112.1228421918,212047.14750383602,18732.806650861814,33068.54832466989,1671.5374179200242,2026.8738496440521,16567.5411684918,7268.262829704336,3224.2149229334764,13105.905304933805,16988.53444931049,30984.809299640965,163351.1842532329,18588.042222014243,32873.51185412763,1665.0454546659455,2022.5398427990344,16422.393987958094,7222.627347726409,3214.778657791266,13085.727800799628,16864.651360383235,30867.413935855162,2322766.1891434947,156714.51804720363,341639.20301759505,778.1817381910138,2439.1540206282834,115662.64464765403,40395.46146429106,8015.701926401298,67434.76637063516,146514.55480068622,328807.03716452274,2152701.675562159,155998.15990520426,340807.75642751897,776.8677360954259,2436.86105749391,114875.99906289042,40244.473451865495,8013.822629344791,67423.91678473633,146185.5563583225,328404.11693546316
M_var_1_0.2,2358598.9666201407,349600.1325798548,1356319.4742544016,92246.89766177663,72574.530260746,204686.8316543104,360532.2418208616,106835.20459527262,277684.3601311993,233619.4056116982,649883.7543670926,3592206.7354523106,336672.5869553024,1324510.8547442262,63920.30122338858,56769.18733445753,182722.40716118403,227938.5108884763,87997.49058068664,250771.8372663293,222760.3270610045,528070.1648086396,256914.07693529478,127422.69605729578,699176.4550381424,7037.5181412378915,7322.5920966933,50404.440199926445,149921.9341264311,8556.064610716956,23112.77127944197,57278.74582235391,243686.1935083583,269804.01863172214,75636.7901769952,300517.30525002966,5462.203107741141,6201.8063415335155,43061.76375549799,94512.0826229014,6788.353684549821,20546.89080762173,51301.00618880706,154971.200226723,2328916.3064313987,251147.3943110248,999207.0983860414,1182.881809422215,4097.935710325989,137178.73492297519,270282.79345677356,11242.636684814937,80889.63903646698,190058.58272768868,560957.8910202609,2185635.569704133,244423.61283166308,647284.1779198953,1178.6958999596152,4014.956632024928,135818.35532217144,178217.55558246025,11128.308956765237,80450.91493366518,183134.35633727838,451920.1111615039,138748.73145957003,39378.81555929338,333392.1714959004,82.0823018606649,201.46123637512926,9132.143358869314,52854.65281976189,209.47762055744556,2112.4148113957076,13206.895456973063,104046.4320127401,50835.23392073254,29600.95328801066,159098.91435570954,79.75467770634128,196.390612420119,8178.573616321087,34684.61761388667,205.55208765564834,2071.442870131987,13088.528468377786,68765.1069889485,2343838.0659359368,298309.24544061464,888411.2587633593,8765.823106077643,18548.83574011217,191524.916952715,314475.4469995626,38905.6653000896,160907.2189898469,220195.50781061882,593038.3700000284,2170974.74368231,278345.2301262838,670978.5260254584,8123.445690105336,16183.024232547446,177370.4478266985,209576.29596030075,34067.10650063552,149702.69765037548,218308.79033268522,508079.859408545,212047.14750383602,18732.806650861814,33068.54832466989,1671.5374179200242,2026.8738496440521,16565.50624205203,7267.730751959054,3224.2149229334764,13105.905304933805,16986.64446171591,30983.084200951485,163351.1842532329,18588.042222014243,32873.51185412763,1665.0454546659455,2022.5398427990344,16420.31927249554,7222.083068280968,3214.778657791266,13085.727800799628,16862.76403984671,30865.684471465633,2322766.1891434947,156714.51804720363,341639.20301759505,778.1817381910138,2439.1540206282834,115662.64464765403,40395.46146429106,8015.701926401298,67434.76637063516,146514.55480068622,328807.03716452274,2152701.675562159,155998.15990520426,340807.75642751897,776.8677360954259,2436.86105749391,114875.99906289042,40244.473451865495,8013.822629344791,67423.91678473633,146185.5563583225,328404.11693546316
M_var_1_0.3,2358598.9666201407,349600.1325798548,1356319.4742544016,92246.89766177663,72574.530260746,204686.42134647307,360018.38453034544,106835.20459527262,277684.3601311993,233604.10067038634,649213.6465413099,3592206.7354523106,336672.5869553024,1324510.8547442262,63920.30122338858,56769.18733445753,182722.38994681698,227931.2949262456,87997.49058068664,250771.8372663293,222759.0716779734,528048.830135033,256914.07693529478,127422.69605729578,699176.4550381424,7037.5181412378915,7322.5920966933,50402.65614571473,149764.30197490926,8556.064610716956,23112.77127944197,57278.65520423369,243368.36367657463,269804.01863172214,75636.7901769952,300517.30525002966,5462.203107741141,6201.8063415335155,43061.29545318025,94510.46962461705,6788.353684549821,20546.89080762173,51299.63706963636,154963.33231989102,2328916.3064313987,251147.3943110248,999207.0983860414,1182.881809422215,4097.935710325989,137170.12083294307,270095.5410907396,11242.636684814937,80889.63903646698,190057.8625421958,560786.5879288282,2185635.569704133,244423.61283166308,647284.1779198953,1178.6958999596152,4014.956632024928,135815.53551957427,178210.392482327,11128.308956765237,80450.91493366518,183124.78829989038,451899.0034300473,138748.73145957003,39378.81555929338,333392.1714959004,82.0823018606649,201.46123637512926,9124.988178669722,52812.70987563854,209.47762055744556,2112.4148113957076,13197.888991017833,103962.83251357295,50835.23392073254,29600.95328801066,159098.91435570954,79.75467770634128,196.390612420119,8176.373888939572,34679.80950463926,205.55208765564834,2071.442870131987,13082.050352529242,68745.03413058333,2343838.0659359368,298309.24544061464,888411.2587633593,8765.823106077643,18548.83574011217,191496.98488553296,313953.1207578419,38905.6653000896,160907.2189898469,220195.4124878873,592386.8263010661,2170974.74368231,278345.2301262838,670978.5260254584,8123.445690105336,16183.024232547446,177359.1539582601,209502.22347680366,34067.10650063552,149702.69765037548,218307.99994498098,507980.41553629615,212047.14750383602,18732.806650861814,33068.54832466989,1671.5374179200242,2026.8738496440521,16559.215998702446,7266.085937285596,3224.2149229334764,13105.905304933805,16980.805510907576,30977.754055213274,163351.1842532329,18588.042222014243,32873.51185412763,1665.0454546659455,2022.5398427990344,16413.903999948157,7220.399998388409,3214.778657791266,13085.727800799628,16856.93142398599,30860.339088187768,2322766.1891434947,156714.51804720363,341639.20301759505,778.1817381910138,2439.1540206282834,115662.64464765403,40395.46146429106,8015.701926401298,67434.76637063516,146514.55480068622,328807.03716452274,2152701.675562159,155998.15990520426,340807.75642751897,776.8677360954259,2436.86105749391,114875.99906289042,40244.473451865495,8013.822629344791,67423.91678473633,146185.5563583225,328404.11693546316
M_var_1_0.6,2358598.9666201407,349600.1325798548,1356319.4742544016,92246.89766177663,72574.530260746,204685.28247465388,358603.5170441788,106835.20459527262,277684.3601311993,233561.82331928017,647372.8505085898,3592206.7354523106,336672.5869553024,1324510.8547442262,63920.30122338858,56769.18733445753,182722.3425829793,227911.44436229952,87997.49058068664,250771.8372663293,222755.61807155987,527990.149736396,256914.07693529478,127422.69605729578,699176.4550381424,7037.5181412378915,7322.5920966933,50397.61384624596,149321.39848210572,8556.064610716956,23112.77127944197,57278.400978901744,242483.29540710725,269804.01863172214,75636.7901769952,300517.30525002966,5462.203107741141,6201.8063415335155,43059.95685692715,94505.85928912548,6788.353684549821,20546.89080762173,51295.74122011456,154940.94832886689,2328916.3064313987,251147.3943110248,999207.0983860414,1182.881809422215,4097.935710325989,137144.71453049168,269545.3834626102,11242.636684814937,80889.63903646698,190055.74499796933,560283.8096763043,2185635.569704133,244423.61283166308,647284.1779198953,1178.6958999596152,4014.956632024928,135807.1145245654,178189.0041315722,11128.308956765237,80450.91493366518,183096.2277648235,451836.0014484751,138748.73145957003,39378.81555929338,333392.1714959004,82.0823018606649,201.46123637512926,9103.54035758724,52687.18888898577,209.47762055744556,2112.4148113957076,13171.284706469367,103716.39686954799,50835.23392073254,29600.95328801066,159098.91435570954,79.75467770634128,196.390612420119,8169.734997253247,34665.29481949989,205.55208765564834,2071.442870131987,13062.682716320276,68685.0085614743,2343838.0659359368,298309.24544061464,888411.2587633593,8765.823106077643,18548.83574011217,191415.2301494117,312438.2847697348,38905.6653000896,160907.2189898469,220195.13546740066,590505.4706677956,2170974.74368231,278345.2301262838,670978.5260254584,8123.445690105336,16183.024232547446,177326.02890125714,209285.36590500682,34067.10650063552,149702.69765037548,218305.68645275754,507689.6709902293,212047.14750383602,18732.806650861814,33068.54832466989,1671.5374179200242,2026.8738496440521,16540.66697342808,7261.234842385159,3224.2149229334764,13105.905304933805,16963.615968012316,30962.057097520454,163351.1842532329,18588.042222014243,32873.51185412763,1665.0454546659455,2022.5398427990344,16394.968352035525,7215.431353817871,3214.778657791266,13085.727800799628,16839.74380613921,30844.581893583283,2322766.1891434947,156714.51804720363,341639.20301759505,778.1817381910138,2439.1540206282834,115662.64464765403,40395.46146429106,8015.701926401298,67434.76637063516,146514.55480068622,328807.03716452274,2152701.675562159,155998.15990520426,340807.75642751897,776.8677360954259,2436.86105749391,114875.99906289042,40244.473451865495,8013.822629344791,67423.91678473633,146185.5563583225,328404.11693546316
M_var_1_1.0,2358598.9666201407,349600.1325798548,1356319.4742544016,92246.89766177663,72574.530260746,204682.75731067968,355524.91797203966,106835.20459527262,277684.3601311993,233469.13943187645,643389.2049966872,3592206.7354523106,336672.5869553024,1324510.8547442262,63920.30122338858,56769.18733445753,182722.23970409823,227868.3448247341,87997.49058068664,250771.8372663293,222748.1188801754,527862.7916718734,256914.07693529478,127422.69605729578,699176.4550381424,7037.5181412378915,7322.5920966933,50385.936361314976,148310.24723126378,8556.064610716956,23112.77127944197,57277.82272641161,240505.55028074814,269804.01863172214,75636.7901769952,300517.30525002966,5462.203107741141,6201.8063415335155,43056.768886269834,94494.880980478,6788.353684549821,20546.89080762173,51286.56691559696,154888.2613257681,2328916.3064313987,251147.3943110248,999207.0983860414,1182.881809422215,4097.935710325989,137079.09534648966,268138.9240507375,11242.636684814937,80889.63903646698,190050.32076822448,559002.00255162,2185635.569704133,244423.61283166308,647284.1779198953,1178.6958999596152,4014.956632024928,135784.61694628475,178131.88764317252,11128.308956765237,80450.91493366518,183020.02240852755,451667.93202775065,138748.73145957003,39378.81555929338,333392.1714959004,82.0823018606649,201.46123637512926,9045.64757005716,52349.89045049128,209.47762055744556,2112.4148113957076,13102.288769160166,103080.80176504848,50835.23392073254,29600.95328801066,159098.91435570954,79.75467770634128,196.390612420119,8151.469839149551,34625.333839980165,205.55208765564834,2071.442870131987,13010.781237008936,68524.04998406288,2343838.0659359368,298309.24544061464,888411.2587633593,8765.823106077643,18548.83574011217,191208.31769724787,308694.72756462597,38905.6653000896,160907.2189898469,220194.44728546366,585908.2248744873,2170974.74368231,278345.2301262838,670978.5260254584,8123.445690105336,16183.024232547446,177241.7313558009,208736.1617946273,34067.10650063552,149702.69765037548,218299.83061291042,506955.94524680864,212047.14750383602,18732.806650861814,33068.54832466989,1671.5374179200242,2026.8738496440521,16492.781840572316,7248.706170312878,3224.2149229334764,13105.905304933805,16919.437494790614,30921.678256826694,163351.1842532329,18588.042222014243,32873.51185412763,1665.0454546659455,2022.5398427990344,16345.960997506065,7202.566367726358,3214.778657791266,13085.727800799628,16795.455408009602,30803.942403376863,2322766.1891434947,156714.51804720363,341639.20301759505,778.1817381910138,2439.1540206282834,115662.64464765403,40395.46146429106,8015.701926401298,67434.76637063516,146514.55480068622,328807.03716452274,2152701.675562159,155998.15990520426,340807.75642751897,776.8677360954259,2436.86105749391,114875.99906289042,40244.473451865495,8013.822629344791,67423.91678473633,146185.5563583225,328404.11693546316
M_var_1_1.8,2358598.9666201407,349600.1325798548,1356319.4742544016,92246.89766177663,72574.530260746,204679.16457806365,351278.207832024,106835.20459527262,277684.3601311993,233339.72374886417,637942.7302813545,3592206.7354523106,336672.5869553024,1324510.8547442262,63920.30122338858,56769.18733445753,182722.0982105371,227809.1080957049,87997.49058068664,250771.8372663293,222737.81025182945,527687.8575481559,256914.07693529478,127422.69605729578,699176.4550381424,7037.5181412378915,7322.5920966933,50368.03133332383,146798.1098909745,8556.064610716956,23112.77127944197,57276.96357074909,237654.3520926472,269804.01863172214,75636.7901769952,300517.30525002966,5462.203107741141,6201.8063415335155,43051.62785622594,94477.18162036431,6788.353684549821,20546.89080762173,51272.07331789248,154805.09729347887,2328916.3064313987,251147.3943110248,999207.0983860414,1182.881809422215,4097.935710325989,136955.07881307154,265536.30128115375,11242.636684814937,80889.63903646698,190040.24285169458,556643.4603090188,2185635.569704133,244423.61283166308,647284.1779198953,1178.6958999596152,4014.956632024928,135738.90204822973,178015.93820854585,11128.308956765237,80450.91493366518,182865.60780686807,451327.5196165312,138748.73145957003,39378.81555929338,333392.1714959004,82.0823018606649,201.46123637512926,8925.283811641224,51655.531297136964,209.47762055744556,2112.4148113957076,12970.766730558562,101882.97510196875,50835.23392073254,29600.95328801066,159098.91435570954,79.75467770634128,196.390612420119,8111.802072112133,34538.407396477196,205.55208765564834,2071.442870131987,12904.600548711154,68194.29158119755,2343838.0659359368,298309.24544061464,888411.2587633593,8765.823106077643,18548.83574011217,190833.19919098512,302218.70975870034,38905.6653000896,160907.2189898469,220193.24495422316,578127.5803734659,2170974.74368231,278345.2301262838,670978.5260254584,8123.445690105336,16183.024232547446,177087.19673696745,207739.15449594692,34067.10650063552,149702.69765037548,218289.21202630922,505633.4321583036,212047.14750383602,18732.806650861814,33068.54832466989,1671.5374179200242,2026.8738496440521,16402.37263815222,7225.03025985075,3224.2149229334764,13105.905304933805,16836.79319495712,30846.00046540632,163351.1842532329,18588.042222014243,32873.51185412763,1665.0454546659455,2022.5398427990344,16252.94215741838,7178.125297254427,3214.778657791266,13085.727800799628,16712.158660711175,30727.363590940437,2322766.1891434947,156714.51804720363,341639.20301759505,778.1817381910138,2439.1540206282834,115662.64464765403,40395.46146429106,8015.701926401298,67434.76637063516,146514.55480068622,328807.03716452274,2152701.675562159,155998.15990520426,340807.75642751897,776.8677360954259,2436.86105749391,114875.99906289042,40244.473451865495,8013.822629344791,67423.91678473633,146185.5563583225,328404.11693546316
M_var_1_3.2,2358598.9666201407,349600.1325798548,1356319.4742544016,92246.89766177663,72574.530260746,204676.31604030987,348017.12121229165,106835.20459527262,277684.3601311993,233239.10692918315,633798.4888955049,3592206.7354523106,336672.5869553024,1324510.8547442262,63920.30122338858,56769.18733445753,182721.989903188,227763.79602080563,87997.49058068664,250771.8372663293,222729.92359051332,527554.1298751788,256914.07693529478,127422.69605729578,699176.4550381424,7037.5181412378915,7322.5920966933,50352.63049341445,145532.98079727966,8556.064610716956,23112.77127944197,57276.249949958044,235361.61952786538,269804.01863172214,75636.7901769952,300517.30525002966,5462.203107741141,6201.8063415335155,43046.9411036061,94461.05121310429,6788.353684549821,20546.89080762173,51259.174222711496,154731.15558072928,2328916.3064313987,251147.3943110248,999207.0983860414,1182.881809422215,4097.935710325989,136816.62328548098,262713.00904063164,11242.636684814937,80889.63903646698,190029.25202877013,554104.716822174,2185635.569704133,244423.61283166308,647284.1779198953,1178.6958999596152,4014.956632024928,135682.24705545642,177872.4463990621,11128.308956765237,80450.91493366518,182675.04322672283,450907.6822028406,138748.73145957003,39378.81555929338,333392.1714959004,82.0823018606649,201.46123637512926,8770.826106761348,50777.669056569415,209.47762055744556,2112.4148113957076,12822.169524660712,100550.67953237647,50835.23392073254,29600.95328801066,159098.91435570954,79.75467770634128,196.390612420119,8057.25864151752,34418.56702702965,205.55208765564834,2071.442870131987,12771.658806391577,67780.52078257334,2343838.0659359368,298309.24544061464,888411.2587633593,8765.823106077643,18548.83574011217,190437.34291498867,295782.9922066715,38905.6653000896,160907.2189898469,220192.03570342076,570606.6116479848,2170974.74368231,278345.2301262838,670978.5260254584,8123.445690105336,16183.024232547446,176921.68509553123,206685.12407839877,34067.10650063552,149702.69765037548,218278.003139429,504248.42939209053,212047.14750383602,18732.806650861814,33068.54832466989,1671.5374179200242,2026.8738496440521,16301.57761732222,7198.6013831599685,3224.2149229334764,13105.905304933805,16745.818026727517,30762.479537082156,163351.1842532329,18588.042222014243,32873.51185412763,1665.0454546659455,2022.5398427990344,16148.474169756944,7150.640166394085,3214.778657791266,13085.727800799628,16619.785673076283,30642.217895083915,2322766.1891434947,156714.51804720363,341639.20301759505,778.1817381910138,2439.1540206282834,115662.64464765403,40395.46146429106,8015.701926401298,67434.76637063516,146514.55480068622,328807.03716452274,2152701.675562159,155998.15990520426,340807.75642751897,776.8677360954259,2436.86105749391,114875.99906289042,40244.473451865495,8013.822629344791,67423.91678473633,146185.5563583225,328404.11693546316
M_var_1_5.6,2358598.9666201407,349600.1325798548,1356319.4742544016,92246.89766177663,72574.530260746,204674.9303850826,346463.24258217006,106835.20459527262,277684.3601311993,233190.7844010827,631835.4152490812,3592206.7354523106,336672.5869553024,1324510.8547442262,63920.30122338858,56769.18733445753,182721.93840585466,227742.26076863366,87997.49058068664,250771.8372663293,222726.17495185038,527490.5995904735,256914.07693529478,127422.69605729578,699176.4550381424,7037.5181412378915,7322.5920966933,50344.71318079682,144894.90637371017,8556.064610716956,23112.77127944197,57275.89183710309,234235.7735699701,269804.01863172214,75636.7901769952,300517.30525002966,5462.203107741141,6201.8063415335155,43044.429273107875,94452.40819515295,6788.353684549821,20546.89080762173,51252.380584122046,154692.23991616585,2328916.3064313987,251147.3943110248,999207.0983860414,1182.881809422215,4097.935710325989,136729.46552165094,260978.43618483635,11242.636684814937,80889.63903646698,190022.46991948315,552555.2132698979,2185635.569704133,244423.61283166308,647284.1779198953,1178.6958999596152,4014.956632024928,135643.08047051332,177773.38074714103,11128.308956765237,80450.91493366518,182543.81933801633,450618.75199340144,138748.73145957003,39378.81555929338,333392.1714959004,82.0823018606649,201.46123637512926,8660.453847265006,50159.06215084732,209.47762055744556,2112.4148113957076,12727.658674790462,99714.53827237443,50835.23392073254,29600.95328801066,159098.91435570954,79.75467770634128,196.390612420119,8015.51833856483,34326.60783277899,205.55208765564834,2071.442870131987,12678.86730330631,67491.10674060129,2343838.0659359368,298309.24544061464,888411.2587633593,8765.823106077643,18548.83574011217,190199.67304406967,292099.09371776914,38905.6653000896,160907.2189898469,220191.33727687795,566394.1992038281,2170974.74368231,278345.2301262838,670978.5260254584,8123.445690105336,16183.024232547446,176821.08853356552,206051.3312361632,34067.10650063552,149702.69765037548,218271.27177304696,503422.06415858964,212047.14750383602,18732.806650861814,33068.54832466989,1671.5374179200242,2026.8738496440521,16238.202943547773,7181.96610635864,3224.2149229334764,13105.905304933805,16689.2348775302,30710.4184700891,163351.1842532329,18588.042222014243,32873.51185412763,1665.0454546659455,2022.5398427990344,16082.373875488738,7133.229594511186,3214.778657791266,13085.727800799628,16561.97035373593,30588.806087227582,2322766.1891434947,156714.51804720363,341639.20301759505,778.1817381910138,2439.1540206282834,115662.64464765403,40395.46146429106,8015.701926401298,67434.76637063516,146514.55480068622,328807.03716452274,2152701.675562159,155998.15990520426,340807.75642751897,776.8677360954259,2436.86105749391,114875.99906289042,40244.473451865495,8013.822629344791,67423.91678473633,146185.5563583225,328404.11693546316
M_var_1_10.0,2358598.9666201407,349600.1325798548,1356319.4742544016,92246.89766177663,72574.530260746,204674.4144361955,345889.9457330774,106835.20459527262,277684.3601311993,233172.89402881102,631113.0380812845,3592206.7354523106,336672.5869553024,1324510.8547442262,63920.30122338858,56769.18733445753,182721.91942449476,227734.32464525918,87997.49058068664,250771.8372663293,222724.7934496208,527467.191744424,256914.07693529478,127422.69605729578,699176.4550381424,7037.5181412378915,7322.5920966933,50341.68941868914,144653.36745165277,8556.064610716956,23112.77127944197,57275.75659291678,233814.76888873504,269804.01863172214,75636.7901769952,300517.30525002966,5462.203107741141,6201.8063415335155,43043.45071481418,94449.04141953023,6788.353684549821,20546.89080762173,51249.756057599065,154677.21107032697,2328916.3064313987,251147.3943110248,999207.0983860414,1182.881809422215,4097.935710325989,136692.5667468535,260253.72093980905,11242.636684814937,80889.63903646698,190019.62974577316,551910.1388413012,2185635.569704133,244423.61283166308,647284.1779198953,1178.6958999596152,4014.956632024928,135625.58909464406,177729.1740733888,11128.308956765237,80450.91493366518,182485.35197610542,450490.0630763029,138748.73145957003,39378.81555929338,333392.1714959004,82.0823018606649,201.46123637512926,8610.176034901295,49879.5882329972,209.47762055744556,2112.4148113957076,12687.418654775434,99361.11536857314,50835.23392073254,29600.95328801066,159098.91435570954,79.75467770634128,196.390612420119,7995.675067446272,34282.814215860875,205.55208765564834,2071.442870131987,12637.190834057137,67360.95354028966,2343838.0659359368,298309.24544061464,888411.2587633593,8765.823106077643,18548.83574011217,190101.59294512527,290615.86854815844,38905.6653000896,160907.2189898469,220191.05482759848,564716.9557601768,2170974.74368231,278345.2301262838,670978.5260254584,8123.445690105336,16183.024232547446,176779.30340181693,205789.56884636809,34067.10650063552,149702.69765037548,218268.49356225034,503082.1692953987,212047.14750383602,18732.806650861814,33068.54832466989,1671.5374179200242,2026.8738496440521,16211.39050652411,7174.923815726583,3224.2149229334764,13105.905304933805,16665.43746277313,30688.496634266525,163351.1842532329,18588.042222014243,32873.51185412763,1665.0454546659455,2022.5398427990344,16054.310829717277,7125.833190424585,3214.778657791266,13085.727800799628,16537.5709963225,30566.237246810968,2322766.1891434947,156714.51804720363,341639.20301759505,778.1817381910138,2439.1540206282834,115662.64464765403,40395.46146429106,8015.701926401298,67434.76637063516,146514.55480068622,328807.03716452274,2152701.675562159,155998.15990520426,340807.75642751897,776.8677360954259,2436.86105749391,114875.99906289042,40244.473451865495,8013.822629344791,67423.91678473633,146185.5563583225,328404.11693546316
M_var_2_0.1,2358598.9666201407,349600.1325798548,1356319.4742544016,92246.89766177663,72574.530260746,204723.32651904575,372080.49645548005,106835.20459527262,277684.3601311993,234501.60966294337,666546.3768586096,3592206.7354523106,336672.5869553024,1324510.8547442262,63920.30122338858,56769.18733445753,182778.47085107924,230650.31363218848,87997.49058068664,250771.8372663293,223441.46760195587,532469.5090801907,256914.07693529478,127422.69605729578,699176.4550381424,7037.5181412378915,7322.5920966933,50417.59688472854,153563.5822020573,8556.064610716956,23112.77127944197,57278.96080197864,252717.27592512188,269804.01863172214,75636.7901769952,300517.30525002966,5462.203107741141,6201.8063415335155,43058.57685817168,95105.92830337606,6788.353684549821,20546.89080762173,51309.91701168943,156220.5896089157,2328916.3064313987,251147.3943110248,999207.0983860414,1182.881809422215,4097.935710325989,137765.64426218078,277783.10852766864,11242.636684814937,80889.63903646698,190092.21192105042,570000.0220760015,2185635.569704133,244423.61283166308,647284.1779198953,1178.6958999596152,4014.956632024928,136204.25663086105,178595.2727321385,11128.308956765237,80450.91493366518,183185.57300400658,451996.0337289137,138748.73145957003,39378.81555929338,333392.1714959004,82.0823018606649,201.46123637512926,9422.460975822276,54713.67113414468,209.47762055744556,2112.4148113957076,13447.254103678477,107590.08650757482,50835.23392073254,29600.95328801066,159098.91435570954,79.75467770634128,196.390612420119,8390.761772466632,35204.744492499325,205.55208765564834,2071.442870131987,13289.6081496936,69301.2065726212,2343838.0659359368,298309.24544061464,888411.2587633593,8765.823106077643,18548.83574011217,191228.38582813318,322020.5293488251,38905.6653000896,160907.2189898469,221014.92149353222,603666.233975484,2170974.74368231,278345.2301262838,670978.5260254584,8123.445690105336,16183.024232547446,177320.85865874367,211216.46326987277,34067.10650063552,149702.69765037548,219152.08149823235,511330.29120702116,212047.14750383602,18732.806650861814,33068.54832466989,1671.5374179200242,2026.8738496440521,16523.142841157365,7255.9829976840065,3224.2149229334764,13105.905304933805,16944.90849489738,30946.550758467754,163351.1842532329,18588.042222014243,32873.51185412763,1665.0454546659455,2022.5398427990344,16377.580176651094,7210.190359166848,3214.778657791266,13085.727800799628,16821.509848996724,30829.49447099787,2322766.1891434947,156714.51804720363,341639.20301759505,778.1817381910138,2439.1540206282834,115662.64464765403,40395.46146429106,8015.701926401298,67434.76637063516,146514.55480068622,328807.03716452274,2152701.675562159,155998.15990520426,340807.75642751897,776.8677360954259,2436.86105749391,114875.99906289042,40244.473451865495,8013.822629344791,67423.91678473633,146185.5563583225,328404.11693546316
M_var_2_0.2,2358598.9666201407,349600.1325798548,1356319.4742544016,92246.89766177663,72574.530260746,204721.62260154902,371338.20314260834,106835.20459527262,277684.3601311993,234456.59347535792,665488.5570556791,3592206.7354523106,336672.5869553024,1324510.8547442262,63920.30122338858,56769.18733445753,182776.12032846938,230532.01205170565,87997.49058068664,250771.8372663293,223412.09371476414,532272.4791626452,256914.07693529478,127422.69605729578,699176.4550381424,7037.5181412378915,7322.5920966933,50416.31604326436,153340.2538852367,8556.064610716956,23112.77127944197,57278.91423797342,252180.6632595217,269804.01863172214,75636.7901769952,300517.30525002966,5462.203107741141,6201.8063415335155,43058.50469145661,95081.31130087849,6788.353684549821,20546.89080762173,51308.98125003298,156166.55695119489,2328916.3064313987,251147.3943110248,999207.0983860414,1182.881809422215,4097.935710325989,137742.28778445564,277439.40386293235,11242.636684814937,80889.63903646698,190090.73818225524,569602.1181095412,2185635.569704133,244423.61283166308,647284.1779198953,1178.6958999596152,4014.956632024928,136190.45408299542,178580.0193613422,11128.308956765237,80450.91493366518,183180.11682125356,451985.21828357835,138748.73145957003,39378.81555929338,333392.1714959004,82.0823018606649,201.46123637512926,9410.210662143563,54634.89301600302,209.47762055744556,2112.4148113957076,13435.518010608224,107430.87484501902,50835.23392073254,29600.95328801066,159098.91435570954,79.75467770634128,196.390612420119,8383.109350275305,35186.28701799251,205.55208765564834,2071.442870131987,13280.459752213099,69275.81299202234,2343838.0659359368,298309.24544061464,888411.2587633593,8765.823106077643,18548.83574011217,191227.6354064288,321490.8611789474,38905.6653000896,160907.2189898469,220982.9813494047,602947.0558952856,2170974.74368231,278345.2301262838,670978.5260254584,8123.445690105336,16183.024232547446,177317.95986054384,211124.07283600626,34067.10650063552,149702.69765037548,219120.42162817184,511166.3766862728,212047.14750383602,18732.806650861814,33068.54832466989,1671.5374179200242,2026.8738496440521,16522.0536061583,7255.722017380796,3224.2149229334764,13105.905304933805,16943.993746264827,30945.65776063636,163351.1842532329,18588.042222014243,32873.51185412763,1665.0454546659455,2022.5398427990344,16376.447477320724,7209.917334554005,3214.778657791266,13085.727800799628,16820.575428123913,30828.578337876486,2322766.1891434947,156714.51804720363,341639.20301759505,778.1817381910138,2439.1540206282834,115662.64464765403,40395.46146429106,8015.701926401298,67434.76637063516,146514.55480068622,328807.03716452274,2152701.675562159,155998.15990520426,340807.75642751897,776.8677360954259,2436.86105749391,114875.99906289042,40244.473451865495,8013.822629344791,67423.91678473633,146185.5563583225,328404.11693546316
M_var_2_0.3,2358598.9666201407,349600.1325798548,1356319.4742544016,92246.89766177663,72574.530260746,204716.66827274938,369204.81427577586,106835.20459527262,277684.3601311993,234326.5541279223,662458.6195856472,3592206.7354523106,336672.5869553024,1324510.8547442262,63920.30122338858,56769.18733445753,182769.28036762692,230188.77307919308,87997.49058068664,250771.8372663293,223326.81289279513,531701.3891576395,256914.07693529478,127422.69605729578,699176.4550381424,7037.5181412378915,7322.5920966933,50412.56827788674,152692.28143185584,8556.064610716956,23112.77127944197,57278.77824648472,250632.8220328502,269804.01863172214,75636.7901769952,300517.30525002966,5462.203107741141,6201.8063415335155,43058.293063339304,95009.23180126322,6788.353684549821,20546.89080762173,51306.23893024346,156008.52120290973,2328916.3064313987,251147.3943110248,999207.0983860414,1182.881809422215,4097.935710325989,137672.1108205736,276413.6399850593,11242.636684814937,80889.63903646698,190086.3313996583,568417.2196509273,2185635.569704133,244423.61283166308,647284.1779198953,1178.6958999596152,4014.956632024928,136148.7881598455,178533.97877372647,11128.308956765237,80450.91493366518,183163.6507159277,451952.57936722296,138748.73145957003,39378.81555929338,333392.1714959004,82.0823018606649,201.46123637512926,9373.171850025314,54397.52770337947,209.47762055744556,2112.4148113957076,13400.255839690413,106955.07569299621,50835.23392073254,29600.95328801066,159098.91435570954,79.75467770634128,196.390612420119,8359.921095372358,35130.32903630641,205.55208765564834,2071.442870131987,13252.834059776915,69199.08836055276,2343838.0659359368,298309.24544061464,888411.2587633593,8765.823106077643,18548.83574011217,191225.41189271116,319936.6338379471,38905.6653000896,160907.2189898469,220888.93743195475,600843.1627233182,2170974.74368231,278345.2301262838,670978.5260254584,8123.445690105336,16183.024232547446,177309.34376130305,210850.15703718198,34067.10650063552,149702.69765037548,219026.51807620772,510680.85206579615,212047.14750383602,18732.806650861814,33068.54832466989,1671.5374179200242,2026.8738496440521,16518.805923231004,7254.943836655442,3224.2149229334764,13105.905304933805,16941.26673419447,30942.995477765697,163351.1842532329,18588.042222014243,32873.51185412763,1665.0454546659455,2022.5398427990344,16373.06946171438,7209.103061258561,3214.778657791266,13085.727800799628,16817.789204266763,30825.84652440724,2322766.1891434947,156714.51804720363,341639.20301759505,778.1817381910138,2439.1540206282834,115662.64464765403,40395.46146429106,8015.701926401298,67434.76637063516,146514.55480068622,328807.03716452274,2152701.675562159,155998.15990520426,340807.75642751897,776.8677360954259,2436.86105749391,114875.99906289042,40244.473451865495,8013.822629344791,67423.91678473633,146185.5563583225,328404.11693546316
M_var_2_0.6,2358598.9666201407,349600.1325798548,1356319.4742544016,92246.89766177663,72574.530260746,204704.3443477738,364053.06668853475,106835.20459527262,277684.3601311993,234008.46814301028,655204.5237767188,3592206.7354523106,336672.5869553024,1324510.8547442262,63920.30122338858,56769.18733445753,182752.22997237006,229339.67957450447,87997.49058068664,250771.8372663293,223115.4926788048,530292.2859573754,256914.07693529478,127422.69605729578,699176.4550381424,7037.5181412378915,7322.5920966933,50403.09071553481,151089.2001918637,8556.064610716956,23112.77127944197,57278.436034515085,246860.46563273508,269804.01863172214,75636.7901769952,300517.30525002966,5462.203107741141,6201.8063415335155,43057.75476023084,94826.62146806736,6788.353684549821,20546.89080762173,51299.275507218765,155609.30041252682,2328916.3064313987,251147.3943110248,999207.0983860414,1182.881809422215,4097.935710325989,137481.43937049378,273677.96421637345,11242.636684814937,80889.63903646698,190074.5165926547,565276.3091963545,2185635.569704133,244423.61283166308,647284.1779198953,1178.6958999596152,4014.956632024928,136034.0846589955,178407.27050623347,11128.308956765237,80450.91493366518,183118.35584437463,451862.8026204638,138748.73145957003,39378.81555929338,333392.1714959004,82.0823018606649,201.46123637512926,9270.749185920802,53747.449486989346,209.47762055744556,2112.4148113957076,13304.449260943407,105681.38257494304,50835.23392073254,29600.95328801066,159098.91435570954,79.75467770634128,196.390612420119,8295.396039317073,34974.39012439912,205.55208765564834,2071.442870131987,13176.710040535318,68987.33484420697,2343838.0659359368,298309.24544061464,888411.2587633593,8765.823106077643,18548.83574011217,191219.59737245055,315976.32911134564,38905.6653000896,160907.2189898469,220647.14174987073,595525.3864720084,2170974.74368231,278345.2301262838,670978.5260254584,8123.445690105336,16183.024232547446,177286.62060214818,210132.71766284542,34067.10650063552,149702.69765037548,218780.28719672989,509412.30419492465,212047.14750383602,18732.806650861814,33068.54832466989,1671.5374179200242,2026.8738496440521,16510.16730734333,7252.873658245527,3224.2149229334764,13105.905304933805,16934.01612148284,30935.916141326165,163351.1842532329,18588.042222014243,32873.51185412763,1665.0454546659455,2022.5398427990344,16364.078781462185,7206.935558025526,3214.778657791266,13085.727800799628,16810.37703523544,30818.57823193788,2322766.1891434947,156714.51804720363,341639.20301759505,778.1817381910138,2439.1540206282834,115662.64464765403,40395.46146429106,8015.701926401298,67434.76637063516,146514.55480068622,328807.03716452274,2152701.675562159,155998.15990520426,340807.75642751897,776.8677360954259,2436.86105749391,114875.99906289042,40244.473451865495,8013.822629344791,67423.91678473633,146185.5563583225,328404.11693546316
M_var_2_1.0,2358598.9666201407,349600.1325798548,1356319.4742544016,92246.89766177663,72574.530260746,204682.75731067968,355524.91797203966,106835.20459527262,277684.3601311993,233469.13943187645,643389.2049966872,3592206.7354523106,336672.5869553024,1324510.8547442262,63920.30122338858,56769.18733445753,182722.23970409823,227868.3448247341,87997.49058068664,250771.8372663293,222748.1188801754,527862.7916718734,256914.07693529478,127422.69605729578,699176.4550381424,7037.5181412378915,7322.5920966933,50385.936361314976,148310.24723126378,8556.064610716956,23112.77127944197,57277.82272641161,240505.55028074814,269804.01863172214,75636.7901769952,300517.30525002966,5462.203107741141,6201.8063415335155,43056.768886269834,94494.880980478,6788.353684549821,20546.89080762173,51286.56691559696,154888.2613257681,2328916.3064313987,251147.3943110248,999207.0983860414,1182.881809422215,4097.935710325989,137079.09534648966,268138.9240507375,11242.636684814937,80889.63903646698,190050.32076822448,559002.00255162,2185635.569704133,244423.61283166308,647284.1779198953,1178.6958999596152,4014.956632024928,135784.61694628475,178131.88764317252,11128.308956765237,80450.91493366518,183020.02240852755,451667.93202775065,138748.73145957003,39378.81555929338,333392.1714959004,82.0823018606649,201.46123637512926,9045.64757005716,52349.89045049128,209.47762055744556,2112.4148113957076,13102.288769160166,103080.80176504848,50835.23392073254,29600.95328801066,159098.91435570954,79.75467770634128,196.390612420119,8151.469839149551,34625.333839980165,205.55208765564834,2071.442870131987,13010.781237008936,68524.04998406288,2343838.0659359368,298309.24544061464,888411.2587633593,8765.823106077643,18548.83574011217,191208.31769724787,308694.72756462597,38905.6653000896,160907.2189898469,220194.44728546366,585908.2248744873,2170974.74368231,278345.2301262838,670978.5260254584,8123.445690105336,16183.024232547446,177241.7313558009,208736.1617946273,34067.10650063552,149702.69765037548,218299.83061291042,506955.94524680864,212047.14750383602,18732.806650861814,33068.54832466989,1671.5374179200242,2026.8738496440521,16492.781840572316,7248.706170312878,3224.2149229334764,13105.905304933805,16919.437494790614,30921.678256826694,163351.1842532329,18588.042222014243,32873.51185412763,1665.0454546659455,2022.5398427990344,16345.960997506065,7202.566367726358,3214.778657791266,13085.727800799628,16795.455408009602,30803.942403376863,2322766.1891434947,156714.51804720363,341639.20301759505,778.1817381910138,2439.1540206282834,115662.64464765403,40395.46146429106,8015.701926401298,67434.76637063516,146514.55480068622,328807.03716452274,2152701.675562159,155998.15990520426,340807.75642751897,776.8677360954259,2436.86105749391,114875.99906289042,40244.473451865495,8013.822629344791,67423.91678473633,146185.5563583225,328404.11693546316
M_var_2_1.8,2358598.9666201407,349600.1325798548,1356319.4742544016,92246.89766177663,72574.530260746,204660.9742027261,347497.8502356663,106835.20459527262,277684.3601311993,232946.7520149703,632485.5470393391,3592206.7354523106,336672.5869553024,1324510.8547442262,63920.30122338858,56769.18733445753,182691.81569011128,226403.81557826206,87997.49058068664,250771.8372663293,222380.95503631773,525459.8891525494,256914.07693529478,127422.69605729578,699176.4550381424,7037.5181412378915,7322.5920966933,50367.872463115615,145541.69759860652,8556.064610716956,23112.77127944197,57277.18524730691,234394.02040244336,269804.01863172214,75636.7901769952,300517.30525002966,5462.203107741141,6201.8063415335155,43055.71433788472,94143.8410314977,6788.353684549821,20546.89080762173,51273.036485442324,154131.11952677058,2328916.3064313987,251147.3943110248,999207.0983860414,1182.881809422215,4097.935710325989,136550.73557020866,261306.5904563112,11242.636684814937,80889.63903646698,190019.97945887124,551419.4942198381,2185635.569704133,244423.61283166308,647284.1779198953,1178.6958999596152,4014.956632024928,135440.79494660246,177752.78209344746,11128.308956765237,80450.91493366518,182884.89535609641,451400.2161154356,138748.73145957003,39378.81555929338,333392.1714959004,82.0823018606649,201.46123637512926,8730.037080251066,50457.306692153186,209.47762055744556,2112.4148113957076,12836.821293084045,99831.3828638005,50835.23392073254,29600.95328801066,159098.91435570954,79.75467770634128,196.390612420119,7944.633043765116,34120.625259023785,205.55208765564834,2071.442870131987,12781.266179531493,67879.25773623544,2343838.0659359368,298309.24544061464,888411.2587633593,8765.823106077643,18548.83574011217,191195.25482325512,300858.97699901555,38905.6653000896,160907.2189898469,219695.5621259759,575788.6679376052,2170974.74368231,278345.2301262838,670978.5260254584,8123.445690105336,16183.024232547446,177188.36893875705,207110.7818872275,34067.10650063552,149702.69765037548,217738.77078771923,504118.5897261111,212047.14750383602,18732.806650861814,33068.54832466989,1671.5374179200242,2026.8738496440521,16471.543101134477,7243.612842983447,3224.2149229334764,13105.905304933805,16901.6520299465,30904.30189659293,163351.1842532329,18588.042222014243,32873.51185412763,1665.0454546659455,2022.5398427990344,16323.784417661882,7197.2160200729695,3214.778657791266,13085.727800799628,16777.21856819367,30786.047876994046,2322766.1891434947,156714.51804720363,341639.20301759505,778.1817381910138,2439.1540206282834,115662.64464765403,40395.46146429106,8015.701926401298,67434.76637063516,146514.55480068622,328807.03716452274,2152701.675562159,155998.15990520426,340807.75642751897,776.8677360954259,2436.86105749391,114875.99906289042,40244.473451865495,8013.822629344791,67423.91678473633,146185.5563583225,328404.11693546316
M_var_2_3.2,2358598.9666201407,349600.1325798548,1356319.4742544016,92246.89766177663,72574.530260746,204648.35998058596,343090.29665543535,106835.20459527262,277684.3601311993,232653.76342707605,626587.3069563917,3592206.7354523106,336672.5869553024,1324510.8547442262,63920.30122338858,56769.18733445753,182674.1230532196,225564.798157191,87997.49058068664,250771.8372663293,222169.945659941,524090.15927922376,256914.07693529478,127422.69605729578,699176.4550381424,7037.5181412378915,7322.5920966933,50357.04609150707,143954.0119485402,8556.064610716956,23112.77127944197,57276.807217047506,230982.68800641334,269804.01863172214,75636.7901769952,300517.30525002966,5462.203107741141,6201.8063415335155,43055.07407595937,93932.60043943039,6788.353684549821,20546.89080762173,51264.85336435785,153678.36720233245,2328916.3064313987,251147.3943110248,999207.0983860414,1182.881809422215,4097.935710325989,136164.60996286664,256600.7180611113,11242.636684814937,80889.63903646698,189998.7703864538,546297.4051325378,2185635.569704133,244423.61283166308,647284.1779198953,1178.6958999596152,4014.956632024928,135177.04960510228,177462.30915742728,11128.308956765237,80450.91493366518,182781.55115430406,451195.52332910994,138748.73145957003,39378.81555929338,333392.1714959004,82.0823018606649,201.46123637512926,8483.607675709352,49029.09907952071,209.47762055744556,2112.4148113957076,12642.825049860981,97565.2071203141,50835.23392073254,29600.95328801066,159098.91435570954,79.75467770634128,196.390612420119,7778.892849222873,33713.45441037662,205.55208765564834,2071.442870131987,12604.551468128428,67379.58328506711,2343838.0659359368,298309.24544061464,888411.2587633593,8765.823106077643,18548.83574011217,191186.76466631793,296074.4817871058,38905.6653000896,160907.2189898469,219384.97919131137,569725.4605769574,2170974.74368231,278345.2301262838,670978.5260254584,8123.445690105336,16183.024232547446,177152.86549869744,206049.64652557886,34067.10650063552,149702.69765037548,217371.4074132889,502278.60552287614,212047.14750383602,18732.806650861814,33068.54832466989,1671.5374179200242,2026.8738496440521,16457.055322177705,7240.137114009261,3224.2149229334764,13105.905304933805,16889.535189906575,30892.459616101223,163351.1842532329,18588.042222014243,32873.51185412763,1665.0454546659455,2022.5398427990344,16308.62956105022,7193.558244838718,3214.778657791266,13085.727800799628,16764.773439984867,30773.83193343282,2322766.1891434947,156714.51804720363,341639.20301759505,778.1817381910138,2439.1540206282834,115662.64464765403,40395.46146429106,8015.701926401298,67434.76637063516,146514.55480068622,328807.03716452274,2152701.675562159,155998.15990520426,340807.75642751897,776.8677360954259,2436.86105749391,114875.99906289042,40244.473451865495,8013.822629344791,67423.91678473633,146185.5563583225,328404.11693546316
M_var_2_5.6,2358598.9666201407,349600.1325798548,1356319.4742544016,92246.89766177663,72574.530260746,204643.25181399068,341352.40181507595,106835.20459527262,277684.3601311993,232537.03105719204,624278.84022695,3592206.7354523106,336672.5869553024,1324510.8547442262,63920.30122338858,56769.18733445753,182666.94272391184,225226.89884505927,87997.49058068664,250771.8372663293,222084.82955321652,523539.93557046953,256914.07693529478,127422.69605729578,699176.4550381424,7037.5181412378915,7322.5920966933,50352.58249971343,143314.19457628275,8556.064610716956,23112.77127944197,57276.65222910032,229626.4921215084,269804.01863172214,75636.7901769952,300517.30525002966,5462.203107741141,6201.8063415335155,43054.80827994829,93845.32167365949,6788.353684549821,20546.89080762173,51261.46327651807,153491.92514288015,2328916.3064313987,251147.3943110248,999207.0983860414,1182.881809422215,4097.935710325989,135986.2857811741,254502.9919778612,11242.636684814937,80889.63903646698,189989.23614486883,544040.5204424543,2185635.569704133,244423.61283166308,647284.1779198953,1178.6958999596152,4014.956632024928,135051.4735073958,177324.11005808547,11128.308956765237,80450.91493366518,182732.44097070798,451098.26780769526,138748.73145957003,39378.81555929338,333392.1714959004,82.0823018606649,201.46123637512926,8364.928040026734,48355.58430845813,209.47762055744556,2112.4148113957076,12553.234015615253,96547.32133255835,50835.23392073254,29600.95328801066,159098.91435570954,79.75467770634128,196.390612420119,7697.703464681566,33513.07065851054,205.55208765564834,2071.442870131987,12520.212499322388,67140.10037213862,2343838.0659359368,298309.24544061464,888411.2587633593,8765.823106077643,18548.83574011217,191183.10577179518,294081.6674710057,38905.6653000896,160907.2189898469,219254.2883416848,567225.7628971061,2170974.74368231,278345.2301262838,670978.5260254584,8123.445690105336,16183.024232547446,177137.36010800465,205591.17548025053,34067.10650063552,149702.69765037548,217212.42668753536,501486.64343685994,212047.14750383602,18732.806650861814,33068.54832466989,1671.5374179200242,2026.8738496440521,16450.635903805876,7238.596690615897,3224.2149229334764,13105.905304933805,16884.170283219868,30887.215198034333,163351.1842532329,18588.042222014243,32873.51185412763,1665.0454546659455,2022.5398427990344,16301.907461647832,7191.935409662971,3214.778657791266,13085.727800799628,16759.257790288073,30768.41671076502,2322766.1891434947,156714.51804720363,341639.20301759505,778.1817381910138,2439.1540206282834,115662.64464765403,40395.46146429106,8015.701926401298,67434.76637063516,146514.55480068622,328807.03716452274,2152701.675562159,155998.15990520426,340807.75642751897,776.8677360954259,2436.86105749391,114875.99906289042,40244.473451865495,8013.822629344791,67423.91678473633,146185.5563583225,328404.11693546316
M_var_2_10.0,2358598.9666201407,349600.1325798548,1356319.4742544016,92246.89766177663,72574.530260746,204641.49002650141,340759.08549942373,106835.20459527262,277684.3601311993,232497.02189390664,623492.9533041333,3592206.7354523106,336672.5869553024,1324510.8547442262,63920.30122338858,56769.18733445753,182664.46415875907,225110.60591698994,87997.49058068664,250771.8372663293,222055.51762648314,523350.75523830386,256914.07693529478,127422.69605729578,699176.4550381424,7037.5181412378915,7322.5920966933,50351.03219354516,143093.93336512372,8556.064610716956,23112.77127944197,57276.598516367725,229162.03050289245,269804.01863172214,75636.7901769952,300517.30525002966,5462.203107741141,6201.8063415335155,43054.71571203296,93814.98219888344,6788.353684549821,20546.89080762173,51260.283586851154,153427.19986359918,2328916.3064313987,251147.3943110248,999207.0983860414,1182.881809422215,4097.935710325989,135921.38646018706,253750.87938995846,11242.636684814937,80889.63903646698,189985.80593109637,543235.3030952195,2185635.569704133,244423.61283166308,647284.1779198953,1178.6958999596152,4014.956632024928,135005.15950831852,177273.15721588494,11128.308956765237,80450.91493366518,182714.34392395572,451062.4319380803,138748.73145957003,39378.81555929338,333392.1714959004,82.0823018606649,201.46123637512926,8320.935194530417,48108.17398979076,209.47762055744556,2112.4148113957076,12520.628582026276,96181.1870410383,50835.23392073254,29600.95328801066,159098.91435570954,79.75467770634128,196.390612420119,7667.377193120893,33438.0619552876,205.55208765564834,2071.442870131987,12489.074530809796,67051.51649621286,2343838.0659359368,298309.24544061464,888411.2587633593,8765.823106077643,18548.83574011217,191181.81221793947,293386.68473870604,38905.6653000896,160907.2189898469,219208.5274625328,566357.5531946474,2170974.74368231,278345.2301262838,670978.5260254584,8123.445690105336,16183.024232547446,177131.8484103404,205428.91942598953,34067.10650063552,149702.69765037548,217156.125184592,501206.79765521805,212047.14750383602,18732.806650861814,33068.54832466989,1671.5374179200242,2026.8738496440521,16448.340275088696,7238.045771395751,3224.2149229334764,13105.905304933805,16882.25234619312,30885.340174861187,163351.1842532329,18588.042222014243,32873.51185412763,1665.0454546659455,2022.5398427990344,16299.502531832106,7191.354758321548,3214.778657791266,13085.727800799628,16757.285159700226,30766.47982600024,2322766.1891434947,156714.51804720363,341639.20301759505,778.1817381910138,2439.1540206282834,115662.64464765403,40395.46146429106,8015.701926401298,67434.76637063516,146514.55480068622,328807.03716452274,2152701.675562159,155998.15990520426,340807.75642751897,776.8677360954259,2436.86105749391,114875.99906289042,40244.473451865495,8013.822629344791,67423.91678473633,146185.5563583225,328404.11693546316
M_var_3_0.1,2358598.9666201407,349600.1325798548,1356319.4742544016,92246.89766177663,72574.530260746,205258.76419983004,386941.9688117047,106835.20459527262,277684.3601311993,236838.9860464254,690344.1821675928,3592206.7354523106,336672.5869553024,1324510.8547442262,63920.30122338858,56769.18733445753,183323.98882116913,236343.02003639677,87997.49058068664,250771.8372663293,225820.6047718609,541986.579111094,256914.07693529478,127422.69605729578,699176.4550381424,7037.5181412378915,7322.5920966933,50385.98067092231,157409.45998145718,8556.064610716956,23112.77127944197,57295.685219578605,264927.9695407095,269804.01863172214,75636.7901769952,300517.30525002966,5462.203107741141,6201.8063415335155,43071.4797162543,96629.9400332868,6788.353684549821,20546.89080762173,51378.76931703276,159471.76270282708,2328916.3064313987,251147.3943110248,999207.0983860414,1182.881809422215,4097.935710325989,137588.9166668121,287865.9731066149,11242.636684814937,80889.63903646698,190708.4614211691,586475.8984478047,2185635.569704133,244423.61283166308,647284.1779198953,1178.6958999596152,4014.956632024928,136125.0131502777,180721.627496293,11128.308956765237,80450.91493366518,183045.7433285299,453891.0815479937,138748.73145957003,39378.81555929338,333392.1714959004,82.0823018606649,201.46123637512926,9490.954048260042,56458.969215747784,209.47762055744556,2112.4148113957076,13387.478172120249,112146.29071248394,50835.23392073254,29600.95328801066,159098.91435570954,79.75467770634128,196.390612420119,8510.51415218949,35846.85967552867,205.55208765564834,2071.442870131987,13256.84292307435,70062.40657115054,2343838.0659359368,298309.24544061464,888411.2587633593,8765.823106077643,18548.83574011217,192050.58137024197,328429.20871120633,38905.6653000896,160907.2189898469,223160.71051576146,614064.7178113955,2170974.74368231,278345.2301262838,670978.5260254584,8123.445690105336,16183.024232547446,178244.91596888716,214259.8833290419,34067.10650063552,149702.69765037548,221463.68923441414,517042.3380544979,212047.14750383602,18732.806650861814,33068.54832466989,1671.5374179200242,2026.8738496440521,16492.928135849907,7259.779998054546,3224.2149229334764,13105.905304933805,16920.00948335465,30926.582237854673,163351.1842532329,18588.042222014243,32873.51185412763,1665.0454546659455,2022.5398427990344,16346.163182230119,7213.682496561926,3214.778657791266,13085.727800799628,16796.041140950354,30808.91480889795,2322766.1891434947,156714.51804720363,341639.20301759505,778.1817381910138,2439.1540206282834,115662.64464765403,40395.46146429106,8015.701926401298,67434.76637063516,146514.55480068622,328807.03716452274,2152701.675562159,155998.15990520426,340807.75642751897,776.8677360954259,2436.86105749391,114875.99906289042,40244.473451865495,8013.822629344791,67423.91678473633,146185.5563583225,328404.11693546316
M_var_3_0.2,2358598.9666201407,349600.1325798548,1356319.4742544016,92246.89766177663,72574.530260746,205229.2725524482,385131.5657017535,106835.20459527262,277684.3601311993,236654.96954359693,687548.0706583386,3592206.7354523106,336672.5869553024,1324510.8547442262,63920.30122338858,56769.18733445753,183293.21205024153,235887.84314453485,87997.49058068664,250771.8372663293,225657.50955560675,541218.1894851087,256914.07693529478,127422.69605729578,699176.4550381424,7037.5181412378915,7322.5920966933,50385.978492279515,156922.31992599595,8556.064610716956,23112.77127944197,57294.79904260905,263536.99500601605,269804.01863172214,75636.7901769952,300517.30525002966,5462.203107741141,6201.8063415335155,43070.757936319824,96521.82419218213,6788.353684549821,20546.89080762173,51374.2206698551,159236.43247342412,2328916.3064313987,251147.3943110248,999207.0983860414,1182.881809422215,4097.935710325989,137567.40075895298,286947.0159819588,11242.636684814937,80889.63903646698,190678.7455298839,585151.3630364807,2185635.569704133,244423.61283166308,647284.1779198953,1178.6958999596152,4014.956632024928,136110.82312349067,180611.66868148508,11128.308956765237,80450.91493366518,183044.65101539443,453796.0135545817,138748.73145957003,39378.81555929338,333392.1714959004,82.0823018606649,201.46123637512926,9472.543618049873,56278.01600878161,209.47762055744556,2112.4148113957076,13375.43642079614,111722.82552993423,50835.23392073254,29600.95328801066,159098.91435570954,79.75467770634128,196.390612420119,8495.780961585398,35796.29870458083,205.55208765564834,2071.442870131987,13246.607283823518,69997.5113404871,2343838.0659359368,298309.24544061464,888411.2587633593,8765.823106077643,18548.83574011217,192012.16094232927,327449.3842373457,38905.6653000896,160907.2189898469,223018.17672791614,612636.0491301265,2170974.74368231,278345.2301262838,670978.5260254584,8123.445690105336,16183.024232547446,178199.4053182111,214001.1286564403,34067.10650063552,149702.69765037548,221316.46184900345,516566.12459632556,212047.14750383602,18732.806650861814,33068.54832466989,1671.5374179200242,2026.8738496440521,16492.92175118394,7259.295655027292,3224.2149229334764,13105.905304933805,16919.984445839684,30926.367535206187,163351.1842532329,18588.042222014243,32873.51185412763,1665.0454546659455,2022.5398427990344,16346.154361568897,7213.196467647537,3214.778657791266,13085.727800799628,16796.015510761386,30808.69718591265,2322766.1891434947,156714.51804720363,341639.20301759505,778.1817381910138,2439.1540206282834,115662.64464765403,40395.46146429106,8015.701926401298,67434.76637063516,146514.55480068622,328807.03716452274,2152701.675562159,155998.15990520426,340807.75642751897,776.8677360954259,2436.86105749391,114875.99906289042,40244.473451865495,8013.822629344791,67423.91678473633,146185.5563583225,328404.11693546316
M_var_3_0.3,2358598.9666201407,349600.1325798548,1356319.4742544016,92246.89766177663,72574.530260746,205146.65275149423,380189.35803122696,106835.20459527262,277684.3601311993,236146.42005762307,679972.154163321,3592206.7354523106,336672.5869553024,1324510.8547442262,63920.30122338858,56769.18733445753,183206.97314116504,234625.47818708472,87997.49058068664,250771.8372663293,225204.03093089972,539093.0056045242,256914.07693529478,127422.69605729578,699176.4550381424,7037.5181412378915,7322.5920966933,50385.972338910695,155570.4905447407,8556.064610716956,23112.77127944197,57292.30056825124,259730.01344494178,269804.01863172214,75636.7901769952,300517.30525002966,5462.203107741141,6201.8063415335155,43068.718483829936,96218.26442930236,6788.353684549821,20546.89080762173,51361.38195349281,158577.56181850642,2328916.3064313987,251147.3943110248,999207.0983860414,1182.881809422215,4097.935710325989,137504.89253529828,284324.78710442723,11242.636684814937,80889.63903646698,190593.44327212815,581396.2033851531,2185635.569704133,244423.61283166308,647284.1779198953,1178.6958999596152,4014.956632024928,136069.5112444012,180292.5514700076,11128.308956765237,80450.91493366518,183041.48104335193,453520.45078719227,138748.73145957003,39378.81555929338,333392.1714959004,82.0823018606649,201.46123637512926,9418.869516601799,55756.32202274864,209.47762055744556,2112.4148113957076,13340.455583313858,110515.18878041093,50835.23392073254,29600.95328801066,159098.91435570954,79.75467770634128,196.390612420119,8452.773323338564,35648.927382768605,205.55208765564834,2071.442870131987,13216.79711988567,69808.96637184132,2343838.0659359368,298309.24544061464,888411.2587633593,8765.823106077643,18548.83574011217,191902.07882483347,324687.7158821765,38905.6653000896,160907.2189898469,222613.78894433827,608626.638196596,2170974.74368231,278345.2301262838,670978.5260254584,8123.445690105336,16183.024232547446,178068.87645167147,213263.43915187367,34067.10650063552,149702.69765037548,220896.1910639395,515210.4853916352,212047.14750383602,18732.806650861814,33068.54832466989,1671.5374179200242,2026.8738496440521,16492.90331078403,7257.897301737685,3224.2149229334764,13105.905304933805,16919.91217000535,30925.74777424537,163351.1842532329,18588.042222014243,32873.51185412763,1665.0454546659455,2022.5398427990344,16346.128883833777,7211.7931627216485,3214.778657791266,13085.727800799628,16795.941519455693,30808.068956395506,2322766.1891434947,156714.51804720363,341639.20301759505,778.1817381910138,2439.1540206282834,115662.64464765403,40395.46146429106,8015.701926401298,67434.76637063516,146514.55480068622,328807.03716452274,2152701.675562159,155998.15990520426,340807.75642751897,776.8677360954259,2436.86105749391,114875.99906289042,40244.473451865495,8013.822629344791,67423.91678473633,146185.5563583225,328404.11693546316
M_var_3_0.6,2358598.9666201407,349600.1325798548,1356319.4742544016,92246.89766177663,72574.530260746,204959.37275434946,369642.45509840955,106835.20459527262,277684.3601311993,235030.32941390143,664081.3180999077,3592206.7354523106,336672.5869553024,1324510.8547442262,63920.30122338858,56769.18733445753,183011.3863711123,231831.7495125835,87997.49058068664,250771.8372663293,224194.43018356778,534420.2099713035,256914.07693529478,127422.69605729578,699176.4550381424,7037.5181412378915,7322.5920966933,50385.95811186184,152574.07857265184,8556.064610716956,23112.77127944197,57286.54894338256,251556.55179548488,269804.01863172214,75636.7901769952,300517.30525002966,5462.203107741141,6201.8063415335155,43063.99828263956,95526.42705684088,6788.353684549821,20546.89080762173,51331.74588841163,157086.149991794,2328916.3064313987,251147.3943110248,999207.0983860414,1182.881809422215,4097.935710325989,137349.7356175073,278104.9250435017,11242.636684814937,80889.63903646698,190388.10211509033,572632.1038902756,2185635.569704133,244423.61283166308,647284.1779198953,1178.6958999596152,4014.956632024928,135966.40556880433,179502.59093993792,11128.308956765237,80450.91493366518,183033.6345553481,452840.47523450153,138748.73145957003,39378.81555929338,333392.1714959004,82.0823018606649,201.46123637512926,9284.419863896625,54486.27169773866,209.47762055744556,2112.4148113957076,13253.645829990051,107654.61958255744,50835.23392073254,29600.95328801066,159098.91435570954,79.75467770634128,196.390612420119,8344.6865852419,35279.98083863121,205.55208765564834,2071.442870131987,13142.326944212986,69340.88275223793,2343838.0659359368,298309.24544061464,888411.2587633593,8765.823106077643,18548.83574011217,191638.34172144247,318333.49596513086,38905.6653000896,160907.2189898469,221668.425089329,599498.4172361123,2170974.74368231,278345.2301262838,670978.5260254584,8123.445690105336,16183.024232547446,177755.35511734386,211517.97275678528,34067.10650063552,149702.69765037548,219898.63768650795,512014.71699630434,212047.14750383602,18732.806650861814,33068.54832466989,1671.5374179200242,2026.8738496440521,16492.85822382572,7254.481701537948,3224.2149229334764,13105.905304933805,16919.735694361774,30924.23464044953,163351.1842532329,18588.042222014243,32873.51185412763,1665.0454546659455,2022.5398427990344,16346.066580423407,7208.36494119034,3214.778657791266,13085.727800799628,16795.760826449274,30806.53490520082,2322766.1891434947,156714.51804720363,341639.20301759505,778.1817381910138,2439.1540206282834,115662.64464765403,40395.46146429106,8015.701926401298,67434.76637063516,146514.55480068622,328807.03716452274,2152701.675562159,155998.15990520426,340807.75642751897,776.8677360954259,2436.86105749391,114875.99906289042,40244.473451865495,8013.822629344791,67423.91678473633,146185.5563583225,328404.11693546316
M_var_3_1.0,2358598.9666201407,349600.1325798548,1356319.4742544016,92246.89766177663,72574.530260746,204682.75731067968,355524.91797203966,106835.20459527262,277684.3601311993,233469.13943187645,643389.2049966872,3592206.7354523106,336672.5869553024,1324510.8547442262,63920.30122338858,56769.18733445753,182722.23970409823,227868.3448247341,87997.49058068664,250771.8372663293,222748.1188801754,527862.7916718734,256914.07693529478,127422.69605729578,699176.4550381424,7037.5181412378915,7322.5920966933,50385.936361314976,148310.24723126378,8556.064610716956,23112.77127944197,57277.82272641161,240505.55028074814,269804.01863172214,75636.7901769952,300517.30525002966,5462.203107741141,6201.8063415335155,43056.768886269834,94494.880980478,6788.353684549821,20546.89080762173,51286.56691559696,154888.2613257681,2328916.3064313987,251147.3943110248,999207.0983860414,1182.881809422215,4097.935710325989,137079.09534648966,268138.9240507375,11242.636684814937,80889.63903646698,190050.32076822448,559002.00255162,2185635.569704133,244423.61283166308,647284.1779198953,1178.6958999596152,4014.956632024928,135784.61694628475,178131.88764317252,11128.308956765237,80450.91493366518,183020.02240852755,451667.93202775065,138748.73145957003,39378.81555929338,333392.1714959004,82.0823018606649,201.46123637512926,9045.64757005716,52349.89045049128,209.47762055744556,2112.4148113957076,13102.288769160166,103080.80176504848,50835.23392073254,29600.95328801066,159098.91435570954,79.75467770634128,196.390612420119,8151.469839149551,34625.333839980165,205.55208765564834,2071.442870131987,13010.781237008936,68524.04998406288,2343838.0659359368,298309.24544061464,888411.2587633593,8765.823106077643,18548.83574011217,191208.31769724787,308694.72756462597,38905.6653000896,160907.2189898469,220194.44728546366,585908.2248744873,2170974.74368231,278345.2301262838,670978.5260254584,8123.445690105336,16183.024232547446,177241.7313558009,208736.1617946273,34067.10650063552,149702.69765037548,218299.83061291042,506955.94524680864,212047.14750383602,18732.806650861814,33068.54832466989,1671.5374179200242,2026.8738496440521,16492.781840572316,7248.706170312878,3224.2149229334764,13105.905304933805,16919.437494790614,30921.678256826694,163351.1842532329,18588.042222014243,32873.51185412763,1665.0454546659455,2022.5398427990344,16345.960997506065,7202.566367726358,3214.778657791266,13085.727800799628,16795.455408009602,30803.942403376863,2322766.1891434947,156714.51804720363,341639.20301759505,778.1817381910138,2439.1540206282834,115662.64464765403,40395.46146429106,8015.701926401298,67434.76637063516,146514.55480068622,328807.03716452274,2152701.675562159,155998.15990520426,340807.75642751897,776.8677360954259,2436.86105749391,114875.99906289042,40244.473451865495,8013.822629344791,67423.91678473633,146185.5563583225,328404.11693546316
M_var_3_1.8,2358598.9666201407,349600.1325798548,1356319.4742544016,92246.89766177663,72574.530260746,204454.47711715644,344993.22443117824,106835.20459527262,277684.3601311993,232253.11778151352,628375.9680387143,3592206.7354523106,336672.5869553024,1324510.8547442262,63920.30122338858,56769.18733445753,182483.38232944306,224734.37865955435,87997.49058068664,250771.8372663293,221593.06437513916,522737.1750699393,256914.07693529478,127422.69605729578,699176.4550381424,7037.5181412378915,7322.5920966933,50385.917714216164,144926.0573156046,8556.064610716956,23112.77127944197,57270.40531617936,232173.389966849,269804.01863172214,75636.7901769952,300517.30525002966,5462.203107741141,6201.8063415335155,43050.55838555144,93634.639962376,6788.353684549821,20546.89080762173,51247.95801547991,153078.44813999475,2328916.3064313987,251147.3943110248,999207.0983860414,1182.881809422215,4097.935710325989,136807.45580691833,259107.52283408865,11242.636684814937,80889.63903646698,189735.01654883506,547079.8590556717,2185635.569704133,244423.61283166308,647284.1779198953,1178.6958999596152,4014.956632024928,135599.6313707483,176765.17665589912,11128.308956765237,80450.91493366518,183006.45436851846,450508.0340196142,138748.73145957003,39378.81555929338,333392.1714959004,82.0823018606649,201.46123637512926,8800.395575689681,50296.658737402046,209.47762055744556,2112.4148113957076,12950.456178080449,98943.34410314009,50835.23392073254,29600.95328801066,159098.91435570954,79.75467770634128,196.390612420119,7951.308864904979,33953.37399709861,205.55208765564834,2071.442870131987,12876.599980466843,67703.59885342942,2343838.0659359368,298309.24544061464,888411.2587633593,8765.823106077643,18548.83574011217,190811.1343530717,300494.21177008044,38905.6653000896,160907.2189898469,218902.3228346369,574588.0490440223,2170974.74368231,278345.2301262838,670978.5260254584,8123.445690105336,16183.024232547446,176764.64053751293,206234.47196736766,34067.10650063552,149702.69765037548,216852.82676978718,502442.7576107063,212047.14750383602,18732.806650861814,33068.54832466989,1671.5374179200242,2026.8738496440521,16492.707932903537,7243.1308841672735,3224.2149229334764,13105.905304933805,16919.149881972422,30919.213145731792,163351.1842532329,18588.042222014243,32873.51185412763,1665.0454546659455,2022.5398427990344,16345.858797340465,7196.9668099499995,3214.778657791266,13085.727800799628,16795.160722351615,30801.441536242754,2322766.1891434947,156714.51804720363,341639.20301759505,778.1817381910138,2439.1540206282834,115662.64464765403,40395.46146429106,8015.701926401298,67434.76637063516,146514.55480068622,328807.03716452274,2152701.675562159,155998.15990520426,340807.75642751897,776.8677360954259,2436.86105749391,114875.99906289042,40244.473451865495,8013.822629344791,67423.91678473633,146185.5563583225,328404.11693546316
M_var_3_3.2,2358598.9666201407,349600.1325798548,1356319.4742544016,92246.89766177663,72574.530260746,204340.42199180782,340062.14539436717,106835.20459527262,277684.3601311993,231668.40857850044,621469.1507244796,3592206.7354523106,336672.5869553024,1324510.8547442262,63920.30122338858,56769.18733445753,182363.96262783435,223212.27913374192,87997.49058068664,250771.8372663293,221028.50718805142,520266.7097260665,256914.07693529478,127422.69605729578,699176.4550381424,7037.5181412378915,7322.5920966933,50385.90815007578,143277.80720863785,8556.064610716956,23112.77127944197,57266.62349176989,228244.62137980032,269804.01863172214,75636.7901769952,300517.30525002966,5462.203107741141,6201.8063415335155,43047.368473223534,93201.73352702732,6788.353684549821,20546.89080762173,51228.19957778305,152175.4472499496,2328916.3064313987,251147.3943110248,999207.0983860414,1182.881809422215,4097.935710325989,136650.81946191002,254282.56734671252,11242.636684814937,80889.63903646698,189563.0507898162,540875.0979914175,2185635.569704133,244423.61283166308,647284.1779198953,1178.6958999596152,4014.956632024928,135491.79172153224,175981.12684100666,11128.308956765237,80450.91493366518,182998.67318097054,449846.7812327013,138748.73145957003,39378.81555929338,333392.1714959004,82.0823018606649,201.46123637512926,8656.348475021017,49150.07567149524,209.47762055744556,2112.4148113957076,12862.942399037822,96734.71827788102,50835.23392073254,29600.95328801066,159098.91435570954,79.75467770634128,196.390612420119,7832.933260197713,33558.76314995955,205.55208765564834,2071.442870131987,12798.226927816306,67230.1554863415,2343838.0659359368,298309.24544061464,888411.2587633593,8765.823106077643,18548.83574011217,190596.20863351118,296307.4357656758,38905.6653000896,160907.2189898469,218229.110242341,568894.1103996603,2170974.74368231,278345.2301262838,670978.5260254584,8123.445690105336,16183.024232547446,176505.38919067482,204906.75671227826,34067.10650063552,149702.69765037548,216081.41109487053,500061.4200304788,212047.14750383602,18732.806650861814,33068.54832466989,1671.5374179200242,2026.8738496440521,16492.666513511092,7240.011975716751,3224.2149229334764,13105.905304933805,16918.989092700114,30917.835251532306,163351.1842532329,18588.042222014243,32873.51185412763,1665.0454546659455,2022.5398427990344,16345.80150538098,7193.833454002091,3214.778657791266,13085.727800799628,16794.995931820795,30800.043259003618,2322766.1891434947,156714.51804720363,341639.20301759505,778.1817381910138,2439.1540206282834,115662.64464765403,40395.46146429106,8015.701926401298,67434.76637063516,146514.55480068622,328807.03716452274,2152701.675562159,155998.15990520426,340807.75642751897,776.8677360954259,2436.86105749391,114875.99906289042,40244.473451865495,8013.822629344791,67423.91678473633,146185.5563583225,328404.11693546316
M_var_3_5.6,2358598.9666201407,349600.1325798548,1356319.4742544016,92246.89766177663,72574.530260746,204297.43493641753,338256.37959351455,106835.20459527262,277684.3601311993,231451.81740855446,618959.2920588665,3592206.7354523106,336672.5869553024,1324510.8547442262,63920.30122338858,56769.18733445753,182318.93984994086,222645.89534096618,87997.49058068664,250771.8372663293,220817.84244044664,519350.59131893324,256914.07693529478,127422.69605729578,699176.4550381424,7037.5181412378915,7322.5920966933,50385.90450129659,142663.64761182707,8556.064610716956,23112.77127944197,57265.1847102042,226801.33367112555,269804.01863172214,75636.7901769952,300517.30525002966,5462.203107741141,6201.8063415335155,43046.150690672126,93038.02683737827,6788.353684549821,20546.89080762173,51220.66948066706,151835.3076617182,2328916.3064313987,251147.3943110248,999207.0983860414,1182.881809422215,4097.935710325989,136587.5272724973,252405.01203240696,11242.636684814937,80889.63903646698,189495.48204393932,538491.2668996542,2185635.569704133,244423.61283166308,647284.1779198953,1178.6958999596152,4014.956632024928,135447.97084203645,175665.1418157973,11128.308956765237,80450.91493366518,182995.5378123433,449581.1405652675,138748.73145957003,39378.81555929338,333392.1714959004,82.0823018606649,201.46123637512926,8597.586547277291,48693.9850956583,209.47762055744556,2112.4148113957076,12827.588490896354,95875.45196086759,50835.23392073254,29600.95328801066,159098.91435570954,79.75467770634128,196.390612420119,7784.469621096075,33397.77626015884,205.55208765564834,2071.442870131987,12766.348138732186,67038.76900529163,2343838.0659359368,298309.24544061464,888411.2587633593,8765.823106077643,18548.83574011217,190512.0848569924,294713.22528277,38905.6653000896,160907.2189898469,217970.36954463692,566741.2041905144,2170974.74368231,278345.2301262838,670978.5260254584,8123.445690105336,16183.024232547446,176403.70737181924,204391.9187890058,34067.10650063552,149702.69765037548,215781.6521313004,499140.62959943636,212047.14750383602,18732.806650861814,33068.54832466989,1671.5374179200242,2026.8738496440521,16492.65001777744,7238.770952743942,3224.2149229334764,13105.905304933805,16918.925135347938,30917.287208747442,163351.1842532329,18588.042222014243,32873.51185412763,1665.0454546659455,2022.5398427990344,16345.7786848472,7192.586508759139,3214.778657791266,13085.727800799628,16794.930373469986,30799.487029941844,2322766.1891434947,156714.51804720363,341639.20301759505,778.1817381910138,2439.1540206282834,115662.64464765403,40395.46146429106,8015.701926401298,67434.76637063516,146514.55480068622,328807.03716452274,2152701.675562159,155998.15990520426,340807.75642751897,776.8677360954259,2436.86105749391,114875.99906289042,40244.473451865495,8013.822629344791,67423.91678473633,146185.5563583225,328404.11693546316
M_var_3_10.0,2358598.9666201407,349600.1325798548,1356319.4742544016,92246.89766177663,72574.530260746,204283.0043150775,337656.44031550304,106835.20459527262,277684.3601311993,231379.5641775051,618127.7267304861,3592206.7354523106,336672.5869553024,1324510.8547442262,63920.30122338858,56769.18733445753,182303.82414498003,222456.64292382452,87997.49058068664,250771.8372663293,220747.37974372593,519044.8598304721,256914.07693529478,127422.69605729578,699176.4550381424,7037.5181412378915,7322.5920966933,50385.90327092989,142458.32701534557,8556.064610716956,23112.77127944197,57264.70005128096,226321.27090742468,269804.01863172214,75636.7901769952,300517.30525002966,5462.203107741141,6201.8063415335155,43045.739953887,92983.00358863376,6788.353684549821,20546.89080762173,51218.131314242746,151721.14749311327,2328916.3064313987,251147.3943110248,999207.0983860414,1182.881809422215,4097.935710325989,136565.71646143578,251767.17255298575,11242.636684814937,80889.63903646698,189472.445483317,537685.3270600617,2185635.569704133,244423.61283166308,647284.1779198953,1178.6958999596152,4014.956632024928,135432.83693442025,175556.36123595663,11128.308956765237,80450.91493366518,182994.45851591093,449489.8050763602,138748.73145957003,39378.81555929338,333392.1714959004,82.0823018606649,201.46123637512926,8577.261873691688,48537.741608138545,209.47762055744556,2112.4148113957076,12815.406402294186,95583.55800416219,50835.23392073254,29600.95328801066,159098.91435570954,79.75467770634128,196.390612420119,7767.68337124588,33342.09071046167,205.55208765564834,2071.442870131987,12755.33426810044,66972.80465050234,2343838.0659359368,298309.24544061464,888411.2587633593,8765.823106077643,18548.83574011217,190483.44581272954,294176.01921048743,38905.6653000896,160907.2189898469,217882.88305618076,566017.6194821751,2170974.74368231,278345.2301262838,670978.5260254584,8123.445690105336,16183.024232547446,176369.0640393534,204217.26138451195,34067.10650063552,149702.69765037548,215679.8799875737,498828.5844386022,212047.14750383602,18732.806650861814,33068.54832466989,1671.5374179200242,2026.8738496440521,16492.64436484561,7238.345812141839,3224.2149229334764,13105.905304933805,16918.903228077423,30917.099493751728,163351.1842532329,18588.042222014243,32873.51185412763,1665.0454546659455,2022.5398427990344,16345.770864024007,7192.159316622319,3214.778657791266,13085.727800799628,16794.907916577817,30799.29650063415,2322766.1891434947,156714.51804720363,341639.20301759505,778.1817381910138,2439.1540206282834,115662.64464765403,40395.46146429106,8015.701926401298,67434.76637063516,146514.55480068622,328807.03716452274,2152701.675562159,155998.15990520426,340807.75642751897,776.8677360954259,2436.86105749391,114875.99906289042,40244.473451865495,8013.822629344791,67423.91678473633,146185.5563583225,328404.11693546316
M_var_4_0.1,2358598.9666201407,349600.1325798548,1356319.4742544016,92246.89766177663,72574.530260746,206718.522438775,406329.90349023725,106835.20459527262,277684.3601311993,240961.2932144553,722862.8782822107,3592206.7354523106,336672.5869553024,1324510.8547442262,63920.30122338858,56769.18733445753,184321.77093085196,247570.43864887478,87997.49058068664,250771.8372663293,230075.1558719943,559094.4234515973,256914.07693529478,127422.69605729578,699176.4550381424,7037.5181412378915,7322.5920966933,50555.85365755227,162453.68259080497,8556.064610716956,23112.77127944197,57569.11203743925,280686.7721204304,269804.01863172214,75636.7901769952,300517.30525002966,5462.203107741141,6201.8063415335155,43138.46792726463,100014.18097642557,6788.353684549821,20546.89080762173,51602.50059917299,166271.56867517147,2328916.3064313987,251147.3943110248,999207.0983860414,1182.881809422215,4097.935710325989,137120.94713029798,300845.4733784039,11242.636684814937,80889.63903646698,193081.20924294987,611416.4324464776,2185635.569704133,244423.61283166308,647284.1779198953,1178.6958999596152,4014.956632024928,135820.26021682777,187340.341267271,11128.308956765237,80450.91493366518,184386.86641827962,462061.47568441904,138748.73145957003,39378.81555929338,333392.1714959004,82.0823018606649,201.46123637512926,9159.530403252324,56719.623872389246,209.47762055744556,2112.4148113957076,13127.30640295644,117732.89283727808,50835.23392073254,29600.95328801066,159098.91435570954,79.75467770634128,196.390612420119,8289.673291537803,36260.09692901924,205.55208765564834,2071.442870131987,13034.632832891928,72145.8550709092,2343838.0659359368,298309.24544061464,888411.2587633593,8765.823106077643,18548.83574011217,193778.19659426977,336074.9537237013,38905.6653000896,160907.2189898469,226087.53684140783,625987.9998840911,2170974.74368231,278345.2301262838,670978.5260254584,8123.445690105336,16183.024232547446,179295.80209983012,220160.36657292157,34067.10650063552,149702.69765037548,224431.83161933854,525915.3474362341,212047.14750383602,18732.806650861814,33068.54832466989,1671.5374179200242,2026.8738496440521,16497.68672639343,7251.832689323122,3224.2149229334764,13105.905304933805,16923.34105480933,30929.29864820718,163351.1842532329,18588.042222014243,32873.51185412763,1665.0454546659455,2022.5398427990344,16350.86557997597,7205.67463475185,3214.778657791266,13085.727800799628,16799.374755895387,30811.535973766626,2322766.1891434947,156714.51804720363,341639.20301759505,778.1817381910138,2439.1540206282834,115662.64464765403,40395.46146429106,8015.701926401298,67434.76637063516,146514.55480068622,328807.03716452274,2152701.675562159,155998.15990520426,340807.75642751897,776.8677360954259,2436.86105749391,114875.99906289042,40244.473451865495,8013.822629344791,67423.91678473633,146185.5563583225,328404.11693546316
M_var_4_0.2,2358598.9666201407,349600.1325798548,1356319.4742544016,92246.89766177663,72574.530260746,206597.61673220946,402717.9569087461,106835.20459527262,277684.3601311993,240470.19580539098,716903.9853158589,3592206.7354523106,336672.5869553024,1324510.8547442262,63920.30122338858,56769.18733445753,184226.48913184257,246261.52951703654,87997.49058068664,250771.8372663293,229599.61813562864,556962.2146035056,256914.07693529478,127422.69605729578,699176.4550381424,7037.5181412378915,7322.5920966933,50546.20244386433,161542.4237824192,8556.064610716956,23112.77127944197,57552.38369327319,277826.960328735,269804.01863172214,75636.7901769952,300517.30525002966,5462.203107741141,6201.8063415335155,43133.86546787939,99677.79370108625,6788.353684549821,20546.89080762173,51584.43099457384,165555.8093602971,2328916.3064313987,251147.3943110248,999207.0983860414,1182.881809422215,4097.935710325989,137118.8398309709,298904.60266145424,11242.636684814937,80889.63903646698,192910.74874938576,608117.959961776,2185635.569704133,244423.61283166308,647284.1779198953,1178.6958999596152,4014.956632024928,135818.47481195966,186844.79510951572,11128.308956765237,80450.91493366518,184313.46428010194,461489.0275530263,138748.73145957003,39378.81555929338,333392.1714959004,82.0823018606649,201.46123637512926,9153.8976579836,56480.08960394243,209.47762055744556,2112.4148113957076,13126.044137243436,116840.41896464866,50835.23392073254,29600.95328801066,159098.91435570954,79.75467770634128,196.390612420119,8282.866104960565,36175.45138889787,205.55208765564834,2071.442870131987,13033.43372931075,71950.22475760808,2343838.0659359368,298309.24544061464,888411.2587633593,8765.823106077643,18548.83574011217,193642.03540240944,334458.01292873576,38905.6653000896,160907.2189898469,225753.46628959812,623553.5802094829,2170974.74368231,278345.2301262838,670978.5260254584,8123.445690105336,16183.024232547446,179187.3176430888,219516.50176448448,34067.10650063552,149702.69765037548,224089.70421897693,524829.7045225519,212047.14750383602,18732.806650861814,33068.54832466989,1671.5374179200242,2026.8738496440521,16497.438029012876,7251.674109665505,3224.2149229334764,13105.905304933805,16923.1430060356,30928.911973423492,163351.1842532329,18588.042222014243,32873.51185412763,1665.0454546659455,2022.5398427990344,16350.61692247915,7205.516996729022,3214.778657791266,13085.727800799628,16799.175927305172,30811.150701919432,2322766.1891434947,156714.51804720363,341639.20301759505,778.1817381910138,2439.1540206282834,115662.64464765403,40395.46146429106,8015.701926401298,67434.76637063516,146514.55480068622,328807.03716452274,2152701.675562159,155998.15990520426,340807.75642751897,776.8677360954259,2436.86105749391,114875.99906289042,40244.473451865495,8013.822629344791,67423.91678473633,146185.5563583225,328404.11693546316
M_var_4_0.3,2358598.9666201407,349600.1325798548,1356319.4742544016,92246.89766177663,72574.530260746,206269.7566398209,393368.58115598053,106835.20459527262,277684.3601311993,239170.2795859271,701706.1676088256,3592206.7354523106,336672.5869553024,1324510.8547442262,63920.30122338858,56769.18733445753,183968.2945772608,242809.91384349496,87997.49058068664,250771.8372663293,228337.70623771532,551378.6905881834,256914.07693529478,127422.69605729578,699176.4550381424,7037.5181412378915,7322.5920966933,50519.76161307671,159120.67020456074,8556.064610716956,23112.77127944197,57506.66819925984,270428.6667835708,269804.01863172214,75636.7901769952,300517.30525002966,5462.203107741141,6201.8063415335155,43121.23310932844,98771.31511433118,6788.353684549821,20546.89080762173,51535.00422559262,163641.74367193898,2328916.3064313987,251147.3943110248,999207.0983860414,1182.881809422215,4097.935710325989,137112.9161824893,293643.3957296795,11242.636684814937,80889.63903646698,192442.71315543973,599300.2148206594,2185635.569704133,244423.61283166308,647284.1779198953,1178.6958999596152,4014.956632024928,135813.4507617863,185471.10743141678,11128.308956765237,80450.91493366518,184109.87685773094,459909.9976616314,138748.73145957003,39378.81555929338,333392.1714959004,82.0823018606649,201.46123637512926,9138.007190528435,55818.83230510422,209.47762055744556,2112.4148113957076,13122.497364465542,114436.51499621478,50835.23392073254,29600.95328801066,159098.91435570954,79.75467770634128,196.390612420119,8263.64651893927,35938.88795857855,205.55208765564834,2071.442870131987,13030.061977152642,71408.35960728039,2343838.0659359368,298309.24544061464,888411.2587633593,8765.823106077643,18548.83574011217,193263.2959097915,330068.85425156023,38905.6653000896,160907.2189898469,224837.83119384432,616988.3777159294,2170974.74368231,278345.2301262838,670978.5260254584,8123.445690105336,16183.024232547446,178885.35854266895,217749.67044517893,34067.10650063552,149702.69765037548,223148.65056891408,521861.04253749416,212047.14750383602,18732.806650861814,33068.54832466989,1671.5374179200242,2026.8738496440521,16496.73992511836,7251.229000007538,3224.2149229334764,13105.905304933805,16922.58714491895,30927.826727073614,163351.1842532329,18588.042222014243,32873.51185412763,1665.0454546659455,2022.5398427990344,16349.918916555016,7205.074521035597,3214.778657791266,13085.727800799628,16798.61786538919,30810.069369095276,2322766.1891434947,156714.51804720363,341639.20301759505,778.1817381910138,2439.1540206282834,115662.64464765403,40395.46146429106,8015.701926401298,67434.76637063516,146514.55480068622,328807.03716452274,2152701.675562159,155998.15990520426,340807.75642751897,776.8677360954259,2436.86105749391,114875.99906289042,40244.473451865495,8013.822629344791,67423.91678473633,146185.5563583225,328404.11693546316
M_var_4_0.6,2358598.9666201407,349600.1325798548,1356319.4742544016,92246.89766177663,72574.530260746,205580.9886374546,375593.9855939808,106835.20459527262,277684.3601311993,236581.89139947866,673690.013703107,3592206.7354523106,336672.5869553024,1324510.8547442262,63920.30122338858,56769.18733445753,183426.74050946464,235989.3978714188,87997.49058068664,250771.8372663293,225811.15330059084,540512.2516020699,256914.07693529478,127422.69605729578,699176.4550381424,7037.5181412378915,7322.5920966933,50462.89751542547,154253.33453729763,8556.064610716956,23112.77127944197,57408.91450458567,256374.02788789012,269804.01863172214,75636.7901769952,300517.30525002966,5462.203107741141,6201.8063415335155,43093.94960296024,96893.28400280025,6788.353684549821,20546.89080762173,51429.08886517589,159742.73511281074,2328916.3064313987,251147.3943110248,999207.0983860414,1182.881809422215,4097.935710325989,137099.37781449055,282589.95597433083,11242.636684814937,80889.63903646698,191430.97799951705,581347.7798823084,2185635.569704133,244423.61283166308,647284.1779198953,1178.6958999596152,4014.956632024928,135801.93923755732,182434.10293749964,11128.308956765237,80450.91493366518,183659.26486599667,456459.78672448226,138748.73145957003,39378.81555929338,333392.1714959004,82.0823018606649,201.46123637512926,9101.372575115269,54370.72980777377,209.47762055744556,2112.4148113957076,13114.399449094653,109456.49503195805,50835.23392073254,29600.95328801066,159098.91435570954,79.75467770634128,196.390612420119,8219.247048270001,35405.66555093731,205.55208765564834,2071.442870131987,13022.35006449408,70212.63958571217,2343838.0659359368,298309.24544061464,888411.2587633593,8765.823106077643,18548.83574011217,192419.2989112639,320822.2440852121,38905.6653000896,160907.2189898469,222866.64939836974,603362.1041429464,2170974.74368231,278345.2301262838,670978.5260254584,8123.445690105336,16183.024232547446,178211.38086488555,213934.8641737373,34067.10650063552,149702.69765037548,221106.00487676935,515503.7168988799,212047.14750383602,18732.806650861814,33068.54832466989,1671.5374179200242,2026.8738496440521,16495.149875403455,7250.215352770418,3224.2149229334764,13105.905304933805,16921.321462548756,30925.355807492913,163351.1842532329,18588.042222014243,32873.51185412763,1665.0454546659455,2022.5398427990344,16348.329013001865,7204.066822235088,3214.778657791266,13085.727800799628,16797.347105291712,30807.607228057284,2322766.1891434947,156714.51804720363,341639.20301759505,778.1817381910138,2439.1540206282834,115662.64464765403,40395.46146429106,8015.701926401298,67434.76637063516,146514.55480068622,328807.03716452274,2152701.675562159,155998.15990520426,340807.75642751897,776.8677360954259,2436.86105749391,114875.99906289042,40244.473451865495,8013.822629344791,67423.91678473633,146185.5563583225,328404.11693546316
M_var_4_1.0,2358598.9666201407,349600.1325798548,1356319.4742544016,92246.89766177663,72574.530260746,204682.75731067968,355524.91797203966,106835.20459527262,277684.3601311993,233469.13943187645,643389.2049966872,3592206.7354523106,336672.5869553024,1324510.8547442262,63920.30122338858,56769.18733445753,182722.23970409823,227868.3448247341,87997.49058068664,250771.8372663293,222748.1188801754,527862.7916718734,256914.07693529478,127422.69605729578,699176.4550381424,7037.5181412378915,7322.5920966933,50385.936361314976,148310.24723126378,8556.064610716956,23112.77127944197,57277.82272641161,240505.55028074814,269804.01863172214,75636.7901769952,300517.30525002966,5462.203107741141,6201.8063415335155,43056.768886269834,94494.880980478,6788.353684549821,20546.89080762173,51286.56691559696,154888.2613257681,2328916.3064313987,251147.3943110248,999207.0983860414,1182.881809422215,4097.935710325989,137079.09534648966,268138.9240507375,11242.636684814937,80889.63903646698,190050.32076822448,559002.00255162,2185635.569704133,244423.61283166308,647284.1779198953,1178.6958999596152,4014.956632024928,135784.61694628475,178131.88764317252,11128.308956765237,80450.91493366518,183020.02240852755,451667.93202775065,138748.73145957003,39378.81555929338,333392.1714959004,82.0823018606649,201.46123637512926,9045.64757005716,52349.89045049128,209.47762055744556,2112.4148113957076,13102.288769160166,103080.80176504848,50835.23392073254,29600.95328801066,159098.91435570954,79.75467770634128,196.390612420119,8151.469839149551,34625.333839980165,205.55208765564834,2071.442870131987,13010.781237008936,68524.04998406288,2343838.0659359368,298309.24544061464,888411.2587633593,8765.823106077643,18548.83574011217,191208.31769724787,308694.72756462597,38905.6653000896,160907.2189898469,220194.44728546366,585908.2248744873,2170974.74368231,278345.2301262838,670978.5260254584,8123.445690105336,16183.024232547446,177241.7313558009,208736.1617946273,34067.10650063552,149702.69765037548,218299.83061291042,506955.94524680864,212047.14750383602,18732.806650861814,33068.54832466989,1671.5374179200242,2026.8738496440521,16492.781840572316,7248.706170312878,3224.2149229334764,13105.905304933805,16919.437494790614,30921.678256826694,163351.1842532329,18588.042222014243,32873.51185412763,1665.0454546659455,2022.5398427990344,16345.960997506065,7202.566367726358,3214.778657791266,13085.727800799628,16795.455408009602,30803.942403376863,2322766.1891434947,156714.51804720363,341639.20301759505,778.1817381910138,2439.1540206282834,115662.64464765403,40395.46146429106,8015.701926401298,67434.76637063516,146514.55480068622,328807.03716452274,2152701.675562159,155998.15990520426,340807.75642751897,776.8677360954259,2436.86105749391,114875.99906289042,40244.473451865495,8013.822629344791,67423.91678473633,146185.5563583225,328404.11693546316
M_var_4_1.8,2358598.9666201407,349600.1325798548,1356319.4742544016,92246.89766177663,72574.530260746,204030.7816737002,342728.2955271253,106835.20459527262,277684.3601311993,231376.26470738073,624781.7828412318,3592206.7354523106,336672.5869553024,1324510.8547442262,63920.30122338858,56769.18733445753,182212.11643463818,222450.36403262435,87997.49058068664,250771.8372663293,220673.37405745764,519598.77769797365,256914.07693529478,127422.69605729578,699176.4550381424,7037.5181412378915,7322.5920966933,50327.97881982542,144251.57309203813,8556.064610716956,23112.77127944197,57180.0076312702,230376.51311474122,269804.01863172214,75636.7901769952,300517.30525002966,5462.203107741141,6201.8063415335155,43028.57379069299,92787.81887089039,6788.353684549821,20546.89080762173,51179.8593353103,151514.30413870065,2328916.3064313987,251147.3943110248,999207.0983860414,1182.881809422215,4097.935710325989,137062.0945074951,257592.76974955175,11242.636684814937,80889.63903646698,189001.86041594885,543465.5447376914,2185635.569704133,244423.61283166308,647284.1779198953,1178.6958999596152,4014.956632024928,135770.02633463347,174734.21870485364,11128.308956765237,80450.91493366518,182514.75101012227,447962.50142653874,138748.73145957003,39378.81555929338,333392.1714959004,82.0823018606649,201.46123637512926,8998.14357652739,50777.1817695749,209.47762055744556,2112.4148113957076,13092.157080727246,98517.59132835492,50835.23392073254,29600.95328801066,159098.91435570954,79.75467770634128,196.390612420119,8093.460754147572,33987.414744248876,205.55208765564834,2071.442870131987,13001.070086811922,67194.79724616928,2343838.0659359368,298309.24544061464,888411.2587633593,8765.823106077643,18548.83574011217,190239.58596032648,299828.6168445345,38905.6653000896,160907.2189898469,218178.75986450905,573446.6581701265,2170974.74368231,278345.2301262838,670978.5260254584,8123.445690105336,16183.024232547446,176463.82675853837,204791.19002823037,34067.10650063552,149702.69765037548,216154.29165750297,500559.2839314411,212047.14750383602,18732.806650861814,33068.54832466989,1671.5374179200242,2026.8738496440521,16490.809852459333,7247.449782543723,3224.2149229334764,13105.905304933805,16917.869520198255,30918.617908391334,163351.1842532329,18588.042222014243,32873.51185412763,1665.0454546659455,2022.5398427990344,16343.98884436529,7201.317128687437,3214.778657791266,13085.727800799628,16793.880844047868,30800.892335564495,2322766.1891434947,156714.51804720363,341639.20301759505,778.1817381910138,2439.1540206282834,115662.64464765403,40395.46146429106,8015.701926401298,67434.76637063516,146514.55480068622,328807.03716452274,2152701.675562159,155998.15990520426,340807.75642751897,776.8677360954259,2436.86105749391,114875.99906289042,40244.473451865495,8013.822629344791,67423.91678473633,146185.5563583225,328404.11693546316
M_var_4_3.2,2358598.9666201407,349600.1325798548,1356319.4742544016,92246.89766177663,72574.530260746,203730.9389966246,337264.53595752973,106835.20459527262,277684.3601311993,230456.69257249433,617002.7225739168,3592206.7354523106,336672.5869553024,1324510.8547442262,63920.30122338858,56769.18733445753,181977.85898530472,220079.01355918928,87997.49058068664,250771.8372663293,219757.84408489117,516026.0055545408,256914.07693529478,127422.69605729578,699176.4550381424,7037.5181412378915,7322.5920966933,50300.70574585304,142450.56230010625,8556.064610716956,23112.77127944197,57134.24540725064,226046.8858675241,269804.01863172214,75636.7901769952,300517.30525002966,5462.203107741141,6201.8063415335155,43015.24750871705,92011.80254699496,6788.353684549821,20546.89080762173,51129.82962591144,150001.99621219633,2328916.3064313987,251147.3943110248,999207.0983860414,1182.881809422215,4097.935710325989,137053.5097783807,252718.4431092432,11242.636684814937,80889.63903646698,188505.86772200748,536497.9142250314,2185635.569704133,244423.61283166308,647284.1779198953,1178.6958999596152,4014.956632024928,135762.6339189936,173085.0827450026,11128.308956765237,80450.91493366518,182269.46123853597,446189.00490162283,138748.73145957003,39378.81555929338,333392.1714959004,82.0823018606649,201.46123637512926,8973.874687954587,50020.668483243986,209.47762055744556,2112.4148113957076,13087.047742922963,96432.55307413911,50835.23392073254,29600.95328801066,159098.91435570954,79.75467770634128,196.390612420119,8063.74258186719,33670.61085573261,205.55208765564834,2071.442870131987,12996.161452166647,66550.97091373334,2343838.0659359368,298309.24544061464,888411.2587633593,8765.823106077643,18548.83574011217,189765.57450676634,295729.48630968307,38905.6653000896,160907.2189898469,217229.24973297238,567770.2785539582,2170974.74368231,278345.2301262838,670978.5260254584,8123.445690105336,16183.024232547446,176082.46520510444,202925.12509950413,34067.10650063552,149702.69765037548,215134.89352872947,497560.6474096827,212047.14750383602,18732.806650861814,33068.54832466989,1671.5374179200242,2026.8738496440521,16489.81851604585,7246.81831821525,3224.2149229334764,13105.905304933805,16917.081595556676,30917.080178214423,163351.1842532329,18588.042222014243,32873.51185412763,1665.0454546659455,2022.5398427990344,16342.997362812064,7200.6892171010195,3214.778657791266,13085.727800799628,16793.089554564827,30799.359664920394,2322766.1891434947,156714.51804720363,341639.20301759505,778.1817381910138,2439.1540206282834,115662.64464765403,40395.46146429106,8015.701926401298,67434.76637063516,146514.55480068622,328807.03716452274,2152701.675562159,155998.15990520426,340807.75642751897,776.8677360954259,2436.86105749391,114875.99906289042,40244.473451865495,8013.822629344791,67423.91678473633,146185.5563583225,328404.11693546316
M_var_4_5.6,2358598.9666201407,349600.1325798548,1356319.4742544016,92246.89766177663,72574.530260746,203622.01072374175,335339.56484285777,106835.20459527262,277684.3601311993,230128.99375570283,614285.4454091758,3592206.7354523106,336672.5869553024,1324510.8547442262,63920.30122338858,56769.18733445753,181892.81095595486,219235.19422621914,87997.49058068664,250771.8372663293,219431.00402472386,514761.1854954285,256914.07693529478,127422.69605729578,699176.4550381424,7037.5181412378915,7322.5920966933,50290.69885800259,141805.99012129728,8556.064610716956,23112.77127944197,57117.49709301182,224520.60806124914,269804.01863172214,75636.7901769952,300517.30525002966,5462.203107741141,6201.8063415335155,43010.3484639275,91731.25907701072,6788.353684549821,20546.89080762173,51111.50235301635,149458.50094909116,2328916.3064313987,251147.3943110248,999207.0983860414,1182.881809422215,4097.935710325989,137050.25835869755,250943.11711340203,11242.636684814937,80889.63903646698,188323.4579967326,533993.1157197929,2185635.569704133,244423.61283166308,647284.1779198953,1178.6958999596152,4014.956632024928,135759.82972818046,172471.56971344101,11128.308956765237,80450.91493366518,182178.21043024652,445533.3915412085,138748.73145957003,39378.81555929338,333392.1714959004,82.0823018606649,201.46123637512926,8964.633036200357,49740.314269302195,209.47762055744556,2112.4148113957076,13085.113789965157,95676.78303945875,50835.23392073254,29600.95328801066,159098.91435570954,79.75467770634128,196.390612420119,8052.411127583827,33551.52568696077,205.55208765564834,2071.442870131987,12994.301473767988,66311.67902307025,2343838.0659359368,298309.24544061464,888411.2587633593,8765.823106077643,18548.83574011217,189588.60877446638,294236.60572295915,38905.6653000896,160907.2189898469,216880.70184452637,565716.3324684738,2170974.74368231,278345.2301262838,670978.5260254584,8123.445690105336,16183.024232547446,175939.96683535894,202238.80819982477,34067.10650063552,149702.69765037548,214759.27622270296,496462.1850142789,212047.14750383602,18732.806650861814,33068.54832466989,1671.5374179200242,2026.8738496440521,16489.44382625865,7246.579670445027,3224.2149229334764,13105.905304933805,16916.783842233566,30916.499099056105,163351.1842532329,18588.042222014243,32873.51185412763,1665.0454546659455,2022.5398427990344,16342.622607332758,7200.4519050015715,3214.778657791266,13085.727800799628,16792.79052034569,30798.78047917658,2322766.1891434947,156714.51804720363,341639.20301759505,778.1817381910138,2439.1540206282834,115662.64464765403,40395.46146429106,8015.701926401298,67434.76637063516,146514.55480068622,328807.03716452274,2152701.675562159,155998.15990520426,340807.75642751897,776.8677360954259,2436.86105749391,114875.99906289042,40244.473451865495,8013.822629344791,67423.91678473633,146185.5563583225,328404.11693546316
M_var_4_10.0,2358598.9666201407,349600.1325798548,1356319.4742544016,92246.89766177663,72574.530260746,203585.92511245128,334708.64690907707,106835.20459527262,277684.3601311993,230021.16698973702,613397.4913755563,3592206.7354523106,336672.5869553024,1324510.8547442262,63920.30122338858,56769.18733445753,181864.642716672,218957.67809568488,87997.49058068664,250771.8372663293,219323.39286055128,514345.9579768755,256914.07693529478,127422.69605729578,699176.4550381424,7037.5181412378915,7322.5920966933,50287.372028775986,141593.57363179253,8556.064610716956,23112.77127944197,57111.93409109022,224020.2548562688,269804.01863172214,75636.7901769952,300517.30525002966,5462.203107741141,6201.8063415335155,43008.71863262061,91638.48016152385,6788.353684549821,20546.89080762173,51105.41286357914,149279.13500553454,2328916.3064313987,251147.3943110248,999207.0983860414,1182.881809422215,4097.935710325989,137049.16491021053,250354.4130311536,11242.636684814937,80889.63903646698,188262.76476667603,533166.3763305595,2185635.569704133,244423.61283166308,647284.1779198953,1178.6958999596152,4014.956632024928,135758.88614387697,172266.58492195097,11128.308956765237,80450.91493366518,182147.72280354903,445314.84324646415,138748.73145957003,39378.81555929338,333392.1714959004,82.0823018606649,201.46123637512926,8961.518878044535,49646.771476185204,209.47762055744556,2112.4148113957076,13084.46354964325,95426.59011469022,50835.23392073254,29600.95328801066,159098.91435570954,79.75467770634128,196.390612420119,8048.59093969109,33511.58733318292,205.55208765564834,2071.442870131987,12993.67585912235,66231.7547893228,2343838.0659359368,298309.24544061464,888411.2587633593,8765.823106077643,18548.83574011217,189529.40695317957,293741.5897177851,38905.6653000896,160907.2189898469,216764.8068363324,565036.8509396528,2170974.74368231,278345.2301262838,670978.5260254584,8123.445690105336,16183.024232547446,175892.28082099045,202010.441540492,34067.10650063552,149702.69765037548,214634.2113989023,496097.2058639678,212047.14750383602,18732.806650861814,33068.54832466989,1671.5374179200242,2026.8738496440521,16489.317913814084,7246.499477030995,3224.2149229334764,13105.905304933805,16916.68379052299,30916.30384635323,163351.1842532329,18588.042222014243,32873.51185412763,1665.0454546659455,2022.5398427990344,16342.496671478266,7200.372159553265,3214.778657791266,13085.727800799628,16792.690037076005,30798.58586041758,2322766.1891434947,156714.51804720363,341639.20301759505,778.1817381910138,2439.1540206282834,115662.64464765403,40395.46146429106,8015.701926401298,67434.76637063516,146514.55480068622,328807.03716452274,2152701.675562159,155998.15990520426,340807.75642751897,776.8677360954259,2436.86105749391,114875.99906289042,40244.473451865495,8013.822629344791,67423.91678473633,146185.5563583225,328404.11693546316
M_var_5_0.1,2358598.9666201407,349600.1325798548,1356319.4742544016,92246.89766177663,72574.530260746,209868.64086188984,428151.83750155085,106835.20459527262,277684.3601311993,247500.48235803802,762237.3118631773,3592206.7354523106,336672.5869553024,1324510.8547442262,63920.30122338858,56769.18733445753,186364.2256139143,262051.79335681515,87997.49058068664,250771.8372663293,236719.3277914399,583294.6769189,256914.07693529478,127422.69605729578,699176.4550381424,7037.5181412378915,7322.5920966933,51475.91030418199,168098.6721753588,8556.064610716956,23112.77127944197,58769.47333983387,299185.97132709145,269804.01863172214,75636.7901769952,300517.30525002966,5462.203107741141,6201.8063415335155,43512.8846881739,104425.39336743676,6788.353684549821,20546.89080762173,52403.574343521585,176227.56778225087,2328916.3064313987,251147.3943110248,999207.0983860414,1182.881809422215,4097.935710325989,137569.97974985282,314624.4867458605,11242.636684814937,80889.63903646698,198297.2394753311,643121.2553963598,2185635.569704133,244423.61283166308,647284.1779198953,1178.6958999596152,4014.956632024928,136145.03955216412,197170.72386599248,11128.308956765237,80450.91493366518,188888.67573031917,478404.5557547705,138748.73145957003,39378.81555929338,333392.1714959004,82.0823018606649,201.46123637512926,9113.99143152154,57031.20719145247,209.47762055744556,2112.4148113957076,13304.358074020585,125759.4772939723,50835.23392073254,29600.95328801066,159098.91435570954,79.75467770634128,196.390612420119,8168.493495708842,36941.98539920276,205.55208765564834,2071.442870131987,13184.532419948084,76795.84641818397,2343838.0659359368,298309.24544061464,888411.2587633593,8765.823106077643,18548.83574011217,196508.4250021157,343489.5005500872,38905.6653000896,160907.2189898469,229939.78208298102,638754.7669280178,2170974.74368231,278345.2301262838,670978.5260254584,8123.445690105336,16183.024232547446,180632.26793564443,227333.0686643636,34067.10650063552,149702.69765037548,228084.4501300835,537202.3014287354,212047.14750383602,18732.806650861814,33068.54832466989,1671.5374179200242,2026.8738496440521,16517.709795648505,7255.354297517679,3224.2149229334764,13105.905304933805,16940.19026024316,30941.749778990183,163351.1842532329,18588.042222014243,32873.51185412763,1665.0454546659455,2022.5398427990344,16371.590791979623,7209.319902128026,3214.778657791266,13085.727800799628,16816.609037583967,30824.39123429439,2322766.1891434947,156714.51804720363,341639.20301759505,778.1817381910138,2439.1540206282834,115662.64464765403,40395.46146429106,8015.701926401298,67434.76637063516,146514.55480068622,328807.03716452274,2152701.675562159,155998.15990520426,340807.75642751897,776.8677360954259,2436.86105749391,114875.99906289042,40244.473451865495,8013.822629344791,67423.91678473633,146185.5563583225,328404.11693546316
M_var_5_0.2,2358598.9666201407,349600.1325798548,1356319.4742544016,92246.89766177663,72574.530260746,209514.8332333,421867.9352391568,106835.20459527262,277684.3601311993,246418.37667314312,751241.5744117531,3592206.7354523106,336672.5869553024,1324510.8547442262,63920.30122338858,56769.18733445753,186117.17455657932,259281.94932082988,87997.49058068664,250771.8372663293,235635.06702946118,578621.8279851582,256914.07693529478,127422.69605729578,699176.4550381424,7037.5181412378915,7322.5920966933,51405.604294903154,166606.17672219247,8556.064610716956,23112.77127944197,58671.854146089165,294086.68046080647,269804.01863172214,75636.7901769952,300517.30525002966,5462.203107741141,6201.8063415335155,43484.407598937185,103718.56867874491,6788.353684549821,20546.89080762173,52331.98605880098,174619.83297355604,2328916.3064313987,251147.3943110248,999207.0983860414,1182.881809422215,4097.935710325989,137540.84442132912,311175.8546993883,11242.636684814937,80889.63903646698,197736.26288089209,636424.0974915758,2185635.569704133,244423.61283166308,647284.1779198953,1178.6958999596152,4014.956632024928,136124.19939214477,195902.63453738453,11128.308956765237,80450.91493366518,188503.87656637194,476559.09204261686,138748.73145957003,39378.81555929338,333392.1714959004,82.0823018606649,201.46123637512926,9110.07926677301,56730.76971805558,209.47762055744556,2112.4148113957076,13292.502001303681,124020.06488884216,50835.23392073254,29600.95328801066,159098.91435570954,79.75467770634128,196.390612420119,8167.537964909772,36799.719772579854,205.55208765564834,2071.442870131987,13174.52681011721,76242.85291976698,2343838.0659359368,298309.24544061464,888411.2587633593,8765.823106077643,18548.83574011217,196187.24602675458,341099.18096580496,38905.6653000896,160907.2189898469,229302.1619316336,635005.0004091478,2170974.74368231,278345.2301262838,670978.5260254584,8123.445690105336,16183.024232547446,180430.729240675,226107.72902416848,34067.10650063552,149702.69765037548,227450.77668361668,535162.3720805066,212047.14750383602,18732.806650861814,33068.54832466989,1671.5374179200242,2026.8738496440521,16516.300698726784,7254.978548228735,3224.2149229334764,13105.905304933805,16939.015879656366,30940.61421980644,163351.1842532329,18588.042222014243,32873.51185412763,1665.0454546659455,2022.5398427990344,16370.143367148898,7208.93855883057,3214.778657791266,13085.727800799628,16815.413109531648,30823.235439350938,2322766.1891434947,156714.51804720363,341639.20301759505,778.1817381910138,2439.1540206282834,115662.64464765403,40395.46146429106,8015.701926401298,67434.76637063516,146514.55480068622,328807.03716452274,2152701.675562159,155998.15990520426,340807.75642751897,776.8677360954259,2436.86105749391,114875.99906289042,40244.473451865495,8013.822629344791,67423.91678473633,146185.5563583225,328404.11693546316
M_var_5_0.3,2358598.9666201407,349600.1325798548,1356319.4742544016,92246.89766177663,72574.530260746,208588.02837630495,406545.98427040275,106835.20459527262,277684.3601311993,243679.34223187185,725020.9523890215,3592206.7354523106,336672.5869553024,1324510.8547442262,63920.30122338858,56769.18733445753,185469.03631841394,252381.16108186982,87997.49058068664,250771.8372663293,232895.6764207383,567118.2153007613,256914.07693529478,127422.69605729578,699176.4550381424,7037.5181412378915,7322.5920966933,51218.74516436829,162806.50036848514,8556.064610716956,23112.77127944197,58413.354437693786,281678.4984996653,269804.01863172214,75636.7901769952,300517.30525002966,5462.203107741141,6201.8063415335155,43408.10548711761,101888.92583895431,6788.353684549821,20546.89080762173,52141.411204892385,170525.67968878068,2328916.3064313987,251147.3943110248,999207.0983860414,1182.881809422215,4097.935710325989,137461.8262610483,302358.2405543079,11242.636684814937,80889.63903646698,196265.61854712392,619648.7257856259,2185635.569704133,244423.61283166308,647284.1779198953,1178.6958999596152,4014.956632024928,136067.33556101986,192561.38278820956,11128.308956765237,80450.91493366518,187485.40859819096,471740.56509912596,138748.73145957003,39378.81555929338,333392.1714959004,82.0823018606649,201.46123637512926,9099.380148489274,55931.50929576501,209.47762055744556,2112.4148113957076,13260.260665706335,119618.15837983714,50835.23392073254,29600.95328801066,159098.91435570954,79.75467770634128,196.390612420119,8164.91319003416,36417.06278520837,205.55208765564834,2071.442870131987,13147.200333046078,74787.36053153854,2343838.0659359368,298309.24544061464,888411.2587633593,8765.823106077643,18548.83574011217,195320.44126626253,334852.3807699916,38905.6653000896,160907.2189898469,227613.61497412264,625289.1613853337,2170974.74368231,278345.2301262838,670978.5260254584,8123.445690105336,16183.024232547446,179884.32602403377,222869.66005177938,34067.10650063552,149702.69765037548,225768.31011017974,529803.3044016826,212047.14750383602,18732.806650861814,33068.54832466989,1671.5374179200242,2026.8738496440521,16512.43610612884,7253.947987905691,3224.2149229334764,13105.905304933805,16935.79581695798,30937.500436101214,163351.1842532329,18588.042222014243,32873.51185412763,1665.0454546659455,2022.5398427990344,16366.172829946745,7207.892432544585,3214.778657791266,13085.727800799628,16812.133266069533,30820.06548484001,2322766.1891434947,156714.51804720363,341639.20301759505,778.1817381910138,2439.1540206282834,115662.64464765403,40395.46146429106,8015.701926401298,67434.76637063516,146514.55480068622,328807.03716452274,2152701.675562159,155998.15990520426,340807.75642751897,776.8677360954259,2436.86105749391,114875.99906289042,40244.473451865495,8013.822629344791,67423.91678473633,146185.5563583225,328404.11693546316
M_var_5_0.6,2358598.9666201407,349600.1325798548,1356319.4742544016,92246.89766177663,72574.530260746,206783.50714897,380649.06113465823,106835.20459527262,277684.3601311993,238712.4073868046,682528.2720205919,3592206.7354523106,336672.5869553024,1324510.8547442262,63920.30122338858,56769.18733445753,184202.98758351532,240236.67124480597,87997.49058068664,250771.8372663293,227946.66248158022,547354.4364730826,256914.07693529478,127422.69605729578,699176.4550381424,7037.5181412378915,7322.5920966933,50843.34567858943,155826.54742927462,8556.064610716956,23112.77127944197,57898.17470353993,260765.69130627345,269804.01863172214,75636.7901769952,300517.30525002966,5462.203107741141,6201.8063415335155,43252.05522297799,98412.26812754212,6788.353684549821,20546.89080762173,51757.1899278782,163000.13383226385,2328916.3064313987,251147.3943110248,999207.0983860414,1182.881809422215,4097.935710325989,137295.7685192554,286005.60115804314,11242.636684814937,80889.63903646698,193397.40923722784,589810.9231726179,2185635.569704133,244423.61283166308,647284.1779198953,1178.6958999596152,4014.956632024928,135946.17638282533,185968.91444067194,11128.308956765237,80450.91493366518,185457.78842992912,462421.03625883005,138748.73145957003,39378.81555929338,333392.1714959004,82.0823018606649,201.46123637512926,9076.46332749112,54321.62049990481,209.47762055744556,2112.4148113957076,13192.090878220906,111614.86787014011,50835.23392073254,29600.95328801066,159098.91435570954,79.75467770634128,196.390612420119,8159.233485927648,35627.51841363714,205.55208765564834,2071.442870131987,13088.851449959571,71921.72430267527,2343838.0659359368,298309.24544061464,888411.2587633593,8765.823106077643,18548.83574011217,193518.90991569657,322740.0253978946,38905.6653000896,160907.2189898469,224247.96517021957,606793.2762906504,2170974.74368231,278345.2301262838,670978.5260254584,8123.445690105336,16183.024232547446,178736.96337264447,216441.70553065112,34067.10650063552,149702.69765037548,222395.72761954612,519301.8007007127,212047.14750383602,18732.806650861814,33068.54832466989,1671.5374179200242,2026.8738496440521,16504.104054569943,7251.72595569887,3224.2149229334764,13105.905304933805,16928.85733827727,30930.79013473872,163351.1842532329,18588.042222014243,32873.51185412763,1665.0454546659455,2022.5398427990344,16357.60823929911,7205.635723343335,3214.778657791266,13085.727800799628,16805.062488951924,30813.230729274626,2322766.1891434947,156714.51804720363,341639.20301759505,778.1817381910138,2439.1540206282834,115662.64464765403,40395.46146429106,8015.701926401298,67434.76637063516,146514.55480068622,328807.03716452274,2152701.675562159,155998.15990520426,340807.75642751897,776.8677360954259,2436.86105749391,114875.99906289042,40244.473451865495,8013.822629344791,67423.91678473633,146185.5563583225,328404.11693546316
M_var_5_1.0,2358598.9666201407,349600.1325798548,1356319.4742544016,92246.89766177663,72574.530260746,204682.75731067968,355524.91797203966,106835.20459527262,277684.3601311993,233469.13943187645,643389.2049966872,3592206.7354523106,336672.5869553024,1324510.8547442262,63920.30122338858,56769.18733445753,182722.23970409823,227868.3448247341,87997.49058068664,250771.8372663293,222748.1188801754,527862.7916718734,256914.07693529478,127422.69605729578,699176.4550381424,7037.5181412378915,7322.5920966933,50385.936361314976,148310.24723126378,8556.064610716956,23112.77127944197,57277.82272641161,240505.55028074814,269804.01863172214,75636.7901769952,300517.30525002966,5462.203107741141,6201.8063415335155,43056.768886269834,94494.880980478,6788.353684549821,20546.89080762173,51286.56691559696,154888.2613257681,2328916.3064313987,251147.3943110248,999207.0983860414,1182.881809422215,4097.935710325989,137079.09534648966,268138.9240507375,11242.636684814937,80889.63903646698,190050.32076822448,559002.00255162,2185635.569704133,244423.61283166308,647284.1779198953,1178.6958999596152,4014.956632024928,135784.61694628475,178131.88764317252,11128.308956765237,80450.91493366518,183020.02240852755,451667.93202775065,138748.73145957003,39378.81555929338,333392.1714959004,82.0823018606649,201.46123637512926,9045.64757005716,52349.89045049128,209.47762055744556,2112.4148113957076,13102.288769160166,103080.80176504848,50835.23392073254,29600.95328801066,159098.91435570954,79.75467770634128,196.390612420119,8151.469839149551,34625.333839980165,205.55208765564834,2071.442870131987,13010.781237008936,68524.04998406288,2343838.0659359368,298309.24544061464,888411.2587633593,8765.823106077643,18548.83574011217,191208.31769724787,308694.72756462597,38905.6653000896,160907.2189898469,220194.44728546366,585908.2248744873,2170974.74368231,278345.2301262838,670978.5260254584,8123.445690105336,16183.024232547446,177241.7313558009,208736.1617946273,34067.10650063552,149702.69765037548,218299.83061291042,506955.94524680864,212047.14750383602,18732.806650861814,33068.54832466989,1671.5374179200242,2026.8738496440521,16492.781840572316,7248.706170312878,3224.2149229334764,13105.905304933805,16919.437494790614,30921.678256826694,163351.1842532329,18588.042222014243,32873.51185412763,1665.0454546659455,2022.5398427990344,16345.960997506065,7202.566367726358,3214.778657791266,13085.727800799628,16795.455408009602,30803.942403376863,2322766.1891434947,156714.51804720363,341639.20301759505,778.1817381910138,2439.1540206282834,115662.64464765403,40395.46146429106,8015.701926401298,67434.76637063516,146514.55480068622,328807.03716452274,2152701.675562159,155998.15990520426,340807.75642751897,776.8677360954259,2436.86105749391,114875.99906289042,40244.473451865495,8013.822629344791,67423.91678473633,146185.5563583225,328404.11693546316
M_var_5_1.8,2358598.9666201407,349600.1325798548,1356319.4742544016,92246.89766177663,72574.530260746,203311.03676903324,341350.2190407459,106835.20459527262,277684.3601311993,230320.2497933225,622179.7336466854,3592206.7354523106,336672.5869553024,1324510.8547442262,63920.30122338858,56769.18733445753,181751.3486729273,220632.9684923318,87997.49058068664,250771.8372663293,219638.74525525604,516762.2530149819,256914.07693529478,127422.69605729578,699176.4550381424,7037.5181412378915,7322.5920966933,50074.669411362804,143709.8579196553,8556.064610716956,23112.77127944197,56860.23049591574,229066.11307376443,269804.01863172214,75636.7901769952,300517.30525002966,5462.203107741141,6201.8063415335155,42920.52345892065,92004.97872240475,6788.353684549821,20546.89080762173,50964.748765724835,149918.40875834512,2328916.3064313987,251147.3943110248,999207.0983860414,1182.881809422215,4097.935710325989,136921.74279344425,257049.9666164803,11242.636684814937,80889.63903646698,187860.10092908176,540776.9922409904,2185635.569704133,244423.61283166308,647284.1779198953,1178.6958999596152,4014.956632024928,135664.7493478382,172907.5214975365,11128.308956765237,80450.91493366518,181381.35585352025,444697.7706287224,138748.73145957003,39378.81555929338,333392.1714959004,82.0823018606649,201.46123637512926,9022.591719223552,50999.773015505576,209.47762055744556,2112.4148113957076,13036.458468723398,97879.61464998302,50835.23392073254,29600.95328801066,159098.91435570954,79.75467770634128,196.390612420119,8145.564232364041,33916.041963736745,205.55208765564834,2071.442870131987,12952.661046181704,66263.30545694486,2343838.0659359368,298309.24544061464,888411.2587633593,8765.823106077643,18548.83574011217,189558.06745346563,299536.8876545807,38905.6653000896,160907.2189898469,217465.32555453223,572614.8389511153,2170974.74368231,278345.2301262838,670978.5260254584,8123.445690105336,16183.024232547446,176157.1762634547,203563.24916346415,34067.10650063552,149702.69765037548,215520.98993456006,498818.75797916163,212047.14750383602,18732.806650861814,33068.54832466989,1671.5374179200242,2026.8738496440521,16484.220672172345,7246.422545761315,3224.2149229334764,13105.905304933805,16912.321413783055,30914.793438035453,163351.1842532329,18588.042222014243,32873.51185412763,1665.0454546659455,2022.5398427990344,16337.147142822356,7200.243385425669,3214.778657791266,13085.727800799628,16788.19205114226,30796.918563117382,2322766.1891434947,156714.51804720363,341639.20301759505,778.1817381910138,2439.1540206282834,115662.64464765403,40395.46146429106,8015.701926401298,67434.76637063516,146514.55480068622,328807.03716452274,2152701.675562159,155998.15990520426,340807.75642751897,776.8677360954259,2436.86105749391,114875.99906289042,40244.473451865495,8013.822629344791,67423.91678473633,146185.5563583225,328404.11693546316
M_var_5_3.2,2358598.9666201407,349600.1325798548,1356319.4742544016,92246.89766177663,72574.530260746,202718.33353525633,335675.7756496004,106835.20459527262,277684.3601311993,229020.59752961743,613862.0725567068,3592206.7354523106,336672.5869553024,1324510.8547442262,63920.30122338858,56769.18733445753,181330.85354401486,217684.25529953465,87997.49058068664,250771.8372663293,218358.1586294442,512303.08281156246,256914.07693529478,127422.69605729578,699176.4550381424,7037.5181412378915,7322.5920966933,49936.9434310365,141789.77695432227,8556.064610716956,23112.77127944197,56676.62171608297,224481.3417579988,269804.01863172214,75636.7901769952,300517.30525002966,5462.203107741141,6201.8063415335155,42859.34656083086,90944.4390552397,6788.353684549821,20546.89080762173,50821.948891768625,147842.8593890108,2328916.3064313987,251147.3943110248,999207.0983860414,1182.881809422215,4097.935710325989,136849.35349878098,252382.85351965117,11242.636684814937,80889.63903646698,186912.58729462736,533305.8128575376,2185635.569704133,244423.61283166308,647284.1779198953,1178.6958999596152,4014.956632024928,135608.86851947938,170621.22434430133,11128.308956765237,80450.91493366518,180661.45081852181,441697.70990716934,138748.73145957003,39378.81555929338,333392.1714959004,82.0823018606649,201.46123637512926,9011.786788890036,50399.78858267253,209.47762055744556,2112.4148113957076,13005.998053090052,95709.8991935581,50835.23392073254,29600.95328801066,159098.91435570954,79.75467770634128,196.390612420119,8142.767480717045,33594.66765324629,205.55208765564834,2071.442870131987,12925.508620243778,65274.77244962558,2343838.0659359368,298309.24544061464,888411.2587633593,8765.823106077643,18548.83574011217,188806.56487160304,295579.3919942857,38905.6653000896,160907.2189898469,216265.25080144696,566949.369882426,2170974.74368231,278345.2301262838,670978.5260254584,8123.445690105336,16183.024232547446,175658.60245238637,201290.8922836085,34067.10650063552,149702.69765037548,214293.60653624428,495283.08996564493,212047.14750383602,18732.806650861814,33068.54832466989,1671.5374179200242,2026.8738496440521,16480.181681671394,7245.345102797264,3224.2149229334764,13105.905304933805,16908.96616718571,30911.5468180046,163351.1842532329,18588.042222014243,32873.51185412763,1665.0454546659455,2022.5398427990344,16332.98686907438,7199.146812761813,3214.778657791266,13085.727800799628,16784.765621260565,30793.604681892215,2322766.1891434947,156714.51804720363,341639.20301759505,778.1817381910138,2439.1540206282834,115662.64464765403,40395.46146429106,8015.701926401298,67434.76637063516,146514.55480068622,328807.03716452274,2152701.675562159,155998.15990520426,340807.75642751897,776.8677360954259,2436.86105749391,114875.99906289042,40244.473451865495,8013.822629344791,67423.91678473633,146185.5563583225,328404.11693546316
M_var_5_5.6,2358598.9666201407,349600.1325798548,1356319.4742544016,92246.89766177663,72574.530260746,202508.56705306878,333726.6533266516,106835.20459527262,277684.3601311993,228569.00744121792,611027.6836129016,3592206.7354523106,336672.5869553024,1324510.8547442262,63920.30122338858,56769.18733445753,181181.89124980904,216664.5012696995,87997.49058068664,250771.8372663293,217913.5693787474,510769.7589136106,256914.07693529478,127422.69605729578,699176.4550381424,7037.5181412378915,7322.5920966933,49887.72052056484,141119.49937425245,8556.064610716956,23112.77127944197,56611.172247373644,222905.55878838492,269804.01863172214,75636.7901769952,300517.30525002966,5462.203107741141,6201.8063415335155,42837.34709315032,90571.21574485408,6788.353684549821,20546.89080762173,50770.85207898427,147118.12220449274,2328916.3064313987,251147.3943110248,999207.0983860414,1182.881809422215,4097.935710325989,136823.05197002867,250747.86917265115,11242.636684814937,80889.63903646698,186577.0820713297,530716.0826616278,2185635.569704133,244423.61283166308,647284.1779198953,1178.6958999596152,4014.956632024928,135588.4484513698,169807.65458504605,11128.308956765237,80450.91493366518,180404.9195610696,440637.56212076795,138748.73145957003,39378.81555929338,333392.1714959004,82.0823018606649,201.46123637512926,9007.829405161636,50184.93056404298,209.47762055744556,2112.4148113957076,12994.903164374451,94952.3332858579,50835.23392073254,29600.95328801066,159098.91435570954,79.75467770634128,196.390612420119,8141.738442655231,33478.645462169174,205.55208765564834,2071.442870131987,12915.577391311655,64923.106210965845,2343838.0659359368,298309.24544061464,888411.2587633593,8765.823106077643,18548.83574011217,188534.70433502464,294178.39828618366,38905.6653000896,160907.2189898469,215837.45220375693,564955.2009035834,2170974.74368231,278345.2301262838,670978.5260254584,8123.445690105336,16183.024232547446,175477.51117818587,200481.06868853784,34067.10650063552,149702.69765037548,213855.26478867306,494028.8219167987,212047.14750383602,18732.806650861814,33068.54832466989,1671.5374179200242,2026.8738496440521,16478.69804942756,7244.94931646611,3224.2149229334764,13105.905304933805,16907.73401146687,30910.35448685934,163351.1842532329,18588.042222014243,32873.51185412763,1665.0454546659455,2022.5398427990344,16331.458352571393,7198.743909100623,3214.778657791266,13085.727800799628,16783.507044241043,30792.387374534563,2322766.1891434947,156714.51804720363,341639.20301759505,778.1817381910138,2439.1540206282834,115662.64464765403,40395.46146429106,8015.701926401298,67434.76637063516,146514.55480068622,328807.03716452274,2152701.675562159,155998.15990520426,340807.75642751897,776.8677360954259,2436.86105749391,114875.99906289042,40244.473451865495,8013.822629344791,67423.91678473633,146185.5563583225,328404.11693546316
M_var_5_10.0,2358598.9666201407,349600.1325798548,1356319.4742544016,92246.89766177663,72574.530260746,202439.71028949766,333093.34164723556,106835.20459527262,277684.3601311993,228421.70682646066,610109.2178076183,3592206.7354523106,336672.5869553024,1324510.8547442262,63920.30122338858,56769.18733445753,181132.97743198217,216332.40215341205,87997.49058068664,250771.8372663293,217768.59422703757,510271.3859210922,256914.07693529478,127422.69605729578,699176.4550381424,7037.5181412378915,7322.5920966933,49871.50763514995,140900.5116651329,8556.064610716956,23112.77127944197,56589.634464247654,222393.43691464805,269804.01863172214,75636.7901769952,300517.30525002966,5462.203107741141,6201.8063415335155,42830.08530993549,90448.94056882922,6788.353684549821,20546.89080762173,50754.014988992494,146881.32031187913,2328916.3064313987,251147.3943110248,999207.0983860414,1182.881809422215,4097.935710325989,136814.33841171875,250213.03830429062,11242.636684814937,80889.63903646698,186466.93207974636,529872.0299054425,2185635.569704133,244423.61283166308,647284.1779198953,1178.6958999596152,4014.956632024928,135581.66959483325,169540.08220795842,11128.308956765237,80450.91493366518,180320.51155931642,440289.7453514173,138748.73145957003,39378.81555929338,333392.1714959004,82.0823018606649,201.46123637512926,9006.514600263816,50114.11043467245,209.47762055744556,2112.4148113957076,12991.224236772076,94704.79746286971,50835.23392073254,29600.95328801066,159098.91435570954,79.75467770634128,196.390612420119,8141.395992700388,33440.2941629974,205.55208765564834,2071.442870131987,12912.279435038423,64807.458205696355,2343838.0659359368,298309.24544061464,888411.2587633593,8765.823106077643,18548.83574011217,188444.77714650964,293718.45875014324,38905.6653000896,160907.2189898469,215696.6723048411,564301.8328078697,2170974.74368231,278345.2301262838,670978.5260254584,8123.445690105336,16183.024232547446,175417.52338143953,200214.59124889714,34067.10650063552,149702.69765037548,213710.92226412537,493616.7630849239,212047.14750383602,18732.806650861814,33068.54832466989,1671.5374179200242,2026.8738496440521,16478.204611492263,7244.817681355099,3224.2149229334764,13105.905304933805,16907.324249469693,30909.95796086962,163351.1842532329,18588.042222014243,32873.51185412763,1665.0454546659455,2022.5398427990344,16330.949946952534,7198.60989607823,3214.778657791266,13085.727800799628,16783.088462262378,30791.982509701345,2322766.1891434947,156714.51804720363,341639.20301759505,778.1817381910138,2439.1540206282834,115662.64464765403,40395.46146429106,8015.701926401298,67434.76637063516,146514.55480068622,328807.03716452274,2152701.675562159,155998.15990520426,340807.75642751897,776.8677360954259,2436.86105749391,114875.99906289042,40244.473451865495,8013.822629344791,67423.91678473633,146185.5563583225,328404.11693546316
M_var_6_0.1,2358598.9666201407,349600.1325798548,1356319.4742544016,92246.89766177663,72574.530260746,215741.9893896152,456992.6960408828,106835.20459527262,277684.3601311993,257791.5465735864,815756.6340015724,3592206.7354523106,336672.5869553024,1324510.8547442262,63920.30122338858,56769.18733445753,189808.7787094197,284068.1958843144,87997.49058068664,250771.8372663293,247170.3239315943,621339.023746495,256914.07693529478,127422.69605729578,699176.4550381424,7037.5181412378915,7322.5920966933,54057.11161787316,177197.0950328557,8556.064610716956,23112.77127944197,62192.72792461488,326669.2240706542,269804.01863172214,75636.7901769952,300517.30525002966,5462.203107741141,6201.8063415335155,44596.72321117899,111540.59128599294,6788.353684549821,20546.89080762173,54472.23484523602,193211.53978660618,2328916.3064313987,251147.3943110248,999207.0983860414,1182.881809422215,4097.935710325989,140600.8886839462,332226.1855555035,11242.636684814937,80889.63903646698,207635.52766041752,685311.8915483698,2185635.569704133,244423.61283166308,647284.1779198953,1178.6958999596152,4014.956632024928,138313.05793033325,213304.51697443076,11128.308956765237,80450.91493366518,198449.4649658551,508257.42570805975,138748.73145957003,39378.81555929338,333392.1714959004,82.0823018606649,201.46123637512926,10253.87831758518,60417.25000628691,209.47762055744556,2112.4148113957076,14810.043054682455,140935.728331521,50835.23392073254,29600.95328801066,159098.91435570954,79.75467770634128,196.390612420119,8862.1793088691,39626.76841909792,205.55208765564834,2071.442870131987,14460.090655419719,87118.57131634968,2343838.0659359368,298309.24544061464,888411.2587633593,8765.823106077643,18548.83574011217,200889.99082139955,353604.84389226243,38905.6653000896,160907.2189898469,235706.46325381,655603.9196583324,2170974.74368231,278345.2301262838,670978.5260254584,8123.445690105336,16183.024232547446,182452.58304913968,237514.5424824212,34067.10650063552,149702.69765037548,233324.8516208618,553174.9262265029,212047.14750383602,18732.806650861814,33068.54832466989,1671.5374179200242,2026.8738496440521,16542.195210456994,7261.945625702624,3224.2149229334764,13105.905304933805,16965.37645859667,30964.366918105392,163351.1842532329,18588.042222014243,32873.51185412763,1665.0454546659455,2022.5398427990344,16397.368829115432,7216.400618085815,3214.778657791266,13085.727800799628,16842.209641645844,30847.60112501937,2322766.1891434947,156714.51804720363,341639.20301759505,778.1817381910138,2439.1540206282834,115662.64464765403,40395.46146429106,8015.701926401298,67434.76637063516,146514.55480068622,328807.03716452274,2152701.675562159,155998.15990520426,340807.75642751897,776.8677360954259,2436.86105749391,114875.99906289042,40244.473451865495,8013.822629344791,67423.91678473633,146185.5563583225,328404.11693546316
M_var_6_0.2,2358598.9666201407,349600.1325798548,1356319.4742544016,92246.89766177663,72574.530260746,214880.713437602,446322.31352041615,106835.20459527262,277684.3601311993,255596.4466835777,796063.8156066616,3592206.7354523106,336672.5869553024,1324510.8547442262,63920.30122338858,56769.18733445753,189275.97692065526,278522.7147485396,87997.49058068664,250771.8372663293,244928.7318323924,611576.3335941756,256914.07693529478,127422.69605729578,699176.4550381424,7037.5181412378915,7322.5920966933,53788.8396761066,174660.05841855533,8556.064610716956,23112.77127944197,61825.913119212244,317526.3974435251,269804.01863172214,75636.7901769952,300517.30525002966,5462.203107741141,6201.8063415335155,44492.48141279089,110130.85567461503,6788.353684549821,20546.89080762173,54247.75234006342,189729.20833559835,2328916.3064313987,251147.3943110248,999207.0983860414,1182.881809422215,4097.935710325989,140359.0115248703,326419.4819623541,11242.636684814937,80889.63903646698,206217.37801655667,672851.130392167,2185635.569704133,244423.61283166308,647284.1779198953,1178.6958999596152,4014.956632024928,138151.5710377244,210457.63723459223,11128.308956765237,80450.91493366518,197243.5333269617,503419.9164937691,138748.73145957003,39378.81555929338,333392.1714959004,82.0823018606649,201.46123637512926,10176.0838825065,59851.355130520365,209.47762055744556,2112.4148113957076,14695.239522125643,137401.4726528469,50835.23392073254,29600.95328801066,159098.91435570954,79.75467770634128,196.390612420119,8818.882300614428,39285.63376682582,205.55208765564834,2071.442870131987,14368.34141652906,85619.16163377506,2343838.0659359368,298309.24544061464,888411.2587633593,8765.823106077643,18548.83574011217,200229.68028729619,350064.51261546795,38905.6653000896,160907.2189898469,234548.8611148845,649890.8754974124,2170974.74368231,278345.2301262838,670978.5260254584,8123.445690105336,16183.024232547446,182115.05966390943,235338.21550755636,34067.10650063552,149702.69765037548,232217.69083746598,549557.9160034424,212047.14750383602,18732.806650861814,33068.54832466989,1671.5374179200242,2026.8738496440521,16539.187240051793,7261.1398844510395,3224.2149229334764,13105.905304933805,16962.574205783196,30961.764501112615,163351.1842532329,18588.042222014243,32873.51185412763,1665.0454546659455,2022.5398427990344,16394.24869604614,7215.561171887789,3214.778657791266,13085.727800799628,16839.366005078566,30844.947393909333,2322766.1891434947,156714.51804720363,341639.20301759505,778.1817381910138,2439.1540206282834,115662.64464765403,40395.46146429106,8015.701926401298,67434.76637063516,146514.55480068622,328807.03716452274,2152701.675562159,155998.15990520426,340807.75642751897,776.8677360954259,2436.86105749391,114875.99906289042,40244.473451865495,8013.822629344791,67423.91678473633,146185.5563583225,328404.11693546316
M_var_6_0.3,2358598.9666201407,349600.1325798548,1356319.4742544016,92246.89766177663,72574.530260746,212706.9535288818,422084.23873268615,106835.20459527262,277684.3601311993,250309.62160820045,752776.5094480437,3592206.7354523106,336672.5869553024,1324510.8547442262,63920.30122338858,56769.18733445753,187917.3035419457,265611.3271494459,87997.49058068664,250771.8372663293,239560.85262518426,589299.8537574547,256914.07693529478,127422.69605729578,699176.4550381424,7037.5181412378915,7322.5920966933,53099.15875366088,168503.54345748643,8556.064610716956,23112.77127944197,60888.53077321197,296862.0300004639,269804.01863172214,75636.7901769952,300517.30525002966,5462.203107741141,6201.8063415335155,44218.85141220099,106642.24872471248,6788.353684549821,20546.89080762173,53664.804259894736,181381.7909701828,2328916.3064313987,251147.3943110248,999207.0983860414,1182.881809422215,4097.935710325989,139726.52872825752,312484.7469183798,11242.636684814937,80889.63903646698,202675.68331821312,643826.4649200668,2185635.569704133,244423.61283166308,647284.1779198953,1178.6958999596152,4014.956632024928,137721.30520419063,203366.81114026418,11128.308956765237,80450.91493366518,194203.14957966385,491566.5105270778,138748.73145957003,39378.81555929338,333392.1714959004,82.0823018606649,201.46123637512926,9969.228708580007,58381.34225651289,209.47762055744556,2112.4148113957076,14393.337969774331,129027.78998886471,50835.23392073254,29600.95328801066,159098.91435570954,79.75467770634128,196.390612420119,8702.179524766216,38392.68461946174,205.55208765564834,2071.442870131987,14123.345360935833,81884.46835511354,2343838.0659359368,298309.24544061464,888411.2587633593,8765.823106077643,18548.83574011217,198499.83131991012,341169.4413295078,38905.6653000896,160907.2189898469,231590.57015918498,635703.6578511163,2170974.74368231,278345.2301262838,670978.5260254584,8123.445690105336,16183.024232547446,181218.93964998145,229802.13369928152,34067.10650063552,149702.69765037548,229378.07685626962,540445.5984712952,212047.14750383602,18732.806650861814,33068.54832466989,1671.5374179200242,2026.8738496440521,16531.078048738535,7258.967561745164,3224.2149229334764,13105.905304933805,16955.023349487125,30954.751102056332,163351.1842532329,18588.042222014243,32873.51185412763,1665.0454546659455,2022.5398427990344,16385.831167412525,7213.296372445101,3214.778657791266,13085.727800799628,16831.698252242546,30837.79066034526,2322766.1891434947,156714.51804720363,341639.20301759505,778.1817381910138,2439.1540206282834,115662.64464765403,40395.46146429106,8015.701926401298,67434.76637063516,146514.55480068622,328807.03716452274,2152701.675562159,155998.15990520426,340807.75642751897,776.8677360954259,2436.86105749391,114875.99906289042,40244.473451865495,8013.822629344791,67423.91678473633,146185.5563583225,328404.11693546316
M_var_6_0.6,2358598.9666201407,349600.1325798548,1356319.4742544016,92246.89766177663,72574.530260746,208787.99878618732,385943.5903625204,106835.20459527262,277684.3601311993,241604.48602523195,691730.6520616274,3592206.7354523106,336672.5869553024,1324510.8547442262,63920.30122338858,56769.18733445753,185416.14425372978,245537.91431303055,87997.49058068664,250771.8372663293,230816.29672557325,555933.8735283255,256914.07693529478,127422.69605729578,699176.4550381424,7037.5181412378915,7322.5920966933,51808.20085976903,158193.97414741482,8556.064610716956,23112.77127944197,59155.42640971452,266233.1079454426,269804.01863172214,75636.7901769952,300517.30525002966,5462.203107741141,6201.8063415335155,43683.71829822305,100579.26209512496,6788.353684549821,20546.89080762173,52550.47590607697,167700.7863325216,2328916.3064313987,251147.3943110248,999207.0983860414,1182.881809422215,4097.935710325989,138499.68730827782,289604.3781542348,11242.636684814937,80889.63903646698,196423.22618505586,598694.1934134976,2185635.569704133,244423.61283166308,647284.1779198953,1178.6958999596152,4014.956632024928,136852.18957297096,190881.84412367383,11128.308956765237,80450.91493366518,188733.52753059068,471377.33463962853,138748.73145957003,39378.81555929338,333392.1714959004,82.0823018606649,201.46123637512926,9553.24685026543,55565.209246785256,209.47762055744556,2112.4148113957076,13800.613007490556,115542.46465414957,50835.23392073254,29600.95328801066,159098.91435570954,79.75467770634128,196.390612420119,8460.318558219991,36654.519660708516,205.55208765564834,2071.442870131987,13626.060407172932,75296.26046964595,2343838.0659359368,298309.24544061464,888411.2587633593,8765.823106077643,18548.83574011217,195131.11257794625,325253.55084701546,38905.6653000896,160907.2189898469,226120.754507019,610908.5443329043,2170974.74368231,278345.2301262838,670978.5260254584,8123.445690105336,16183.024232547446,179422.7935456906,219648.5365740494,34067.10650063552,149702.69765037548,224088.64157607342,524066.95129122084,212047.14750383602,18732.806650861814,33068.54832466989,1671.5374179200242,2026.8738496440521,16514.26513432014,7254.463074111766,3224.2149229334764,13105.905304933805,16939.3854046233,30940.221534146214,163351.1842532329,18588.042222014243,32873.51185412763,1665.0454546659455,2022.5398427990344,16368.351231577424,7208.592645484272,3214.778657791266,13085.727800799628,16815.793188309846,30822.94068996019,2322766.1891434947,156714.51804720363,341639.20301759505,778.1817381910138,2439.1540206282834,115662.64464765403,40395.46146429106,8015.701926401298,67434.76637063516,146514.55480068622,328807.03716452274,2152701.675562159,155998.15990520426,340807.75642751897,776.8677360954259,2436.86105749391,114875.99906289042,40244.473451865495,8013.822629344791,67423.91678473633,146185.5563583225,328404.11693546316
M_var_6_1.0,2358598.9666201407,349600.1325798548,1356319.4742544016,92246.89766177663,72574.530260746,204682.75731067968,355524.91797203966,106835.20459527262,277684.3601311993,233469.13943187645,643389.2049966872,3592206.7354523106,336672.5869553024,1324510.8547442262,63920.30122338858,56769.18733445753,182722.23970409823,227868.3448247341,87997.49058068664,250771.8372663293,222748.1188801754,527862.7916718734,256914.07693529478,127422.69605729578,699176.4550381424,7037.5181412378915,7322.5920966933,50385.936361314976,148310.24723126378,8556.064610716956,23112.77127944197,57277.82272641161,240505.55028074814,269804.01863172214,75636.7901769952,300517.30525002966,5462.203107741141,6201.8063415335155,43056.768886269834,94494.880980478,6788.353684549821,20546.89080762173,51286.56691559696,154888.2613257681,2328916.3064313987,251147.3943110248,999207.0983860414,1182.881809422215,4097.935710325989,137079.09534648966,268138.9240507375,11242.636684814937,80889.63903646698,190050.32076822448,559002.00255162,2185635.569704133,244423.61283166308,647284.1779198953,1178.6958999596152,4014.956632024928,135784.61694628475,178131.88764317252,11128.308956765237,80450.91493366518,183020.02240852755,451667.93202775065,138748.73145957003,39378.81555929338,333392.1714959004,82.0823018606649,201.46123637512926,9045.64757005716,52349.89045049128,209.47762055744556,2112.4148113957076,13102.288769160166,103080.80176504848,50835.23392073254,29600.95328801066,159098.91435570954,79.75467770634128,196.390612420119,8151.469839149551,34625.333839980165,205.55208765564834,2071.442870131987,13010.781237008936,68524.04998406288,2343838.0659359368,298309.24544061464,888411.2587633593,8765.823106077643,18548.83574011217,191208.31769724787,308694.72756462597,38905.6653000896,160907.2189898469,220194.44728546366,585908.2248744873,2170974.74368231,278345.2301262838,670978.5260254584,8123.445690105336,16183.024232547446,177241.7313558009,208736.1617946273,34067.10650063552,149702.69765037548,218299.83061291042,506955.94524680864,212047.14750383602,18732.806650861814,33068.54832466989,1671.5374179200242,2026.8738496440521,16492.781840572316,7248.706170312878,3224.2149229334764,13105.905304933805,16919.437494790614,30921.678256826694,163351.1842532329,18588.042222014243,32873.51185412763,1665.0454546659455,2022.5398427990344,16345.960997506065,7202.566367726358,3214.778657791266,13085.727800799628,16795.455408009602,30803.942403376863,2322766.1891434947,156714.51804720363,341639.20301759505,778.1817381910138,2439.1540206282834,115662.64464765403,40395.46146429106,8015.701926401298,67434.76637063516,146514.55480068622,328807.03716452274,2152701.675562159,155998.15990520426,340807.75642751897,776.8677360954259,2436.86105749391,114875.99906289042,40244.473451865495,8013.822629344791,67423.91678473633,146185.5563583225,328404.11693546316
M_var_6_1.8,2358598.9666201407,349600.1325798548,1356319.4742544016,92246.89766177663,72574.530260746,202232.83112237914,340017.73754339205,106835.20459527262,277684.3601311993,229028.28785349973,619769.50319825,3592206.7354523106,336672.5869553024,1324510.8547442262,63920.30122338858,56769.18733445753,181077.229726243,218583.93483715205,87997.49058068664,250771.8372663293,218385.65211901237,513613.81748370285,256914.07693529478,127422.69605729578,699176.4550381424,7037.5181412378915,7322.5920966933,49500.720350435346,142787.264789344,8556.064610716956,23112.77127944197,56125.65620241778,227361.91370556687,269804.01863172214,75636.7901769952,300517.30525002966,5462.203107741141,6201.8063415335155,42645.06706239638,90973.13819177634,6788.353684549821,20546.89080762173,50479.97050583682,147839.07450918134,2328916.3064313987,251147.3943110248,999207.0983860414,1182.881809422215,4097.935710325989,136155.90313532707,256318.09528547677,11242.636684814937,80889.63903646698,186330.2623996878,538177.044099148,2185635.569704133,244423.61283166308,647284.1779198953,1178.6958999596152,4014.956632024928,135052.67842614168,170641.9950137943,11128.308956765237,80450.91493366518,179618.14388262597,440526.06368325243,138748.73145957003,39378.81555929338,333392.1714959004,82.0823018606649,201.46123637512926,8699.759401067548,50278.52715458628,209.47762055744556,2112.4148113957076,12641.409513571498,96247.48021171565,50835.23392073254,29600.95328801066,159098.91435570954,79.75467770634128,196.390612420119,7931.813291048573,33292.56044010433,205.55208765564834,2071.442870131987,12586.081210397864,64508.29176354353,2343838.0659359368,298309.24544061464,888411.2587633593,8765.823106077643,18548.83574011217,188646.24006196295,298840.5191515757,38905.6653000896,160907.2189898469,216557.62101452053,571414.6866806732,2170974.74368231,278345.2301262838,670978.5260254584,8123.445690105336,16183.024232547446,175762.18904686478,202067.08993303534,34067.10650063552,149702.69765037548,214717.1468477115,496755.5023698281,212047.14750383602,18732.806650861814,33068.54832466989,1671.5374179200242,2026.8738496440521,16477.493303537474,7244.608503604945,3224.2149229334764,13105.905304933805,16905.264804963703,30908.497244460334,163351.1842532329,18588.042222014243,32873.51185412763,1665.0454546659455,2022.5398427990344,16329.989580628864,7198.266855474376,3214.778657791266,13085.727800799628,16780.972138193425,30790.406420943997,2322766.1891434947,156714.51804720363,341639.20301759505,778.1817381910138,2439.1540206282834,115662.64464765403,40395.46146429106,8015.701926401298,67434.76637063516,146514.55480068622,328807.03716452274,2152701.675562159,155998.15990520426,340807.75642751897,776.8677360954259,2436.86105749391,114875.99906289042,40244.473451865495,8013.822629344791,67423.91678473633,146185.5563583225,328404.11693546316
M_var_6_3.2,2358598.9666201407,349600.1325798548,1356319.4742544016,92246.89766177663,72574.530260746,201225.03359382937,334105.33907408424,106835.20459527262,277684.3601311993,227282.64249374278,610943.1222553699,3592206.7354523106,336672.5869553024,1324510.8547442262,63920.30122338858,56769.18733445753,180392.22077992532,214994.3095241814,87997.49058068664,250771.8372663293,216678.79917216388,508199.4287083133,256914.07693529478,127422.69605729578,699176.4550381424,7037.5181412378915,7322.5920966933,49128.278975552166,140587.43922953604,8556.064610716956,23112.77127944197,55644.61057946216,222339.2863574943,269804.01863172214,75636.7901769952,300517.30525002966,5462.203107741141,6201.8063415335155,42466.60389882846,89545.1239335227,6788.353684549821,20546.89080762173,50135.89926687465,145050.7942180052,2328916.3064313987,251147.3943110248,999207.0983860414,1182.881809422215,4097.935710325989,135758.0747631653,251640.946255675,11242.636684814937,80889.63903646698,184817.5770005913,530133.7779033909,2185635.569704133,244423.61283166308,647284.1779198953,1178.6958999596152,4014.956632024928,134727.3958118408,167580.30768298262,11128.308956765237,80450.91493366518,178220.4467379681,436066.2021325203,138748.73145957003,39378.81555929338,333392.1714959004,82.0823018606649,201.46123637512926,8546.593725417206,49388.77607800881,209.47762055744556,2112.4148113957076,12441.057407127759,93541.76936482503,50835.23392073254,29600.95328801066,159098.91435570954,79.75467770634128,196.390612420119,7832.039129919385,32713.845481060845,205.55208765564834,2071.442870131987,12396.586914920399,62855.58677457414,2343838.0659359368,298309.24544061464,888411.2587633593,8765.823106077643,18548.83574011217,187539.04647498537,294788.35726977093,38905.6653000896,160907.2189898469,215039.14420878256,565538.0948296402,2170974.74368231,278345.2301262838,670978.5260254584,8123.445690105336,16183.024232547446,175108.739933765,199285.63390967477,34067.10650063552,149702.69765037548,213214.40339468533,492559.99820181157,212047.14750383602,18732.806650861814,33068.54832466989,1671.5374179200242,2026.8738496440521,16470.546242718872,7242.746322585218,3224.2149229334764,13105.905304933805,16898.831142271218,30902.51202436928,163351.1842532329,18588.042222014243,32873.51185412763,1665.0454546659455,2022.5398427990344,16322.72190040871,7196.3101594884165,3214.778657791266,13085.727800799628,16774.3882561305,30784.251340330284,2322766.1891434947,156714.51804720363,341639.20301759505,778.1817381910138,2439.1540206282834,115662.64464765403,40395.46146429106,8015.701926401298,67434.76637063516,146514.55480068622,328807.03716452274,2152701.675562159,155998.15990520426,340807.75642751897,776.8677360954259,2436.86105749391,114875.99906289042,40244.473451865495,8013.822629344791,67423.91678473633,146185.5563583225,328404.11693546316
M_var_6_5.6,2358598.9666201407,349600.1325798548,1356319.4742544016,92246.89766177663,72574.530260746,200875.31341064433,332111.3436295686,106835.20459527262,277684.3601311993,226687.39425013852,607988.5526800697,3592206.7354523106,336672.5869553024,1324510.8547442262,63920.30122338858,56769.18733445753,180153.36392704968,213777.449399666,87997.49058068664,250771.8372663293,216097.80318526793,506376.1192508231,256914.07693529478,127422.69605729578,699176.4550381424,7037.5181412378915,7322.5920966933,48997.87719068806,139833.31757923603,8556.064610716956,23112.77127944197,55476.6986544971,220643.53877191502,269804.01863172214,75636.7901769952,300517.30525002966,5462.203107741141,6201.8063415335155,42403.360146251776,89052.20071917388,6788.353684549821,20546.89080762173,50014.76147269215,144097.32657065243,2328916.3064313987,251147.3943110248,999207.0983860414,1182.881809422215,4097.935710325989,135617.4318271274,250041.42655391555,11242.636684814937,80889.63903646698,184295.0198539645,527408.3728388393,2185635.569704133,244423.61283166308,647284.1779198953,1178.6958999596152,4014.956632024928,134610.92792805427,166520.0399591629,11128.308956765237,80450.91493366518,177735.65626957183,434534.6837292586,138748.73145957003,39378.81555929338,333392.1714959004,82.0823018606649,201.46123637512926,8491.834703787268,49074.512732809424,209.47762055744556,2112.4148113957076,12369.973419142229,92615.64936236432,50835.23392073254,29600.95328801066,159098.91435570954,79.75467770634128,196.390612420119,7795.984363434688,32508.539890598287,205.55208765564834,2071.442870131987,12328.625174734283,62281.48786552206,2343838.0659359368,298309.24544061464,888411.2587633593,8765.823106077643,18548.83574011217,187147.17223413393,293382.0674687392,38905.6653000896,160907.2189898469,214509.10349019544,563510.0161166188,2170974.74368231,278345.2301262838,670978.5260254584,8123.445690105336,16183.024232547446,174875.37748697196,198314.92939027402,34067.10650063552,149702.69765037548,212688.8964803984,491104.0386328065,212047.14750383602,18732.806650861814,33068.54832466989,1671.5374179200242,2026.8738496440521,16468.035430252505,7242.073258504963,3224.2149229334764,13105.905304933805,16896.506859354995,30900.349484466922,163351.1842532329,18588.042222014243,32873.51185412763,1665.0454546659455,2022.5398427990344,16320.093620248832,7195.602504946593,3214.778657791266,13085.727800799628,16772.008283844592,30782.026092823246,2322766.1891434947,156714.51804720363,341639.20301759505,778.1817381910138,2439.1540206282834,115662.64464765403,40395.46146429106,8015.701926401298,67434.76637063516,146514.55480068622,328807.03716452274,2152701.675562159,155998.15990520426,340807.75642751897,776.8677360954259,2436.86105749391,114875.99906289042,40244.473451865495,8013.822629344791,67423.91678473633,146185.5563583225,328404.11693546316
M_var_6_10.0,2358598.9666201407,349600.1325798548,1356319.4742544016,92246.89766177663,72574.530260746,200761.29208351875,331467.4272303632,106835.20459527262,277684.3601311993,226494.471168168,607036.8276598521,3592206.7354523106,336672.5869553024,1324510.8547442262,63920.30122338858,56769.18733445753,180075.35938766965,213383.81804489667,87997.49058068664,250771.8372663293,215909.61091139042,505787.63456237124,256914.07693529478,127422.69605729578,699176.4550381424,7037.5181412378915,7322.5920966933,48955.231155346555,139588.4536308335,8556.064610716956,23112.77127944197,55421.84324979202,220095.71968128602,269804.01863172214,75636.7901769952,300517.30525002966,5462.203107741141,6201.8063415335155,42382.59063665126,88891.77321232679,6788.353684549821,20546.89080762173,49975.06932768392,143787.9893825669,2328916.3064313987,251147.3943110248,999207.0983860414,1182.881809422215,4097.935710325989,135571.28274989934,249522.47457996936,11242.636684814937,80889.63903646698,184124.90974673998,526526.893729264,2185635.569704133,244423.61283166308,647284.1779198953,1178.6958999596152,4014.956632024928,134572.5415351772,166174.57780654644,11128.308956765237,80450.91493366518,177577.62283904344,434037.12004564266,138748.73145957003,39378.81555929338,333392.1714959004,82.0823018606649,201.46123637512926,8473.796275343828,48971.42062522581,209.47762055744556,2112.4148113957076,12346.619630696141,92315.06433653696,50835.23392073254,29600.95328801066,159098.91435570954,79.75467770634128,196.390612420119,7784.062584522914,32441.08781553762,205.55208765564834,2071.442870131987,12306.21272981015,62094.223892420225,2343838.0659359368,298309.24544061464,888411.2587633593,8765.823106077643,18548.83574011217,187018.5352987957,292923.53734715295,38905.6653000896,160907.2189898469,214335.9428800061,562850.0159414406,2170974.74368231,278345.2301262838,670978.5260254584,8123.445690105336,16183.024232547446,174798.53387916475,197997.81814770095,34067.10650063552,149702.69765037548,212517.10937436952,490629.3311671674,212047.14750383602,18732.806650861814,33068.54832466989,1671.5374179200242,2026.8738496440521,16467.205164975538,7241.850688539748,3224.2149229334764,13105.905304933805,16895.738388961985,30899.63445966489,163351.1842532329,18588.042222014243,32873.51185412763,1665.0454546659455,2022.5398427990344,16319.224325472884,7195.3684463874915,3214.778657791266,13085.727800799628,16771.22123517458,30781.290178340067,2322766.1891434947,156714.51804720363,341639.20301759505,778.1817381910138,2439.1540206282834,115662.64464765403,40395.46146429106,8015.701926401298,67434.76637063516,146514.55480068622,328807.03716452274,2152701.675562159,155998.15990520426,340807.75642751897,776.8677360954259,2436.86105749391,114875.99906289042,40244.473451865495,8013.822629344791,67423.91678473633,146185.5563583225,328404.11693546316
M_var_7_0.1,2358598.9666201407,349600.1325798548,1356319.4742544016,92246.89766177663,72574.530260746,229531.6939389743,503978.2497307738,106835.20459527262,277684.3601311993,278515.3094980187,904795.4512200285,3592206.7354523106,336672.5869553024,1324510.8547442262,63920.30122338858,56769.18733445753,197713.91595096624,321322.2696126108,87997.49058068664,250771.8372663293,268024.18198481493,692792.2888084961,256914.07693529478,127422.69605729578,699176.4550381424,7037.5181412378915,7322.5920966933,59143.593607360024,190445.73002308293,8556.064610716956,23112.77127944197,69686.8310782141,375334.10505427053,269804.01863172214,75636.7901769952,300517.30525002966,5462.203107741141,6201.8063415335155,46712.54688283654,121563.51026254427,6788.353684549821,20546.89080762173,58462.88051299097,224233.92558117257,2328916.3064313987,251147.3943110248,999207.0983860414,1182.881809422215,4097.935710325989,149845.14399716805,356511.40764563606,11242.636684814937,80889.63903646698,223776.07570616115,740239.622453692,2185635.569704133,244423.61283166308,647284.1779198953,1178.6958999596152,4014.956632024928,144558.5602377701,237641.4664568913,11128.308956765237,80450.91493366518,216317.34624282227,559828.8608000609,138748.73145957003,39378.81555929338,333392.1714959004,82.0823018606649,201.46123637512926,14455.30755181042,71167.5517010285,209.47762055744556,2112.4148113957076,19931.30697666814,170950.04796163688,50835.23392073254,29600.95328801066,159098.91435570954,79.75467770634128,196.390612420119,11613.354631330249,46859.51548802737,205.55208765564834,2071.442870131987,18523.16730097539,108089.60529678046,2343838.0659359368,298309.24544061464,888411.2587633593,8765.823106077643,18548.83574011217,211031.48906935254,371434.5581144066,38905.6653000896,160907.2189898469,248073.70316760533,685824.1997098166,2170974.74368231,278345.2301262838,670978.5260254584,8123.445690105336,16183.024232547446,187058.28605997335,254181.699333802,34067.10650063552,149702.69765037548,244507.28310025338,582652.757430056,212047.14750383602,18732.806650861814,33068.54832466989,1671.5374179200242,2026.8738496440521,16533.885025236017,7332.010755373942,3224.2149229334764,13105.905304933805,16966.883179783752,31006.011956282287,163351.1842532329,18588.042222014243,32873.51185412763,1665.0454546659455,2022.5398427990344,16390.717748060633,7287.216293055292,3214.778657791266,13085.727800799628,16844.088486090284,30889.914417452153,2322766.1891434947,156714.51804720363,341639.20301759505,778.1817381910138,2439.1540206282834,115662.64464765403,40395.46146429106,8015.701926401298,67434.76637063516,146514.55480068622,328807.03716452274,2152701.675562159,155998.15990520426,340807.75642751897,776.8677360954259,2436.86105749391,114875.99906289042,40244.473451865495,8013.822629344791,67423.91678473633,146185.5563583225,328404.11693546316
M_var_7_0.2,2358598.9666201407,349600.1325798548,1356319.4742544016,92246.89766177663,72574.530260746,227237.05578211285,484065.2107722622,106835.20459527262,277684.3601311993,273591.5262620421,866163.1923277491,3592206.7354523106,336672.5869553024,1324510.8547442262,63920.30122338858,56769.18733445753,196453.20791877297,309577.9304036602,87997.49058068664,250771.8372663293,262996.6772618181,670389.7279523042,256914.07693529478,127422.69605729578,699176.4550381424,7037.5181412378915,7322.5920966933,58410.142659105426,186132.6591813564,8556.064610716956,23112.77127944197,68600.22204410838,357063.98388267943,269804.01863172214,75636.7901769952,300517.30525002966,5462.203107741141,6201.8063415335155,46446.027209108885,118959.13951873347,6788.353684549821,20546.89080762173,57907.40267274475,216257.6225514331,2328916.3064313987,251147.3943110248,999207.0983860414,1182.881809422215,4097.935710325989,148827.59459461822,346869.50486566767,11242.636684814937,80889.63903646698,220605.14294516525,718633.0032827584,2185635.569704133,244423.61283166308,647284.1779198953,1178.6958999596152,4014.956632024928,143952.817379619,231828.34406124934,11128.308956765237,80450.91493366518,213297.1140847843,548499.0029991264,138748.73145957003,39378.81555929338,333392.1714959004,82.0823018606649,201.46123637512926,14070.106786147413,69824.95035777417,209.47762055744556,2112.4148113957076,19403.50018642301,163639.2684418834,50835.23392073254,29600.95328801066,159098.91435570954,79.75467770634128,196.390612420119,11394.414173599787,46002.19804252087,205.55208765564834,2071.442870131987,18147.60392045431,104362.9931141167,2343838.0659359368,298309.24544061464,888411.2587633593,8765.823106077643,18548.83574011217,209483.33206254165,365644.54345378873,38905.6653000896,160907.2189898469,245660.274418985,676182.6906632629,2170974.74368231,278345.2301262838,670978.5260254584,8123.445690105336,16183.024232547446,186366.8234910659,250168.0571131572,34067.10650063552,149702.69765037548,242288.26469342376,575648.5640351728,212047.14750383602,18732.806650861814,33068.54832466989,1671.5374179200242,2026.8738496440521,16531.330046305276,7326.760853145266,3224.2149229334764,13105.905304933805,16963.876783918622,31000.66171129443,163351.1842532329,18588.042222014243,32873.51185412763,1665.0454546659455,2022.5398427990344,16387.953086328976,7281.914282335001,3214.778657791266,13085.727800799628,16841.025200354765,30884.492688722054,2322766.1891434947,156714.51804720363,341639.20301759505,778.1817381910138,2439.1540206282834,115662.64464765403,40395.46146429106,8015.701926401298,67434.76637063516,146514.55480068622,328807.03716452274,2152701.675562159,155998.15990520426,340807.75642751897,776.8677360954259,2436.86105749391,114875.99906289042,40244.473451865495,8013.822629344791,67423.91678473633,146185.5563583225,328404.11693546316
M_var_7_0.3,2358598.9666201407,349600.1325798548,1356319.4742544016,92246.89766177663,72574.530260746,221753.60284539184,443443.3136351462,106835.20459527262,277684.3601311993,262538.72098903137,791019.7319676036,3592206.7354523106,336672.5869553024,1324510.8547442262,63920.30122338858,56769.18733445753,193345.64040374316,284882.0729953387,87997.49058068664,250771.8372663293,251782.0963001294,624846.593254532,256914.07693529478,127422.69605729578,699176.4550381424,7037.5181412378915,7322.5920966933,56599.87505392103,176233.61681551288,8556.064610716956,23112.77127944197,65956.65553220673,320117.3381637031,269804.01863172214,75636.7901769952,300517.30525002966,5462.203107741141,6201.8063415335155,45760.398066895454,112844.1648420196,6788.353684549821,20546.89080762173,56502.89806392006,198844.56876258148,2328916.3064313987,251147.3943110248,999207.0983860414,1182.881809422215,4097.935710325989,146277.27971873884,325301.81822936365,11242.636684814937,80889.63903646698,213074.89016643772,672039.2275690965,2185635.569704133,244423.61283166308,647284.1779198953,1178.6958999596152,4014.956632024928,142371.06811619597,218266.6289042952,11128.308956765237,80450.91493366518,206035.36642429652,522701.9646177782,138748.73145957003,39378.81555929338,333392.1714959004,82.0823018606649,201.46123637512926,13072.654306895849,66364.18065077638,209.47762055744556,2112.4148113957076,18068.37098947562,147335.3698569651,50835.23392073254,29600.95328801066,159098.91435570954,79.75467770634128,196.390612420119,10809.639237767544,43781.0903228242,205.55208765564834,2071.442870131987,17163.448968920875,95603.3107551946,2343838.0659359368,298309.24544061464,888411.2587633593,8765.823106077643,18548.83574011217,205579.24605474193,351829.2727616763,38905.6653000896,160907.2189898469,239766.6162290466,653525.3087099171,2170974.74368231,278345.2301262838,670978.5260254584,8123.445690105336,16183.024232547446,184571.0024524411,240449.65494025717,34067.10650063552,149702.69765037548,236830.45065562185,558939.0793172193,212047.14750383602,18732.806650861814,33068.54832466989,1671.5374179200242,2026.8738496440521,16524.476820816108,7312.7265678952,3224.2149229334764,13105.905304933805,16955.85074025267,30986.382673234373,163351.1842532329,18588.042222014243,32873.51185412763,1665.0454546659455,2022.5398427990344,16380.52608081957,7267.719229407619,3214.778657791266,13085.727800799628,16832.83517840967,30870.001450648942,2322766.1891434947,156714.51804720363,341639.20301759505,778.1817381910138,2439.1540206282834,115662.64464765403,40395.46146429106,8015.701926401298,67434.76637063516,146514.55480068622,328807.03716452274,2152701.675562159,155998.15990520426,340807.75642751897,776.8677360954259,2436.86105749391,114875.99906289042,40244.473451865495,8013.822629344791,67423.91678473633,146185.5563583225,328404.11693546316
M_var_7_0.6,2358598.9666201407,349600.1325798548,1356319.4742544016,92246.89766177663,72574.530260746,212855.22234127708,392172.5512833157,106835.20459527262,277684.3601311993,246483.07944996827,702572.6932612982,3592206.7354523106,336672.5869553024,1324510.8547442262,63920.30122338858,56769.18733445753,187998.15058244925,252251.36067582126,87997.49058068664,250771.8372663293,235664.3942813313,567920.3117517958,256914.07693529478,127422.69605729578,699176.4550381424,7037.5181412378915,7322.5920966933,53476.90293337456,161208.44337986014,8556.064610716956,23112.77127944197,61520.40955630451,273773.18113592523,269804.01863172214,75636.7901769952,300517.30525002966,5462.203107741141,6201.8063415335155,44475.268486598026,103181.34985725788,6788.353684549821,20546.89080762173,53961.54895356647,174390.96198691922,2328916.3064313987,251147.3943110248,999207.0983860414,1182.881809422215,4097.935710325989,141743.07479867412,293921.60426824127,11242.636684814937,80889.63903646698,200994.9609777443,608207.88806395,2185635.569704133,244423.61283166308,647284.1779198953,1178.6958999596152,4014.956632024928,139311.97043942247,197047.04872682394,11128.308956765237,80450.91493366518,194116.3638422221,484137.4506268175,138748.73145957003,39378.81555929338,333392.1714959004,82.0823018606649,201.46123637512926,11177.38783024165,59808.86571386556,209.47762055744556,2112.4148113957076,15650.401020287798,123418.28336420262,50835.23392073254,29600.95328801066,159098.91435570954,79.75467770634128,196.390612420119,9622.042723063612,39530.30838506118,205.55208765564834,2071.442870131987,15245.766552952846,81589.46035055311,2343838.0659359368,298309.24544061464,888411.2587633593,8765.823106077643,18548.83574011217,198552.63275430922,329405.3145608706,38905.6653000896,160907.2189898469,229805.23853394392,617784.0745779701,2170974.74368231,278345.2301262838,670978.5260254584,8123.445690105336,16183.024232547446,181137.43823663515,224233.06069091003,34067.10650063552,149702.69765037548,227478.2071063901,531860.4681329504,212047.14750383602,18732.806650861814,33068.54832466989,1671.5374179200242,2026.8738496440521,16510.427382552527,7284.17005472904,3224.2149229334764,13105.905304933805,16939.56810986896,30957.43352999177,163351.1842532329,18588.042222014243,32873.51185412763,1665.0454546659455,2022.5398427990344,16365.248484732214,7238.738737560922,3214.778657791266,13085.727800799628,16816.16558661591,30840.52610796025,2322766.1891434947,156714.51804720363,341639.20301759505,778.1817381910138,2439.1540206282834,115662.64464765403,40395.46146429106,8015.701926401298,67434.76637063516,146514.55480068622,328807.03716452274,2152701.675562159,155998.15990520426,340807.75642751897,776.8677360954259,2436.86105749391,114875.99906289042,40244.473451865495,8013.822629344791,67423.91678473633,146185.5563583225,328404.11693546316
M_var_7_1.0,2358598.9666201407,349600.1325798548,1356319.4742544016,92246.89766177663,72574.530260746,204682.75731067968,355524.91797203966,106835.20459527262,277684.3601311993,233469.13943187645,643389.2049966872,3592206.7354523106,336672.5869553024,1324510.8547442262,63920.30122338858,56769.18733445753,182722.23970409823,227868.3448247341,87997.49058068664,250771.8372663293,222748.1188801754,527862.7916718734,256914.07693529478,127422.69605729578,699176.4550381424,7037.5181412378915,7322.5920966933,50385.936361314976,148310.24723126378,8556.064610716956,23112.77127944197,57277.82272641161,240505.55028074814,269804.01863172214,75636.7901769952,300517.30525002966,5462.203107741141,6201.8063415335155,43056.768886269834,94494.880980478,6788.353684549821,20546.89080762173,51286.56691559696,154888.2613257681,2328916.3064313987,251147.3943110248,999207.0983860414,1182.881809422215,4097.935710325989,137079.09534648966,268138.9240507375,11242.636684814937,80889.63903646698,190050.32076822448,559002.00255162,2185635.569704133,244423.61283166308,647284.1779198953,1178.6958999596152,4014.956632024928,135784.61694628475,178131.88764317252,11128.308956765237,80450.91493366518,183020.02240852755,451667.93202775065,138748.73145957003,39378.81555929338,333392.1714959004,82.0823018606649,201.46123637512926,9045.64757005716,52349.89045049128,209.47762055744556,2112.4148113957076,13102.288769160166,103080.80176504848,50835.23392073254,29600.95328801066,159098.91435570954,79.75467770634128,196.390612420119,8151.469839149551,34625.333839980165,205.55208765564834,2071.442870131987,13010.781237008936,68524.04998406288,2343838.0659359368,298309.24544061464,888411.2587633593,8765.823106077643,18548.83574011217,191208.31769724787,308694.72756462597,38905.6653000896,160907.2189898469,220194.44728546366,585908.2248744873,2170974.74368231,278345.2301262838,670978.5260254584,8123.445690105336,16183.024232547446,177241.7313558009,208736.1617946273,34067.10650063552,149702.69765037548,218299.83061291042,506955.94524680864,212047.14750383602,18732.806650861814,33068.54832466989,1671.5374179200242,2026.8738496440521,16492.781840572316,7248.706170312878,3224.2149229334764,13105.905304933805,16919.437494790614,30921.678256826694,163351.1842532329,18588.042222014243,32873.51185412763,1665.0454546659455,2022.5398427990344,16345.960997506065,7202.566367726358,3214.778657791266,13085.727800799628,16795.455408009602,30803.942403376863,2322766.1891434947,156714.51804720363,341639.20301759505,778.1817381910138,2439.1540206282834,115662.64464765403,40395.46146429106,8015.701926401298,67434.76637063516,146514.55480068622,328807.03716452274,2152701.675562159,155998.15990520426,340807.75642751897,776.8677360954259,2436.86105749391,114875.99906289042,40244.473451865495,8013.822629344791,67423.91678473633,146185.5563583225,328404.11693546316
M_var_7_1.8,2358598.9666201407,349600.1325798548,1356319.4742544016,92246.89766177663,72574.530260746,200278.86278276326,338666.5393506377,106835.20459527262,277684.3601311993,227045.2780410039,617252.726313504,3592206.7354523106,336672.5869553024,1324510.8547442262,63920.30122338858,56769.18733445753,179720.65658176361,216332.66777985668,87997.49058068664,250771.8372663293,216420.63099431893,509685.8870322413,256914.07693529478,127422.69605729578,699176.4550381424,7037.5181412378915,7322.5920966933,48623.05601411575,141642.8780544089,8556.064610716956,23112.77127944197,54921.32267500201,225054.65249322163,269804.01863172214,75636.7901769952,300517.30525002966,5462.203107741141,6201.8063415335155,42172.486638629845,89851.22137288896,6788.353684549821,20546.89080762173,49683.89647000335,145231.52403118587,2328916.3064313987,251147.3943110248,999207.0983860414,1182.881809422215,4097.935710325989,134336.55466637833,255188.03087425194,11242.636684814937,80889.63903646698,184211.0585464025,535332.7108789401,2185635.569704133,244423.61283166308,647284.1779198953,1178.6958999596152,4014.956632024928,133500.8142231201,168057.36954236636,11128.308956765237,80450.91493366518,176980.0948128052,435142.7495601146,138748.73145957003,39378.81555929338,333392.1714959004,82.0823018606649,201.46123637512926,7695.075827734598,47488.395071274834,209.47762055744556,2112.4148113957076,11574.155441274204,92374.48451290338,50835.23392073254,29600.95328801066,159098.91435570954,79.75467770634128,196.390612420119,7135.631495074982,31389.277738318087,205.55208765564834,2071.442870131987,11549.95689443616,61187.18835699102,2343838.0659359368,298309.24544061464,888411.2587633593,8765.823106077643,18548.83574011217,186833.3040783823,297440.88164019975,38905.6653000896,160907.2189898469,214820.24493783247,569047.5414799849,2170974.74368231,278345.2301262838,670978.5260254584,8123.445690105336,16183.024232547446,174754.89431372692,200089.41698754107,34067.10650063552,149702.69765037548,213099.4825674906,493490.8401111897,212047.14750383602,18732.806650861814,33068.54832466989,1671.5374179200242,2026.8738496440521,16480.428979121723,7224.141069276485,3224.2149229334764,13105.905304933805,16905.552215355478,30897.038379312748,163351.1842532329,18588.042222014243,32873.51185412763,1665.0454546659455,2022.5398427990344,16332.392328791386,7177.39147402707,3214.778657791266,13085.727800799628,16781.104748408048,30778.6160226549,2322766.1891434947,156714.51804720363,341639.20301759505,778.1817381910138,2439.1540206282834,115662.64464765403,40395.46146429106,8015.701926401298,67434.76637063516,146514.55480068622,328807.03716452274,2152701.675562159,155998.15990520426,340807.75642751897,776.8677360954259,2436.86105749391,114875.99906289042,40244.473451865495,8013.822629344791,67423.91678473633,146185.5563583225,328404.11693546316
M_var_7_3.2,2358598.9666201407,349600.1325798548,1356319.4742544016,92246.89766177663,72574.530260746,198558.64779767182,332524.7504028921,106835.20459527262,277684.3601311993,224637.49142968017,607900.080196118,3592206.7354523106,336672.5869553024,1324510.8547442262,63920.30122338858,56769.18733445753,178516.11626090534,212077.00239949574,87997.49058068664,250771.8372663293,214057.09996228083,503110.73753967654,256914.07693529478,127422.69605729578,699176.4550381424,7037.5181412378915,7322.5920966933,47914.71744310969,139083.88994295476,8556.064610716956,23112.77127944197,53987.00417716399,219389.41206487175,269804.01863172214,75636.7901769952,300517.30525002966,5462.203107741141,6201.8063415335155,41800.11431002198,88039.34354741314,6788.353684549821,20546.89080762173,49023.252612740915,141590.13756551585,2328916.3064313987,251147.3943110248,999207.0983860414,1182.881809422215,4097.935710325989,133217.09739288365,250281.42550393514,11242.636684814937,80889.63903646698,181941.16853108548,526544.7257329624,2185635.569704133,244423.61283166308,647284.1779198953,1178.6958999596152,4014.956632024928,132518.71744573067,164129.87229235453,11128.308956765237,80450.91493366518,174609.1958894218,428851.25103160326,138748.73145957003,39378.81555929338,333392.1714959004,82.0823018606649,201.46123637512926,7121.2763485391215,45369.684776860755,209.47762055744556,2112.4148113957076,10943.914845135521,88186.25910274072,50835.23392073254,29600.95328801066,159098.91435570954,79.75467770634128,196.390612420119,6682.178572029234,29969.02535643977,205.55208765564834,2071.442870131987,10918.39757909386,58222.97158578898,2343838.0659359368,298309.24544061464,888411.2587633593,8765.823106077643,18548.83574011217,185035.32226238397,293020.34960789426,38905.6653000896,160907.2189898469,212682.28004672928,562514.2545165599,2170974.74368231,278345.2301262838,670978.5260254584,8123.445690105336,16183.024232547446,173693.91618934053,196646.65320791348,34067.10650063552,149702.69765037548,211016.9245600639,488218.4255807618,212047.14750383602,18732.806650861814,33068.54832466989,1671.5374179200242,2026.8738496440521,16474.87099814072,7213.157643379919,3224.2149229334764,13105.905304933805,16899.359459296902,30886.055083652813,163351.1842532329,18588.042222014243,32873.51185412763,1665.0454546659455,2022.5398427990344,16326.269384755118,7166.103696093613,3214.778657791266,13085.727800799628,16774.68706685649,30767.296154675954,2322766.1891434947,156714.51804720363,341639.20301759505,778.1817381910138,2439.1540206282834,115662.64464765403,40395.46146429106,8015.701926401298,67434.76637063516,146514.55480068622,328807.03716452274,2152701.675562159,155998.15990520426,340807.75642751897,776.8677360954259,2436.86105749391,114875.99906289042,40244.473451865495,8013.822629344791,67423.91678473633,146185.5563583225,328404.11693546316
M_var_7_5.6,2358598.9666201407,349600.1325798548,1356319.4742544016,92246.89766177663,72574.530260746,197973.4681363366,330487.14973441156,106835.20459527262,277684.3601311993,223830.8334416535,604817.2367297693,3592206.7354523106,336672.5869553024,1324510.8547442262,63920.30122338858,56769.18733445753,178102.12557886099,210658.69457583266,87997.49058068664,250771.8372663293,213266.2564988832,500935.3426889915,256914.07693529478,127422.69605729578,699176.4550381424,7037.5181412378915,7322.5920966933,47671.149154916915,138218.7053065284,8556.064610716956,23112.77127944197,53667.36770568566,217504.8386708999,269804.01863172214,75636.7901769952,300517.30525002966,5462.203107741141,6201.8063415335155,41669.6913250501,87422.90991066502,6788.353684549821,20546.89080762173,48793.81237488601,140366.49491413063,2328916.3064313987,251147.3943110248,999207.0983860414,1182.881809422215,4097.935710325989,132829.80619761365,248630.34319229238,11242.636684814937,80889.63903646698,181170.40224052037,523609.6143602306,2185635.569704133,244423.61283166308,647284.1779198953,1178.6958999596152,4014.956632024928,132171.81554143343,162793.85905445906,11128.308956765237,80450.91493366518,173801.17043161354,426730.7848730915,138748.73145957003,39378.81555929338,333392.1714959004,82.0823018606649,201.46123637512926,6919.585945069128,44615.33583696486,209.47762055744556,2112.4148113957076,10724.989591206519,86756.89685346313,50835.23392073254,29600.95328801066,159098.91435570954,79.75467770634128,196.390612420119,6519.5181905025065,29461.858569051106,205.55208765564834,2071.442870131987,10694.827931521784,57198.45805636219,2343838.0659359368,298309.24544061464,888411.2587633593,8765.823106077643,18548.83574011217,184411.63041134676,291512.97265806864,38905.6653000896,160907.2189898469,211949.930056772,560298.0795664275,2170974.74368231,278345.2301262838,670978.5260254584,8123.445690105336,16183.024232547446,173320.352363048,195466.5169223787,34067.10650063552,149702.69765037548,210301.74039497154,486422.95688528434,212047.14750383602,18732.806650861814,33068.54832466989,1671.5374179200242,2026.8738496440521,16472.870608916826,7209.215002250092,3224.2149229334764,13105.905304933805,16897.13883546465,30882.117541446154,163351.1842532329,18588.042222014243,32873.51185412763,1665.0454546659455,2022.5398427990344,16324.062925988357,7162.047009631839,3214.778657791266,13085.727800799628,16772.383170668603,30763.233347396243,2322766.1891434947,156714.51804720363,341639.20301759505,778.1817381910138,2439.1540206282834,115662.64464765403,40395.46146429106,8015.701926401298,67434.76637063516,146514.55480068622,328807.03716452274,2152701.675562159,155998.15990520426,340807.75642751897,776.8677360954259,2436.86105749391,114875.99906289042,40244.473451865495,8013.822629344791,67423.91678473633,146185.5563583225,328404.11693546316
M_var_7_10.0,2358598.9666201407,349600.1325798548,1356319.4742544016,92246.89766177663,72574.530260746,197783.96039729472,329832.7230148398,106835.20459527262,277684.3601311993,223570.93023939556,603829.2190499381,3592206.7354523106,336672.5869553024,1324510.8547442262,63920.30122338858,56769.18733445753,177967.59087953667,210202.4798171103,87997.49058068664,250771.8372663293,213011.5541775041,500237.30865291815,256914.07693529478,127422.69605729578,699176.4550381424,7037.5181412378915,7322.5920966933,47591.98366802179,137939.07985283667,8556.064610716956,23112.77127944197,53563.65764001692,216898.99153268343,269804.01863172214,75636.7901769952,300517.30525002966,5462.203107741141,6201.8063415335155,41627.03324782196,87223.25906844888,6788.353684549821,20546.89080762173,48718.98574007466,139971.801298336,2328916.3064313987,251147.3943110248,999207.0983860414,1182.881809422215,4097.935710325989,132703.66597977708,248097.55492970103,11242.636684814937,80889.63903646698,180920.94526991763,522664.8506370712,2185635.569704133,244423.61283166308,647284.1779198953,1178.6958999596152,4014.956632024928,132058.0204433569,162361.16085369248,11128.308956765237,80450.91493366518,173539.33184036496,426046.18731542054,138748.73145957003,39378.81555929338,333392.1714959004,82.0823018606649,201.46123637512926,6853.536958165574,44367.10663013062,209.47762055744556,2112.4148113957076,10653.587268620282,86293.32931418862,50835.23392073254,29600.95328801066,159098.91435570954,79.75467770634128,196.390612420119,6465.872474296544,29294.793444343653,205.55208765564834,2071.442870131987,10621.434356651424,56864.74212228565,2343838.0659359368,298309.24544061464,888411.2587633593,8765.823106077643,18548.83574011217,184208.31049823307,291024.40370310086,38905.6653000896,160907.2189898469,211712.2069932462,559581.050031457,2170974.74368231,278345.2301262838,670978.5260254584,8123.445690105336,16183.024232547446,173197.9473820745,195083.33018817595,34067.10650063552,149702.69765037548,210069.38990761497,485841.2836460813,212047.14750383602,18732.806650861814,33068.54832466989,1671.5374179200242,2026.8738496440521,16472.210102888585,7207.914395552331,3224.2149229334764,13105.905304933805,16896.406563176002,30880.81920193094,163351.1842532329,18588.042222014243,32873.51185412763,1665.0454546659455,2022.5398427990344,16323.33406010948,7160.708225099817,3214.778657791266,13085.727800799628,16771.62313517577,30761.893170538944,2322766.1891434947,156714.51804720363,341639.20301759505,778.1817381910138,2439.1540206282834,115662.64464765403,40395.46146429106,8015.701926401298,67434.76637063516,146514.55480068622,328807.03716452274,2152701.675562159,155998.15990520426,340807.75642751897,776.8677360954259,2436.86105749391,114875.99906289042,40244.473451865495,8013.822629344791,67423.91678473633,146185.5563583225,328404.11693546316
M_corr_all_0.1,2358598.9666201407,349600.1325798548,1356319.4742544016,92246.89766177663,72574.530260746,201207.70513369885,313138.3062860921,106835.20459527262,277684.3601311993,224933.53675612432,582838.1398513975,3592206.7354523106,336672.5869553024,1324510.8547442262,63920.30122338858,56769.18733445753,180140.16462900463,210623.1232418451,87997.49058068664,250771.8372663293,215049.86326167212,500613.0580016999,256914.07693529478,127422.69605729578,699176.4550381424,7037.5181412378915,7322.5920966933,49778.437099861585,134128.21498518906,8556.064610716956,23112.77127944197,56160.38576036282,207706.59760426934,269804.01863172214,75636.7901769952,300517.30525002966,5462.203107741141,6201.8063415335155,42602.5552543166,88616.00304819432,6788.353684549821,20546.89080762173,50252.55997547866,142711.02705393673,2328916.3064313987,251147.3943110248,999207.0983860414,1182.881809422215,4097.935710325989,137365.0437642938,237505.26999771438,11242.636684814937,80889.63903646698,185438.09345276066,513237.1663877068,2185635.569704133,244423.61283166308,647284.1779198953,1178.6958999596152,4014.956632024928,135942.72200458523,168402.0503051968,11128.308956765237,80450.91493366518,180677.84442011657,439605.88227257045,138748.73145957003,39378.81555929338,333392.1714959004,82.0823018606649,201.46123637512926,9298.230110790679,49143.43607237927,209.47762055744556,2112.4148113957076,13299.615024064004,90921.52304259251,50835.23392073254,29600.95328801066,159098.91435570954,79.75467770634128,196.390612420119,8332.346895800309,33544.07309818748,205.55208765564834,2071.442870131987,13176.434063284727,65057.784145556856,2343838.0659359368,298309.24544061464,888411.2587633593,8765.823106077643,18548.83574011217,188182.76157539574,278450.2703808801,38905.6653000896,160907.2189898469,213524.84552275372,543880.936378243,2170974.74368231,278345.2301262838,670978.5260254584,8123.445690105336,16183.024232547446,174938.79196259717,194547.5317956862,34067.10650063552,149702.69765037548,211256.12621065276,484443.2611510134,212047.14750383602,18732.806650861814,33068.54832466989,1671.5374179200242,2026.8738496440521,16505.314066735315,7255.263163751212,3224.2149229334764,13105.905304933805,16931.05456836011,30934.38174398877,163351.1842532329,18588.042222014243,32873.51185412763,1665.0454546659455,2022.5398427990344,16358.97561337607,7209.285137446209,3214.778657791266,13085.727800799628,16807.236111929506,30816.863409216116,2322766.1891434947,156714.51804720363,341639.20301759505,778.1817381910138,2439.1540206282834,115662.64464765403,40395.46146429106,8015.701926401298,67434.76637063516,146514.55480068622,328807.03716452274,2152701.675562159,155998.15990520426,340807.75642751897,776.8677360954259,2436.86105749391,114875.99906289042,40244.473451865495,8013.822629344791,67423.91678473633,146185.5563583225,328404.11693546316
M_corr_all_0.2,2358598.9666201407,349600.1325798548,1356319.4742544016,92246.89766177663,72574.530260746,198136.4948705944,284919.4461672644,106835.20459527262,277684.3601311993,218664.50982563721,545437.1844131855,3592206.7354523106,336672.5869553024,1324510.8547442262,63920.30122338858,56769.18733445753,177831.12354217455,197681.33075021757,87997.49058068664,250771.8372663293,209115.46883666186,481074.8760287767,256914.07693529478,127422.69605729578,699176.4550381424,7037.5181412378915,7322.5920966933,49237.72502643445,123725.79686002286,8556.064610716956,23112.77127944197,55173.37020215268,186366.93160345842,269804.01863172214,75636.7901769952,300517.30525002966,5462.203107741141,6201.8063415335155,42183.55036553161,83874.20186108605,6788.353684549821,20546.89080762173,49318.00118999807,133419.00091081444,2328916.3064313987,251147.3943110248,999207.0983860414,1182.881809422215,4097.935710325989,137717.21476551055,216044.92070424053,11242.636684814937,80889.63903646698,181984.79043306044,483765.7182329917,2185635.569704133,244423.61283166308,647284.1779198953,1178.6958999596152,4014.956632024928,136142.57886102842,160318.04298097745,11128.308956765237,80450.91493366518,178766.83830159152,430014.4344862389,138748.73145957003,39378.81555929338,333392.1714959004,82.0823018606649,201.46123637512926,9585.360033632196,46717.54779028902,209.47762055744556,2112.4148113957076,13536.16431648904,82785.37333246968,50835.23392073254,29600.95328801066,159098.91435570954,79.75467770634128,196.390612420119,8536.621514581017,32649.70143593531,205.55208765564834,2071.442870131987,13370.469475065443,62277.42663761331,2343838.0659359368,298309.24544061464,888411.2587633593,8765.823106077643,18548.83574011217,185501.81848826064,257086.80324721528,38905.6653000896,160907.2189898469,208508.807273442,515992.76077147044,2170974.74368231,278345.2301262838,670978.5260254584,8123.445690105336,16183.024232547446,172862.05489490565,183611.91631906864,34067.10650063552,149702.69765037548,205732.02142853645,467789.06162210106,212047.14750383602,18732.806650861814,33068.54832466989,1671.5374179200242,2026.8738496440521,16518.700850736597,7262.631680107175,3224.2149229334764,13105.905304933805,16943.50017373432,30948.204322385325,163351.1842532329,18588.042222014243,32873.51185412763,1665.0454546659455,2022.5398427990344,16372.86476714102,7216.822896832225,3214.778657791266,13085.727800799628,16819.84242406716,30830.906155888024,2322766.1891434947,156714.51804720363,341639.20301759505,778.1817381910138,2439.1540206282834,115662.64464765403,40395.46146429106,8015.701926401298,67434.76637063516,146514.55480068622,328807.03716452274,2152701.675562159,155998.15990520426,340807.75642751897,776.8677360954259,2436.86105749391,114875.99906289042,40244.473451865495,8013.822629344791,67423.91678473633,146185.5563583225,328404.11693546316
M_corr_all_0.3,2358598.9666201407,349600.1325798548,1356319.4742544016,92246.89766177663,72574.530260746,195425.58052962407,264574.15591285547,106835.20459527262,277684.3601311993,213902.8822905824,519952.50055935344,3592206.7354523106,336672.5869553024,1324510.8547442262,63920.30122338858,56769.18733445753,175768.45973624577,187578.2627704525,87997.49058068664,250771.8372663293,204420.64629828875,466380.25946011714,256914.07693529478,127422.69605729578,699176.4550381424,7037.5181412378915,7322.5920966933,48767.4839635999,115728.68663978114,8556.064610716956,23112.77127944197,54314.02703903188,171194.26051037278,269804.01863172214,75636.7901769952,300517.30525002966,5462.203107741141,6201.8063415335155,41800.88504751694,79963.9526061522,6788.353684549821,20546.89080762173,48477.21675012292,126072.29163184878,2328916.3064313987,251147.3943110248,999207.0983860414,1182.881809422215,4097.935710325989,138152.76759425082,200038.97438990974,11242.636684814937,80889.63903646698,179351.987072743,463192.27358213183,2185635.569704133,244423.61283166308,647284.1779198953,1178.6958999596152,4014.956632024928,136393.8055384676,153486.1810807755,11128.308956765237,80450.91493366518,177205.7166942855,422237.70988890255,138748.73145957003,39378.81555929338,333392.1714959004,82.0823018606649,201.46123637512926,9915.747207139146,44870.25951566786,209.47762055744556,2112.4148113957076,13822.320223567576,76987.75403135152,50835.23392073254,29600.95328801066,159098.91435570954,79.75467770634128,196.390612420119,8770.033562303546,31919.731210603386,205.55208765564834,2071.442870131987,13599.647685719454,60031.630931002546,2343838.0659359368,298309.24544061464,888411.2587633593,8765.823106077643,18548.83574011217,183129.17975588195,241086.81698415655,38905.6653000896,160907.2189898469,204633.03586367157,496119.39753489953,2170974.74368231,278345.2301262838,670978.5260254584,8123.445690105336,16183.024232547446,170987.78652961281,174896.75517524133,34067.10650063552,149702.69765037548,201294.51468556584,454964.0729148307,212047.14750383602,18732.806650861814,33068.54832466989,1671.5374179200242,2026.8738496440521,16533.05530168596,7271.019689349924,3224.2149229334764,13105.905304933805,16956.890783653347,30963.36214003947,163351.1842532329,18588.042222014243,32873.51185412763,1665.0454546659455,2022.5398427990344,16387.743285661425,7225.388037824003,3214.778657791266,13085.727800799628,16833.38895943974,30846.285782974064,2322766.1891434947,156714.51804720363,341639.20301759505,778.1817381910138,2439.1540206282834,115662.64464765403,40395.46146429106,8015.701926401298,67434.76637063516,146514.55480068622,328807.03716452274,2152701.675562159,155998.15990520426,340807.75642751897,776.8677360954259,2436.86105749391,114875.99906289042,40244.473451865495,8013.822629344791,67423.91678473633,146185.5563583225,328404.11693546316
M_corr_all_0.4,2358598.9666201407,349600.1325798548,1356319.4742544016,92246.89766177663,72574.530260746,193045.4795212471,249134.52160264397,106835.20459527262,277684.3601311993,210206.96551835287,501481.3517605785,3592206.7354523106,336672.5869553024,1324510.8547442262,63920.30122338858,56769.18733445753,173933.72024891173,179467.13369027732,87997.49058068664,250771.8372663293,200636.50446374618,454946.35156186845,256914.07693529478,127422.69605729578,699176.4550381424,7037.5181412378915,7322.5920966933,48374.89824058492,109384.85261560453,8556.064610716956,23112.77127944197,53585.32628574501,159806.36763477852,269804.01863172214,75636.7901769952,300517.30525002966,5462.203107741141,6201.8063415335155,41457.08619781808,76687.34223684801,6788.353684549821,20546.89080762173,47727.55571849538,120117.26922346791,2328916.3064313987,251147.3943110248,999207.0983860414,1182.881809422215,4097.935710325989,138696.1104194119,187607.92804055297,11242.636684814937,80889.63903646698,177336.01826620538,448070.212857591,2185635.569704133,244423.61283166308,647284.1779198953,1178.6958999596152,4014.956632024928,136709.87217981464,147638.0934764448,11128.308956765237,80450.91493366518,175939.55414499727,415844.9983173748,138748.73145957003,39378.81555929338,333392.1714959004,82.0823018606649,201.46123637512926,10301.589829046427,43483.93860010862,209.47762055744556,2112.4148113957076,14172.92325927588,72725.69101981654,50835.23392073254,29600.95328801066,159098.91435570954,79.75467770634128,196.390612420119,9040.580218057865,31341.28517295974,205.55208765564834,2071.442870131987,13873.452756420778,58224.30539416725,2343838.0659359368,298309.24544061464,888411.2587633593,8765.823106077643,18548.83574011217,181038.7020741223,228618.32672841745,38905.6653000896,160907.2189898469,201585.09533551213,481267.1812887507,2170974.74368231,278345.2301262838,670978.5260254584,8123.445690105336,16183.024232547446,169297.39480348933,167776.74976575718,34067.10650063552,149702.69765037548,197663.24121167144,444789.1640258443,212047.14750383602,18732.806650861814,33068.54832466989,1671.5374179200242,2026.8738496440521,16548.517094639148,7280.724705140089,3224.2149229334764,13105.905304933805,16971.372266168688,30980.149270969978,163351.1842532329,18588.042222014243,32873.51185412763,1665.0454546659455,2022.5398427990344,16403.752906046546,7235.278362621789,3214.778657791266,13085.727800799628,16848.01904059917,30863.294809206756,2322766.1891434947,156714.51804720363,341639.20301759505,778.1817381910138,2439.1540206282834,115662.64464765403,40395.46146429106,8015.701926401298,67434.76637063516,146514.55480068622,328807.03716452274,2152701.675562159,155998.15990520426,340807.75642751897,776.8677360954259,2436.86105749391,114875.99906289042,40244.473451865495,8013.822629344791,67423.91678473633,146185.5563583225,328404.11693546316
M_corr_all_0.5,2358598.9666201407,349600.1325798548,1356319.4742544016,92246.89766177663,72574.530260746,190981.54135830095,237004.1543702467,106835.20459527262,277684.3601311993,207308.979663639,487531.5294550032,3592206.7354523106,336672.5869553024,1324510.8547442262,63920.30122338858,56769.18733445753,172317.24704827924,172824.17544676823,87997.49058068664,250771.8372663293,197549.5220686757,445829.2925488712,256914.07693529478,127422.69605729578,699176.4550381424,7037.5181412378915,7322.5920966933,48072.675232351314,104250.34826522133,8556.064610716956,23112.77127944197,52998.42292898772,150965.56106339325,269804.01863172214,75636.7901769952,300517.30525002966,5462.203107741141,6201.8063415335155,41156.8651804168,73911.87945189857,6788.353684549821,20546.89080762173,47070.25956505144,115208.14224024182,2328916.3064313987,251147.3943110248,999207.0983860414,1182.881809422215,4097.935710325989,139383.37522613365,177698.5772393299,11242.636684814937,80889.63903646698,175814.49286741333,436575.6526573839,2185635.569704133,244423.61283166308,647284.1779198953,1178.6958999596152,4014.956632024928,137110.38733217062,142586.4089536113,11128.308956765237,80450.91493366518,174933.65332162633,410546.0828423306,138748.73145957003,39378.81555929338,333392.1714959004,82.0823018606649,201.46123637512926,10760.649294078281,42494.325576938856,209.47762055744556,2112.4148113957076,14610.077508448088,69578.7837965013,50835.23392073254,29600.95328801066,159098.91435570954,79.75467770634128,196.390612420119,9359.840740683208,30910.54944635217,205.55208765564834,2071.442870131987,14205.732336311406,56797.703413221054,2343838.0659359368,298309.24544061464,888411.2587633593,8765.823106077643,18548.83574011217,179214.39771032793,218626.80689977374,38905.6653000896,160907.2189898469,199167.69510829964,469795.5933888945,2170974.74368231,278345.2301262838,670978.5260254584,8123.445690105336,16183.024232547446,167777.15692037513,161849.95731127405,34067.10650063552,149702.69765037548,194649.67512857245,436531.62529081554,212047.14750383602,18732.806650861814,33068.54832466989,1671.5374179200242,2026.8738496440521,16565.262637845975,7292.192174948007,3224.2149229334764,13105.905304933805,16987.132025141946,30998.983464431632,163351.1842532329,18588.042222014243,32873.51185412763,1665.0454546659455,2022.5398427990344,16421.072577729577,7246.939254146213,3214.778657791266,13085.727800799628,16863.91649859408,30882.34851953319,2322766.1891434947,156714.51804720363,341639.20301759505,778.1817381910138,2439.1540206282834,115662.64464765403,40395.46146429106,8015.701926401298,67434.76637063516,146514.55480068622,328807.03716452274,2152701.675562159,155998.15990520426,340807.75642751897,776.8677360954259,2436.86105749391,114875.99906289042,40244.473451865495,8013.822629344791,67423.91678473633,146185.5563583225,328404.11693546316
M_corr_all_0.6,2358598.9666201407,349600.1325798548,1356319.4742544016,92246.89766177663,72574.530260746,189238.0480144324,227250.86772833104,106835.20459527262,277684.3601311993,205048.1031723896,476710.82052037644,3592206.7354523106,336672.5869553024,1324510.8547442262,63920.30122338858,56769.18733445753,170920.61161278348,167311.61708086537,87997.49058068664,250771.8372663293,195020.2797152389,438437.0404920506,256914.07693529478,127422.69605729578,699176.4550381424,7037.5181412378915,7322.5920966933,47883.036433219815,100054.43579426779,8556.064610716956,23112.77127944197,52577.89981195542,143976.78250144038,269804.01863172214,75636.7901769952,300517.30525002966,5462.203107741141,6201.8063415335155,40908.66637138852,71548.39220040331,6788.353684549821,20546.89080762173,46512.42492286075,111122.87603438091,2328916.3064313987,251147.3943110248,999207.0983860414,1182.881809422215,4097.935710325989,140270.86311091614,169687.32297526323,11242.636684814937,80889.63903646698,174721.59666922095,427666.74539348105,2185635.569704133,244423.61283166308,647284.1779198953,1178.6958999596152,4014.956632024928,137625.35834679005,138200.10487092056,11128.308956765237,80450.91493366518,174171.3287459184,406145.3941834666,138748.73145957003,39378.81555929338,333392.1714959004,82.0823018606649,201.46123637512926,11320.107536270325,41878.399194257814,209.47762055744556,2112.4148113957076,15168.501066438055,67328.52495674643,50835.23392073254,29600.95328801066,159098.91435570954,79.75467770634128,196.390612420119,9745.427935682495,30634.13474924009,205.55208765564834,2071.442870131987,14617.775039846816,55725.631548021454,2343838.0659359368,298309.24544061464,888411.2587633593,8765.823106077643,18548.83574011217,177652.1797304818,210463.85978908648,38905.6653000896,160907.2189898469,197256.03216968334,460735.60840546474,2170974.74368231,278345.2301262838,670978.5260254584,8123.445690105336,16183.024232547446,166418.58676625224,156846.86895843095,34067.10650063552,149702.69765037548,192123.9504888238,429713.35952234775,212047.14750383602,18732.806650861814,33068.54832466989,1671.5374179200242,2026.8738496440521,16583.52117858868,7306.129240103239,3224.2149229334764,13105.905304933805,17004.418780239448,31020.492496447976,163351.1842532329,18588.042222014243,32873.51185412763,1665.0454546659455,2022.5398427990344,16439.934782006574,7261.0769119880415,3214.778657791266,13085.727800799628,16881.324874152677,30904.070608787708,2322766.1891434947,156714.51804720363,341639.20301759505,778.1817381910138,2439.1540206282834,115662.64464765403,40395.46146429106,8015.701926401298,67434.76637063516,146514.55480068622,328807.03716452274,2152701.675562159,155998.15990520426,340807.75642751897,776.8677360954259,2436.86105749391,114875.99906289042,40244.473451865495,8013.822629344791,67423.91678473633,146185.5563583225,328404.11693546316
M_corr_all_0.7,2358598.9666201407,349600.1325798548,1356319.4742544016,92246.89766177663,72574.530260746,187849.4375537106,219310.3489890452,106835.20459527262,277684.3601311993,203342.5436316332,468205.7375581612,3592206.7354523106,336672.5869553024,1324510.8547442262,63920.30122338858,56769.18733445753,169762.98095561005,162710.09262619718,87997.49058068664,250771.8372663293,192963.43914053869,432391.16386092623,256914.07693529478,127422.69605729578,699176.4550381424,7037.5181412378915,7322.5920966933,47846.372861877004,96640.08660786644,8556.064610716956,23112.77127944197,52373.65517182223,138450.73442368984,269804.01863172214,75636.7901769952,300517.30525002966,5462.203107741141,6201.8063415335155,40728.010381222055,69540.29939859723,6788.353684549821,20546.89080762173,46071.49875779813,107723.02647480335,2328916.3064313987,251147.3943110248,999207.0983860414,1182.881809422215,4097.935710325989,141452.5227258303,163209.83865768072,11242.636684814937,80889.63903646698,174041.4723709351,420734.1020972963,2185635.569704133,244423.61283166308,647284.1779198953,1178.6958999596152,4014.956632024928,138303.89404259576,134392.0863893167,11128.308956765237,80450.91493366518,173656.00546358153,402518.90700530785,138748.73145957003,39378.81555929338,333392.1714959004,82.0823018606649,201.46123637512926,12024.414110390926,41655.798931302095,209.47762055744556,2112.4148113957076,15906.73663804556,65892.83034290724,50835.23392073254,29600.95328801066,159098.91435570954,79.75467770634128,196.390612420119,10225.95083533306,30533.59139418154,205.55208765564834,2071.442870131987,15144.651714391084,55015.50271722692,2343838.0659359368,298309.24544061464,888411.2587633593,8765.823106077643,18548.83574011217,176365.0267411985,203717.0952644705,38905.6653000896,160907.2189898469,195777.75325759628,453491.28468809585,2170974.74368231,278345.2301262838,670978.5260254584,8123.445690105336,16183.024232547446,165219.99350435927,152582.40286703603,34067.10650063552,149702.69765037548,189996.46431530645,424012.311460402,212047.14750383602,18732.806650861814,33068.54832466989,1671.5374179200242,2026.8738496440521,16603.601982539374,7323.749781889331,3224.2149229334764,13105.905304933805,17023.5770631403,31045.69433349198,163351.1842532329,18588.042222014243,32873.51185412763,1665.0454546659455,2022.5398427990344,16460.653061220924,7278.902043230232,3214.778657791266,13085.727800799628,16900.580854344367,30929.47180966851,2322766.1891434947,156714.51804720363,341639.20301759505,778.1817381910138,2439.1540206282834,115662.64464765403,40395.46146429106,8015.701926401298,67434.76637063516,146514.55480068622,328807.03716452274,2152701.675562159,155998.15990520426,340807.75642751897,776.8677360954259,2436.86105749391,114875.99906289042,40244.473451865495,8013.822629344791,67423.91678473633,146185.5563583225,328404.11693546316
M_corr_all_0.8,2358598.9666201407,349600.1325798548,1356319.4742544016,92246.89766177663,72574.530260746,186910.8485841621,212862.9057391487,106835.20459527262,277684.3601311993,202193.5795688299,461566.92620992835,3592206.7354523106,336672.5869553024,1324510.8547442262,63920.30122338858,56769.18733445753,168897.9564731224,158888.71047332822,87997.49058068664,250771.8372663293,191344.56002231318,427463.3446892018,256914.07693529478,127422.69605729578,699176.4550381424,7037.5181412378915,7322.5920966933,48042.80349846928,93949.34076103117,8556.064610716956,23112.77127944197,52491.62812780478,134224.66297793342,269804.01863172214,75636.7901769952,300517.30525002966,5462.203107741141,6201.8063415335155,40645.77879344247,67862.37773624567,6788.353684549821,20546.89080762173,45786.75612341296,104941.42048533494,2328916.3064313987,251147.3943110248,999207.0983860414,1182.881809422215,4097.935710325989,143101.03792774372,158101.07370415656,11242.636684814937,80889.63903646698,173821.8705617353,415457.26992307714,2185635.569704133,244423.61283166308,647284.1779198953,1178.6958999596152,4014.956632024928,139234.38725834852,131117.8582053461,11128.308956765237,80450.91493366518,173421.144853811,399609.6972740006,138748.73145957003,39378.81555929338,333392.1714959004,82.0823018606649,201.46123637512926,12953.36244233223,41909.057016508465,209.47762055744556,2112.4148113957076,16933.914319553438,65327.06291662603,50835.23392073254,29600.95328801066,159098.91435570954,79.75467770634128,196.390612420119,10852.38649024421,30657.09770707547,205.55208765564834,2071.442870131987,15850.082810559645,54724.46682127036,2343838.0659359368,298309.24544061464,888411.2587633593,8765.823106077643,18548.83574011217,175396.66013520682,198131.29578309643,38905.6653000896,160907.2189898469,194710.00182692576,447704.1657700154,2170974.74368231,278345.2301262838,670978.5260254584,8123.445690105336,16183.024232547446,164190.9555946511,148930.66913507725,34067.10650063552,149702.69765037548,188209.09757285955,419210.58241228614,212047.14750383602,18732.806650861814,33068.54832466989,1671.5374179200242,2026.8738496440521,16625.94429214103,7347.380493862629,3224.2149229334764,13105.905304933805,17045.113130803238,31076.42870460548,163351.1842532329,18588.042222014243,32873.51185412763,1665.0454546659455,2022.5398427990344,16483.672549171253,7302.731954467796,3214.778657791266,13085.727800799628,16922.178049817838,30960.377610296044,2322766.1891434947,156714.51804720363,341639.20301759505,778.1817381910138,2439.1540206282834,115662.64464765403,40395.46146429106,8015.701926401298,67434.76637063516,146514.55480068622,328807.03716452274,2152701.675562159,155998.15990520426,340807.75642751897,776.8677360954259,2436.86105749391,114875.99906289042,40244.473451865495,8013.822629344791,67423.91678473633,146185.5563583225,328404.11693546316
M_corr_all_0.9,2358598.9666201407,349600.1325798548,1356319.4742544016,92246.89766177663,72574.530260746,186677.49153721955,207835.79785403257,106835.20459527262,277684.3601311993,201754.73632620258,456687.28117151395,3592206.7354523106,336672.5869553024,1324510.8547442262,63920.30122338858,56769.18733445753,168466.78523100275,155810.66513690652,87997.49058068664,250771.8372663293,190206.5433801009,423572.85211236635,256914.07693529478,127422.69605729578,699176.4550381424,7037.5181412378915,7322.5920966933,48658.808582072554,92070.28440249489,8556.064610716956,23112.77127944197,53192.922464344374,131428.28329148015,269804.01863172214,75636.7901769952,300517.30525002966,5462.203107741141,6201.8063415335155,40733.64772212134,66536.75860032746,6788.353684549821,20546.89080762173,45755.335200973175,102807.84981061963,2328916.3064313987,251147.3943110248,999207.0983860414,1182.881809422215,4097.935710325989,145584.6628557644,154441.02646873842,11242.636684814937,80889.63903646698,174235.36924360011,411801.7587815156,2185635.569704133,244423.61283166308,647284.1779198953,1178.6958999596152,4014.956632024928,140601.09282158417,128394.43780675165,11128.308956765237,80450.91493366518,173562.01254974888,397453.7472154995,138748.73145957003,39378.81555929338,333392.1714959004,82.0823018606649,201.46123637512926,14272.203907948337,42852.356633854935,209.47762055744556,2112.4148113957076,18487.38242278648,65922.59687065234,50835.23392073254,29600.95328801066,159098.91435570954,79.75467770634128,196.390612420119,11729.420800506277,31112.575904321755,205.55208765564834,2071.442870131987,16868.69804066209,55013.84409242785,2343838.0659359368,298309.24544061464,888411.2587633593,8765.823106077643,18548.83574011217,174862.64892309543,193591.21688384312,38905.6653000896,160907.2189898469,194104.4801960219,443216.6032408617,2170974.74368231,278345.2301262838,670978.5260254584,8123.445690105336,16183.024232547446,163366.21231088985,145816.49248317917,34067.10650063552,149702.69765037548,186737.34530732397,415173.1955397125,212047.14750383602,18732.806650861814,33068.54832466989,1671.5374179200242,2026.8738496440521,16651.221175000268,7382.300536252567,3224.2149229334764,13105.905304933805,17069.838389656798,31116.626333311597,163351.1842532329,18588.042222014243,32873.51185412763,1665.0454546659455,2022.5398427990344,16509.674574742687,7337.815863504772,3214.778657791266,13085.727800799628,16946.905464319643,31000.685427189223,2322766.1891434947,156714.51804720363,341639.20301759505,778.1817381910138,2439.1540206282834,115662.64464765403,40395.46146429106,8015.701926401298,67434.76637063516,146514.55480068622,328807.03716452274,2152701.675562159,155998.15990520426,340807.75642751897,776.8677360954259,2436.86105749391,114875.99906289042,40244.473451865495,8013.822629344791,67423.91678473633,146185.5563583225,328404.11693546316
M_corr_all_-0.1,2358598.9666201407,349600.1325798548,1356319.4742544016,92246.89766177663,72574.530260746,208620.5491174035,428696.3949573715,106835.20459527262,277684.3601311993,245676.2661931294,760630.4727492599,3592206.7354523106,336672.5869553024,1324510.8547442262,63920.30122338858,56769.18733445753,185612.7242888695,252215.16882512337,87997.49058068664,250771.8372663293,233092.70750976997,568645.0195863796,256914.07693529478,127422.69605729578,699176.4550381424,7037.5181412378915,7322.5920966933,51058.94764479159,169110.21584313115,8556.064610716956,23112.77127944197,58533.01630555691,299924.71427956456,269804.01863172214,75636.7901769952,300517.30525002966,5462.203107741141,6201.8063415335155,43546.02839482085,102008.22526811562,6788.353684549821,20546.89080762173,52428.40021275942,171696.06568096357,2328916.3064313987,251147.3943110248,999207.0983860414,1182.881809422215,4097.935710325989,136846.91542211085,316662.83873297716,11242.636684814937,80889.63903646698,196408.5815064385,640664.0646271476,2185635.569704133,244423.61283166308,647284.1779198953,1178.6958999596152,4014.956632024928,135661.1820400617,190108.09378291422,11128.308956765237,80450.91493366518,185912.4168257097,467243.3782288065,138748.73145957003,39378.81555929338,333392.1714959004,82.0823018606649,201.46123637512926,8821.195444186991,56692.8434441363,209.47762055744556,2112.4148113957076,12936.676744842729,123534.18585802852,50835.23392073254,29600.95328801066,159098.91435570954,79.75467770634128,196.390612420119,7989.741167588658,35927.85146724244,205.55208765564834,2071.442870131987,12868.536471537935,72916.9431706316,2343838.0659359368,298309.24544061464,888411.2587633593,8765.823106077643,18548.83574011217,194626.16819853496,355697.800178034,38905.6653000896,160907.2189898469,229414.04012634978,657080.4142643556,2170974.74368231,278345.2301262838,670978.5260254584,8123.445690105336,16183.024232547446,179800.4854082828,228030.01829195945,34067.10650063552,149702.69765037548,227566.7439174036,539160.3988044895,212047.14750383602,18732.806650861814,33068.54832466989,1671.5374179200242,2026.8738496440521,16481.01088903119,7242.809917493531,3224.2149229334764,13105.905304933805,16908.55401972119,30909.929478749473,163351.1842532329,18588.042222014243,32873.51185412763,1665.0454546659455,2022.5398427990344,16333.726174593941,7196.515346304333,3214.778657791266,13085.727800799628,16784.406759412755,30791.979418311672,2322766.1891434947,156714.51804720363,341639.20301759505,778.1817381910138,2439.1540206282834,115662.64464765403,40395.46146429106,8015.701926401298,67434.76637063516,146514.55480068622,328807.03716452274,2152701.675562159,155998.15990520426,340807.75642751897,776.8677360954259,2436.86105749391,114875.99906289042,40244.473451865495,8013.822629344791,67423.91678473633,146185.5563583225,328404.11693546316
M_corr_all_-0.2,2358598.9666201407,349600.1325798548,1356319.4742544016,92246.89766177663,72574.530260746,213098.36666308672,601120.5319253072,106835.20459527262,277684.3601311993,264459.57414617646,1118975.706465859,3592206.7354523106,336672.5869553024,1324510.8547442262,63920.30122338858,56769.18733445753,188857.11015139258,289882.92398507945,87997.49058068664,250771.8372663293,247686.54919895114,637058.3281010345,256914.07693529478,127422.69605729578,699176.4550381424,7037.5181412378915,7322.5920966933,51797.994290073606,203694.49565063277,8556.064610716956,23112.77127944197,59937.49104589935,463270.0828461677,269804.01863172214,75636.7901769952,300517.30525002966,5462.203107741141,6201.8063415335155,44070.8973703174,112029.78068562377,6788.353684549821,20546.89080762173,53689.15350533758,196847.33207557708,2328916.3064313987,251147.3943110248,999207.0983860414,1182.881809422215,4097.935710325989,136659.2264299928,410875.077388792,11242.636684814937,80889.63903646698,205611.61172902427,837454.4094170788,2185635.569704133,244423.61283166308,647284.1779198953,1178.6958999596152,4014.956632024928,135567.0718576257,205298.0592543989,11128.308956765237,80450.91493366518,189531.93960463407,488094.4005121786,138748.73145957003,39378.81555929338,333392.1714959004,82.0823018606649,201.46123637512926,8620.022485729924,62850.83978394441,209.47762055744556,2112.4148113957076,12797.200801089484,168175.8573041985,50835.23392073254,29600.95328801066,159098.91435570954,79.75467770634128,196.390612420119,7843.934102519021,37502.37193364243,205.55208765564834,2071.442870131987,12745.943160045614,78636.5490854981,2343838.0659359368,298309.24544061464,888411.2587633593,8765.823106077643,18548.83574011217,198497.674666481,442451.73123112234,38905.6653000896,160907.2189898469,242893.3883652937,808531.3172733368,2170974.74368231,278345.2301262838,670978.5260254584,8123.445690105336,16183.024232547446,182651.7292985512,256173.53658595617,34067.10650063552,149702.69765037548,240279.6200134026,589358.2167680009,212047.14750383602,18732.806650861814,33068.54832466989,1671.5374179200242,2026.8738496440521,16469.923108770352,7237.461762441279,3224.2149229334764,13105.905304933805,16898.325446260154,30899.006906586867,163351.1842532329,18588.042222014243,32873.51185412763,1665.0454546659455,2022.5398427990344,16322.191775735912,7191.0189768713735,3214.778657791266,13085.727800799628,16774.01250867323,30780.8463846261,2322766.1891434947,156714.51804720363,341639.20301759505,778.1817381910138,2439.1540206282834,115662.64464765403,40395.46146429106,8015.701926401298,67434.76637063516,146514.55480068622,328807.03716452274,2152701.675562159,155998.15990520426,340807.75642751897,776.8677360954259,2436.86105749391,114875.99906289042,40244.473451865495,8013.822629344791,67423.91678473633,146185.5563583225,328404.11693546316
M_corr_all_-0.3,2358598.9666201407,349600.1325798548,1356319.4742544016,92246.89766177663,72574.530260746,218216.87925598648,,106835.20459527262,277684.3601311993,296932.0918316231,,3592206.7354523106,336672.5869553024,1324510.8547442262,63920.30122338858,56769.18733445753,192513.31744766294,358770.2288527496,87997.49058068664,250771.8372663293,269770.19258439285,780092.0167798594,256914.07693529478,127422.69605729578,699176.4550381424,7037.5181412378915,7322.5920966933,52605.0579102606,278802.55908958183,8556.064610716956,23112.77127944197,61507.04454455168,,269804.01863172214,75636.7901769952,300517.30525002966,5462.203107741141,6201.8063415335155,44632.528613666014,126272.68822961563,6788.353684549821,20546.89080762173,55082.88854780272,240229.37941169704,2328916.3064313987,251147.3943110248,999207.0983860414,1182.881809422215,4097.935710325989,136508.9663454229,753001.3963724169,11242.636684814937,80889.63903646698,219965.17361925665,5785752.796405066,2185635.569704133,244423.61283166308,647284.1779198953,1178.6958999596152,4014.956632024928,135498.16830838684,225381.01121375218,11128.308956765237,80450.91493366518,194149.6403409152,517462.6471111244,138748.73145957003,39378.81555929338,333392.1714959004,82.0823018606649,201.46123637512926,8438.380861548154,72306.71909744313,209.47762055744556,2112.4148113957076,12679.62344591516,519028.78848623903,50835.23392073254,29600.95328801066,159098.91435570954,79.75467770634128,196.390612420119,7711.545361259327,39424.1259400446,205.55208765564834,2071.442870131987,12640.102987439483,86398.91291003191,2343838.0659359368,298309.24544061464,888411.2587633593,8765.823106077643,18548.83574011217,202901.46146630243,692525.4618582955,38905.6653000896,160907.2189898469,264338.6108052829,1493006.176989985,2170974.74368231,278345.2301262838,670978.5260254584,8123.445690105336,16183.024232547446,185840.9071886047,302301.903663702,34067.10650063552,149702.69765037548,258765.45016473657,680013.8243736216,212047.14750383602,18732.806650861814,33068.54832466989,1671.5374179200242,2026.8738496440521,16459.45226968756,7232.5754234267115,3224.2149229334764,13105.905304933805,16888.685607819167,30888.807786006015,163351.1842532329,18588.042222014243,32873.51185412763,1665.0454546659455,2022.5398427990344,16311.290459512838,7185.990548108034,3214.778657791266,13085.727800799628,16764.20727920571,30770.440826474303,2322766.1891434947,156714.51804720363,341639.20301759505,778.1817381910138,2439.1540206282834,115662.64464765403,40395.46146429106,8015.701926401298,67434.76637063516,146514.55480068622,328807.03716452274,2152701.675562159,155998.15990520426,340807.75642751897,776.8677360954259,2436.86105749391,114875.99906289042,40244.473451865495,8013.822629344791,67423.91678473633,146185.5563583225,328404.11693546316
M_corr_all_-0.4,2358598.9666201407,349600.1325798548,1356319.4742544016,92246.89766177663,72574.530260746,224107.74592863518,,106835.20459527262,277684.3601311993,366332.11847572937,,3592206.7354523106,336672.5869553024,1324510.8547442262,63920.30122338858,56769.18733445753,196655.14270576375,551209.3107478956,87997.49058068664,250771.8372663293,307022.78322469624,1376969.1330282334,256914.07693529478,127422.69605729578,699176.4550381424,7037.5181412378915,7322.5920966933,53483.401735551284,893010.5023741687,8556.064610716956,23112.77127944197,63262.215567002975,,269804.01863172214,75636.7901769952,300517.30525002966,5462.203107741141,6201.8063415335155,45232.58944172099,148717.33117392228,6788.353684549821,20546.89080762173,56627.10785094965,343604.7438413085,2328916.3064313987,251147.3943110248,999207.0983860414,1182.881809422215,4097.935710325989,136390.66149674007,,11242.636684814937,80889.63903646698,245245.77629382172,,2185635.569704133,244423.61283166308,647284.1779198953,1178.6958999596152,4014.956632024928,135451.244786548,253597.24500122198,11128.308956765237,80450.91493366518,200199.63898137308,562092.2631052858,138748.73145957003,39378.81555929338,333392.1714959004,82.0823018606649,201.46123637512926,8273.32127358061,89173.96647897766,209.47762055744556,2112.4148113957076,12580.664751138678,,50835.23392073254,29600.95328801066,159098.91435570954,79.75467770634128,196.390612420119,7590.597290245146,41807.601726458866,205.55208765564834,2071.442870131987,12548.739386888847,97639.18492335377,2343838.0659359368,298309.24544061464,888411.2587633593,8765.823106077643,18548.83574011217,207938.69822675077,,38905.6653000896,160907.2189898469,303553.52064321743,,2170974.74368231,278345.2301262838,670978.5260254584,8123.445690105336,16183.024232547446,189424.61915747297,398022.7992101722,34067.10650063552,149702.69765037548,288063.1447909276,906678.7843787499,212047.14750383602,18732.806650861814,33068.54832466989,1671.5374179200242,2026.8738496440521,16449.54159779324,7228.083394192511,3224.2149229334764,13105.905304933805,16879.578201817672,30879.248386269217,163351.1842532329,18588.042222014243,32873.51185412763,1665.0454546659455,2022.5398427990344,16300.964464670302,7181.362154818419,3214.778657791266,13085.727800799628,16754.93537239377,30760.67918337748,2322766.1891434947,156714.51804720363,341639.20301759505,778.1817381910138,2439.1540206282834,115662.64464765403,40395.46146429106,8015.701926401298,67434.76637063516,146514.55480068622,328807.03716452274,2152701.675562159,155998.15990520426,340807.75642751897,776.8677360954259,2436.86105749391,114875.99906289042,40244.473451865495,8013.822629344791,67423.91678473633,146185.5563583225,328404.11693546316
M_corr_all_-0.5,2358598.9666201407,349600.1325798548,1356319.4742544016,92246.89766177663,72574.530260746,230945.05874179534,,106835.20459527262,277684.3601311993,617376.1928542509,,3592206.7354523106,336672.5869553024,1324510.8547442262,63920.30122338858,56769.18733445753,201377.27212225314,,87997.49058068664,250771.8372663293,383106.6541130707,,256914.07693529478,127422.69605729578,699176.4550381424,7037.5181412378915,7322.5920966933,54437.50208885706,,8556.064610716956,23112.77127944197,65229.130487556075,,269804.01863172214,75636.7901769952,300517.30525002966,5462.203107741141,6201.8063415335155,45873.22741639668,191872.12187510222,6788.353684549821,20546.89080762173,58343.46744266637,,2328916.3064313987,251147.3943110248,999207.0983860414,1182.881809422215,4097.935710325989,136300.00410701975,,11242.636684814937,80889.63903646698,301134.03815523715,,2185635.569704133,244423.61283166308,647284.1779198953,1178.6958999596152,4014.956632024928,135423.73748719756,297291.42935719446,11128.308956765237,80450.91493366518,208420.3313510145,639030.7534079984,138748.73145957003,39378.81555929338,333392.1714959004,82.0823018606649,201.46123637512926,8122.485578439954,132639.5226496509,209.47762055744556,2112.4148113957076,12497.74544328047,,50835.23392073254,29600.95328801066,159098.91435570954,79.75467770634128,196.390612420119,7479.502788659213,44834.93550365678,205.55208765564834,2071.442870131987,12470.03693222702,115803.14403920571,2343838.0659359368,298309.24544061464,888411.2587633593,8765.823106077643,18548.83574011217,213740.83456847415,,38905.6653000896,160907.2189898469,397715.53235032904,,2170974.74368231,278345.2301262838,670978.5260254584,8123.445690105336,16183.024232547446,193473.952029464,873946.2419702234,34067.10650063552,149702.69765037548,341495.1605851387,,212047.14750383602,18732.806650861814,33068.54832466989,1671.5374179200242,2026.8738496440521,16440.141967721353,7223.931887894645,3224.2149229334764,13105.905304933805,16870.954823633107,30870.259381378124,163351.1842532329,18588.042222014243,32873.51185412763,1665.0454546659455,2022.5398427990344,16291.163780326598,7177.079643241777,3214.778657791266,13085.727800799628,16746.14884654128,30751.492222728662,2322766.1891434947,156714.51804720363,341639.20301759505,778.1817381910138,2439.1540206282834,115662.64464765403,40395.46146429106,8015.701926401298,67434.76637063516,146514.55480068622,328807.03716452274,2152701.675562159,155998.15990520426,340807.75642751897,776.8677360954259,2436.86105749391,114875.99906289042,40244.473451865495,8013.822629344791,67423.91678473633,146185.5563583225,328404.11693546316
M_corr_all_-0.6,2358598.9666201407,349600.1325798548,1356319.4742544016,92246.89766177663,72574.530260746,238962.76377882733,,106835.20459527262,277684.3601311993,-1271273.0717171512,,3592206.7354523106,336672.5869553024,1324510.8547442262,63920.30122338858,56769.18733445753,206802.58744912033,,87997.49058068664,250771.8372663293,624325.1557067914,,256914.07693529478,127422.69605729578,699176.4550381424,7037.5181412378915,7322.5920966933,55473.05907859296,,8556.064610716956,23112.77127944197,67440.78937537158,,269804.01863172214,75636.7901769952,300517.30525002966,5462.203107741141,6201.8063415335155,46557.06447900005,341967.6357313058,6788.353684549821,20546.89080762173,60258.786153029934,,2328916.3064313987,251147.3943110248,999207.0983860414,1182.881809422215,4097.935710325989,136233.55994380842,,11242.636684814937,80889.63903646698,526095.393248023,,2185635.569704133,244423.61283166308,647284.1779198953,1178.6958999596152,4014.956632024928,135413.58549163947,378482.13746895856,11128.308956765237,80450.91493366518,220174.32520978403,810520.2281331264,138748.73145957003,39378.81555929338,333392.1714959004,82.0823018606649,201.46123637512926,7983.9619356689955,,209.47762055744556,2112.4148113957076,12428.809796345104,,50835.23392073254,29600.95328801066,159098.91435570954,79.75467770634128,196.390612420119,7376.970634917008,48815.207260409195,205.55208765564834,2071.442870131987,12402.529291570474,152435.95489371568,2343838.0659359368,298309.24544061464,888411.2587633593,8765.823106077643,18548.83574011217,220481.05265441007,,38905.6653000896,160907.2189898469,927547.7242689459,,2170974.74368231,278345.2301262838,670978.5260254584,8123.445690105336,16183.024232547446,198079.17068420627,,34067.10650063552,149702.69765037548,469558.95261710836,,212047.14750383602,18732.806650861814,33068.54832466989,1671.5374179200242,2026.8738496440521,16431.2105244021,7220.077366636136,3224.2149229334764,13105.905304933805,16862.773485831323,30861.782584716573,163351.1842532329,18588.042222014243,32873.51185412763,1665.0454546659455,2022.5398427990344,16281.844750788809,7173.099139461301,3214.778657791266,13085.727800799628,16737.806068770842,30742.821795950058,2322766.1891434947,156714.51804720363,341639.20301759505,778.1817381910138,2439.1540206282834,115662.64464765403,40395.46146429106,8015.701926401298,67434.76637063516,146514.55480068622,328807.03716452274,2152701.675562159,155998.15990520426,340807.75642751897,776.8677360954259,2436.86105749391,114875.99906289042,40244.473451865495,8013.822629344791,67423.91678473633,146185.5563583225,328404.11693546316
M_corr_all_-0.7,2358598.9666201407,349600.1325798548,1356319.4742544016,92246.89766177663,72574.530260746,248481.82775018874,,106835.20459527262,277684.3601311993,-100852.47720009377,,3592206.7354523106,336672.5869553024,1324510.8547442262,63920.30122338858,56769.18733445753,213092.97458737847,,87997.49058068664,250771.8372663293,-5335446.257020121,,256914.07693529478,127422.69605729578,699176.4550381424,7037.5181412378915,7322.5920966933,56597.072629001166,,8556.064610716956,23112.77127944197,69938.92248277705,,269804.01863172214,75636.7901769952,300517.30525002966,5462.203107741141,6201.8063415335155,47287.21305435687,,6788.353684549821,20546.89080762173,62406.44967588067,,2328916.3064313987,251147.3943110248,999207.0983860414,1182.881809422215,4097.935710325989,136188.5612244208,,11242.636684814937,80889.63903646698,-584061.8480170564,,2185635.569704133,244423.61283166308,647284.1779198953,1178.6958999596152,4014.956632024928,135419.1163430523,626594.0722350315,11128.308956765237,80450.91493366518,238280.94306822185,1895249.9114227034,138748.73145957003,39378.81555929338,333392.1714959004,82.0823018606649,201.46123637512926,7856.181277988185,,209.47762055744556,2112.4148113957076,12372.200591667994,,50835.23392073254,29600.95328801066,159098.91435570954,79.75467770634128,196.390612420119,7281.937598535824,54323.778412952684,205.55208765564834,2071.442870131987,12345.019208013271,311104.5422167718,2343838.0659359368,298309.24544061464,888411.2587633593,8765.823106077643,18548.83574011217,228391.58206139423,,38905.6653000896,160907.2189898469,-411568.7761570392,,2170974.74368231,278345.2301262838,670978.5260254584,8123.445690105336,16183.024232547446,203356.43093562653,,34067.10650063552,149702.69765037548,1188660.2314119814,,212047.14750383602,18732.806650861814,33068.54832466989,1671.5374179200242,2026.8738496440521,16422.7096139233,7216.484097978961,3224.2149229334764,13105.905304933805,16854.99748214559,30853.768582180837,163351.1842532329,18588.042222014243,32873.51185412763,1665.0454546659455,2022.5398427990344,16272.968993413784,7169.384603732124,3214.778657791266,13085.727800799628,16729.870603156753,30734.618486730375,2322766.1891434947,156714.51804720363,341639.20301759505,778.1817381910138,2439.1540206282834,115662.64464765403,40395.46146429106,8015.701926401298,67434.76637063516,146514.55480068622,328807.03716452274,2152701.675562159,155998.15990520426,340807.75642751897,776.8677360954259,2436.86105749391,114875.99906289042,40244.473451865495,8013.822629344791,67423.91678473633,146185.5563583225,328404.11693546316
M_corr_all_-0.8,2358598.9666201407,349600.1325798548,1356319.4742544016,92246.89766177663,72574.530260746,259954.00099077311,,106835.20459527262,277684.3601311993,22028.827540951912,86526.4474222943,3592206.7354523106,336672.5869553024,1324510.8547442262,63920.30122338858,56769.18733445753,220465.68233294904,,87997.49058068664,250771.8372663293,-236325.62391767168,,256914.07693529478,127422.69605729578,699176.4550381424,7037.5181412378915,7322.5920966933,57817.9794553721,,8556.064610716956,23112.77127944197,72776.63907377399,,269804.01863172214,75636.7901769952,300517.30525002966,5462.203107741141,6201.8063415335155,48067.31101137467,,6788.353684549821,20546.89080762173,64828.365571264934,,2328916.3064313987,251147.3943110248,999207.0983860414,1182.881809422215,4097.935710325989,136162.75689254113,,11242.636684814937,80889.63903646698,-33937.75277264839,,2185635.569704133,244423.61283166308,647284.1779198953,1178.6958999596152,4014.956632024928,135438.962519104,,11128.308956765237,80450.91493366518,269667.54583936,,138748.73145957003,39378.81555929338,333392.1714959004,82.0823018606649,201.46123637512926,7737.841810182883,,209.47762055744556,2112.4148113957076,12326.568982799037,,50835.23392073254,29600.95328801066,159098.91435570954,79.75467770634128,196.390612420119,7193.518776241155,62590.88356089513,205.55208765564834,2071.442870131987,12296.520175968964,,2343838.0659359368,298309.24544061464,888411.2587633593,8765.823106077643,18548.83574011217,237790.6134619281,,38905.6653000896,160907.2189898469,-41804.68525406698,,2170974.74368231,278345.2301262838,670978.5260254584,8123.445690105336,16183.024232547446,209457.5834683884,,34067.10650063552,149702.69765037548,-631367.7781981161,,212047.14750383602,18732.806650861814,33068.54832466989,1671.5374179200242,2026.8738496440521,16414.60594168627,7213.122395813553,3224.2149229334764,13105.905304933805,16847.594501713167,30846.174978801202,163351.1842532329,18588.042222014243,32873.51185412763,1665.0454546659455,2022.5398427990344,16264.502546550477,7165.906068811606,3214.778657791266,13085.727800799628,16722.310343122143,30726.839868481966,2322766.1891434947,156714.51804720363,341639.20301759505,778.1817381910138,2439.1540206282834,115662.64464765403,40395.46146429106,8015.701926401298,67434.76637063516,146514.55480068622,328807.03716452274,2152701.675562159,155998.15990520426,340807.75642751897,776.8677360954259,2436.86105749391,114875.99906289042,40244.473451865495,8013.822629344791,67423.91678473633,146185.5563583225,328404.11693546316
M_corr_all_-0.9,2358598.9666201407,349600.1325798548,1356319.4742544016,92246.89766177663,72574.530260746,274035.2187278705,,106835.20459527262,277684.3601311993,68897.8405969016,168991.67387185345,3592206.7354523106,336672.5869553024,1324510.8547442262,63920.30122338858,56769.18733445753,229218.80527362085,,87997.49058068664,250771.8372663293,-45395.83423411736,,256914.07693529478,127422.69605729578,699176.4550381424,7037.5181412378915,7322.5920966933,59145.853522774225,,8556.064610716956,23112.77127944197,76022.22794092855,,269804.01863172214,75636.7901769952,300517.30525002966,5462.203107741141,6201.8063415335155,48901.574538029075,,6788.353684549821,20546.89080762173,67577.71354263018,,2328916.3064313987,251147.3943110248,999207.0983860414,1182.881809422215,4097.935710325989,136154.30241468715,,11242.636684814937,80889.63903646698,45343.88884401643,114835.92954433366,2185635.569704133,244423.61283166308,647284.1779198953,1178.6958999596152,4014.956632024928,135471.99938229605,,11128.308956765237,80450.91493366518,337129.11516836815,,138748.73145957003,39378.81555929338,333392.1714959004,82.0823018606649,201.46123637512926,7627.852959732117,,209.47762055744556,2112.4148113957076,12290.808324221745,,50835.23392073254,29600.95328801066,159098.91435570954,79.75467770634128,196.390612420119,7110.97061293376,76925.62257590619,205.55208765564834,2071.442870131987,12256.213163961163,,2343838.0659359368,298309.24544061464,888411.2587633593,8765.823106077643,18548.83574011217,249125.57968466883,,38905.6653000896,160907.2189898469,39803.57444096874,120506.52391384605,2170974.74368231,278345.2301262838,670978.5260254584,8123.445690105336,16183.024232547446,216584.8477470979,,34067.10650063552,149702.69765037548,-127704.56676416399,,212047.14750383602,18732.806650861814,33068.54832466989,1671.5374179200242,2026.8738496440521,16406.86990065615,7209.967328782338,3224.2149229334764,13105.905304933805,16840.5359284791,30838.965074739044,163351.1842532329,18588.042222014243,32873.51185412763,1665.0454546659455,2022.5398427990344,16256.415189627412,7162.638345833897,3214.778657791266,13085.727800799628,16715.096824684595,30719.44918823557,2322766.1891434947,156714.51804720363,341639.20301759505,778.1817381910138,2439.1540206282834,115662.64464765403,40395.46146429106,8015.701926401298,67434.76637063516,146514.55480068622,328807.03716452274,2152701.675562159,155998.15990520426,340807.75642751897,776.8677360954259,2436.86105749391,114875.99906289042,40244.473451865495,8013.822629344791,67423.91678473633,146185.5563583225,328404.11693546316
M_corr_pair_0.1,2358598.9666201407,349600.1325798548,1356319.4742544016,92246.89766177663,72574.530260746,203211.32544320467,340216.6920808841,106835.20459527262,277684.3601311993,230257.79567017558,620855.9062937277,3592206.7354523106,336672.5869553024,1324510.8547442262,63920.30122338858,56769.18733445753,181681.93690352773,220880.74807133587,87997.49058068664,250771.8372663293,219658.2448930847,516960.114227439,256914.07693529478,127422.69605729578,699176.4550381424,7037.5181412378915,7322.5920966933,49958.325210861934,143171.60899159536,8556.064610716956,23112.77127944197,56698.1669978215,228186.60987683357,269804.01863172214,75636.7901769952,300517.30525002966,5462.203107741141,6201.8063415335155,42851.172195001185,92089.6700880419,6788.353684549821,20546.89080762173,50853.8628889017,149983.17916030623,2328916.3064313987,251147.3943110248,999207.0983860414,1182.881809422215,4097.935710325989,136555.4914469449,256647.99739711615,11242.636684814937,80889.63903646698,187899.72160732522,541106.2982812577,2185635.569704133,244423.61283166308,647284.1779198953,1178.6958999596152,4014.956632024928,135387.61707531867,173416.8173721468,11128.308956765237,80450.91493366518,181260.75299935852,445123.85184895905,138748.73145957003,39378.81555929338,333392.1714959004,82.0823018606649,201.46123637512926,8794.790260870659,50308.3605706865,209.47762055744556,2112.4148113957076,12822.196399023569,97286.2019798221,50835.23392073254,29600.95328801066,159098.91435570954,79.75467770634128,196.390612420119,7983.956286937234,33669.66510394043,205.55208765564834,2071.442870131987,12756.990413631102,66056.54188929652,2343838.0659359368,298309.24544061464,888411.2587633593,8765.823106077643,18548.83574011217,189614.27584381992,298090.2218396097,38905.6653000896,160907.2189898469,217522.7083282499,570929.6638751891,2170974.74368231,278345.2301262838,670978.5260254584,8123.445690105336,16183.024232547446,176207.41173853705,203601.26204736735,34067.10650063552,149702.69765037548,215581.20077345805,498766.6797059524,212047.14750383602,18732.806650861814,33068.54832466989,1671.5374179200242,2026.8738496440521,16480.155598501904,7244.455720948861,3224.2149229334764,13105.905304933805,16907.745842171353,30909.95963896052,163351.1842532329,18588.042222014243,32873.51185412763,1665.0454546659455,2022.5398427990344,16332.661981556948,7198.10574499529,3214.778657791266,13085.727800799628,16783.439848083293,30791.86185765645,2322766.1891434947,156714.51804720363,341639.20301759505,778.1817381910138,2439.1540206282834,115662.64464765403,40395.46146429106,8015.701926401298,67434.76637063516,146514.55480068622,328807.03716452274,2152701.675562159,155998.15990520426,340807.75642751897,776.8677360954259,2436.86105749391,114875.99906289042,40244.473451865495,8013.822629344791,67423.91678473633,146185.5563583225,328404.11693546316
M_corr_pair_0.2,2358598.9666201407,349600.1325798548,1356319.4742544016,92246.89766177663,72574.530260746,201885.12946169233,327278.78923467075,106835.20459527262,277684.3601311993,227465.54646061428,602352.6535729868,3592206.7354523106,336672.5869553024,1324510.8547442262,63920.30122338858,56769.18733445753,180733.5572793604,214856.19059710045,87997.49058068664,250771.8372663293,216974.5259741484,507719.1683321497,256914.07693529478,127422.69605729578,699176.4550381424,7037.5181412378915,7322.5920966933,49580.3949397907,138663.37185896284,8556.064610716956,23112.77127944197,56181.16637954795,217898.90526477902,269804.01863172214,75636.7901769952,300517.30525002966,5462.203107741141,6201.8063415335155,42662.56359516981,89947.7995827649,6788.353684549821,20546.89080762173,50457.194416538885,145712.81116398238,2328916.3064313987,251147.3943110248,999207.0983860414,1182.881809422215,4097.935710325989,136121.9670128503,246773.78636909986,11242.636684814937,80889.63903646698,186037.6537556469,526257.7268414927,2185635.569704133,244423.61283166308,647284.1779198953,1178.6958999596152,4014.956632024928,135050.5332774556,169278.13900007677,11128.308956765237,80450.91493366518,179752.84647734388,439528.5878332995,138748.73145957003,39378.81555929338,333392.1714959004,82.0823018606649,201.46123637512926,8584.100521902463,48521.994770984355,209.47762055744556,2112.4148113957076,12590.055141338225,92453.95584605316,50835.23392073254,29600.95328801066,159098.91435570954,79.75467770634128,196.390612420119,7841.920223588315,32826.204941425654,205.55208765564834,2071.442870131987,12541.44028900459,63934.97617702158,2343838.0659359368,298309.24544061464,888411.2587633593,8765.823106077643,18548.83574011217,188166.32137470794,288835.5905134837,38905.6653000896,160907.2189898469,215156.62946847887,558122.5127045681,2170974.74368231,278345.2301262838,670978.5260254584,8123.445690105336,16183.024232547446,175248.3097186372,199029.6896749507,34067.10650063552,149702.69765037548,213155.303785259,491574.0673201871,212047.14750383602,18732.806650861814,33068.54832466989,1671.5374179200242,2026.8738496440521,16468.97749275056,7241.074629598713,3224.2149229334764,13105.905304933805,16897.443239364093,30899.784906147,163351.1842532329,18588.042222014243,32873.51185412763,1665.0454546659455,2022.5398427990344,16320.859540370004,7194.531932286668,3214.778657791266,13085.727800799628,16772.820803478247,30781.34105305019,2322766.1891434947,156714.51804720363,341639.20301759505,778.1817381910138,2439.1540206282834,115662.64464765403,40395.46146429106,8015.701926401298,67434.76637063516,146514.55480068622,328807.03716452274,2152701.675562159,155998.15990520426,340807.75642751897,776.8677360954259,2436.86105749391,114875.99906289042,40244.473451865495,8013.822629344791,67423.91678473633,146185.5563583225,328404.11693546316
M_corr_pair_0.3,2358598.9666201407,349600.1325798548,1356319.4742544016,92246.89766177663,72574.530260746,200692.37817885875,316204.55169676675,106835.20459527262,277684.3601311993,225030.95442316364,586914.5042095141,3592206.7354523106,336672.5869553024,1324510.8547442262,63920.30122338858,56769.18733445753,179872.39698360953,209617.14976116753,87997.49058068664,250771.8372663293,214633.7379260486,499808.6868779074,256914.07693529478,127422.69605729578,699176.4550381424,7037.5181412378915,7322.5920966933,49247.16983312159,134683.35360295846,8556.064610716956,23112.77127944197,55721.74056601678,209184.38664071017,269804.01863172214,75636.7901769952,300517.30525002966,5462.203107741141,6201.8063415335155,42490.876074591535,88034.77413608557,6788.353684549821,20546.89080762173,50095.79725893225,141974.91776396215,2328916.3064313987,251147.3943110248,999207.0983860414,1182.881809422215,4097.935710325989,135767.80816850907,238196.35937726247,11242.636684814937,80889.63903646698,184423.6790402027,513766.379162525,2185635.569704133,244423.61283166308,647284.1779198953,1178.6958999596152,4014.956632024928,134769.6864322902,165626.27537877535,11128.308956765237,80450.91493366518,178461.52480811163,434719.9795441926,138748.73145957003,39378.81555929338,333392.1714959004,82.0823018606649,201.46123637512926,8409.966869723443,46958.34000616768,209.47762055744556,2112.4148113957076,12400.567867286583,88379.86583777425,50835.23392073254,29600.95328801066,159098.91435570954,79.75467770634128,196.390612420119,7724.153752487798,32085.237235251923,205.55208765564834,2071.442870131987,12361.759190607772,62107.6795272254,2343838.0659359368,298309.24544061464,888411.2587633593,8765.823106077643,18548.83574011217,186855.24019474865,280702.9149742881,38905.6653000896,160907.2189898469,213061.61193925902,547079.345342773,2170974.74368231,278345.2301262838,670978.5260254584,8123.445690105336,16183.024232547446,174363.41852893925,194948.4178368187,34067.10650063552,149702.69765037548,210990.33556440994,485234.2525802942,212047.14750383602,18732.806650861814,33068.54832466989,1671.5374179200242,2026.8738496440521,16459.052222600258,7238.542383520894,3224.2149229334764,13105.905304933805,16888.343789898336,30891.000203254185,163351.1842532329,18588.042222014243,32873.51185412763,1665.0454546659455,2022.5398427990344,16310.355262014438,7191.823623690979,3214.778657791266,13085.727800799628,16763.413757040475,30772.22653492084,2322766.1891434947,156714.51804720363,341639.20301759505,778.1817381910138,2439.1540206282834,115662.64464765403,40395.46146429106,8015.701926401298,67434.76637063516,146514.55480068622,328807.03716452274,2152701.675562159,155998.15990520426,340807.75642751897,776.8677360954259,2436.86105749391,114875.99906289042,40244.473451865495,8013.822629344791,67423.91678473633,146185.5563583225,328404.11693546316
M_corr_pair_0.4,2358598.9666201407,349600.1325798548,1356319.4742544016,92246.89766177663,72574.530260746,199638.14001286,306665.6326908106,106835.20459527262,277684.3601311993,222923.40348368775,573926.5054679664,3592206.7354523106,336672.5869553024,1324510.8547442262,63920.30122338858,56769.18733445753,179105.46162665845,205057.20388047808,87997.49058068664,250771.8372663293,212604.6384860874,493028.1055665057,256914.07693529478,127422.69605729578,699176.4550381424,7037.5181412378915,7322.5920966933,48959.57303243354,131167.35717611286,8556.064610716956,23112.77127944197,55322.719810385046,201753.69666833122,269804.01863172214,75636.7901769952,300517.30525002966,5462.203107741141,6201.8063415335155,42338.76547465095,86333.50461596207,6788.353684549821,20546.89080762173,49773.78734575991,138713.41783789173,2328916.3064313987,251147.3943110248,999207.0983860414,1182.881809422215,4097.935710325989,135492.39366026712,230702.6203041257,11242.636684814937,80889.63903646698,183038.79869030608,503185.04699841357,2185635.569704133,244423.61283166308,647284.1779198953,1178.6958999596152,4014.956632024928,134548.77237008006,162410.10072468134,11128.308956765237,80450.91493366518,177372.69025957517,430606.93244081485,138748.73145957003,39378.81555929338,333392.1714959004,82.0823018606649,201.46123637512926,8273.093011706389,45602.57111037467,209.47762055744556,2112.4148113957076,12253.784369058201,84939.05001472626,50835.23392073254,29600.95328801066,159098.91435570954,79.75467770634128,196.390612420119,7632.51452298333,31446.463318886512,205.55208765564834,2071.442870131987,12220.029614437846,60550.63940363587,2343838.0659359368,298309.24544061464,888411.2587633593,8765.823106077643,18548.83574011217,185685.3487581845,273539.2124456745,38905.6653000896,160907.2189898469,211222.05717136784,537527.6082736662,2170974.74368231,278345.2301262838,670978.5260254584,8123.445690105336,16183.024232547446,173559.46374267343,191315.74550590976,34067.10650063552,149702.69765037548,209072.44331821677,479660.91542687966,212047.14750383602,18732.806650861814,33068.54832466989,1671.5374179200242,2026.8738496440521,16450.241711535145,7236.920316243331,3224.2149229334764,13105.905304933805,16880.320127185125,30883.564221849665,163351.1842532329,18588.042222014243,32873.51185412763,1665.0454546659455,2022.5398427990344,16301.010673470606,7190.042608514525,3214.778657791266,13085.727800799628,16755.09288868485,30764.47802657678,2322766.1891434947,156714.51804720363,341639.20301759505,778.1817381910138,2439.1540206282834,115662.64464765403,40395.46146429106,8015.701926401298,67434.76637063516,146514.55480068622,328807.03716452274,2152701.675562159,155998.15990520426,340807.75642751897,776.8677360954259,2436.86105749391,114875.99906289042,40244.473451865495,8013.822629344791,67423.91678473633,146185.5563583225,328404.11693546316
M_corr_pair_0.5,2358598.9666201407,349600.1325798548,1356319.4742544016,92246.89766177663,72574.530260746,198767.66035497026,298511.25960761507,106835.20459527262,277684.3601311993,221167.1996289094,563086.2868558104,3592206.7354523106,336672.5869553024,1324510.8547442262,63920.30122338858,56769.18733445753,178470.2584700929,201160.54000650957,87997.49058068664,250771.8372663293,210910.40335816948,487334.79548596975,256914.07693529478,127422.69605729578,699176.4550381424,7037.5181412378915,7322.5920966933,48731.761698713744,128104.24344944274,8556.064610716956,23112.77127944197,55005.70725448593,195481.83808012845,269804.01863172214,75636.7901769952,300517.30525002966,5462.203107741141,6201.8063415335155,42216.39065834462,84857.83651061714,6788.353684549821,20546.89080762173,49508.469433759965,135943.86832886646,2328916.3064313987,251147.3943110248,999207.0983860414,1182.881809422215,4097.935710325989,135315.90835683022,224185.6350311349,11242.636684814937,80889.63903646698,181900.90120163676,494285.37577043386,2185635.569704133,244423.61283166308,647284.1779198953,1178.6958999596152,4014.956632024928,134409.28222824083,159634.33107704337,11128.308956765237,80450.91493366518,176509.32998003106,427199.1352086779,138748.73145957003,39378.81555929338,333392.1714959004,82.0823018606649,201.46123637512926,8183.711982811626,44472.01971941813,209.47762055744556,2112.4148113957076,12160.805452723356,82092.23444569537,50835.23392073254,29600.95328801066,159098.91435570954,79.75467770634128,196.390612420119,7576.350872011448,30930.211637525048,205.55208765564834,2071.442870131987,12128.8058947805,59285.50518040193,2343838.0659359368,298309.24544061464,888411.2587633593,8765.823106077643,18548.83574011217,184691.34311868576,267280.0852463457,38905.6653000896,160907.2189898469,209658.3702293681,529341.7637920065,2170974.74368231,278345.2301262838,670978.5260254584,8123.445690105336,16183.024232547446,172862.933281663,188141.0489990165,34067.10650063552,149702.69765037548,207422.5950364863,474855.759008448,212047.14750383602,18732.806650861814,33068.54832466989,1671.5374179200242,2026.8738496440521,16442.472909341803,7236.414111263259,3224.2149229334764,13105.905304933805,16873.310048634958,30877.653468826058,163351.1842532329,18588.042222014243,32873.51185412763,1665.0454546659455,2022.5398427990344,16292.75868139633,7189.398217369224,3214.778657791266,13085.727800799628,16747.79970855948,30758.275658410406,2322766.1891434947,156714.51804720363,341639.20301759505,778.1817381910138,2439.1540206282834,115662.64464765403,40395.46146429106,8015.701926401298,67434.76637063516,146514.55480068622,328807.03716452274,2152701.675562159,155998.15990520426,340807.75642751897,776.8677360954259,2436.86105749391,114875.99906289042,40244.473451865495,8013.822629344791,67423.91678473633,146185.5563583225,328404.11693546316
M_corr_pair_0.6,2358598.9666201407,349600.1325798548,1356319.4742544016,92246.89766177663,72574.530260746,198338.97092978156,292106.9061326386,106835.20459527262,277684.3601311993,220043.19573729558,554895.163772747,3592206.7354523106,336672.5869553024,1324510.8547442262,63920.30122338858,56769.18733445753,178171.49941288962,198247.17654334448,87997.49058068664,250771.8372663293,209823.9670595538,483256.69786029827,256914.07693529478,127422.69605729578,699176.4550381424,7037.5181412378915,7322.5920966933,48644.08775670548,125685.44671234496,8556.064610716956,23112.77127944197,54889.12412315965,190708.1920379804,269804.01863172214,75636.7901769952,300517.30525002966,5462.203107741141,6201.8063415335155,42174.2897370267,83757.97737897384,6788.353684549821,20546.89080762173,49387.862509819075,133981.0479115709,2328916.3064313987,251147.3943110248,999207.0983860414,1182.881809422215,4097.935710325989,135343.23331916987,218783.08974275645,11242.636684814937,80889.63903646698,181164.2330073411,487296.1816283418,2185635.569704133,244423.61283166308,647284.1779198953,1178.6958999596152,4014.956632024928,134449.10751081852,157487.18939958216,11128.308956765237,80450.91493366518,176034.50553280558,424837.36531356367,138748.73145957003,39378.81555929338,333392.1714959004,82.0823018606649,201.46123637512926,8191.0998259442695,43703.720950695264,209.47762055744556,2112.4148113957076,12177.051572865028,80025.43225764514,50835.23392073254,29600.95328801066,159098.91435570954,79.75467770634128,196.390612420119,7596.750260680499,30640.14583921881,205.55208765564834,2071.442870131987,12144.441673091944,58497.22025354338,2343838.0659359368,298309.24544061464,888411.2587633593,8765.823106077643,18548.83574011217,184034.31400102537,262106.886916953,38905.6653000896,160907.2189898469,208530.27388905853,522776.3057472333,2170974.74368231,278345.2301262838,670978.5260254584,8123.445690105336,16183.024232547446,172386.64608394212,185615.30745508644,34067.10650063552,149702.69765037548,206198.5065689299,471123.841893987,212047.14750383602,18732.806650861814,33068.54832466989,1671.5374179200242,2026.8738496440521,16435.821861734243,7237.6430990562685,3224.2149229334764,13105.905304933805,16867.386401668253,30874.265288399463,163351.1842532329,18588.042222014243,32873.51185412763,1665.0454546659455,2022.5398427990344,16285.706732174447,7190.526961742143,3214.778657791266,13085.727800799628,16741.62279846769,30754.632377523954,2322766.1891434947,156714.51804720363,341639.20301759505,778.1817381910138,2439.1540206282834,115662.64464765403,40395.46146429106,8015.701926401298,67434.76637063516,146514.55480068622,328807.03716452274,2152701.675562159,155998.15990520426,340807.75642751897,776.8677360954259,2436.86105749391,114875.99906289042,40244.473451865495,8013.822629344791,67423.91678473633,146185.5563583225,328404.11693546316
M_corr_pair_0.7,2358598.9666201407,349600.1325798548,1356319.4742544016,92246.89766177663,72574.530260746,,,106835.20459527262,277684.3601311993,,,3592206.7354523106,336672.5869553024,1324510.8547442262,63920.30122338858,56769.18733445753,,,87997.49058068664,250771.8372663293,,,256914.07693529478,127422.69605729578,699176.4550381424,7037.5181412378915,7322.5920966933,,,8556.064610716956,23112.77127944197,,,269804.01863172214,75636.7901769952,300517.30525002966,5462.203107741141,6201.8063415335155,,,6788.353684549821,20546.89080762173,,,2328916.3064313987,251147.3943110248,999207.0983860414,1182.881809422215,4097.935710325989,,,11242.636684814937,80889.63903646698,,,2185635.569704133,244423.61283166308,647284.1779198953,1178.6958999596152,4014.956632024928,,,11128.308956765237,80450.91493366518,,,138748.73145957003,39378.81555929338,333392.1714959004,82.0823018606649,201.46123637512926,,,209.47762055744556,2112.4148113957076,,,50835.23392073254,29600.95328801066,159098.91435570954,79.75467770634128,196.390612420119,,,205.55208765564834,2071.442870131987,,,2343838.0659359368,298309.24544061464,888411.2587633593,8765.823106077643,18548.83574011217,,,38905.6653000896,160907.2189898469,,,2170974.74368231,278345.2301262838,670978.5260254584,8123.445690105336,16183.024232547446,,,34067.10650063552,149702.69765037548,,,212047.14750383602,18732.806650861814,33068.54832466989,1671.5374179200242,2026.8738496440521,,,3224.2149229334764,13105.905304933805,,,163351.1842532329,18588.042222014243,32873.51185412763,1665.0454546659455,2022.5398427990344,,,3214.778657791266,13085.727800799628,,,2322766.1891434947,156714.51804720363,341639.20301759505,778.1817381910138,2439.1540206282834,115662.64464765403,40395.46146429106,8015.701926401298,67434.76637063516,146514.55480068622,328807.03716452274,2152701.675562159,155998.15990520426,340807.75642751897,776.8677360954259,2436.86105749391,114875.99906289042,40244.473451865495,8013.822629344791,67423.91678473633,146185.5563583225,328404.11693546316
M_corr_pair_0.8,2358598.9666201407,349600.1325798548,1356319.4742544016,92246.89766177663,72574.530260746,195200.96269319527,276323.28348346456,106835.20459527262,277684.3601311993,215367.8989786894,533925.8736211983,3592206.7354523106,336672.5869553024,1324510.8547442262,63920.30122338858,56769.18733445753,175658.16526026977,189985.58562331236,87997.49058068664,250771.8372663293,205232.3096273612,470641.2342594574,256914.07693529478,127422.69605729578,699176.4550381424,7037.5181412378915,7322.5920966933,47706.294099274244,119242.14075593725,8556.064610716956,23112.77127944197,53508.957138746395,177887.27876727548,269804.01863172214,75636.7901769952,300517.30525002966,5462.203107741141,6201.8063415335155,41587.7488492789,80334.6639498566,6788.353684549821,20546.89080762173,48287.83113999427,127273.83185914495,2328916.3064313987,251147.3943110248,999207.0983860414,1182.881809422215,4097.935710325989,133209.29412932426,204384.73138183562,11242.636684814937,80889.63903646698,176551.25510181583,466489.8522030887,2185635.569704133,244423.61283166308,647284.1779198953,1178.6958999596152,4014.956632024928,132493.84515731965,149453.78186124878,11128.308956765237,80450.91493366518,171774.64598212944,413050.7801112739,138748.73145957003,39378.81555929338,333392.1714959004,82.0823018606649,201.46123637512926,7165.709973478089,39179.50541425637,209.47762055744556,2112.4148113957076,11046.325214881066,71296.05856552867,50835.23392073254,29600.95328801066,159098.91435570954,79.75467770634128,196.390612420119,6764.066605758504,27869.382649527,205.55208765564834,2071.442870131987,10999.984523368368,52980.5603465923,2343838.0659359368,298309.24544061464,888411.2587633593,8765.823106077643,18548.83574011217,180197.3407645529,248521.13812168688,38905.6653000896,160907.2189898469,203694.0008372403,504594.51398881065,2170974.74368231,278345.2301262838,670978.5260254584,8123.445690105336,16183.024232547446,169587.41290411277,177455.9292276731,34067.10650063552,149702.69765037548,201134.18627372707,458426.39667326875,212047.14750383602,18732.806650861814,33068.54832466989,1671.5374179200242,2026.8738496440521,16422.19644171394,7239.166085534675,3224.2149229334764,13105.905304933805,16856.277514817924,30849.847955227346,163351.1842532329,18588.042222014243,32873.51185412763,1665.0454546659455,2022.5398427990344,16270.739614541455,7191.514724717674,3214.778657791266,13085.727800799628,16729.66042938107,30729.415337082453,2322766.1891434947,156714.51804720363,341639.20301759505,778.1817381910138,2439.1540206282834,115662.64464765403,40395.46146429106,8015.701926401298,67434.76637063516,146514.55480068622,328807.03716452274,2152701.675562159,155998.15990520426,340807.75642751897,776.8677360954259,2436.86105749391,114875.99906289042,40244.473451865495,8013.822629344791,67423.91678473633,146185.5563583225,328404.11693546316
M_corr_pair_0.9,2358598.9666201407,349600.1325798548,1356319.4742544016,92246.89766177663,72574.530260746,195727.1533479725,273496.68605942256,106835.20459527262,277684.3601311993,215542.2018707402,530858.0401678769,3592206.7354523106,336672.5869553024,1324510.8547442262,63920.30122338858,56769.18733445753,175947.23010740176,189498.66980182906,87997.49058068664,250771.8372663293,205337.95593942577,470019.90192455705,256914.07693529478,127422.69605729578,699176.4550381424,7037.5181412378915,7322.5920966933,47938.29705295272,118266.31416191232,8556.064610716956,23112.77127944197,53802.04275001647,176111.768239168,269804.01863172214,75636.7901769952,300517.30525002966,5462.203107741141,6201.8063415335155,41701.202711905134,80221.52324536105,6788.353684549821,20546.89080762173,48452.28894403997,127151.6113598421,2328916.3064313987,251147.3943110248,999207.0983860414,1182.881809422215,4097.935710325989,133897.33013712388,202058.48320185923,11242.636684814937,80889.63903646698,177073.68607668564,464627.84058762743,2185635.569704133,244423.61283166308,647284.1779198953,1178.6958999596152,4014.956632024928,133135.2006608707,149320.40488913594,11128.308956765237,80450.91493366518,172548.77610534185,413925.6163104757,138748.73145957003,39378.81555929338,333392.1714959004,82.0823018606649,201.46123637512926,7524.4608730602795,39667.9145525585,209.47762055744556,2112.4148113957076,11454.28849381501,71600.92483300822,50835.23392073254,29600.95328801066,159098.91435570954,79.75467770634128,196.390612420119,7071.802210940322,28414.5488645856,205.55208765564834,2071.442870131987,11413.12419199273,53826.896434382696,2343838.0659359368,298309.24544061464,888411.2587633593,8765.823106077643,18548.83574011217,180761.64018783113,246379.16604330545,38905.6653000896,160907.2189898469,203960.7589773968,502378.466807289,2170974.74368231,278345.2301262838,670978.5260254584,8123.445690105336,16183.024232547446,169889.16327087188,176934.61581344059,34067.10650063552,149702.69765037548,201238.07714398936,457837.5348795459,212047.14750383602,18732.806650861814,33068.54832466989,1671.5374179200242,2026.8738496440521,16419.394033635283,7253.549345885278,3224.2149229334764,13105.905304933805,16854.81679497934,30856.359291147353,163351.1842532329,18588.042222014243,32873.51185412763,1665.0454546659455,2022.5398427990344,16267.868753511804,7205.92892513301,3214.778657791266,13085.727800799628,16728.026452687376,30735.816000359067,2322766.1891434947,156714.51804720363,341639.20301759505,778.1817381910138,2439.1540206282834,115662.64464765403,40395.46146429106,8015.701926401298,67434.76637063516,146514.55480068622,328807.03716452274,2152701.675562159,155998.15990520426,340807.75642751897,776.8677360954259,2436.86105749391,114875.99906289042,40244.473451865495,8013.822629344791,67423.91678473633,146185.5563583225,328404.11693546316
M_corr_pair_-0.1,2358598.9666201407,349600.1325798548,1356319.4742544016,92246.89766177663,72574.530260746,206324.4232709295,373968.4905285832,106835.20459527262,277684.3601311993,237192.61762162656,671460.5143057983,3592206.7354523106,336672.5869553024,1324510.8547442262,63920.30122338858,56769.18733445753,183867.2695146301,236088.23044982037,87997.49058068664,250771.8372663293,226342.03642247748,540933.9152323778,256914.07693529478,127422.69605729578,699176.4550381424,7037.5181412378915,7322.5920966933,50873.07187849813,154225.97060678265,8556.064610716956,23112.77127944197,57931.38258442076,255565.13729982596,269804.01863172214,75636.7901769952,300517.30525002966,5462.203107741141,6201.8063415335155,43281.06349296222,97215.19053364197,6788.353684549821,20546.89080762173,51759.12251665469,160582.39979068292,2328916.3064313987,251147.3943110248,999207.0983860414,1182.881809422215,4097.935710325989,137712.12672930103,281714.820151265,11242.636684814937,80889.63903646698,192551.2100256971,580996.9402622296,2185635.569704133,244423.61283166308,647284.1779198953,1178.6958999596152,4014.956632024928,136250.20936784995,183555.93536081942,11128.308956765237,80450.91493366518,185085.2859504946,459405.13201447314,138748.73145957003,39378.81555929338,333392.1714959004,82.0823018606649,201.46123637512926,9343.559975126169,54695.19843754911,209.47762055744556,2112.4148113957076,13440.118296425095,110151.97816275175,50835.23392073254,29600.95328801066,159098.91435570954,79.75467770634128,196.390612420119,8347.652456519412,35709.977699634976,205.55208765564834,2071.442870131987,13308.257318626398,71417.7619175602,2343838.0659359368,298309.24544061464,888411.2587633593,8765.823106077643,18548.83574011217,192967.56653501978,320969.60650744796,38905.6653000896,160907.2189898469,223223.08070697612,603641.7114429517,2170974.74368231,278345.2301262838,670978.5260254584,8123.445690105336,16183.024232547446,178356.8448251244,214538.77586256413,34067.10650063552,149702.69765037548,221358.4104878697,516346.5817986632,212047.14750383602,18732.806650861814,33068.54832466989,1671.5374179200242,2026.8738496440521,16507.118900581998,7253.911315700177,3224.2149229334764,13105.905304933805,16932.772835521184,30935.190161069135,163351.1842532329,18588.042222014243,32873.51185412763,1665.0454546659455,2022.5398427990344,16361.02404540167,7208.00060394182,3214.778657791266,13085.727800799628,16809.12001064234,30817.83148520256,2322766.1891434947,156714.51804720363,341639.20301759505,778.1817381910138,2439.1540206282834,115662.64464765403,40395.46146429106,8015.701926401298,67434.76637063516,146514.55480068622,328807.03716452274,2152701.675562159,155998.15990520426,340807.75642751897,776.8677360954259,2436.86105749391,114875.99906289042,40244.473451865495,8013.822629344791,67423.91678473633,146185.5563583225,328404.11693546316
M_corr_pair_-0.2,2358598.9666201407,349600.1325798548,1356319.4742544016,92246.89766177663,72574.530260746,208177.2287284828,396740.44120891456,106835.20459527262,277684.3601311993,241564.23605797128,707534.1652420091,3592206.7354523106,336672.5869553024,1324510.8547442262,63920.30122338858,56769.18733445753,185138.67815446528,245953.04711176074,87997.49058068664,250771.8372663293,230587.46073580734,556962.3766007165,256914.07693529478,127422.69605729578,699176.4550381424,7037.5181412378915,7322.5920966933,51435.54433189873,161128.52695178243,8556.064610716956,23112.77127944197,58677.46575910568,274505.75506335846,269804.01863172214,75636.7901769952,300517.30525002966,5462.203107741141,6201.8063415335155,43527.30364628242,100324.89303022789,6788.353684549821,20546.89080762173,52278.305258491695,167294.6532965911,2328916.3064313987,251147.3943110248,999207.0983860414,1182.881809422215,4097.935710325989,138484.52452767934,298077.03756032884,11242.636684814937,80889.63903646698,195492.05299467978,608752.7477670249,2185635.569704133,244423.61283166308,647284.1779198953,1178.6958999596152,4014.956632024928,136798.0698806141,189881.2641187218,11128.308956765237,80450.91493366518,187536.63301981872,468697.41296514025,138748.73145957003,39378.81555929338,333392.1714959004,82.0823018606649,201.46123637512926,9698.994941195277,57412.43945780091,209.47762055744556,2112.4148113957076,13850.866224443404,118993.05085805322,50835.23392073254,29600.95328801066,159098.91435570954,79.75467770634128,196.390612420119,8577.561354143212,36947.78748895897,205.55208765564834,2071.442870131987,13657.950973182267,74856.5488656248,2343838.0659359368,298309.24544061464,888411.2587633593,8765.823106077643,18548.83574011217,194921.65483386957,335367.3890972852,38905.6653000896,160907.2189898469,226679.2034254172,624975.6757998725,2170974.74368231,278345.2301262838,670978.5260254584,8123.445690105336,16183.024232547446,179562.19856204817,221153.19901207232,34067.10650063552,149702.69765037548,224821.89444016872,527223.1321901659,212047.14750383602,18732.806650861814,33068.54832466989,1671.5374179200242,2026.8738496440521,16523.518859294916,7260.223387361952,3224.2149229334764,13105.905304933805,16948.097654686655,30950.85465993006,163351.1842532329,18588.042222014243,32873.51185412763,1665.0454546659455,2022.5398427990344,16378.209243890578,7214.562558418011,3214.778657791266,13085.727800799628,16824.77571628853,30833.886844353117,2322766.1891434947,156714.51804720363,341639.20301759505,778.1817381910138,2439.1540206282834,115662.64464765403,40395.46146429106,8015.701926401298,67434.76637063516,146514.55480068622,328807.03716452274,2152701.675562159,155998.15990520426,340807.75642751897,776.8677360954259,2436.86105749391,114875.99906289042,40244.473451865495,8013.822629344791,67423.91678473633,146185.5563583225,328404.11693546316
M_corr_pair_-0.3,2358598.9666201407,349600.1325798548,1356319.4742544016,92246.89766177663,72574.530260746,210306.13717752593,425811.8753205815,106835.20459527262,277684.3601311993,246786.6169765012,755941.1986074533,3592206.7354523106,336672.5869553024,1324510.8547442262,63920.30122338858,56769.18733445753,186570.71469097806,258124.72558855262,87997.49058068664,250771.8372663293,235712.6509145457,577240.8137265173,256914.07693529478,127422.69605729578,699176.4550381424,7037.5181412378915,7322.5920966933,52098.10567530662,169325.54845745454,8556.064610716956,23112.77127944197,59545.71569515097,299286.2261138607,269804.01863172214,75636.7901769952,300517.30525002966,5462.203107741141,6201.8063415335155,43800.67344247225,103931.73929070578,6788.353684549821,20546.89080762173,52854.70324132036,175374.20838763495,2328916.3064313987,251147.3943110248,999207.0983860414,1182.881809422215,4097.935710325989,139441.75301831044,318323.9427924012,11242.636684814937,80889.63903646698,199004.06498040675,645054.3376660767,2185635.569704133,244423.61283166308,647284.1779198953,1178.6958999596152,4014.956632024928,137448.18098417707,197392.17772851363,11128.308956765237,80450.91493366518,190491.50506743524,480093.58369050175,138748.73145957003,39378.81555929338,333392.1714959004,82.0823018606649,201.46123637512926,10127.180406892394,60596.61431791174,209.47762055744556,2112.4148113957076,14357.494195479858,130419.33761670592,50835.23392073254,29600.95328801066,159098.91435570954,79.75467770634128,196.390612420119,8848.47628050043,38372.355126068294,205.55208765564834,2071.442870131987,14072.27568548466,79018.48744978374,2343838.0659359368,298309.24544061464,888411.2587633593,8765.823106077643,18548.83574011217,197114.1248592938,352543.25461820466,38905.6653000896,160907.2189898469,230659.29324098202,651175.0485287077,2170974.74368231,278345.2301262838,670978.5260254584,8123.445690105336,16183.024232547446,180871.52002341664,228779.6078698682,34067.10650063552,149702.69765037548,228778.7905940831,539985.6907918146,212047.14750383602,18732.806650861814,33068.54832466989,1671.5374179200242,2026.8738496440521,16542.460241185054,7267.878000200115,3224.2149229334764,13105.905304933805,16965.887189012436,30969.178942931154,163351.1842532329,18588.042222014243,32873.51185412763,1665.0454546659455,2022.5398427990344,16398.00212507625,7222.489877000765,3214.778657791266,13085.727800799628,16842.89105642144,30852.612018099655,2322766.1891434947,156714.51804720363,341639.20301759505,778.1817381910138,2439.1540206282834,115662.64464765403,40395.46146429106,8015.701926401298,67434.76637063516,146514.55480068622,328807.03716452274,2152701.675562159,155998.15990520426,340807.75642751897,776.8677360954259,2436.86105749391,114875.99906289042,40244.473451865495,8013.822629344791,67423.91678473633,146185.5563583225,328404.11693546316
M_corr_pair_-0.4,2358598.9666201407,349600.1325798548,1356319.4742544016,92246.89766177663,72574.530260746,212817.54195508608,464723.2357707066,106835.20459527262,277684.3601311993,253175.4735483456,825147.4542263766,3592206.7354523106,336672.5869553024,1324510.8547442262,63920.30122338858,56769.18733445753,188218.39614019674,273743.8558551908,87997.49058068664,250771.8372663293,242090.73500433698,604058.6599096924,256914.07693529478,127422.69605729578,699176.4550381424,7037.5181412378915,7322.5920966933,52900.48220428543,179287.6804178429,8556.064610716956,23112.77127944197,60584.457990875475,333616.1073125477,269804.01863172214,75636.7901769952,300517.30525002966,5462.203107741141,6201.8063415335155,44109.23975072651,108197.4172116853,6788.353684549821,20546.89080762173,53504.6601389902,185380.78188124893,2328916.3064313987,251147.3943110248,999207.0983860414,1182.881809422215,4097.935710325989,140654.37519600248,344288.54888586793,11242.636684814937,80889.63903646698,203285.52506935538,694984.7846988266,2185635.569704133,244423.61283166308,647284.1779198953,1178.6958999596152,4014.956632024928,138229.51832233588,206525.59555243445,11128.308956765237,80450.91493366518,194126.62084591747,494462.6874199475,138748.73145957003,39378.81555929338,333392.1714959004,82.0823018606649,201.46123637512926,10650.359212321493,64382.23875035782,209.47762055744556,2112.4148113957076,14995.36115664262,145887.50219228232,50835.23392073254,29600.95328801066,159098.91435570954,79.75467770634128,196.390612420119,9170.686856889566,40030.38014333875,205.55208765564834,2071.442870131987,14569.142683285103,84180.32282777708,2343838.0659359368,298309.24544061464,888411.2587633593,8765.823106077643,18548.83574011217,199609.39443647696,373482.6002065035,38905.6653000896,160907.2189898469,235297.24987494043,684221.5170838953,2170974.74368231,278345.2301262838,670978.5260254584,8123.445690105336,16183.024232547446,182304.1398634641,237702.90423081748,34067.10650063552,149702.69765037548,233351.46831208555,555212.653597635,212047.14750383602,18732.806650861814,33068.54832466989,1671.5374179200242,2026.8738496440521,16564.609399101355,7277.228500666501,3224.2149229334764,13105.905304933805,16986.81040900157,30990.88743429645,163351.1842532329,18588.042222014243,32873.51185412763,1665.0454546659455,2022.5398427990344,16421.07648289627,7232.137625479657,3214.778657791266,13085.727800799628,16864.12288407861,30874.72363515627,2322766.1891434947,156714.51804720363,341639.20301759505,778.1817381910138,2439.1540206282834,115662.64464765403,40395.46146429106,8015.701926401298,67434.76637063516,146514.55480068622,328807.03716452274,2152701.675562159,155998.15990520426,340807.75642751897,776.8677360954259,2436.86105749391,114875.99906289042,40244.473451865495,8013.822629344791,67423.91678473633,146185.5563583225,328404.11693546316
M_corr_pair_-0.5,2358598.9666201407,349600.1325798548,1356319.4742544016,92246.89766177663,72574.530260746,215897.21298594508,520659.55225572974,106835.20459527262,277684.3601311993,261257.43061271228,934627.5922090376,3592206.7354523106,336672.5869553024,1324510.8547442262,63920.30122338858,56769.18733445753,190174.89140720942,294991.1321158058,87997.49058068664,250771.8372663293,250382.74643721717,641956.3243228968,256914.07693529478,127422.69605729578,699176.4550381424,7037.5181412378915,7322.5920966933,53909.85585448415,191778.65178992655,8556.064610716956,23112.77127944197,61876.95668282022,385636.2957087234,269804.01863172214,75636.7901769952,300517.30525002966,5462.203107741141,6201.8063415335155,44465.83386184535,113377.5829892606,6788.353684549821,20546.89080762173,54254.14525773499,198279.385577501,2328916.3064313987,251147.3943110248,999207.0983860414,1182.881809422215,4097.935710325989,142236.76698955664,379313.81299006334,11242.636684814937,80889.63903646698,208651.24438470887,769053.0189396098,2185635.569704133,244423.61283166308,647284.1779198953,1178.6958999596152,4014.956632024928,139184.87688659187,217991.38232390894,11128.308956765237,80450.91493366518,198719.23190469432,513268.5467471987,138748.73145957003,39378.81555929338,333392.1714959004,82.0823018606649,201.46123637512926,11301.837192356203,68965.09227506568,209.47762055744556,2112.4148113957076,15821.140109063157,168316.3892190454,50835.23392073254,29600.95328801066,159098.91435570954,79.75467770634128,196.390612420119,9558.875660035523,41987.99619885759,205.55208765564834,2071.442870131987,15174.846035700337,90797.00985718715,2343838.0659359368,298309.24544061464,888411.2587633593,8765.823106077643,18548.83574011217,202506.13975085953,399745.14812740916,38905.6653000896,160907.2189898469,240784.54055195407,727418.9054501872,2170974.74368231,278345.2301262838,670978.5260254584,8123.445690105336,16183.024232547446,183887.55887717791,248343.84854025175,34067.10650063552,149702.69765037548,238714.0123996916,573774.4955887405,212047.14750383602,18732.806650861814,33068.54832466989,1671.5374179200242,2026.8738496440521,16590.925633993065,7288.809628265806,3224.2149229334764,13105.905304933805,17011.841487492486,31017.045017565695,163351.1842532329,18588.042222014243,32873.51185412763,1665.0454546659455,2022.5398427990344,16448.398126385626,7244.0408635879485,3214.778657791266,13085.727800799628,16889.423090304965,30901.27050220372,2322766.1891434947,156714.51804720363,341639.20301759505,778.1817381910138,2439.1540206282834,115662.64464765403,40395.46146429106,8015.701926401298,67434.76637063516,146514.55480068622,328807.03716452274,2152701.675562159,155998.15990520426,340807.75642751897,776.8677360954259,2436.86105749391,114875.99906289042,40244.473451865495,8013.822629344791,67423.91678473633,146185.5563583225,328404.11693546316
M_corr_pair_-0.6,2358598.9666201407,349600.1325798548,1356319.4742544016,92246.89766177663,72574.530260746,219902.51643562727,611309.7680905969,106835.20459527262,277684.3601311993,272002.95524989226,1143863.9735720747,3592206.7354523106,336672.5869553024,1324510.8547442262,63920.30122338858,56769.18733445753,192611.82655517824,326745.0038052448,87997.49058068664,250771.8372663293,261904.03378846767,701642.5144936073,256914.07693529478,127422.69605729578,699176.4550381424,7037.5181412378915,7322.5920966933,55249.00281501865,208143.14613402516,8556.064610716956,23112.77127944197,63579.253786722096,478249.45379069634,269804.01863172214,75636.7901769952,300517.30525002966,5462.203107741141,6201.8063415335155,44891.884809679505,119907.35523685651,6788.353684549821,20546.89080762173,55146.74563737558,215916.6913063403,2328916.3064313987,251147.3943110248,999207.0983860414,1182.881809422215,4097.935710325989,144386.28340424394,430340.21992249636,11242.636684814937,80889.63903646698,215636.63117261062,893744.929942496,2185635.569704133,244423.61283166308,647284.1779198953,1178.6958999596152,4014.956632024928,140379.6280475685,233034.57688233396,11128.308956765237,80450.91493366518,204729.94566822224,539196.8201342941,138748.73145957003,39378.81555929338,333392.1714959004,82.0823018606649,201.46123637512926,12133.464088700002,74640.96140685327,209.47762055744556,2112.4148113957076,16931.143726954764,204715.18961017637,50835.23392073254,29600.95328801066,159098.91435570954,79.75467770634128,196.390612420119,10034.50358986356,44341.702384742806,205.55208765564834,2071.442870131987,15929.253873320053,99678.35149627714,2343838.0659359368,298309.24544061464,888411.2587633593,8765.823106077643,18548.83574011217,205964.25133261812,433973.47425560135,38905.6653000896,160907.2189898469,247407.26645773803,786763.7058850481,2170974.74368231,278345.2301262838,670978.5260254584,8123.445690105336,16183.024232547446,185662.2488795913,261356.0939244447,34067.10650063552,149702.69765037548,245124.5390940413,597054.4019936139,212047.14750383602,18732.806650861814,33068.54832466989,1671.5374179200242,2026.8738496440521,16622.851153938514,7303.4569315849785,3224.2149229334764,13105.905304933805,17042.463941104317,31049.28469074912,163351.1842532329,18588.042222014243,32873.51185412763,1665.0454546659455,2022.5398427990344,16481.411205272743,7259.031355188918,3214.778657791266,13085.727800799628,16920.232781021627,30933.852296905865,2322766.1891434947,156714.51804720363,341639.20301759505,778.1817381910138,2439.1540206282834,115662.64464765403,40395.46146429106,8015.701926401298,67434.76637063516,146514.55480068622,328807.03716452274,2152701.675562159,155998.15990520426,340807.75642751897,776.8677360954259,2436.86105749391,114875.99906289042,40244.473451865495,8013.822629344791,67423.91678473633,146185.5563583225,328404.11693546316
M_corr_pair_-0.7,2358598.9666201407,349600.1325798548,1356319.4742544016,92246.89766177663,72574.530260746,,,106835.20459527262,277684.3601311993,,,3592206.7354523106,336672.5869553024,1324510.8547442262,63920.30122338858,56769.18733445753,,,87997.49058068664,250771.8372663293,,,256914.07693529478,127422.69605729578,699176.4550381424,7037.5181412378915,7322.5920966933,,,8556.064610716956,23112.77127944197,,,269804.01863172214,75636.7901769952,300517.30525002966,5462.203107741141,6201.8063415335155,,,6788.353684549821,20546.89080762173,,,2328916.3064313987,251147.3943110248,999207.0983860414,1182.881809422215,4097.935710325989,,,11242.636684814937,80889.63903646698,,,2185635.569704133,244423.61283166308,647284.1779198953,1178.6958999596152,4014.956632024928,,,11128.308956765237,80450.91493366518,,,138748.73145957003,39378.81555929338,333392.1714959004,82.0823018606649,201.46123637512926,,,209.47762055744556,2112.4148113957076,,,50835.23392073254,29600.95328801066,159098.91435570954,79.75467770634128,196.390612420119,,,205.55208765564834,2071.442870131987,,,2343838.0659359368,298309.24544061464,888411.2587633593,8765.823106077643,18548.83574011217,,,38905.6653000896,160907.2189898469,,,2170974.74368231,278345.2301262838,670978.5260254584,8123.445690105336,16183.024232547446,,,34067.10650063552,149702.69765037548,,,212047.14750383602,18732.806650861814,33068.54832466989,1671.5374179200242,2026.8738496440521,,,3224.2149229334764,13105.905304933805,,,163351.1842532329,18588.042222014243,32873.51185412763,1665.0454546659455,2022.5398427990344,,,3214.778657791266,13085.727800799628,,,2322766.1891434947,156714.51804720363,341639.20301759505,778.1817381910138,2439.1540206282834,115662.64464765403,40395.46146429106,8015.701926401298,67434.76637063516,146514.55480068622,328807.03716452274,2152701.675562159,155998.15990520426,340807.75642751897,776.8677360954259,2436.86105749391,114875.99906289042,40244.473451865495,8013.822629344791,67423.91678473633,146185.5563583225,328404.11693546316
M_corr_pair_-0.8,2358598.9666201407,349600.1325798548,1356319.4742544016,92246.89766177663,72574.530260746,235293.97845964244,1819828.3201857165,106835.20459527262,277684.3601311993,313506.343090562,,3592206.7354523106,336672.5869553024,1324510.8547442262,63920.30122338858,56769.18733445753,200908.6621347756,538840.0570306525,87997.49058068664,250771.8372663293,314041.2327091465,1218062.8248765487,256914.07693529478,127422.69605729578,699176.4550381424,7037.5181412378915,7322.5920966933,60274.7523690912,266852.7778871993,8556.064610716956,23112.77127944197,70051.73080942003,,269804.01863172214,75636.7901769952,300517.30525002966,5462.203107741141,6201.8063415335155,46144.790977974786,141304.0919168302,6788.353684549821,20546.89080762173,57761.194701185654,289914.6755716002,2328916.3064313987,251147.3943110248,999207.0983860414,1182.881809422215,4097.935710325989,152290.83157544886,701659.9006798113,11242.636684814937,80889.63903646698,239632.38110228218,3007662.3186200145,2185635.569704133,244423.61283166308,647284.1779198953,1178.6958999596152,4014.956632024928,143979.87221407192,286750.4927499435,11128.308956765237,80450.91493366518,225136.51950100664,643122.3292975187,138748.73145957003,39378.81555929338,333392.1714959004,82.0823018606649,201.46123637512926,14742.319804416173,91470.77555707937,209.47762055744556,2112.4148113957076,20902.73721413435,610286.2731447099,50835.23392073254,29600.95328801066,159098.91435570954,79.75467770634128,196.390612420119,11397.059421724789,50912.5412089645,205.55208765564834,2071.442870131987,18180.57298934427,132951.32387938813,2343838.0659359368,298309.24544061464,888411.2587633593,8765.823106077643,18548.83574011217,215958.89088075628,551556.7307446444,38905.6653000896,160907.2189898469,266222.4686499663,1021328.2435982121,2170974.74368231,278345.2301262838,670978.5260254584,8123.445690105336,16183.024232547446,190080.08239817512,299755.2401854259,34067.10650063552,149702.69765037548,262996.0756238821,669368.1699383357,212047.14750383602,18732.806650861814,33068.54832466989,1671.5374179200242,2026.8738496440521,16714.340130006232,7348.496344262349,3224.2149229334764,13105.905304933805,17131.8470460438,31144.612533078285,163351.1842532329,18588.042222014243,32873.51185412763,1665.0454546659455,2022.5398427990344,16575.227797059677,7304.728562497624,3214.778657791266,13085.727800799628,17009.30270756834,31029.342458108236,2322766.1891434947,156714.51804720363,341639.20301759505,778.1817381910138,2439.1540206282834,115662.64464765403,40395.46146429106,8015.701926401298,67434.76637063516,146514.55480068622,328807.03716452274,2152701.675562159,155998.15990520426,340807.75642751897,776.8677360954259,2436.86105749391,114875.99906289042,40244.473451865495,8013.822629344791,67423.91678473633,146185.5563583225,328404.11693546316
M_corr_pair_-0.9,2358598.9666201407,349600.1325798548,1356319.4742544016,92246.89766177663,72574.530260746,258573.3353766551,,106835.20459527262,277684.3601311993,377320.1692826716,,3592206.7354523106,336672.5869553024,1324510.8547442262,63920.30122338858,56769.18733445753,210910.76653837855,,87997.49058068664,250771.8372663293,428729.4505563786,,256914.07693529478,127422.69605729578,699176.4550381424,7037.5181412378915,7322.5920966933,66506.2583581524,337154.22748258413,8556.064610716956,23112.77127944197,78694.90066051541,,269804.01863172214,75636.7901769952,300517.30525002966,5462.203107741141,6201.8063415335155,47228.15514553269,163256.38999398967,6788.353684549821,20546.89080762173,60039.497634264175,422729.9130546906,2328916.3064313987,251147.3943110248,999207.0983860414,1182.881809422215,4097.935710325989,160867.20441454792,2689190.2158703445,11242.636684814937,80889.63903646698,264620.27314821683,,2185635.569704133,244423.61283166308,647284.1779198953,1178.6958999596152,4014.956632024928,146895.31433076673,348094.3411913451,11128.308956765237,80450.91493366518,245044.45646969526,785082.3386666154,138748.73145957003,39378.81555929338,333392.1714959004,82.0823018606649,201.46123637512926,16959.977358764772,104872.07353291934,209.47762055744556,2112.4148113957076,25029.235391624417,,50835.23392073254,29600.95328801066,159098.91435570954,79.75467770634128,196.390612420119,12422.30055885878,55770.252105569976,205.55208765564834,2071.442870131987,19979.012446641216,174033.45212840263,2343838.0659359368,298309.24544061464,888411.2587633593,8765.823106077643,18548.83574011217,224335.5132250334,673256.9801803328,38905.6653000896,160907.2189898469,280841.19787579,1335670.6557296545,2170974.74368231,278345.2301262838,670978.5260254584,8123.445690105336,16183.024232547446,193029.47059647873,331387.22272045485,34067.10650063552,149702.69765037548,276476.63938023226,732956.3783824369,212047.14750383602,18732.806650861814,33068.54832466989,1671.5374179200242,2026.8738496440521,16785.28143275415,7386.051024690855,3224.2149229334764,13105.905304933805,17202.897487485956,31221.40558660147,163351.1842532329,18588.042222014243,32873.51185412763,1665.0454546659455,2022.5398427990344,16647.15772663842,7342.405995075768,3214.778657791266,13085.727800799628,17079.20867677689,31105.36302598047,2322766.1891434947,156714.51804720363,341639.20301759505,778.1817381910138,2439.1540206282834,115662.64464765403,40395.46146429106,8015.701926401298,67434.76637063516,146514.55480068622,328807.03716452274,2152701.675562159,155998.15990520426,340807.75642751897,776.8677360954259,2436.86105749391,114875.99906289042,40244.473451865495,8013.822629344791,67423.91678473633,146185.5563583225,328404.11693546316
